session_id,trial_id,repetition,label,sample,time_s,adc
20260914_141209_795449,1,1,REST,0,0.0,1142
20260914_141209_795449,1,1,REST,1,0.001,1139
20260914_141209_795449,1,1,REST,2,0.002,1138
20260914_141209_795449,1,1,REST,3,0.003,1135
20260914_141209_795449,1,1,REST,4,0.004,1145
20260914_141209_795449,1,1,REST,5,0.005,1129
20260914_141209_795449,1,1,REST,6,0.006,1114
20260914_141209_795449,1,1,REST,7,0.007,1117
20260914_141209_795449,1,1,REST,8,0.008,1063
20260914_141209_795449,1,1,REST,9,0.009,1104
20260914_141209_795449,1,1,REST,10,0.01,1102
20260914_141209_795449,1,1,REST,11,0.011,1104
20260914_141209_795449,1,1,REST,12,0.012,1107
20260914_141209_795449,1,1,REST,13,0.013,1114
20260914_141209_795449,1,1,REST,14,0.014,1114
20260914_141209_795449,1,1,REST,15,0.015,1113
20260914_141209_795449,1,1,REST,16,0.016,1127
20260914_141209_795449,1,1,REST,17,0.017,1123
20260914_141209_795449,1,1,REST,18,0.018,1135
20260914_141209_795449,1,1,REST,19,0.019,1136
20260914_141209_795449,1,1,REST,20,0.02,1149
20260914_141209_795449,1,1,REST,21,0.021,1136
20260914_141209_795449,1,1,REST,22,0.022,1136
20260914_141209_795449,1,1,REST,23,0.023,1136
20260914_141209_795449,1,1,REST,24,0.024,1133
20260914_141209_795449,1,1,REST,25,0.025,1126
20260914_141209_795449,1,1,REST,26,0.026,1109
20260914_141209_795449,1,1,REST,27,0.027,1104
20260914_141209_795449,1,1,REST,28,0.028,1104
20260914_141209_795449,1,1,REST,29,0.029,1104
20260914_141209_795449,1,1,REST,30,0.03,1104
20260914_141209_795449,1,1,REST,31,0.031,1104
20260914_141209_795449,1,1,REST,32,0.032,1102
20260914_141209_795449,1,1,REST,33,0.033,1117
20260914_141209_795449,1,1,REST,34,0.034,1120
20260914_141209_795449,1,1,REST,35,0.035,1115
20260914_141209_795449,1,1,REST,36,0.036,1135
20260914_141209_795449,1,1,REST,37,0.037,1135
20260914_141209_795449,1,1,REST,38,0.038,1138
20260914_141209_795449,1,1,REST,39,0.039,1136
20260914_141209_795449,1,1,REST,40,0.04,1142
20260914_141209_795449,1,1,REST,41,0.041,1054
20260914_141209_795449,1,1,REST,42,0.042,1140
20260914_141209_795449,1,1,REST,43,0.043,1136
20260914_141209_795449,1,1,REST,44,0.044,1132
20260914_141209_795449,1,1,REST,45,0.045,1125
20260914_141209_795449,1,1,REST,46,0.046,1120
20260914_141209_795449,1,1,REST,47,0.047,1104
20260914_141209_795449,1,1,REST,48,0.048,1117
20260914_141209_795449,1,1,REST,49,0.049,1111
20260914_141209_795449,1,1,REST,50,0.05,1090
20260914_141209_795449,1,1,REST,51,0.051,1093
20260914_141209_795449,1,1,REST,52,0.052,1108
20260914_141209_795449,1,1,REST,53,0.053,1112
20260914_141209_795449,1,1,REST,54,0.054,1116
20260914_141209_795449,1,1,REST,55,0.055,1126
20260914_141209_795449,1,1,REST,56,0.056,1132
20260914_141209_795449,1,1,REST,57,0.057,1130
20260914_141209_795449,1,1,REST,58,0.058,1132
20260914_141209_795449,1,1,REST,59,0.059,1135
20260914_141209_795449,1,1,REST,60,0.06,1150
20260914_141209_795449,1,1,REST,61,0.061,1163
20260914_141209_795449,1,1,REST,62,0.062,1131
20260914_141209_795449,1,1,REST,63,0.063,1135
20260914_141209_795449,1,1,REST,64,0.064,1136
20260914_141209_795449,1,1,REST,65,0.065,1127
20260914_141209_795449,1,1,REST,66,0.066,1114
20260914_141209_795449,1,1,REST,67,0.067,1109
20260914_141209_795449,1,1,REST,68,0.068,1111
20260914_141209_795449,1,1,REST,69,0.069,1105
20260914_141209_795449,1,1,REST,70,0.07,1104
20260914_141209_795449,1,1,REST,71,0.071,1103
20260914_141209_795449,1,1,REST,72,0.072,1098
20260914_141209_795449,1,1,REST,73,0.073,1107
20260914_141209_795449,1,1,REST,74,0.074,1114
20260914_141209_795449,1,1,REST,75,0.075,1119
20260914_141209_795449,1,1,REST,76,0.076,1126
20260914_141209_795449,1,1,REST,77,0.077,1135
20260914_141209_795449,1,1,REST,78,0.078,1136
20260914_141209_795449,1,1,REST,79,0.079,1136
20260914_141209_795449,1,1,REST,80,0.08,1149
20260914_141209_795449,1,1,REST,81,0.081,1141
20260914_141209_795449,1,1,REST,82,0.082,1136
20260914_141209_795449,1,1,REST,83,0.083,1131
20260914_141209_795449,1,1,REST,84,0.084,1135
20260914_141209_795449,1,1,REST,85,0.085,1120
20260914_141209_795449,1,1,REST,86,0.086,1115
20260914_141209_795449,1,1,REST,87,0.087,1106
20260914_141209_795449,1,1,REST,88,0.088,1110
20260914_141209_795449,1,1,REST,89,0.089,1107
20260914_141209_795449,1,1,REST,90,0.09,1089
20260914_141209_795449,1,1,REST,91,0.091,1104
20260914_141209_795449,1,1,REST,92,0.092,1111
20260914_141209_795449,1,1,REST,93,0.093,1101
20260914_141209_795449,1,1,REST,94,0.094,1110
20260914_141209_795449,1,1,REST,95,0.095,1114
20260914_141209_795449,1,1,REST,96,0.096,1123
20260914_141209_795449,1,1,REST,97,0.097,1132
20260914_141209_795449,1,1,REST,98,0.098,1133
20260914_141209_795449,1,1,REST,99,0.099,1136
20260914_141209_795449,1,1,REST,100,0.1,1142
20260914_141209_795449,1,1,REST,101,0.101,1137
20260914_141209_795449,1,1,REST,102,0.102,1133
20260914_141209_795449,1,1,REST,103,0.103,1135
20260914_141209_795449,1,1,REST,104,0.104,1141
20260914_141209_795449,1,1,REST,105,0.105,1136
20260914_141209_795449,1,1,REST,106,0.106,1119
20260914_141209_795449,1,1,REST,107,0.107,1106
20260914_141209_795449,1,1,REST,108,0.108,1106
20260914_141209_795449,1,1,REST,109,0.109,1106
20260914_141209_795449,1,1,REST,110,0.11,1104
20260914_141209_795449,1,1,REST,111,0.111,1106
20260914_141209_795449,1,1,REST,112,0.112,1106
20260914_141209_795449,1,1,REST,113,0.113,1111
20260914_141209_795449,1,1,REST,114,0.114,1117
20260914_141209_795449,1,1,REST,115,0.115,1115
20260914_141209_795449,1,1,REST,116,0.116,1127
20260914_141209_795449,1,1,REST,117,0.117,1135
20260914_141209_795449,1,1,REST,118,0.118,1105
20260914_141209_795449,1,1,REST,119,0.119,1133
20260914_141209_795449,1,1,REST,120,0.12,1140
20260914_141209_795449,1,1,REST,121,0.121,1137
20260914_141209_795449,1,1,REST,122,0.122,1136
20260914_141209_795449,1,1,REST,123,0.123,1136
20260914_141209_795449,1,1,REST,124,0.124,1131
20260914_141209_795449,1,1,REST,125,0.125,1123
20260914_141209_795449,1,1,REST,126,0.126,1121
20260914_141209_795449,1,1,REST,127,0.127,1111
20260914_141209_795449,1,1,REST,128,0.128,1104
20260914_141209_795449,1,1,REST,129,0.129,1104
20260914_141209_795449,1,1,REST,130,0.13,1103
20260914_141209_795449,1,1,REST,131,0.131,1121
20260914_141209_795449,1,1,REST,132,0.132,1113
20260914_141209_795449,1,1,REST,133,0.133,1338
20260914_141209_795449,1,1,REST,134,0.134,1118
20260914_141209_795449,1,1,REST,135,0.135,1120
20260914_141209_795449,1,1,REST,136,0.136,1125
20260914_141209_795449,1,1,REST,137,0.137,1136
20260914_141209_795449,1,1,REST,138,0.138,1136
20260914_141209_795449,1,1,REST,139,0.139,1136
20260914_141209_795449,1,1,REST,140,0.14,1140
20260914_141209_795449,1,1,REST,141,0.141,1145
20260914_141209_795449,1,1,REST,142,0.142,1136
20260914_141209_795449,1,1,REST,143,0.143,1125
20260914_141209_795449,1,1,REST,144,0.144,1125
20260914_141209_795449,1,1,REST,145,0.145,1105
20260914_141209_795449,1,1,REST,146,0.146,1117
20260914_141209_795449,1,1,REST,147,0.147,1110
20260914_141209_795449,1,1,REST,148,0.148,1111
20260914_141209_795449,1,1,REST,149,0.149,1105
20260914_141209_795449,1,1,REST,150,0.15,1098
20260914_141209_795449,1,1,REST,151,0.151,1101
20260914_141209_795449,1,1,REST,152,0.152,1104
20260914_141209_795449,1,1,REST,153,0.153,1104
20260914_141209_795449,1,1,REST,154,0.154,1105
20260914_141209_795449,1,1,REST,155,0.155,1123
20260914_141209_795449,1,1,REST,156,0.156,1136
20260914_141209_795449,1,1,REST,157,0.157,1147
20260914_141209_795449,1,1,REST,158,0.158,1134
20260914_141209_795449,1,1,REST,159,0.159,1138
20260914_141209_795449,1,1,REST,160,0.16,1143
20260914_141209_795449,1,1,REST,161,0.161,1141
20260914_141209_795449,1,1,REST,162,0.162,1136
20260914_141209_795449,1,1,REST,163,0.163,1136
20260914_141209_795449,1,1,REST,164,0.164,1130
20260914_141209_795449,1,1,REST,165,0.165,1119
20260914_141209_795449,1,1,REST,166,0.166,1104
20260914_141209_795449,1,1,REST,167,0.167,1113
20260914_141209_795449,1,1,REST,168,0.168,1149
20260914_141209_795449,1,1,REST,169,0.169,1106
20260914_141209_795449,1,1,REST,170,0.17,1100
20260914_141209_795449,1,1,REST,171,0.171,1104
20260914_141209_795449,1,1,REST,172,0.172,1081
20260914_141209_795449,1,1,REST,173,0.173,1104
20260914_141209_795449,1,1,REST,174,0.174,1107
20260914_141209_795449,1,1,REST,175,0.175,1114
20260914_141209_795449,1,1,REST,176,0.176,1136
20260914_141209_795449,1,1,REST,177,0.177,1134
20260914_141209_795449,1,1,REST,178,0.178,1135
20260914_141209_795449,1,1,REST,179,0.179,1137
20260914_141209_795449,1,1,REST,180,0.18,1136
20260914_141209_795449,1,1,REST,181,0.181,1138
20260914_141209_795449,1,1,REST,182,0.182,1135
20260914_141209_795449,1,1,REST,183,0.183,1135
20260914_141209_795449,1,1,REST,184,0.184,1131
20260914_141209_795449,1,1,REST,185,0.185,1124
20260914_141209_795449,1,1,REST,186,0.186,1119
20260914_141209_795449,1,1,REST,187,0.187,1110
20260914_141209_795449,1,1,REST,188,0.188,1110
20260914_141209_795449,1,1,REST,189,0.189,1111
20260914_141209_795449,1,1,REST,190,0.19,1097
20260914_141209_795449,1,1,REST,191,0.191,1102
20260914_141209_795449,1,1,REST,192,0.192,1107
20260914_141209_795449,1,1,REST,193,0.193,1099
20260914_141209_795449,1,1,REST,194,0.194,1116
20260914_141209_795449,1,1,REST,195,0.195,1119
20260914_141209_795449,1,1,REST,196,0.196,1131
20260914_141209_795449,1,1,REST,197,0.197,1136
20260914_141209_795449,1,1,REST,198,0.198,1135
20260914_141209_795449,1,1,REST,199,0.199,1133
20260914_141209_795449,1,1,REST,200,0.2,1146
20260914_141209_795449,1,1,REST,201,0.201,1136
20260914_141209_795449,1,1,REST,202,0.202,1136
20260914_141209_795449,1,1,REST,203,0.203,1135
20260914_141209_795449,1,1,REST,204,0.204,1129
20260914_141209_795449,1,1,REST,205,0.205,1119
20260914_141209_795449,1,1,REST,206,0.206,1133
20260914_141209_795449,1,1,REST,207,0.207,1108
20260914_141209_795449,1,1,REST,208,0.208,1109
20260914_141209_795449,1,1,REST,209,0.209,1105
20260914_141209_795449,1,1,REST,210,0.21,1115
20260914_141209_795449,1,1,REST,211,0.211,1118
20260914_141209_795449,1,1,REST,212,0.212,1108
20260914_141209_795449,1,1,REST,213,0.213,1106
20260914_141209_795449,1,1,REST,214,0.214,1108
20260914_141209_795449,1,1,REST,215,0.215,1120
20260914_141209_795449,1,1,REST,216,0.216,1126
20260914_141209_795449,1,1,REST,217,0.217,1137
20260914_141209_795449,1,1,REST,218,0.218,1132
20260914_141209_795449,1,1,REST,219,0.219,1136
20260914_141209_795449,1,1,REST,220,0.22,1145
20260914_141209_795449,1,1,REST,221,0.221,1142
20260914_141209_795449,1,1,REST,222,0.222,1136
20260914_141209_795449,1,1,REST,223,0.223,1131
20260914_141209_795449,1,1,REST,224,0.224,1136
20260914_141209_795449,1,1,REST,225,0.225,1130
20260914_141209_795449,1,1,REST,226,0.226,1121
20260914_141209_795449,1,1,REST,227,0.227,1111
20260914_141209_795449,1,1,REST,228,0.228,1110
20260914_141209_795449,1,1,REST,229,0.229,1104
20260914_141209_795449,1,1,REST,230,0.23,1095
20260914_141209_795449,1,1,REST,231,0.231,1105
20260914_141209_795449,1,1,REST,232,0.232,1099
20260914_141209_795449,1,1,REST,233,0.233,1105
20260914_141209_795449,1,1,REST,234,0.234,1104
20260914_141209_795449,1,1,REST,235,0.235,1088
20260914_141209_795449,1,1,REST,236,0.236,1120
20260914_141209_795449,1,1,REST,237,0.237,1134
20260914_141209_795449,1,1,REST,238,0.238,1136
20260914_141209_795449,1,1,REST,239,0.239,1136
20260914_141209_795449,1,1,REST,240,0.24,1141
20260914_141209_795449,1,1,REST,241,0.241,1143
20260914_141209_795449,1,1,REST,242,0.242,1130
20260914_141209_795449,1,1,REST,243,0.243,1187
20260914_141209_795449,1,1,REST,244,0.244,1113
20260914_141209_795449,1,1,REST,245,0.245,1133
20260914_141209_795449,1,1,REST,246,0.246,1119
20260914_141209_795449,1,1,REST,247,0.247,1110
20260914_141209_795449,1,1,REST,248,0.248,1120
20260914_141209_795449,1,1,REST,249,0.249,1113
20260914_141209_795449,1,1,REST,250,0.25,1104
20260914_141209_795449,1,1,REST,251,0.251,1099
20260914_141209_795449,1,1,REST,252,0.252,1104
20260914_141209_795449,1,1,REST,253,0.253,1107
20260914_141209_795449,1,1,REST,254,0.254,1110
20260914_141209_795449,1,1,REST,255,0.255,1117
20260914_141209_795449,1,1,REST,256,0.256,1122
20260914_141209_795449,1,1,REST,257,0.257,1131
20260914_141209_795449,1,1,REST,258,0.258,1136
20260914_141209_795449,1,1,REST,259,0.259,1136
20260914_141209_795449,1,1,REST,260,0.26,1134
20260914_141209_795449,1,1,REST,261,0.261,1134
20260914_141209_795449,1,1,REST,262,0.262,1136
20260914_141209_795449,1,1,REST,263,0.263,1127
20260914_141209_795449,1,1,REST,264,0.264,1127
20260914_141209_795449,1,1,REST,265,0.265,1112
20260914_141209_795449,1,1,REST,266,0.266,1109
20260914_141209_795449,1,1,REST,267,0.267,1105
20260914_141209_795449,1,1,REST,268,0.268,1104
20260914_141209_795449,1,1,REST,269,0.269,1104
20260914_141209_795449,1,1,REST,270,0.27,1107
20260914_141209_795449,1,1,REST,271,0.271,1103
20260914_141209_795449,1,1,REST,272,0.272,1120
20260914_141209_795449,1,1,REST,273,0.273,1107
20260914_141209_795449,1,1,REST,274,0.274,1107
20260914_141209_795449,1,1,REST,275,0.275,1118
20260914_141209_795449,1,1,REST,276,0.276,1279
20260914_141209_795449,1,1,REST,277,0.277,1092
20260914_141209_795449,1,1,REST,278,0.278,1125
20260914_141209_795449,1,1,REST,279,0.279,1135
20260914_141209_795449,1,1,REST,280,0.28,1142
20260914_141209_795449,1,1,REST,281,0.281,1152
20260914_141209_795449,1,1,REST,282,0.282,1136
20260914_141209_795449,1,1,REST,283,0.283,1121
20260914_141209_795449,1,1,REST,284,0.284,1119
20260914_141209_795449,1,1,REST,285,0.285,1125
20260914_141209_795449,1,1,REST,286,0.286,1120
20260914_141209_795449,1,1,REST,287,0.287,1106
20260914_141209_795449,1,1,REST,288,0.288,1105
20260914_141209_795449,1,1,REST,289,0.289,1104
20260914_141209_795449,1,1,REST,290,0.29,1103
20260914_141209_795449,1,1,REST,291,0.291,1103
20260914_141209_795449,1,1,REST,292,0.292,1103
20260914_141209_795449,1,1,REST,293,0.293,1109
20260914_141209_795449,1,1,REST,294,0.294,1105
20260914_141209_795449,1,1,REST,295,0.295,1122
20260914_141209_795449,1,1,REST,296,0.296,1123
20260914_141209_795449,1,1,REST,297,0.297,1117
20260914_141209_795449,1,1,REST,298,0.298,1122
20260914_141209_795449,1,1,REST,299,0.299,1132
20260914_141209_795449,1,1,REST,300,0.3,1151
20260914_141209_795449,1,1,REST,301,0.301,1139
20260914_141209_795449,1,1,REST,302,0.302,1169
20260914_141209_795449,1,1,REST,303,0.303,1127
20260914_141209_795449,1,1,REST,304,0.304,1130
20260914_141209_795449,1,1,REST,305,0.305,1122
20260914_141209_795449,1,1,REST,306,0.306,1324
20260914_141209_795449,1,1,REST,307,0.307,1110
20260914_141209_795449,1,1,REST,308,0.308,1107
20260914_141209_795449,1,1,REST,309,0.309,1105
20260914_141209_795449,1,1,REST,310,0.31,1103
20260914_141209_795449,1,1,REST,311,0.311,1113
20260914_141209_795449,1,1,REST,312,0.312,1106
20260914_141209_795449,1,1,REST,313,0.313,1104
20260914_141209_795449,1,1,REST,314,0.314,1116
20260914_141209_795449,1,1,REST,315,0.315,1078
20260914_141209_795449,1,1,REST,316,0.316,1073
20260914_141209_795449,1,1,REST,317,0.317,1134
20260914_141209_795449,1,1,REST,318,0.318,1126
20260914_141209_795449,1,1,REST,319,0.319,1136
20260914_141209_795449,1,1,REST,320,0.32,1137
20260914_141209_795449,1,1,REST,321,0.321,1141
20260914_141209_795449,1,1,REST,322,0.322,1136
20260914_141209_795449,1,1,REST,323,0.323,1123
20260914_141209_795449,1,1,REST,324,0.324,1134
20260914_141209_795449,1,1,REST,325,0.325,1124
20260914_141209_795449,1,1,REST,326,0.326,1111
20260914_141209_795449,1,1,REST,327,0.327,1118
20260914_141209_795449,1,1,REST,328,0.328,1234
20260914_141209_795449,1,1,REST,329,0.329,1263
20260914_141209_795449,1,1,REST,330,0.33,1146
20260914_141209_795449,1,1,REST,331,0.331,1321
20260914_141209_795449,1,1,REST,332,0.332,1323
20260914_141209_795449,1,1,REST,333,0.333,1040
20260914_141209_795449,1,1,REST,334,0.334,1204
20260914_141209_795449,1,1,REST,335,0.335,1127
20260914_141209_795449,1,1,REST,336,0.336,1102
20260914_141209_795449,1,1,REST,337,0.337,1051
20260914_141209_795449,1,1,REST,338,0.338,1023
20260914_141209_795449,1,1,REST,339,0.339,951
20260914_141209_795449,1,1,REST,340,0.34,879
20260914_141209_795449,1,1,REST,341,0.341,841
20260914_141209_795449,1,1,REST,342,0.342,821
20260914_141209_795449,1,1,REST,343,0.343,1035
20260914_141209_795449,1,1,REST,344,0.344,780
20260914_141209_795449,1,1,REST,345,0.345,1039
20260914_141209_795449,1,1,REST,346,0.346,1136
20260914_141209_795449,1,1,REST,347,0.347,1184
20260914_141209_795449,1,1,REST,348,0.348,1137
20260914_141209_795449,1,1,REST,349,0.349,1296
20260914_141209_795449,1,1,REST,350,0.35,1385
20260914_141209_795449,1,1,REST,351,0.351,1260
20260914_141209_795449,1,1,REST,352,0.352,1423
20260914_141209_795449,1,1,REST,353,0.353,1206
20260914_141209_795449,1,1,REST,354,0.354,1221
20260914_141209_795449,1,1,REST,355,0.355,1185
20260914_141209_795449,1,1,REST,356,0.356,1120
20260914_141209_795449,1,1,REST,357,0.357,877
20260914_141209_795449,1,1,REST,358,0.358,1047
20260914_141209_795449,1,1,REST,359,0.359,961
20260914_141209_795449,1,1,REST,360,0.36,899
20260914_141209_795449,1,1,REST,361,0.361,879
20260914_141209_795449,1,1,REST,362,0.362,848
20260914_141209_795449,1,1,REST,363,0.363,793
20260914_141209_795449,1,1,REST,364,0.364,800
20260914_141209_795449,1,1,REST,365,0.365,1053
20260914_141209_795449,1,1,REST,366,0.366,1136
20260914_141209_795449,1,1,REST,367,0.367,1186
20260914_141209_795449,1,1,REST,368,0.368,1181
20260914_141209_795449,1,1,REST,369,0.369,1265
20260914_141209_795449,1,1,REST,370,0.37,1361
20260914_141209_795449,1,1,REST,371,0.371,1354
20260914_141209_795449,1,1,REST,372,0.372,1408
20260914_141209_795449,1,1,REST,373,0.373,1424
20260914_141209_795449,1,1,REST,374,0.374,1447
20260914_141209_795449,1,1,REST,375,0.375,1424
20260914_141209_795449,1,1,REST,376,0.376,1360
20260914_141209_795449,1,1,REST,377,0.377,1057
20260914_141209_795449,1,1,REST,378,0.378,1051
20260914_141209_795449,1,1,REST,379,0.379,961
20260914_141209_795449,1,1,REST,380,0.38,875
20260914_141209_795449,1,1,REST,381,0.381,880
20260914_141209_795449,1,1,REST,382,0.382,851
20260914_141209_795449,1,1,REST,383,0.383,839
20260914_141209_795449,1,1,REST,384,0.384,933
20260914_141209_795449,1,1,REST,385,0.385,849
20260914_141209_795449,1,1,REST,386,0.386,894
20260914_141209_795449,1,1,REST,387,0.387,912
20260914_141209_795449,1,1,REST,388,0.388,991
20260914_141209_795449,1,1,REST,389,0.389,1099
20260914_141209_795449,1,1,REST,390,0.39,1291
20260914_141209_795449,1,1,REST,391,0.391,1293
20260914_141209_795449,1,1,REST,392,0.392,1301
20260914_141209_795449,1,1,REST,393,0.393,1310
20260914_141209_795449,1,1,REST,394,0.394,1453
20260914_141209_795449,1,1,REST,395,0.395,1325
20260914_141209_795449,1,1,REST,396,0.396,1285
20260914_141209_795449,1,1,REST,397,0.397,1259
20260914_141209_795449,1,1,REST,398,0.398,1286
20260914_141209_795449,1,1,REST,399,0.399,1230
20260914_141209_795449,1,1,REST,400,0.4,1211
20260914_141209_795449,1,1,REST,401,0.401,1216
20260914_141209_795449,1,1,REST,402,0.402,1210
20260914_141209_795449,1,1,REST,403,0.403,1189
20260914_141209_795449,1,1,REST,404,0.404,1167
20260914_141209_795449,1,1,REST,405,0.405,966
20260914_141209_795449,1,1,REST,406,0.406,970
20260914_141209_795449,1,1,REST,407,0.407,999
20260914_141209_795449,1,1,REST,408,0.408,995
20260914_141209_795449,1,1,REST,409,0.409,1003
20260914_141209_795449,1,1,REST,410,0.41,1067
20260914_141209_795449,1,1,REST,411,0.411,1040
20260914_141209_795449,1,1,REST,412,0.412,1055
20260914_141209_795449,1,1,REST,413,0.413,1311
20260914_141209_795449,1,1,REST,414,0.414,1411
20260914_141209_795449,1,1,REST,415,0.415,1329
20260914_141209_795449,1,1,REST,416,0.416,1289
20260914_141209_795449,1,1,REST,417,0.417,1265
20260914_141209_795449,1,1,REST,418,0.418,1294
20260914_141209_795449,1,1,REST,419,0.419,1264
20260914_141209_795449,1,1,REST,420,0.42,1053
20260914_141209_795449,1,1,REST,421,0.421,988
20260914_141209_795449,1,1,REST,422,0.422,960
20260914_141209_795449,1,1,REST,423,0.423,942
20260914_141209_795449,1,1,REST,424,0.424,946
20260914_141209_795449,1,1,REST,425,0.425,935
20260914_141209_795449,1,1,REST,426,0.426,975
20260914_141209_795449,1,1,REST,427,0.427,961
20260914_141209_795449,1,1,REST,428,0.428,965
20260914_141209_795449,1,1,REST,429,0.429,995
20260914_141209_795449,1,1,REST,430,0.43,1276
20260914_141209_795449,1,1,REST,431,0.431,1159
20260914_141209_795449,1,1,REST,432,0.432,1289
20260914_141209_795449,1,1,REST,433,0.433,1323
20260914_141209_795449,1,1,REST,434,0.434,1391
20260914_141209_795449,1,1,REST,435,0.435,1328
20260914_141209_795449,1,1,REST,436,0.436,1313
20260914_141209_795449,1,1,REST,437,0.437,1306
20260914_141209_795449,1,1,REST,438,0.438,1295
20260914_141209_795449,1,1,REST,439,0.439,1261
20260914_141209_795449,1,1,REST,440,0.44,1221
20260914_141209_795449,1,1,REST,441,0.441,1200
20260914_141209_795449,1,1,REST,442,0.442,944
20260914_141209_795449,1,1,REST,443,0.443,883
20260914_141209_795449,1,1,REST,444,0.444,877
20260914_141209_795449,1,1,REST,445,0.445,850
20260914_141209_795449,1,1,REST,446,0.446,912
20260914_141209_795449,1,1,REST,447,0.447,944
20260914_141209_795449,1,1,REST,448,0.448,932
20260914_141209_795449,1,1,REST,449,0.449,991
20260914_141209_795449,1,1,REST,450,0.45,1135
20260914_141209_795449,1,1,REST,451,0.451,1168
20260914_141209_795449,1,1,REST,452,0.452,1233
20260914_141209_795449,1,1,REST,453,0.453,1506
20260914_141209_795449,1,1,REST,454,0.454,1514
20260914_141209_795449,1,1,REST,455,0.455,1477
20260914_141209_795449,1,1,REST,456,0.456,1424
20260914_141209_795449,1,1,REST,457,0.457,1331
20260914_141209_795449,1,1,REST,458,0.458,1320
20260914_141209_795449,1,1,REST,459,0.459,1200
20260914_141209_795449,1,1,REST,460,0.46,1072
20260914_141209_795449,1,1,REST,461,0.461,1084
20260914_141209_795449,1,1,REST,462,0.462,1063
20260914_141209_795449,1,1,REST,463,0.463,755
20260914_141209_795449,1,1,REST,464,0.464,747
20260914_141209_795449,1,1,REST,465,0.465,743
20260914_141209_795449,1,1,REST,466,0.466,843
20260914_141209_795449,1,1,REST,467,0.467,941
20260914_141209_795449,1,1,REST,468,0.468,941
20260914_141209_795449,1,1,REST,469,0.469,1275
20260914_141209_795449,1,1,REST,470,0.47,1393
20260914_141209_795449,1,1,REST,471,0.471,1429
20260914_141209_795449,1,1,REST,472,0.472,1456
20260914_141209_795449,1,1,REST,473,0.473,1481
20260914_141209_795449,1,1,REST,474,0.474,1492
20260914_141209_795449,1,1,REST,475,0.475,1478
20260914_141209_795449,1,1,REST,476,0.476,1415
20260914_141209_795449,1,1,REST,477,0.477,1339
20260914_141209_795449,1,1,REST,478,0.478,1152
20260914_141209_795449,1,1,REST,479,0.479,974
20260914_141209_795449,1,1,REST,480,0.48,855
20260914_141209_795449,1,1,REST,481,0.481,847
20260914_141209_795449,1,1,REST,482,0.482,817
20260914_141209_795449,1,1,REST,483,0.483,795
20260914_141209_795449,1,1,REST,484,0.484,752
20260914_141209_795449,1,1,REST,485,0.485,776
20260914_141209_795449,1,1,REST,486,0.486,882
20260914_141209_795449,1,1,REST,487,0.487,1168
20260914_141209_795449,1,1,REST,488,0.488,1184
20260914_141209_795449,1,1,REST,489,0.489,1203
20260914_141209_795449,1,1,REST,490,0.49,1356
20260914_141209_795449,1,1,REST,491,0.491,1370
20260914_141209_795449,1,1,REST,492,0.492,1360
20260914_141209_795449,1,1,REST,493,0.493,1394
20260914_141209_795449,1,1,REST,494,0.494,1356
20260914_141209_795449,1,1,REST,495,0.495,1077
20260914_141209_795449,1,1,REST,496,0.496,1120
20260914_141209_795449,1,1,REST,497,0.497,1130
20260914_141209_795449,1,1,REST,498,0.498,1130
20260914_141209_795449,1,1,REST,499,0.499,1133
20260914_141209_795449,1,1,REST,500,0.5,1136
20260914_141209_795449,1,1,REST,501,0.501,1138
20260914_141209_795449,1,1,REST,502,0.502,1125
20260914_141209_795449,1,1,REST,503,0.503,1123
20260914_141209_795449,1,1,REST,504,0.504,1131
20260914_141209_795449,1,1,REST,505,0.505,1126
20260914_141209_795449,1,1,REST,506,0.506,1122
20260914_141209_795449,1,1,REST,507,0.507,1105
20260914_141209_795449,1,1,REST,508,0.508,1107
20260914_141209_795449,1,1,REST,509,0.509,1104
20260914_141209_795449,1,1,REST,510,0.51,1097
20260914_141209_795449,1,1,REST,511,0.511,1099
20260914_141209_795449,1,1,REST,512,0.512,1104
20260914_141209_795449,1,1,REST,513,0.513,1123
20260914_141209_795449,1,1,REST,514,0.514,1107
20260914_141209_795449,1,1,REST,515,0.515,1118
20260914_141209_795449,1,1,REST,516,0.516,1124
20260914_141209_795449,1,1,REST,517,0.517,1133
20260914_141209_795449,1,1,REST,518,0.518,1131
20260914_141209_795449,1,1,REST,519,0.519,1135
20260914_141209_795449,1,1,REST,520,0.52,1136
20260914_141209_795449,1,1,REST,521,0.521,1141
20260914_141209_795449,1,1,REST,522,0.522,1135
20260914_141209_795449,1,1,REST,523,0.523,1136
20260914_141209_795449,1,1,REST,524,0.524,1103
20260914_141209_795449,1,1,REST,525,0.525,1121
20260914_141209_795449,1,1,REST,526,0.526,1119
20260914_141209_795449,1,1,REST,527,0.527,1114
20260914_141209_795449,1,1,REST,528,0.528,1107
20260914_141209_795449,1,1,REST,529,0.529,1118
20260914_141209_795449,1,1,REST,530,0.53,1100
20260914_141209_795449,1,1,REST,531,0.531,1098
20260914_141209_795449,1,1,REST,532,0.532,1105
20260914_141209_795449,1,1,REST,533,0.533,1111
20260914_141209_795449,1,1,REST,534,0.534,1122
20260914_141209_795449,1,1,REST,535,0.535,1134
20260914_141209_795449,1,1,REST,536,0.536,1126
20260914_141209_795449,1,1,REST,537,0.537,1134
20260914_141209_795449,1,1,REST,538,0.538,1139
20260914_141209_795449,1,1,REST,539,0.539,1136
20260914_141209_795449,1,1,REST,540,0.54,1141
20260914_141209_795449,1,1,REST,541,0.541,1136
20260914_141209_795449,1,1,REST,542,0.542,1138
20260914_141209_795449,1,1,REST,543,0.543,1131
20260914_141209_795449,1,1,REST,544,0.544,1129
20260914_141209_795449,1,1,REST,545,0.545,1153
20260914_141209_795449,1,1,REST,546,0.546,1104
20260914_141209_795449,1,1,REST,547,0.547,1112
20260914_141209_795449,1,1,REST,548,0.548,1088
20260914_141209_795449,1,1,REST,549,0.549,1109
20260914_141209_795449,1,1,REST,550,0.55,1104
20260914_141209_795449,1,1,REST,551,0.551,1104
20260914_141209_795449,1,1,REST,552,0.552,1102
20260914_141209_795449,1,1,REST,553,0.553,1104
20260914_141209_795449,1,1,REST,554,0.554,1127
20260914_141209_795449,1,1,REST,555,0.555,1122
20260914_141209_795449,1,1,REST,556,0.556,1120
20260914_141209_795449,1,1,REST,557,0.557,1134
20260914_141209_795449,1,1,REST,558,0.558,1133
20260914_141209_795449,1,1,REST,559,0.559,1136
20260914_141209_795449,1,1,REST,560,0.56,1146
20260914_141209_795449,1,1,REST,561,0.561,1146
20260914_141209_795449,1,1,REST,562,0.562,1105
20260914_141209_795449,1,1,REST,563,0.563,1122
20260914_141209_795449,1,1,REST,564,0.564,1133
20260914_141209_795449,1,1,REST,565,0.565,1136
20260914_141209_795449,1,1,REST,566,0.566,1129
20260914_141209_795449,1,1,REST,567,0.567,1106
20260914_141209_795449,1,1,REST,568,0.568,1105
20260914_141209_795449,1,1,REST,569,0.569,1095
20260914_141209_795449,1,1,REST,570,0.57,1097
20260914_141209_795449,1,1,REST,571,0.571,1103
20260914_141209_795449,1,1,REST,572,0.572,1102
20260914_141209_795449,1,1,REST,573,0.573,1104
20260914_141209_795449,1,1,REST,574,0.574,1107
20260914_141209_795449,1,1,REST,575,0.575,1115
20260914_141209_795449,1,1,REST,576,0.576,1122
20260914_141209_795449,1,1,REST,577,0.577,1127
20260914_141209_795449,1,1,REST,578,0.578,1136
20260914_141209_795449,1,1,REST,579,0.579,1127
20260914_141209_795449,1,1,REST,580,0.58,1130
20260914_141209_795449,1,1,REST,581,0.581,1136
20260914_141209_795449,1,1,REST,582,0.582,1134
20260914_141209_795449,1,1,REST,583,0.583,1138
20260914_141209_795449,1,1,REST,584,0.584,1132
20260914_141209_795449,1,1,REST,585,0.585,1130
20260914_141209_795449,1,1,REST,586,0.586,1119
20260914_141209_795449,1,1,REST,587,0.587,1106
20260914_141209_795449,1,1,REST,588,0.588,1104
20260914_141209_795449,1,1,REST,589,0.589,1108
20260914_141209_795449,1,1,REST,590,0.59,1101
20260914_141209_795449,1,1,REST,591,0.591,1099
20260914_141209_795449,1,1,REST,592,0.592,1104
20260914_141209_795449,1,1,REST,593,0.593,1104
20260914_141209_795449,1,1,REST,594,0.594,1118
20260914_141209_795449,1,1,REST,595,0.595,1111
20260914_141209_795449,1,1,REST,596,0.596,1131
20260914_141209_795449,1,1,REST,597,0.597,1122
20260914_141209_795449,1,1,REST,598,0.598,1136
20260914_141209_795449,1,1,REST,599,0.599,1136
20260914_141209_795449,1,1,REST,600,0.6,1139
20260914_141209_795449,1,1,REST,601,0.601,1140
20260914_141209_795449,1,1,REST,602,0.602,1133
20260914_141209_795449,1,1,REST,603,0.603,1136
20260914_141209_795449,1,1,REST,604,0.604,1132
20260914_141209_795449,1,1,REST,605,0.605,1130
20260914_141209_795449,1,1,REST,606,0.606,1088
20260914_141209_795449,1,1,REST,607,0.607,1105
20260914_141209_795449,1,1,REST,608,0.608,1109
20260914_141209_795449,1,1,REST,609,0.609,1104
20260914_141209_795449,1,1,REST,610,0.61,1111
20260914_141209_795449,1,1,REST,611,0.611,1099
20260914_141209_795449,1,1,REST,612,0.612,1104
20260914_141209_795449,1,1,REST,613,0.613,1113
20260914_141209_795449,1,1,REST,614,0.614,1117
20260914_141209_795449,1,1,REST,615,0.615,1117
20260914_141209_795449,1,1,REST,616,0.616,1119
20260914_141209_795449,1,1,REST,617,0.617,1136
20260914_141209_795449,1,1,REST,618,0.618,1126
20260914_141209_795449,1,1,REST,619,0.619,1127
20260914_141209_795449,1,1,REST,620,0.62,1137
20260914_141209_795449,1,1,REST,621,0.621,1139
20260914_141209_795449,1,1,REST,622,0.622,1136
20260914_141209_795449,1,1,REST,623,0.623,1135
20260914_141209_795449,1,1,REST,624,0.624,1115
20260914_141209_795449,1,1,REST,625,0.625,1124
20260914_141209_795449,1,1,REST,626,0.626,1119
20260914_141209_795449,1,1,REST,627,0.627,1118
20260914_141209_795449,1,1,REST,628,0.628,1106
20260914_141209_795449,1,1,REST,629,0.629,1101
20260914_141209_795449,1,1,REST,630,0.63,1104
20260914_141209_795449,1,1,REST,631,0.631,1103
20260914_141209_795449,1,1,REST,632,0.632,1111
20260914_141209_795449,1,1,REST,633,0.633,1104
20260914_141209_795449,1,1,REST,634,0.634,1104
20260914_141209_795449,1,1,REST,635,0.635,1114
20260914_141209_795449,1,1,REST,636,0.636,1116
20260914_141209_795449,1,1,REST,637,0.637,1137
20260914_141209_795449,1,1,REST,638,0.638,1133
20260914_141209_795449,1,1,REST,639,0.639,1135
20260914_141209_795449,1,1,REST,640,0.64,1139
20260914_141209_795449,1,1,REST,641,0.641,1152
20260914_141209_795449,1,1,REST,642,0.642,1149
20260914_141209_795449,1,1,REST,643,0.643,1136
20260914_141209_795449,1,1,REST,644,0.644,1131
20260914_141209_795449,1,1,REST,645,0.645,1127
20260914_141209_795449,1,1,REST,646,0.646,1108
20260914_141209_795449,1,1,REST,647,0.647,1111
20260914_141209_795449,1,1,REST,648,0.648,1118
20260914_141209_795449,1,1,REST,649,0.649,1104
20260914_141209_795449,1,1,REST,650,0.65,1184
20260914_141209_795449,1,1,REST,651,0.651,1104
20260914_141209_795449,1,1,REST,652,0.652,1104
20260914_141209_795449,1,1,REST,653,0.653,1108
20260914_141209_795449,1,1,REST,654,0.654,1111
20260914_141209_795449,1,1,REST,655,0.655,1106
20260914_141209_795449,1,1,REST,656,0.656,1125
20260914_141209_795449,1,1,REST,657,0.657,1126
20260914_141209_795449,1,1,REST,658,0.658,1121
20260914_141209_795449,1,1,REST,659,0.659,1129
20260914_141209_795449,1,1,REST,660,0.66,1137
20260914_141209_795449,1,1,REST,661,0.661,1144
20260914_141209_795449,1,1,REST,662,0.662,1136
20260914_141209_795449,1,1,REST,663,0.663,1133
20260914_141209_795449,1,1,REST,664,0.664,1131
20260914_141209_795449,1,1,REST,665,0.665,1136
20260914_141209_795449,1,1,REST,666,0.666,1130
20260914_141209_795449,1,1,REST,667,0.667,1115
20260914_141209_795449,1,1,REST,668,0.668,1104
20260914_141209_795449,1,1,REST,669,0.669,1114
20260914_141209_795449,1,1,REST,670,0.67,1104
20260914_141209_795449,1,1,REST,671,0.671,1101
20260914_141209_795449,1,1,REST,672,0.672,1105
20260914_141209_795449,1,1,REST,673,0.673,859
20260914_141209_795449,1,1,REST,674,0.674,1113
20260914_141209_795449,1,1,REST,675,0.675,1114
20260914_141209_795449,1,1,REST,676,0.676,1117
20260914_141209_795449,1,1,REST,677,0.677,1117
20260914_141209_795449,1,1,REST,678,0.678,1138
20260914_141209_795449,1,1,REST,679,0.679,1137
20260914_141209_795449,1,1,REST,680,0.68,1175
20260914_141209_795449,1,1,REST,681,0.681,1139
20260914_141209_795449,1,1,REST,682,0.682,1132
20260914_141209_795449,1,1,REST,683,0.683,1132
20260914_141209_795449,1,1,REST,684,0.684,1139
20260914_141209_795449,1,1,REST,685,0.685,1131
20260914_141209_795449,1,1,REST,686,0.686,1134
20260914_141209_795449,1,1,REST,687,0.687,1113
20260914_141209_795449,1,1,REST,688,0.688,1103
20260914_141209_795449,1,1,REST,689,0.689,1104
20260914_141209_795449,1,1,REST,690,0.69,1098
20260914_141209_795449,1,1,REST,691,0.691,1101
20260914_141209_795449,1,1,REST,692,0.692,1105
20260914_141209_795449,1,1,REST,693,0.693,1108
20260914_141209_795449,1,1,REST,694,0.694,1109
20260914_141209_795449,1,1,REST,695,0.695,1117
20260914_141209_795449,1,1,REST,696,0.696,1113
20260914_141209_795449,1,1,REST,697,0.697,1124
20260914_141209_795449,1,1,REST,698,0.698,1136
20260914_141209_795449,1,1,REST,699,0.699,1129
20260914_141209_795449,1,1,REST,700,0.7,1143
20260914_141209_795449,1,1,REST,701,0.701,1119
20260914_141209_795449,1,1,REST,702,0.702,1134
20260914_141209_795449,1,1,REST,703,0.703,1131
20260914_141209_795449,1,1,REST,704,0.704,1126
20260914_141209_795449,1,1,REST,705,0.705,1123
20260914_141209_795449,1,1,REST,706,0.706,1123
20260914_141209_795449,1,1,REST,707,0.707,1094
20260914_141209_795449,1,1,REST,708,0.708,1110
20260914_141209_795449,1,1,REST,709,0.709,1107
20260914_141209_795449,1,1,REST,710,0.71,1104
20260914_141209_795449,1,1,REST,711,0.711,1098
20260914_141209_795449,1,1,REST,712,0.712,1104
20260914_141209_795449,1,1,REST,713,0.713,1106
20260914_141209_795449,1,1,REST,714,0.714,1110
20260914_141209_795449,1,1,REST,715,0.715,1110
20260914_141209_795449,1,1,REST,716,0.716,1125
20260914_141209_795449,1,1,REST,717,0.717,1132
20260914_141209_795449,1,1,REST,718,0.718,1134
20260914_141209_795449,1,1,REST,719,0.719,1134
20260914_141209_795449,1,1,REST,720,0.72,1136
20260914_141209_795449,1,1,REST,721,0.721,1136
20260914_141209_795449,1,1,REST,722,0.722,1133
20260914_141209_795449,1,1,REST,723,0.723,1123
20260914_141209_795449,1,1,REST,724,0.724,1142
20260914_141209_795449,1,1,REST,725,0.725,1136
20260914_141209_795449,1,1,REST,726,0.726,1136
20260914_141209_795449,1,1,REST,727,0.727,1114
20260914_141209_795449,1,1,REST,728,0.728,1108
20260914_141209_795449,1,1,REST,729,0.729,1111
20260914_141209_795449,1,1,REST,730,0.73,1104
20260914_141209_795449,1,1,REST,731,0.731,1098
20260914_141209_795449,1,1,REST,732,0.732,1102
20260914_141209_795449,1,1,REST,733,0.733,1106
20260914_141209_795449,1,1,REST,734,0.734,1105
20260914_141209_795449,1,1,REST,735,0.735,1114
20260914_141209_795449,1,1,REST,736,0.736,1123
20260914_141209_795449,1,1,REST,737,0.737,1130
20260914_141209_795449,1,1,REST,738,0.738,1131
20260914_141209_795449,1,1,REST,739,0.739,1130
20260914_141209_795449,1,1,REST,740,0.74,1136
20260914_141209_795449,1,1,REST,741,0.741,1142
20260914_141209_795449,1,1,REST,742,0.742,1136
20260914_141209_795449,1,1,REST,743,0.743,1136
20260914_141209_795449,1,1,REST,744,0.744,1133
20260914_141209_795449,1,1,REST,745,0.745,1133
20260914_141209_795449,1,1,REST,746,0.746,1119
20260914_141209_795449,1,1,REST,747,0.747,1120
20260914_141209_795449,1,1,REST,748,0.748,1111
20260914_141209_795449,1,1,REST,749,0.749,1102
20260914_141209_795449,1,1,REST,750,0.75,1104
20260914_141209_795449,1,1,REST,751,0.751,1104
20260914_141209_795449,1,1,REST,752,0.752,1104
20260914_141209_795449,1,1,REST,753,0.753,1104
20260914_141209_795449,1,1,REST,754,0.754,1104
20260914_141209_795449,1,1,REST,755,0.755,1109
20260914_141209_795449,1,1,REST,756,0.756,1131
20260914_141209_795449,1,1,REST,757,0.757,1170
20260914_141209_795449,1,1,REST,758,0.758,1136
20260914_141209_795449,1,1,REST,759,0.759,1131
20260914_141209_795449,1,1,REST,760,0.76,1139
20260914_141209_795449,1,1,REST,761,0.761,1149
20260914_141209_795449,1,1,REST,762,0.762,1132
20260914_141209_795449,1,1,REST,763,0.763,1131
20260914_141209_795449,1,1,REST,764,0.764,1130
20260914_141209_795449,1,1,REST,765,0.765,1130
20260914_141209_795449,1,1,REST,766,0.766,1117
20260914_141209_795449,1,1,REST,767,0.767,1106
20260914_141209_795449,1,1,REST,768,0.768,1103
20260914_141209_795449,1,1,REST,769,0.769,1108
20260914_141209_795449,1,1,REST,770,0.77,1107
20260914_141209_795449,1,1,REST,771,0.771,1103
20260914_141209_795449,1,1,REST,772,0.772,1111
20260914_141209_795449,1,1,REST,773,0.773,1106
20260914_141209_795449,1,1,REST,774,0.774,1115
20260914_141209_795449,1,1,REST,775,0.775,1106
20260914_141209_795449,1,1,REST,776,0.776,1119
20260914_141209_795449,1,1,REST,777,0.777,1124
20260914_141209_795449,1,1,REST,778,0.778,1134
20260914_141209_795449,1,1,REST,779,0.779,1136
20260914_141209_795449,1,1,REST,780,0.78,1137
20260914_141209_795449,1,1,REST,781,0.781,1141
20260914_141209_795449,1,1,REST,782,0.782,1137
20260914_141209_795449,1,1,REST,783,0.783,1138
20260914_141209_795449,1,1,REST,784,0.784,1134
20260914_141209_795449,1,1,REST,785,0.785,1126
20260914_141209_795449,1,1,REST,786,0.786,1118
20260914_141209_795449,1,1,REST,787,0.787,1107
20260914_141209_795449,1,1,REST,788,0.788,1109
20260914_141209_795449,1,1,REST,789,0.789,1108
20260914_141209_795449,1,1,REST,790,0.79,1104
20260914_141209_795449,1,1,REST,791,0.791,1100
20260914_141209_795449,1,1,REST,792,0.792,1103
20260914_141209_795449,1,1,REST,793,0.793,1105
20260914_141209_795449,1,1,REST,794,0.794,1078
20260914_141209_795449,1,1,REST,795,0.795,1114
20260914_141209_795449,1,1,REST,796,0.796,1110
20260914_141209_795449,1,1,REST,797,0.797,1125
20260914_141209_795449,1,1,REST,798,0.798,1137
20260914_141209_795449,1,1,REST,799,0.799,1136
20260914_141209_795449,1,1,REST,800,0.8,1136
20260914_141209_795449,1,1,REST,801,0.801,1141
20260914_141209_795449,1,1,REST,802,0.802,1200
20260914_141209_795449,1,1,REST,803,0.803,1131
20260914_141209_795449,1,1,REST,804,0.804,1151
20260914_141209_795449,1,1,REST,805,0.805,1134
20260914_141209_795449,1,1,REST,806,0.806,1118
20260914_141209_795449,1,1,REST,807,0.807,1110
20260914_141209_795449,1,1,REST,808,0.808,1104
20260914_141209_795449,1,1,REST,809,0.809,1104
20260914_141209_795449,1,1,REST,810,0.81,1086
20260914_141209_795449,1,1,REST,811,0.811,1090
20260914_141209_795449,1,1,REST,812,0.812,1104
20260914_141209_795449,1,1,REST,813,0.813,1105
20260914_141209_795449,1,1,REST,814,0.814,1107
20260914_141209_795449,1,1,REST,815,0.815,1114
20260914_141209_795449,1,1,REST,816,0.816,1120
20260914_141209_795449,1,1,REST,817,0.817,1134
20260914_141209_795449,1,1,REST,818,0.818,1136
20260914_141209_795449,1,1,REST,819,0.819,1148
20260914_141209_795449,1,1,REST,820,0.82,1136
20260914_141209_795449,1,1,REST,821,0.821,1137
20260914_141209_795449,1,1,REST,822,0.822,1131
20260914_141209_795449,1,1,REST,823,0.823,1135
20260914_141209_795449,1,1,REST,824,0.824,1136
20260914_141209_795449,1,1,REST,825,0.825,1132
20260914_141209_795449,1,1,REST,826,0.826,1103
20260914_141209_795449,1,1,REST,827,0.827,1114
20260914_141209_795449,1,1,REST,828,0.828,1105
20260914_141209_795449,1,1,REST,829,0.829,1107
20260914_141209_795449,1,1,REST,830,0.83,1103
20260914_141209_795449,1,1,REST,831,0.831,1091
20260914_141209_795449,1,1,REST,832,0.832,1105
20260914_141209_795449,1,1,REST,833,0.833,992
20260914_141209_795449,1,1,REST,834,0.834,1117
20260914_141209_795449,1,1,REST,835,0.835,1112
20260914_141209_795449,1,1,REST,836,0.836,1117
20260914_141209_795449,1,1,REST,837,0.837,1131
20260914_141209_795449,1,1,REST,838,0.838,1136
20260914_141209_795449,1,1,REST,839,0.839,1135
20260914_141209_795449,1,1,REST,840,0.84,1130
20260914_141209_795449,1,1,REST,841,0.841,1136
20260914_141209_795449,1,1,REST,842,0.842,1136
20260914_141209_795449,1,1,REST,843,0.843,1099
20260914_141209_795449,1,1,REST,844,0.844,1136
20260914_141209_795449,1,1,REST,845,0.845,1126
20260914_141209_795449,1,1,REST,846,0.846,1121
20260914_141209_795449,1,1,REST,847,0.847,1111
20260914_141209_795449,1,1,REST,848,0.848,1104
20260914_141209_795449,1,1,REST,849,0.849,1113
20260914_141209_795449,1,1,REST,850,0.85,1189
20260914_141209_795449,1,1,REST,851,0.851,1098
20260914_141209_795449,1,1,REST,852,0.852,1104
20260914_141209_795449,1,1,REST,853,0.853,1111
20260914_141209_795449,1,1,REST,854,0.854,1109
20260914_141209_795449,1,1,REST,855,0.855,1114
20260914_141209_795449,1,1,REST,856,0.856,1114
20260914_141209_795449,1,1,REST,857,0.857,1125
20260914_141209_795449,1,1,REST,858,0.858,1135
20260914_141209_795449,1,1,REST,859,0.859,1131
20260914_141209_795449,1,1,REST,860,0.86,1139
20260914_141209_795449,1,1,REST,861,0.861,1146
20260914_141209_795449,1,1,REST,862,0.862,1138
20260914_141209_795449,1,1,REST,863,0.863,1130
20260914_141209_795449,1,1,REST,864,0.864,1136
20260914_141209_795449,1,1,REST,865,0.865,1134
20260914_141209_795449,1,1,REST,866,0.866,1104
20260914_141209_795449,1,1,REST,867,0.867,1108
20260914_141209_795449,1,1,REST,868,0.868,1105
20260914_141209_795449,1,1,REST,869,0.869,1107
20260914_141209_795449,1,1,REST,870,0.87,1104
20260914_141209_795449,1,1,REST,871,0.871,1070
20260914_141209_795449,1,1,REST,872,0.872,1098
20260914_141209_795449,1,1,REST,873,0.873,1104
20260914_141209_795449,1,1,REST,874,0.874,1110
20260914_141209_795449,1,1,REST,875,0.875,1111
20260914_141209_795449,1,1,REST,876,0.876,1120
20260914_141209_795449,1,1,REST,877,0.877,1129
20260914_141209_795449,1,1,REST,878,0.878,1129
20260914_141209_795449,1,1,REST,879,0.879,1127
20260914_141209_795449,1,1,REST,880,0.88,1146
20260914_141209_795449,1,1,REST,881,0.881,1150
20260914_141209_795449,1,1,REST,882,0.882,1137
20260914_141209_795449,1,1,REST,883,0.883,1135
20260914_141209_795449,1,1,REST,884,0.884,1133
20260914_141209_795449,1,1,REST,885,0.885,1127
20260914_141209_795449,1,1,REST,886,0.886,1123
20260914_141209_795449,1,1,REST,887,0.887,1106
20260914_141209_795449,1,1,REST,888,0.888,1107
20260914_141209_795449,1,1,REST,889,0.889,1101
20260914_141209_795449,1,1,REST,890,0.89,1101
20260914_141209_795449,1,1,REST,891,0.891,1120
20260914_141209_795449,1,1,REST,892,0.892,1109
20260914_141209_795449,1,1,REST,893,0.893,1106
20260914_141209_795449,1,1,REST,894,0.894,1104
20260914_141209_795449,1,1,REST,895,0.895,1117
20260914_141209_795449,1,1,REST,896,0.896,1116
20260914_141209_795449,1,1,REST,897,0.897,1127
20260914_141209_795449,1,1,REST,898,0.898,1136
20260914_141209_795449,1,1,REST,899,0.899,1138
20260914_141209_795449,1,1,REST,900,0.9,1136
20260914_141209_795449,1,1,REST,901,0.901,1141
20260914_141209_795449,1,1,REST,902,0.902,1138
20260914_141209_795449,1,1,REST,903,0.903,1138
20260914_141209_795449,1,1,REST,904,0.904,1136
20260914_141209_795449,1,1,REST,905,0.905,1130
20260914_141209_795449,1,1,REST,906,0.906,1124
20260914_141209_795449,1,1,REST,907,0.907,1104
20260914_141209_795449,1,1,REST,908,0.908,1105
20260914_141209_795449,1,1,REST,909,0.909,1105
20260914_141209_795449,1,1,REST,910,0.91,1106
20260914_141209_795449,1,1,REST,911,0.911,1091
20260914_141209_795449,1,1,REST,912,0.912,1104
20260914_141209_795449,1,1,REST,913,0.913,1114
20260914_141209_795449,1,1,REST,914,0.914,1114
20260914_141209_795449,1,1,REST,915,0.915,1118
20260914_141209_795449,1,1,REST,916,0.916,1125
20260914_141209_795449,1,1,REST,917,0.917,1134
20260914_141209_795449,1,1,REST,918,0.918,1135
20260914_141209_795449,1,1,REST,919,0.919,1136
20260914_141209_795449,1,1,REST,920,0.92,1135
20260914_141209_795449,1,1,REST,921,0.921,1136
20260914_141209_795449,1,1,REST,922,0.922,1141
20260914_141209_795449,1,1,REST,923,0.923,1136
20260914_141209_795449,1,1,REST,924,0.924,1126
20260914_141209_795449,1,1,REST,925,0.925,1124
20260914_141209_795449,1,1,REST,926,0.926,1109
20260914_141209_795449,1,1,REST,927,0.927,1120
20260914_141209_795449,1,1,REST,928,0.928,1109
20260914_141209_795449,1,1,REST,929,0.929,1111
20260914_141209_795449,1,1,REST,930,0.93,1107
20260914_141209_795449,1,1,REST,931,0.931,1098
20260914_141209_795449,1,1,REST,932,0.932,1104
20260914_141209_795449,1,1,REST,933,0.933,1107
20260914_141209_795449,1,1,REST,934,0.934,1110
20260914_141209_795449,1,1,REST,935,0.935,1123
20260914_141209_795449,1,1,REST,936,0.936,1122
20260914_141209_795449,1,1,REST,937,0.937,1119
20260914_141209_795449,1,1,REST,938,0.938,1136
20260914_141209_795449,1,1,REST,939,0.939,1137
20260914_141209_795449,1,1,REST,940,0.94,1135
20260914_141209_795449,1,1,REST,941,0.941,1142
20260914_141209_795449,1,1,REST,942,0.942,1135
20260914_141209_795449,1,1,REST,943,0.943,1134
20260914_141209_795449,1,1,REST,944,0.944,1129
20260914_141209_795449,1,1,REST,945,0.945,1127
20260914_141209_795449,1,1,REST,946,0.946,1122
20260914_141209_795449,1,1,REST,947,0.947,1118
20260914_141209_795449,1,1,REST,948,0.948,1104
20260914_141209_795449,1,1,REST,949,0.949,1104
20260914_141209_795449,1,1,REST,950,0.95,1106
20260914_141209_795449,1,1,REST,951,0.951,1106
20260914_141209_795449,1,1,REST,952,0.952,1106
20260914_141209_795449,1,1,REST,953,0.953,1103
20260914_141209_795449,1,1,REST,954,0.954,1114
20260914_141209_795449,1,1,REST,955,0.955,1115
20260914_141209_795449,1,1,REST,956,0.956,1110
20260914_141209_795449,1,1,REST,957,0.957,1123
20260914_141209_795449,1,1,REST,958,0.958,1137
20260914_141209_795449,1,1,REST,959,0.959,1153
20260914_141209_795449,1,1,REST,960,0.96,1136
20260914_141209_795449,1,1,REST,961,0.961,1137
20260914_141209_795449,1,1,REST,962,0.962,1142
20260914_141209_795449,1,1,REST,963,0.963,1133
20260914_141209_795449,1,1,REST,964,0.964,1135
20260914_141209_795449,1,1,REST,965,0.965,1123
20260914_141209_795449,1,1,REST,966,0.966,1127
20260914_141209_795449,1,1,REST,967,0.967,1107
20260914_141209_795449,1,1,REST,968,0.968,1105
20260914_141209_795449,1,1,REST,969,0.969,1104
20260914_141209_795449,1,1,REST,970,0.97,1127
20260914_141209_795449,1,1,REST,971,0.971,1103
20260914_141209_795449,1,1,REST,972,0.972,1104
20260914_141209_795449,1,1,REST,973,0.973,1107
20260914_141209_795449,1,1,REST,974,0.974,1111
20260914_141209_795449,1,1,REST,975,0.975,1114
20260914_141209_795449,1,1,REST,976,0.976,1122
20260914_141209_795449,1,1,REST,977,0.977,1127
20260914_141209_795449,1,1,REST,978,0.978,1136
20260914_141209_795449,1,1,REST,979,0.979,1127
20260914_141209_795449,1,1,REST,980,0.98,1127
20260914_141209_795449,1,1,REST,981,0.981,1136
20260914_141209_795449,1,1,REST,982,0.982,1138
20260914_141209_795449,1,1,REST,983,0.983,1136
20260914_141209_795449,1,1,REST,984,0.984,1137
20260914_141209_795449,1,1,REST,985,0.985,1135
20260914_141209_795449,1,1,REST,986,0.986,1120
20260914_141209_795449,1,1,REST,987,0.987,1110
20260914_141209_795449,1,1,REST,988,0.988,1115
20260914_141209_795449,1,1,REST,989,0.989,1106
20260914_141209_795449,1,1,REST,990,0.99,1099
20260914_141209_795449,1,1,REST,991,0.991,1097
20260914_141209_795449,1,1,REST,992,0.992,1110
20260914_141209_795449,1,1,REST,993,0.993,1115
20260914_141209_795449,1,1,REST,994,0.994,1119
20260914_141209_795449,1,1,REST,995,0.995,1111
20260914_141209_795449,1,1,REST,996,0.996,1122
20260914_141209_795449,1,1,REST,997,0.997,1129
20260914_141209_795449,1,1,REST,998,0.998,1136
20260914_141209_795449,1,1,REST,999,0.999,1136
20260914_141209_795449,1,1,REST,1000,1.0,1120
20260914_141209_795449,1,1,REST,1001,1.001,1143
20260914_141209_795449,1,1,REST,1002,1.002,1146
20260914_141209_795449,1,1,REST,1003,1.003,1129
20260914_141209_795449,1,1,REST,1004,1.004,1133
20260914_141209_795449,1,1,REST,1005,1.005,1118
20260914_141209_795449,1,1,REST,1006,1.006,1118
20260914_141209_795449,1,1,REST,1007,1.007,1110
20260914_141209_795449,1,1,REST,1008,1.008,1101
20260914_141209_795449,1,1,REST,1009,1.009,1103
20260914_141209_795449,1,1,REST,1010,1.01,1105
20260914_141209_795449,1,1,REST,1011,1.011,1088
20260914_141209_795449,1,1,REST,1012,1.012,1104
20260914_141209_795449,1,1,REST,1013,1.013,1088
20260914_141209_795449,1,1,REST,1014,1.014,1104
20260914_141209_795449,1,1,REST,1015,1.015,1115
20260914_141209_795449,1,1,REST,1016,1.016,1118
20260914_141209_795449,1,1,REST,1017,1.017,1120
20260914_141209_795449,1,1,REST,1018,1.018,1135
20260914_141209_795449,1,1,REST,1019,1.019,1134
20260914_141209_795449,1,1,REST,1020,1.02,1136
20260914_141209_795449,1,1,REST,1021,1.021,1146
20260914_141209_795449,1,1,REST,1022,1.022,1152
20260914_141209_795449,1,1,REST,1023,1.023,1120
20260914_141209_795449,1,1,REST,1024,1.024,1129
20260914_141209_795449,1,1,REST,1025,1.025,1134
20260914_141209_795449,1,1,REST,1026,1.026,1143
20260914_141209_795449,1,1,REST,1027,1.027,1121
20260914_141209_795449,1,1,REST,1028,1.028,1106
20260914_141209_795449,1,1,REST,1029,1.029,1076
20260914_141209_795449,1,1,REST,1030,1.03,1109
20260914_141209_795449,1,1,REST,1031,1.031,1117
20260914_141209_795449,1,1,REST,1032,1.032,1107
20260914_141209_795449,1,1,REST,1033,1.033,1108
20260914_141209_795449,1,1,REST,1034,1.034,1110
20260914_141209_795449,1,1,REST,1035,1.035,1118
20260914_141209_795449,1,1,REST,1036,1.036,1119
20260914_141209_795449,1,1,REST,1037,1.037,1127
20260914_141209_795449,1,1,REST,1038,1.038,1137
20260914_141209_795449,1,1,REST,1039,1.039,1134
20260914_141209_795449,1,1,REST,1040,1.04,1143
20260914_141209_795449,1,1,REST,1041,1.041,1085
20260914_141209_795449,1,1,REST,1042,1.042,1142
20260914_141209_795449,1,1,REST,1043,1.043,1136
20260914_141209_795449,1,1,REST,1044,1.044,1023
20260914_141209_795449,1,1,REST,1045,1.045,1133
20260914_141209_795449,1,1,REST,1046,1.046,1114
20260914_141209_795449,1,1,REST,1047,1.047,1104
20260914_141209_795449,1,1,REST,1048,1.048,1111
20260914_141209_795449,1,1,REST,1049,1.049,1104
20260914_141209_795449,1,1,REST,1050,1.05,1082
20260914_141209_795449,1,1,REST,1051,1.051,1105
20260914_141209_795449,1,1,REST,1052,1.052,1104
20260914_141209_795449,1,1,REST,1053,1.053,1129
20260914_141209_795449,1,1,REST,1054,1.054,1125
20260914_141209_795449,1,1,REST,1055,1.055,1114
20260914_141209_795449,1,1,REST,1056,1.056,1113
20260914_141209_795449,1,1,REST,1057,1.057,1123
20260914_141209_795449,1,1,REST,1058,1.058,1131
20260914_141209_795449,1,1,REST,1059,1.059,1150
20260914_141209_795449,1,1,REST,1060,1.06,1136
20260914_141209_795449,1,1,REST,1061,1.061,1143
20260914_141209_795449,1,1,REST,1062,1.062,1372
20260914_141209_795449,1,1,REST,1063,1.063,1138
20260914_141209_795449,1,1,REST,1064,1.064,1104
20260914_141209_795449,1,1,REST,1065,1.065,1132
20260914_141209_795449,1,1,REST,1066,1.066,1126
20260914_141209_795449,1,1,REST,1067,1.067,1115
20260914_141209_795449,1,1,REST,1068,1.068,1105
20260914_141209_795449,1,1,REST,1069,1.069,1110
20260914_141209_795449,1,1,REST,1070,1.07,1088
20260914_141209_795449,1,1,REST,1071,1.071,1106
20260914_141209_795449,1,1,REST,1072,1.072,1083
20260914_141209_795449,1,1,REST,1073,1.073,1134
20260914_141209_795449,1,1,REST,1074,1.074,1106
20260914_141209_795449,1,1,REST,1075,1.075,1120
20260914_141209_795449,1,1,REST,1076,1.076,1111
20260914_141209_795449,1,1,REST,1077,1.077,1120
20260914_141209_795449,1,1,REST,1078,1.078,1136
20260914_141209_795449,1,1,REST,1079,1.079,1126
20260914_141209_795449,1,1,REST,1080,1.08,1136
20260914_141209_795449,1,1,REST,1081,1.081,1149
20260914_141209_795449,1,1,REST,1082,1.082,1129
20260914_141209_795449,1,1,REST,1083,1.083,1136
20260914_141209_795449,1,1,REST,1084,1.084,1126
20260914_141209_795449,1,1,REST,1085,1.085,1134
20260914_141209_795449,1,1,REST,1086,1.086,1122
20260914_141209_795449,1,1,REST,1087,1.087,1105
20260914_141209_795449,1,1,REST,1088,1.088,1104
20260914_141209_795449,1,1,REST,1089,1.089,1089
20260914_141209_795449,1,1,REST,1090,1.09,1106
20260914_141209_795449,1,1,REST,1091,1.091,1104
20260914_141209_795449,1,1,REST,1092,1.092,1101
20260914_141209_795449,1,1,REST,1093,1.093,1123
20260914_141209_795449,1,1,REST,1094,1.094,1117
20260914_141209_795449,1,1,REST,1095,1.095,1121
20260914_141209_795449,1,1,REST,1096,1.096,1121
20260914_141209_795449,1,1,REST,1097,1.097,1129
20260914_141209_795449,1,1,REST,1098,1.098,1149
20260914_141209_795449,1,1,REST,1099,1.099,1127
20260914_141209_795449,1,1,REST,1100,1.1,1133
20260914_141209_795449,1,1,REST,1101,1.101,1139
20260914_141209_795449,1,1,REST,1102,1.102,1138
20260914_141209_795449,1,1,REST,1103,1.103,1135
20260914_141209_795449,1,1,REST,1104,1.104,1133
20260914_141209_795449,1,1,REST,1105,1.105,1146
20260914_141209_795449,1,1,REST,1106,1.106,1124
20260914_141209_795449,1,1,REST,1107,1.107,1117
20260914_141209_795449,1,1,REST,1108,1.108,1113
20260914_141209_795449,1,1,REST,1109,1.109,1105
20260914_141209_795449,1,1,REST,1110,1.11,1111
20260914_141209_795449,1,1,REST,1111,1.111,1107
20260914_141209_795449,1,1,REST,1112,1.112,1109
20260914_141209_795449,1,1,REST,1113,1.113,1125
20260914_141209_795449,1,1,REST,1114,1.114,1108
20260914_141209_795449,1,1,REST,1115,1.115,1111
20260914_141209_795449,1,1,REST,1116,1.116,1113
20260914_141209_795449,1,1,REST,1117,1.117,1122
20260914_141209_795449,1,1,REST,1118,1.118,1129
20260914_141209_795449,1,1,REST,1119,1.119,1131
20260914_141209_795449,1,1,REST,1120,1.12,1143
20260914_141209_795449,1,1,REST,1121,1.121,1141
20260914_141209_795449,1,1,REST,1122,1.122,1136
20260914_141209_795449,1,1,REST,1123,1.123,1133
20260914_141209_795449,1,1,REST,1124,1.124,1091
20260914_141209_795449,1,1,REST,1125,1.125,1084
20260914_141209_795449,1,1,REST,1126,1.126,1126
20260914_141209_795449,1,1,REST,1127,1.127,1130
20260914_141209_795449,1,1,REST,1128,1.128,1104
20260914_141209_795449,1,1,REST,1129,1.129,1104
20260914_141209_795449,1,1,REST,1130,1.13,1111
20260914_141209_795449,1,1,REST,1131,1.131,1100
20260914_141209_795449,1,1,REST,1132,1.132,1106
20260914_141209_795449,1,1,REST,1133,1.133,1117
20260914_141209_795449,1,1,REST,1134,1.134,1105
20260914_141209_795449,1,1,REST,1135,1.135,1111
20260914_141209_795449,1,1,REST,1136,1.136,1150
20260914_141209_795449,1,1,REST,1137,1.137,1127
20260914_141209_795449,1,1,REST,1138,1.138,1135
20260914_141209_795449,1,1,REST,1139,1.139,1155
20260914_141209_795449,1,1,REST,1140,1.14,1129
20260914_141209_795449,1,1,REST,1141,1.141,1148
20260914_141209_795449,1,1,REST,1142,1.142,1163
20260914_141209_795449,1,1,REST,1143,1.143,1168
20260914_141209_795449,1,1,REST,1144,1.144,1136
20260914_141209_795449,1,1,REST,1145,1.145,1130
20260914_141209_795449,1,1,REST,1146,1.146,1071
20260914_141209_795449,1,1,REST,1147,1.147,1119
20260914_141209_795449,1,1,REST,1148,1.148,1107
20260914_141209_795449,1,1,REST,1149,1.149,1118
20260914_141209_795449,1,1,REST,1150,1.15,1110
20260914_141209_795449,1,1,REST,1151,1.151,1099
20260914_141209_795449,1,1,REST,1152,1.152,1109
20260914_141209_795449,1,1,REST,1153,1.153,1104
20260914_141209_795449,1,1,REST,1154,1.154,1115
20260914_141209_795449,1,1,REST,1155,1.155,1111
20260914_141209_795449,1,1,REST,1156,1.156,1131
20260914_141209_795449,1,1,REST,1157,1.157,1121
20260914_141209_795449,1,1,REST,1158,1.158,1188
20260914_141209_795449,1,1,REST,1159,1.159,1135
20260914_141209_795449,1,1,REST,1160,1.16,1133
20260914_141209_795449,1,1,REST,1161,1.161,1142
20260914_141209_795449,1,1,REST,1162,1.162,1139
20260914_141209_795449,1,1,REST,1163,1.163,1114
20260914_141209_795449,1,1,REST,1164,1.164,1135
20260914_141209_795449,1,1,REST,1165,1.165,1127
20260914_141209_795449,1,1,REST,1166,1.166,1122
20260914_141209_795449,1,1,REST,1167,1.167,1118
20260914_141209_795449,1,1,REST,1168,1.168,1117
20260914_141209_795449,1,1,REST,1169,1.169,1102
20260914_141209_795449,1,1,REST,1170,1.17,1115
20260914_141209_795449,1,1,REST,1171,1.171,1104
20260914_141209_795449,1,1,REST,1172,1.172,1105
20260914_141209_795449,1,1,REST,1173,1.173,1109
20260914_141209_795449,1,1,REST,1174,1.174,1107
20260914_141209_795449,1,1,REST,1175,1.175,1175
20260914_141209_795449,1,1,REST,1176,1.176,1117
20260914_141209_795449,1,1,REST,1177,1.177,1130
20260914_141209_795449,1,1,REST,1178,1.178,1154
20260914_141209_795449,1,1,REST,1179,1.179,1151
20260914_141209_795449,1,1,REST,1180,1.18,1136
20260914_141209_795449,1,1,REST,1181,1.181,1125
20260914_141209_795449,1,1,REST,1182,1.182,1141
20260914_141209_795449,1,1,REST,1183,1.183,1142
20260914_141209_795449,1,1,REST,1184,1.184,1127
20260914_141209_795449,1,1,REST,1185,1.185,1138
20260914_141209_795449,1,1,REST,1186,1.186,1130
20260914_141209_795449,1,1,REST,1187,1.187,1136
20260914_141209_795449,1,1,REST,1188,1.188,1089
20260914_141209_795449,1,1,REST,1189,1.189,1066
20260914_141209_795449,1,1,REST,1190,1.19,1104
20260914_141209_795449,1,1,REST,1191,1.191,1100
20260914_141209_795449,1,1,REST,1192,1.192,1104
20260914_141209_795449,1,1,REST,1193,1.193,1105
20260914_141209_795449,1,1,REST,1194,1.194,1111
20260914_141209_795449,1,1,REST,1195,1.195,1121
20260914_141209_795449,1,1,REST,1196,1.196,1121
20260914_141209_795449,1,1,REST,1197,1.197,1125
20260914_141209_795449,1,1,REST,1198,1.198,1133
20260914_141209_795449,1,1,REST,1199,1.199,1137
20260914_141209_795449,1,1,REST,1200,1.2,1115
20260914_141209_795449,1,1,REST,1201,1.201,1139
20260914_141209_795449,1,1,REST,1202,1.202,1129
20260914_141209_795449,1,1,REST,1203,1.203,1134
20260914_141209_795449,1,1,REST,1204,1.204,1151
20260914_141209_795449,1,1,REST,1205,1.205,1134
20260914_141209_795449,1,1,REST,1206,1.206,1122
20260914_141209_795449,1,1,REST,1207,1.207,1118
20260914_141209_795449,1,1,REST,1208,1.208,1104
20260914_141209_795449,1,1,REST,1209,1.209,1040
20260914_141209_795449,1,1,REST,1210,1.21,1106
20260914_141209_795449,1,1,REST,1211,1.211,1104
20260914_141209_795449,1,1,REST,1212,1.212,1107
20260914_141209_795449,1,1,REST,1213,1.213,1107
20260914_141209_795449,1,1,REST,1214,1.214,1111
20260914_141209_795449,1,1,REST,1215,1.215,1109
20260914_141209_795449,1,1,REST,1216,1.216,1136
20260914_141209_795449,1,1,REST,1217,1.217,1125
20260914_141209_795449,1,1,REST,1218,1.218,1116
20260914_141209_795449,1,1,REST,1219,1.219,1135
20260914_141209_795449,1,1,REST,1220,1.22,1135
20260914_141209_795449,1,1,REST,1221,1.221,1143
20260914_141209_795449,1,1,REST,1222,1.222,1137
20260914_141209_795449,1,1,REST,1223,1.223,1134
20260914_141209_795449,1,1,REST,1224,1.224,1126
20260914_141209_795449,1,1,REST,1225,1.225,1136
20260914_141209_795449,1,1,REST,1226,1.226,1121
20260914_141209_795449,1,1,REST,1227,1.227,1114
20260914_141209_795449,1,1,REST,1228,1.228,1109
20260914_141209_795449,1,1,REST,1229,1.229,1104
20260914_141209_795449,1,1,REST,1230,1.23,1122
20260914_141209_795449,1,1,REST,1231,1.231,1097
20260914_141209_795449,1,1,REST,1232,1.232,1104
20260914_141209_795449,1,1,REST,1233,1.233,1104
20260914_141209_795449,1,1,REST,1234,1.234,1105
20260914_141209_795449,1,1,REST,1235,1.235,1111
20260914_141209_795449,1,1,REST,1236,1.236,1118
20260914_141209_795449,1,1,REST,1237,1.237,1123
20260914_141209_795449,1,1,REST,1238,1.238,1126
20260914_141209_795449,1,1,REST,1239,1.239,1133
20260914_141209_795449,1,1,REST,1240,1.24,1136
20260914_141209_795449,1,1,REST,1241,1.241,1136
20260914_141209_795449,1,1,REST,1242,1.242,1145
20260914_141209_795449,1,1,REST,1243,1.243,1136
20260914_141209_795449,1,1,REST,1244,1.244,1123
20260914_141209_795449,1,1,REST,1245,1.245,1125
20260914_141209_795449,1,1,REST,1246,1.246,1118
20260914_141209_795449,1,1,REST,1247,1.247,1120
20260914_141209_795449,1,1,REST,1248,1.248,1110
20260914_141209_795449,1,1,REST,1249,1.249,1109
20260914_141209_795449,1,1,REST,1250,1.25,1099
20260914_141209_795449,1,1,REST,1251,1.251,1095
20260914_141209_795449,1,1,REST,1252,1.252,1103
20260914_141209_795449,1,1,REST,1253,1.253,1108
20260914_141209_795449,1,1,REST,1254,1.254,1191
20260914_141209_795449,1,1,REST,1255,1.255,1116
20260914_141209_795449,1,1,REST,1256,1.256,1118
20260914_141209_795449,1,1,REST,1257,1.257,1120
20260914_141209_795449,1,1,REST,1258,1.258,1146
20260914_141209_795449,1,1,REST,1259,1.259,1123
20260914_141209_795449,1,1,REST,1260,1.26,1143
20260914_141209_795449,1,1,REST,1261,1.261,1149
20260914_141209_795449,1,1,REST,1262,1.262,1137
20260914_141209_795449,1,1,REST,1263,1.263,1122
20260914_141209_795449,1,1,REST,1264,1.264,1134
20260914_141209_795449,1,1,REST,1265,1.265,1130
20260914_141209_795449,1,1,REST,1266,1.266,1123
20260914_141209_795449,1,1,REST,1267,1.267,1123
20260914_141209_795449,1,1,REST,1268,1.268,1118
20260914_141209_795449,1,1,REST,1269,1.269,1104
20260914_141209_795449,1,1,REST,1270,1.27,1105
20260914_141209_795449,1,1,REST,1271,1.271,1099
20260914_141209_795449,1,1,REST,1272,1.272,1105
20260914_141209_795449,1,1,REST,1273,1.273,1107
20260914_141209_795449,1,1,REST,1274,1.274,1105
20260914_141209_795449,1,1,REST,1275,1.275,1121
20260914_141209_795449,1,1,REST,1276,1.276,1142
20260914_141209_795449,1,1,REST,1277,1.277,1121
20260914_141209_795449,1,1,REST,1278,1.278,1193
20260914_141209_795449,1,1,REST,1279,1.279,1136
20260914_141209_795449,1,1,REST,1280,1.28,1136
20260914_141209_795449,1,1,REST,1281,1.281,1144
20260914_141209_795449,1,1,REST,1282,1.282,1136
20260914_141209_795449,1,1,REST,1283,1.283,1134
20260914_141209_795449,1,1,REST,1284,1.284,1129
20260914_141209_795449,1,1,REST,1285,1.285,1129
20260914_141209_795449,1,1,REST,1286,1.286,1127
20260914_141209_795449,1,1,REST,1287,1.287,1118
20260914_141209_795449,1,1,REST,1288,1.288,1104
20260914_141209_795449,1,1,REST,1289,1.289,1100
20260914_141209_795449,1,1,REST,1290,1.29,1109
20260914_141209_795449,1,1,REST,1291,1.291,1102
20260914_141209_795449,1,1,REST,1292,1.292,1132
20260914_141209_795449,1,1,REST,1293,1.293,1107
20260914_141209_795449,1,1,REST,1294,1.294,1088
20260914_141209_795449,1,1,REST,1295,1.295,1126
20260914_141209_795449,1,1,REST,1296,1.296,1121
20260914_141209_795449,1,1,REST,1297,1.297,1123
20260914_141209_795449,1,1,REST,1298,1.298,1166
20260914_141209_795449,1,1,REST,1299,1.299,1131
20260914_141209_795449,1,1,REST,1300,1.3,1127
20260914_141209_795449,1,1,REST,1301,1.301,1154
20260914_141209_795449,1,1,REST,1302,1.302,1095
20260914_141209_795449,1,1,REST,1303,1.303,1113
20260914_141209_795449,1,1,REST,1304,1.304,1066
20260914_141209_795449,1,1,REST,1305,1.305,1127
20260914_141209_795449,1,1,REST,1306,1.306,1131
20260914_141209_795449,1,1,REST,1307,1.307,1046
20260914_141209_795449,1,1,REST,1308,1.308,1104
20260914_141209_795449,1,1,REST,1309,1.309,1113
20260914_141209_795449,1,1,REST,1310,1.31,1119
20260914_141209_795449,1,1,REST,1311,1.311,1099
20260914_141209_795449,1,1,REST,1312,1.312,1104
20260914_141209_795449,1,1,REST,1313,1.313,1114
20260914_141209_795449,1,1,REST,1314,1.314,1152
20260914_141209_795449,1,1,REST,1315,1.315,1121
20260914_141209_795449,1,1,REST,1316,1.316,1120
20260914_141209_795449,1,1,REST,1317,1.317,1118
20260914_141209_795449,1,1,REST,1318,1.318,1135
20260914_141209_795449,1,1,REST,1319,1.319,1131
20260914_141209_795449,1,1,REST,1320,1.32,1135
20260914_141209_795449,1,1,REST,1321,1.321,1147
20260914_141209_795449,1,1,REST,1322,1.322,1147
20260914_141209_795449,1,1,REST,1323,1.323,1136
20260914_141209_795449,1,1,REST,1324,1.324,1136
20260914_141209_795449,1,1,REST,1325,1.325,1123
20260914_141209_795449,1,1,REST,1326,1.326,1127
20260914_141209_795449,1,1,REST,1327,1.327,1121
20260914_141209_795449,1,1,REST,1328,1.328,1108
20260914_141209_795449,1,1,REST,1329,1.329,1101
20260914_141209_795449,1,1,REST,1330,1.33,1110
20260914_141209_795449,1,1,REST,1331,1.331,1106
20260914_141209_795449,1,1,REST,1332,1.332,1152
20260914_141209_795449,1,1,REST,1333,1.333,1105
20260914_141209_795449,1,1,REST,1334,1.334,1104
20260914_141209_795449,1,1,REST,1335,1.335,1110
20260914_141209_795449,1,1,REST,1336,1.336,1131
20260914_141209_795449,1,1,REST,1337,1.337,1118
20260914_141209_795449,1,1,REST,1338,1.338,1133
20260914_141209_795449,1,1,REST,1339,1.339,1132
20260914_141209_795449,1,1,REST,1340,1.34,1127
20260914_141209_795449,1,1,REST,1341,1.341,1138
20260914_141209_795449,1,1,REST,1342,1.342,1141
20260914_141209_795449,1,1,REST,1343,1.343,1127
20260914_141209_795449,1,1,REST,1344,1.344,1135
20260914_141209_795449,1,1,REST,1345,1.345,1126
20260914_141209_795449,1,1,REST,1346,1.346,1124
20260914_141209_795449,1,1,REST,1347,1.347,1110
20260914_141209_795449,1,1,REST,1348,1.348,1104
20260914_141209_795449,1,1,REST,1349,1.349,1119
20260914_141209_795449,1,1,REST,1350,1.35,1101
20260914_141209_795449,1,1,REST,1351,1.351,1077
20260914_141209_795449,1,1,REST,1352,1.352,1100
20260914_141209_795449,1,1,REST,1353,1.353,1098
20260914_141209_795449,1,1,REST,1354,1.354,1118
20260914_141209_795449,1,1,REST,1355,1.355,1114
20260914_141209_795449,1,1,REST,1356,1.356,1120
20260914_141209_795449,1,1,REST,1357,1.357,1127
20260914_141209_795449,1,1,REST,1358,1.358,1135
20260914_141209_795449,1,1,REST,1359,1.359,1139
20260914_141209_795449,1,1,REST,1360,1.36,1136
20260914_141209_795449,1,1,REST,1361,1.361,1141
20260914_141209_795449,1,1,REST,1362,1.362,1143
20260914_141209_795449,1,1,REST,1363,1.363,1138
20260914_141209_795449,1,1,REST,1364,1.364,1136
20260914_141209_795449,1,1,REST,1365,1.365,1190
20260914_141209_795449,1,1,REST,1366,1.366,1126
20260914_141209_795449,1,1,REST,1367,1.367,1121
20260914_141209_795449,1,1,REST,1368,1.368,1108
20260914_141209_795449,1,1,REST,1369,1.369,1109
20260914_141209_795449,1,1,REST,1370,1.37,1106
20260914_141209_795449,1,1,REST,1371,1.371,1101
20260914_141209_795449,1,1,REST,1372,1.372,1103
20260914_141209_795449,1,1,REST,1373,1.373,1104
20260914_141209_795449,1,1,REST,1374,1.374,1115
20260914_141209_795449,1,1,REST,1375,1.375,1113
20260914_141209_795449,1,1,REST,1376,1.376,1116
20260914_141209_795449,1,1,REST,1377,1.377,1117
20260914_141209_795449,1,1,REST,1378,1.378,1133
20260914_141209_795449,1,1,REST,1379,1.379,1139
20260914_141209_795449,1,1,REST,1380,1.38,1138
20260914_141209_795449,1,1,REST,1381,1.381,1138
20260914_141209_795449,1,1,REST,1382,1.382,1148
20260914_141209_795449,1,1,REST,1383,1.383,1132
20260914_141209_795449,1,1,REST,1384,1.384,1136
20260914_141209_795449,1,1,REST,1385,1.385,1153
20260914_141209_795449,1,1,REST,1386,1.386,1126
20260914_141209_795449,1,1,REST,1387,1.387,1121
20260914_141209_795449,1,1,REST,1388,1.388,1105
20260914_141209_795449,1,1,REST,1389,1.389,1111
20260914_141209_795449,1,1,REST,1390,1.39,1110
20260914_141209_795449,1,1,REST,1391,1.391,1105
20260914_141209_795449,1,1,REST,1392,1.392,1104
20260914_141209_795449,1,1,REST,1393,1.393,1135
20260914_141209_795449,1,1,REST,1394,1.394,1114
20260914_141209_795449,1,1,REST,1395,1.395,1104
20260914_141209_795449,1,1,REST,1396,1.396,1113
20260914_141209_795449,1,1,REST,1397,1.397,1115
20260914_141209_795449,1,1,REST,1398,1.398,1120
20260914_141209_795449,1,1,REST,1399,1.399,1136
20260914_141209_795449,1,1,REST,1400,1.4,1126
20260914_141209_795449,1,1,REST,1401,1.401,1136
20260914_141209_795449,1,1,REST,1402,1.402,1140
20260914_141209_795449,1,1,REST,1403,1.403,1135
20260914_141209_795449,1,1,REST,1404,1.404,1137
20260914_141209_795449,1,1,REST,1405,1.405,1125
20260914_141209_795449,1,1,REST,1406,1.406,1127
20260914_141209_795449,1,1,REST,1407,1.407,1119
20260914_141209_795449,1,1,REST,1408,1.408,1104
20260914_141209_795449,1,1,REST,1409,1.409,1104
20260914_141209_795449,1,1,REST,1410,1.41,1113
20260914_141209_795449,1,1,REST,1411,1.411,1113
20260914_141209_795449,1,1,REST,1412,1.412,1104
20260914_141209_795449,1,1,REST,1413,1.413,1104
20260914_141209_795449,1,1,REST,1414,1.414,1072
20260914_141209_795449,1,1,REST,1415,1.415,1107
20260914_141209_795449,1,1,REST,1416,1.416,1115
20260914_141209_795449,1,1,REST,1417,1.417,1121
20260914_141209_795449,1,1,REST,1418,1.418,1132
20260914_141209_795449,1,1,REST,1419,1.419,1136
20260914_141209_795449,1,1,REST,1420,1.42,1134
20260914_141209_795449,1,1,REST,1421,1.421,1138
20260914_141209_795449,1,1,REST,1422,1.422,1136
20260914_141209_795449,1,1,REST,1423,1.423,1139
20260914_141209_795449,1,1,REST,1424,1.424,1135
20260914_141209_795449,1,1,REST,1425,1.425,1136
20260914_141209_795449,1,1,REST,1426,1.426,1133
20260914_141209_795449,1,1,REST,1427,1.427,1122
20260914_141209_795449,1,1,REST,1428,1.428,1114
20260914_141209_795449,1,1,REST,1429,1.429,1115
20260914_141209_795449,1,1,REST,1430,1.43,1127
20260914_141209_795449,1,1,REST,1431,1.431,1103
20260914_141209_795449,1,1,REST,1432,1.432,1091
20260914_141209_795449,1,1,REST,1433,1.433,1101
20260914_141209_795449,1,1,REST,1434,1.434,1105
20260914_141209_795449,1,1,REST,1435,1.435,1107
20260914_141209_795449,1,1,REST,1436,1.436,1121
20260914_141209_795449,1,1,REST,1437,1.437,1122
20260914_141209_795449,1,1,REST,1438,1.438,1130
20260914_141209_795449,1,1,REST,1439,1.439,1131
20260914_141209_795449,1,1,REST,1440,1.44,1133
20260914_141209_795449,1,1,REST,1441,1.441,1140
20260914_141209_795449,1,1,REST,1442,1.442,1141
20260914_141209_795449,1,1,REST,1443,1.443,1136
20260914_141209_795449,1,1,REST,1444,1.444,1122
20260914_141209_795449,1,1,REST,1445,1.445,1130
20260914_141209_795449,1,1,REST,1446,1.446,1121
20260914_141209_795449,1,1,REST,1447,1.447,1123
20260914_141209_795449,1,1,REST,1448,1.448,1109
20260914_141209_795449,1,1,REST,1449,1.449,1103
20260914_141209_795449,1,1,REST,1450,1.45,1105
20260914_141209_795449,1,1,REST,1451,1.451,1102
20260914_141209_795449,1,1,REST,1452,1.452,1095
20260914_141209_795449,1,1,REST,1453,1.453,1104
20260914_141209_795449,1,1,REST,1454,1.454,1116
20260914_141209_795449,1,1,REST,1455,1.455,1118
20260914_141209_795449,1,1,REST,1456,1.456,1114
20260914_141209_795449,1,1,REST,1457,1.457,1150
20260914_141209_795449,1,1,REST,1458,1.458,1129
20260914_141209_795449,1,1,REST,1459,1.459,1135
20260914_141209_795449,1,1,REST,1460,1.46,1137
20260914_141209_795449,1,1,REST,1461,1.461,1142
20260914_141209_795449,1,1,REST,1462,1.462,1146
20260914_141209_795449,1,1,REST,1463,1.463,1136
20260914_141209_795449,1,1,REST,1464,1.464,1136
20260914_141209_795449,1,1,REST,1465,1.465,1170
20260914_141209_795449,1,1,REST,1466,1.466,1131
20260914_141209_795449,1,1,REST,1467,1.467,1122
20260914_141209_795449,1,1,REST,1468,1.468,1101
20260914_141209_795449,1,1,REST,1469,1.469,1101
20260914_141209_795449,1,1,REST,1470,1.47,1110
20260914_141209_795449,1,1,REST,1471,1.471,1155
20260914_141209_795449,1,1,REST,1472,1.472,1102
20260914_141209_795449,1,1,REST,1473,1.473,1105
20260914_141209_795449,1,1,REST,1474,1.474,1106
20260914_141209_795449,1,1,REST,1475,1.475,1109
20260914_141209_795449,1,1,REST,1476,1.476,1119
20260914_141209_795449,1,1,REST,1477,1.477,1123
20260914_141209_795449,1,1,REST,1478,1.478,1122
20260914_141209_795449,1,1,REST,1479,1.479,1138
20260914_141209_795449,1,1,REST,1480,1.48,1136
20260914_141209_795449,1,1,REST,1481,1.481,1141
20260914_141209_795449,1,1,REST,1482,1.482,1138
20260914_141209_795449,1,1,REST,1483,1.483,1135
20260914_141209_795449,1,1,REST,1484,1.484,1133
20260914_141209_795449,1,1,REST,1485,1.485,1134
20260914_141209_795449,1,1,REST,1486,1.486,1123
20260914_141209_795449,1,1,REST,1487,1.487,1119
20260914_141209_795449,1,1,REST,1488,1.488,1104
20260914_141209_795449,1,1,REST,1489,1.489,1117
20260914_141209_795449,1,1,REST,1490,1.49,1114
20260914_141209_795449,1,1,REST,1491,1.491,1102
20260914_141209_795449,1,1,REST,1492,1.492,1106
20260914_141209_795449,1,1,REST,1493,1.493,1103
20260914_141209_795449,1,1,REST,1494,1.494,1104
20260914_141209_795449,1,1,REST,1495,1.495,1115
20260914_141209_795449,1,1,REST,1496,1.496,1123
20260914_141209_795449,1,1,REST,1497,1.497,1123
20260914_141209_795449,1,1,REST,1498,1.498,1130
20260914_141209_795449,1,1,REST,1499,1.499,1139
20260914_141209_795449,1,1,REST,1500,1.5,1133
20260914_141209_795449,1,1,REST,1501,1.501,1133
20260914_141209_795449,1,1,REST,1502,1.502,1136
20260914_141209_795449,1,1,REST,1503,1.503,1134
20260914_141209_795449,1,1,REST,1504,1.504,1136
20260914_141209_795449,1,1,REST,1505,1.505,1134
20260914_141209_795449,1,1,REST,1506,1.506,1126
20260914_141209_795449,1,1,REST,1507,1.507,1125
20260914_141209_795449,1,1,REST,1508,1.508,1133
20260914_141209_795449,1,1,REST,1509,1.509,1104
20260914_141209_795449,1,1,REST,1510,1.51,1101
20260914_141209_795449,1,1,REST,1511,1.511,1103
20260914_141209_795449,1,1,REST,1512,1.512,1095
20260914_141209_795449,1,1,REST,1513,1.513,1115
20260914_141209_795449,1,1,REST,1514,1.514,1106
20260914_141209_795449,1,1,REST,1515,1.515,1109
20260914_141209_795449,1,1,REST,1516,1.516,1116
20260914_141209_795449,1,1,REST,1517,1.517,1120
20260914_141209_795449,1,1,REST,1518,1.518,1131
20260914_141209_795449,1,1,REST,1519,1.519,1133
20260914_141209_795449,1,1,REST,1520,1.52,1134
20260914_141209_795449,1,1,REST,1521,1.521,1132
20260914_141209_795449,1,1,REST,1522,1.522,1139
20260914_141209_795449,1,1,REST,1523,1.523,1139
20260914_141209_795449,1,1,REST,1524,1.524,1136
20260914_141209_795449,1,1,REST,1525,1.525,1141
20260914_141209_795449,1,1,REST,1526,1.526,1123
20260914_141209_795449,1,1,REST,1527,1.527,1111
20260914_141209_795449,1,1,REST,1528,1.528,1114
20260914_141209_795449,1,1,REST,1529,1.529,1105
20260914_141209_795449,1,1,REST,1530,1.53,1136
20260914_141209_795449,1,1,REST,1531,1.531,1101
20260914_141209_795449,1,1,REST,1532,1.532,1102
20260914_141209_795449,1,1,REST,1533,1.533,1107
20260914_141209_795449,1,1,REST,1534,1.534,1106
20260914_141209_795449,1,1,REST,1535,1.535,1121
20260914_141209_795449,1,1,REST,1536,1.536,1115
20260914_141209_795449,1,1,REST,1537,1.537,1131
20260914_141209_795449,1,1,REST,1538,1.538,1135
20260914_141209_795449,1,1,REST,1539,1.539,1136
20260914_141209_795449,1,1,REST,1540,1.54,1142
20260914_141209_795449,1,1,REST,1541,1.541,1138
20260914_141209_795449,1,1,REST,1542,1.542,1136
20260914_141209_795449,1,1,REST,1543,1.543,1138
20260914_141209_795449,1,1,REST,1544,1.544,1136
20260914_141209_795449,1,1,REST,1545,1.545,1135
20260914_141209_795449,1,1,REST,1546,1.546,1132
20260914_141209_795449,1,1,REST,1547,1.547,1127
20260914_141209_795449,1,1,REST,1548,1.548,1109
20260914_141209_795449,1,1,REST,1549,1.549,1109
20260914_141209_795449,1,1,REST,1550,1.55,1104
20260914_141209_795449,1,1,REST,1551,1.551,1103
20260914_141209_795449,1,1,REST,1552,1.552,1093
20260914_141209_795449,1,1,REST,1553,1.553,1104
20260914_141209_795449,1,1,REST,1554,1.554,1110
20260914_141209_795449,1,1,REST,1555,1.555,1107
20260914_141209_795449,1,1,REST,1556,1.556,1114
20260914_141209_795449,1,1,REST,1557,1.557,1125
20260914_141209_795449,1,1,REST,1558,1.558,1133
20260914_141209_795449,1,1,REST,1559,1.559,1133
20260914_141209_795449,1,1,REST,1560,1.56,1130
20260914_141209_795449,1,1,REST,1561,1.561,1135
20260914_141209_795449,1,1,REST,1562,1.562,1136
20260914_141209_795449,1,1,REST,1563,1.563,1135
20260914_141209_795449,1,1,REST,1564,1.564,1126
20260914_141209_795449,1,1,REST,1565,1.565,1142
20260914_141209_795449,1,1,REST,1566,1.566,1120
20260914_141209_795449,1,1,REST,1567,1.567,1139
20260914_141209_795449,1,1,REST,1568,1.568,1113
20260914_141209_795449,1,1,REST,1569,1.569,1116
20260914_141209_795449,1,1,REST,1570,1.57,1107
20260914_141209_795449,1,1,REST,1571,1.571,1104
20260914_141209_795449,1,1,REST,1572,1.572,1105
20260914_141209_795449,1,1,REST,1573,1.573,1106
20260914_141209_795449,1,1,REST,1574,1.574,1107
20260914_141209_795449,1,1,REST,1575,1.575,1113
20260914_141209_795449,1,1,REST,1576,1.576,1111
20260914_141209_795449,1,1,REST,1577,1.577,1119
20260914_141209_795449,1,1,REST,1578,1.578,1129
20260914_141209_795449,1,1,REST,1579,1.579,1130
20260914_141209_795449,1,1,REST,1580,1.58,1129
20260914_141209_795449,1,1,REST,1581,1.581,1140
20260914_141209_795449,1,1,REST,1582,1.582,1136
20260914_141209_795449,1,1,REST,1583,1.583,1131
20260914_141209_795449,1,1,REST,1584,1.584,1139
20260914_141209_795449,1,1,REST,1585,1.585,1133
20260914_141209_795449,1,1,REST,1586,1.586,1131
20260914_141209_795449,1,1,REST,1587,1.587,1119
20260914_141209_795449,1,1,REST,1588,1.588,1107
20260914_141209_795449,1,1,REST,1589,1.589,1113
20260914_141209_795449,1,1,REST,1590,1.59,1104
20260914_141209_795449,1,1,REST,1591,1.591,1094
20260914_141209_795449,1,1,REST,1592,1.592,1094
20260914_141209_795449,1,1,REST,1593,1.593,1102
20260914_141209_795449,1,1,REST,1594,1.594,1105
20260914_141209_795449,1,1,REST,1595,1.595,1107
20260914_141209_795449,1,1,REST,1596,1.596,1118
20260914_141209_795449,1,1,REST,1597,1.597,1115
20260914_141209_795449,1,1,REST,1598,1.598,1121
20260914_141209_795449,1,1,REST,1599,1.599,1129
20260914_141209_795449,1,1,REST,1600,1.6,1137
20260914_141209_795449,1,1,REST,1601,1.601,1142
20260914_141209_795449,1,1,REST,1602,1.602,1136
20260914_141209_795449,1,1,REST,1603,1.603,1134
20260914_141209_795449,1,1,REST,1604,1.604,1138
20260914_141209_795449,1,1,REST,1605,1.605,1133
20260914_141209_795449,1,1,REST,1606,1.606,1127
20260914_141209_795449,1,1,REST,1607,1.607,1117
20260914_141209_795449,1,1,REST,1608,1.608,1092
20260914_141209_795449,1,1,REST,1609,1.609,1105
20260914_141209_795449,1,1,REST,1610,1.61,1107
20260914_141209_795449,1,1,REST,1611,1.611,1104
20260914_141209_795449,1,1,REST,1612,1.612,1085
20260914_141209_795449,1,1,REST,1613,1.613,1110
20260914_141209_795449,1,1,REST,1614,1.614,1104
20260914_141209_795449,1,1,REST,1615,1.615,1105
20260914_141209_795449,1,1,REST,1616,1.616,1106
20260914_141209_795449,1,1,REST,1617,1.617,1115
20260914_141209_795449,1,1,REST,1618,1.618,1135
20260914_141209_795449,1,1,REST,1619,1.619,1139
20260914_141209_795449,1,1,REST,1620,1.62,1138
20260914_141209_795449,1,1,REST,1621,1.621,1137
20260914_141209_795449,1,1,REST,1622,1.622,1141
20260914_141209_795449,1,1,REST,1623,1.623,1137
20260914_141209_795449,1,1,REST,1624,1.624,1134
20260914_141209_795449,1,1,REST,1625,1.625,1136
20260914_141209_795449,1,1,REST,1626,1.626,1126
20260914_141209_795449,1,1,REST,1627,1.627,1117
20260914_141209_795449,1,1,REST,1628,1.628,1114
20260914_141209_795449,1,1,REST,1629,1.629,1105
20260914_141209_795449,1,1,REST,1630,1.63,1104
20260914_141209_795449,1,1,REST,1631,1.631,1098
20260914_141209_795449,1,1,REST,1632,1.632,1094
20260914_141209_795449,1,1,REST,1633,1.633,1118
20260914_141209_795449,1,1,REST,1634,1.634,1111
20260914_141209_795449,1,1,REST,1635,1.635,1108
20260914_141209_795449,1,1,REST,1636,1.636,1116
20260914_141209_795449,1,1,REST,1637,1.637,1119
20260914_141209_795449,1,1,REST,1638,1.638,1125
20260914_141209_795449,1,1,REST,1639,1.639,1127
20260914_141209_795449,1,1,REST,1640,1.64,1139
20260914_141209_795449,1,1,REST,1641,1.641,1138
20260914_141209_795449,1,1,REST,1642,1.642,1137
20260914_141209_795449,1,1,REST,1643,1.643,1138
20260914_141209_795449,1,1,REST,1644,1.644,1134
20260914_141209_795449,1,1,REST,1645,1.645,1131
20260914_141209_795449,1,1,REST,1646,1.646,1121
20260914_141209_795449,1,1,REST,1647,1.647,1122
20260914_141209_795449,1,1,REST,1648,1.648,1112
20260914_141209_795449,1,1,REST,1649,1.649,1110
20260914_141209_795449,1,1,REST,1650,1.65,1115
20260914_141209_795449,1,1,REST,1651,1.651,1104
20260914_141209_795449,1,1,REST,1652,1.652,1086
20260914_141209_795449,1,1,REST,1653,1.653,1104
20260914_141209_795449,1,1,REST,1654,1.654,1101
20260914_141209_795449,1,1,REST,1655,1.655,1106
20260914_141209_795449,1,1,REST,1656,1.656,1117
20260914_141209_795449,1,1,REST,1657,1.657,1117
20260914_141209_795449,1,1,REST,1658,1.658,1129
20260914_141209_795449,1,1,REST,1659,1.659,1135
20260914_141209_795449,1,1,REST,1660,1.66,1137
20260914_141209_795449,1,1,REST,1661,1.661,1135
20260914_141209_795449,1,1,REST,1662,1.662,1146
20260914_141209_795449,1,1,REST,1663,1.663,1140
20260914_141209_795449,1,1,REST,1664,1.664,1132
20260914_141209_795449,1,1,REST,1665,1.665,1131
20260914_141209_795449,1,1,REST,1666,1.666,1127
20260914_141209_795449,1,1,REST,1667,1.667,1152
20260914_141209_795449,1,1,REST,1668,1.668,1112
20260914_141209_795449,1,1,REST,1669,1.669,1104
20260914_141209_795449,1,1,REST,1670,1.67,1101
20260914_141209_795449,1,1,REST,1671,1.671,1106
20260914_141209_795449,1,1,REST,1672,1.672,1098
20260914_141209_795449,1,1,REST,1673,1.673,1103
20260914_141209_795449,1,1,REST,1674,1.674,1104
20260914_141209_795449,1,1,REST,1675,1.675,1109
20260914_141209_795449,1,1,REST,1676,1.676,1105
20260914_141209_795449,1,1,REST,1677,1.677,1117
20260914_141209_795449,1,1,REST,1678,1.678,1132
20260914_141209_795449,1,1,REST,1679,1.679,1132
20260914_141209_795449,1,1,REST,1680,1.68,1141
20260914_141209_795449,1,1,REST,1681,1.681,1137
20260914_141209_795449,1,1,REST,1682,1.682,1141
20260914_141209_795449,1,1,REST,1683,1.683,1141
20260914_141209_795449,1,1,REST,1684,1.684,1135
20260914_141209_795449,1,1,REST,1685,1.685,1123
20260914_141209_795449,1,1,REST,1686,1.686,1127
20260914_141209_795449,1,1,REST,1687,1.687,1113
20260914_141209_795449,1,1,REST,1688,1.688,1114
20260914_141209_795449,1,1,REST,1689,1.689,1104
20260914_141209_795449,1,1,REST,1690,1.69,1104
20260914_141209_795449,1,1,REST,1691,1.691,1104
20260914_141209_795449,1,1,REST,1692,1.692,1108
20260914_141209_795449,1,1,REST,1693,1.693,1106
20260914_141209_795449,1,1,REST,1694,1.694,1105
20260914_141209_795449,1,1,REST,1695,1.695,1109
20260914_141209_795449,1,1,REST,1696,1.696,1118
20260914_141209_795449,1,1,REST,1697,1.697,1117
20260914_141209_795449,1,1,REST,1698,1.698,1127
20260914_141209_795449,1,1,REST,1699,1.699,1136
20260914_141209_795449,1,1,REST,1700,1.7,1136
20260914_141209_795449,1,1,REST,1701,1.701,1149
20260914_141209_795449,1,1,REST,1702,1.702,1136
20260914_141209_795449,1,1,REST,1703,1.703,1133
20260914_141209_795449,1,1,REST,1704,1.704,1135
20260914_141209_795449,1,1,REST,1705,1.705,1133
20260914_141209_795449,1,1,REST,1706,1.706,1130
20260914_141209_795449,1,1,REST,1707,1.707,1122
20260914_141209_795449,1,1,REST,1708,1.708,1110
20260914_141209_795449,1,1,REST,1709,1.709,1105
20260914_141209_795449,1,1,REST,1710,1.71,1109
20260914_141209_795449,1,1,REST,1711,1.711,1108
20260914_141209_795449,1,1,REST,1712,1.712,1099
20260914_141209_795449,1,1,REST,1713,1.713,1104
20260914_141209_795449,1,1,REST,1714,1.714,1109
20260914_141209_795449,1,1,REST,1715,1.715,1115
20260914_141209_795449,1,1,REST,1716,1.716,1117
20260914_141209_795449,1,1,REST,1717,1.717,1121
20260914_141209_795449,1,1,REST,1718,1.718,1133
20260914_141209_795449,1,1,REST,1719,1.719,1136
20260914_141209_795449,1,1,REST,1720,1.72,1114
20260914_141209_795449,1,1,REST,1721,1.721,1115
20260914_141209_795449,1,1,REST,1722,1.722,1138
20260914_141209_795449,1,1,REST,1723,1.723,1136
20260914_141209_795449,1,1,REST,1724,1.724,1134
20260914_141209_795449,1,1,REST,1725,1.725,1129
20260914_141209_795449,1,1,REST,1726,1.726,1126
20260914_141209_795449,1,1,REST,1727,1.727,1129
20260914_141209_795449,1,1,REST,1728,1.728,1115
20260914_141209_795449,1,1,REST,1729,1.729,1103
20260914_141209_795449,1,1,REST,1730,1.73,1101
20260914_141209_795449,1,1,REST,1731,1.731,1110
20260914_141209_795449,1,1,REST,1732,1.732,1102
20260914_141209_795449,1,1,REST,1733,1.733,1102
20260914_141209_795449,1,1,REST,1734,1.734,1106
20260914_141209_795449,1,1,REST,1735,1.735,1115
20260914_141209_795449,1,1,REST,1736,1.736,1110
20260914_141209_795449,1,1,REST,1737,1.737,1118
20260914_141209_795449,1,1,REST,1738,1.738,1132
20260914_141209_795449,1,1,REST,1739,1.739,1136
20260914_141209_795449,1,1,REST,1740,1.74,1125
20260914_141209_795449,1,1,REST,1741,1.741,1127
20260914_141209_795449,1,1,REST,1742,1.742,1137
20260914_141209_795449,1,1,REST,1743,1.743,1137
20260914_141209_795449,1,1,REST,1744,1.744,1133
20260914_141209_795449,1,1,REST,1745,1.745,1130
20260914_141209_795449,1,1,REST,1746,1.746,1126
20260914_141209_795449,1,1,REST,1747,1.747,1121
20260914_141209_795449,1,1,REST,1748,1.748,1104
20260914_141209_795449,1,1,REST,1749,1.749,1104
20260914_141209_795449,1,1,REST,1750,1.75,1119
20260914_141209_795449,1,1,REST,1751,1.751,1108
20260914_141209_795449,1,1,REST,1752,1.752,1099
20260914_141209_795449,1,1,REST,1753,1.753,1106
20260914_141209_795449,1,1,REST,1754,1.754,1107
20260914_141209_795449,1,1,REST,1755,1.755,1107
20260914_141209_795449,1,1,REST,1756,1.756,1116
20260914_141209_795449,1,1,REST,1757,1.757,1125
20260914_141209_795449,1,1,REST,1758,1.758,1130
20260914_141209_795449,1,1,REST,1759,1.759,1134
20260914_141209_795449,1,1,REST,1760,1.76,1141
20260914_141209_795449,1,1,REST,1761,1.761,1136
20260914_141209_795449,1,1,REST,1762,1.762,1138
20260914_141209_795449,1,1,REST,1763,1.763,1138
20260914_141209_795449,1,1,REST,1764,1.764,1136
20260914_141209_795449,1,1,REST,1765,1.765,1131
20260914_141209_795449,1,1,REST,1766,1.766,1126
20260914_141209_795449,1,1,REST,1767,1.767,1120
20260914_141209_795449,1,1,REST,1768,1.768,1095
20260914_141209_795449,1,1,REST,1769,1.769,1106
20260914_141209_795449,1,1,REST,1770,1.77,1114
20260914_141209_795449,1,1,REST,1771,1.771,1105
20260914_141209_795449,1,1,REST,1772,1.772,1099
20260914_141209_795449,1,1,REST,1773,1.773,1103
20260914_141209_795449,1,1,REST,1774,1.774,1104
20260914_141209_795449,1,1,REST,1775,1.775,1104
20260914_141209_795449,1,1,REST,1776,1.776,1110
20260914_141209_795449,1,1,REST,1777,1.777,1127
20260914_141209_795449,1,1,REST,1778,1.778,1135
20260914_141209_795449,1,1,REST,1779,1.779,1130
20260914_141209_795449,1,1,REST,1780,1.78,1136
20260914_141209_795449,1,1,REST,1781,1.781,1140
20260914_141209_795449,1,1,REST,1782,1.782,1140
20260914_141209_795449,1,1,REST,1783,1.783,1137
20260914_141209_795449,1,1,REST,1784,1.784,1136
20260914_141209_795449,1,1,REST,1785,1.785,1137
20260914_141209_795449,1,1,REST,1786,1.786,1134
20260914_141209_795449,1,1,REST,1787,1.787,1124
20260914_141209_795449,1,1,REST,1788,1.788,1113
20260914_141209_795449,1,1,REST,1789,1.789,1111
20260914_141209_795449,1,1,REST,1790,1.79,1106
20260914_141209_795449,1,1,REST,1791,1.791,1104
20260914_141209_795449,1,1,REST,1792,1.792,1104
20260914_141209_795449,1,1,REST,1793,1.793,1104
20260914_141209_795449,1,1,REST,1794,1.794,1108
20260914_141209_795449,1,1,REST,1795,1.795,1114
20260914_141209_795449,1,1,REST,1796,1.796,1114
20260914_141209_795449,1,1,REST,1797,1.797,1119
20260914_141209_795449,1,1,REST,1798,1.798,1129
20260914_141209_795449,1,1,REST,1799,1.799,1134
20260914_141209_795449,1,1,REST,1800,1.8,1130
20260914_141209_795449,1,1,REST,1801,1.801,1134
20260914_141209_795449,1,1,REST,1802,1.802,1137
20260914_141209_795449,1,1,REST,1803,1.803,1136
20260914_141209_795449,1,1,REST,1804,1.804,1138
20260914_141209_795449,1,1,REST,1805,1.805,1136
20260914_141209_795449,1,1,REST,1806,1.806,1135
20260914_141209_795449,1,1,REST,1807,1.807,1129
20260914_141209_795449,1,1,REST,1808,1.808,1117
20260914_141209_795449,1,1,REST,1809,1.809,1109
20260914_141209_795449,1,1,REST,1810,1.81,1105
20260914_141209_795449,1,1,REST,1811,1.811,1106
20260914_141209_795449,1,1,REST,1812,1.812,1088
20260914_141209_795449,1,1,REST,1813,1.813,1093
20260914_141209_795449,1,1,REST,1814,1.814,1104
20260914_141209_795449,1,1,REST,1815,1.815,1111
20260914_141209_795449,1,1,REST,1816,1.816,1107
20260914_141209_795449,1,1,REST,1817,1.817,1119
20260914_141209_795449,1,1,REST,1818,1.818,1135
20260914_141209_795449,1,1,REST,1819,1.819,1136
20260914_141209_795449,1,1,REST,1820,1.82,1125
20260914_141209_795449,1,1,REST,1821,1.821,1140
20260914_141209_795449,1,1,REST,1822,1.822,1147
20260914_141209_795449,1,1,REST,1823,1.823,1141
20260914_141209_795449,1,1,REST,1824,1.824,1232
20260914_141209_795449,1,1,REST,1825,1.825,1133
20260914_141209_795449,1,1,REST,1826,1.826,1131
20260914_141209_795449,1,1,REST,1827,1.827,1124
20260914_141209_795449,1,1,REST,1828,1.828,1110
20260914_141209_795449,1,1,REST,1829,1.829,1104
20260914_141209_795449,1,1,REST,1830,1.83,1104
20260914_141209_795449,1,1,REST,1831,1.831,1106
20260914_141209_795449,1,1,REST,1832,1.832,1099
20260914_141209_795449,1,1,REST,1833,1.833,1105
20260914_141209_795449,1,1,REST,1834,1.834,1107
20260914_141209_795449,1,1,REST,1835,1.835,1108
20260914_141209_795449,1,1,REST,1836,1.836,1110
20260914_141209_795449,1,1,REST,1837,1.837,1120
20260914_141209_795449,1,1,REST,1838,1.838,1121
20260914_141209_795449,1,1,REST,1839,1.839,1127
20260914_141209_795449,1,1,REST,1840,1.84,1139
20260914_141209_795449,1,1,REST,1841,1.841,1137
20260914_141209_795449,1,1,REST,1842,1.842,1141
20260914_141209_795449,1,1,REST,1843,1.843,1135
20260914_141209_795449,1,1,REST,1844,1.844,1139
20260914_141209_795449,1,1,REST,1845,1.845,1134
20260914_141209_795449,1,1,REST,1846,1.846,1133
20260914_141209_795449,1,1,REST,1847,1.847,1125
20260914_141209_795449,1,1,REST,1848,1.848,1113
20260914_141209_795449,1,1,REST,1849,1.849,1106
20260914_141209_795449,1,1,REST,1850,1.85,1306
20260914_141209_795449,1,1,REST,1851,1.851,1105
20260914_141209_795449,1,1,REST,1852,1.852,1101
20260914_141209_795449,1,1,REST,1853,1.853,1104
20260914_141209_795449,1,1,REST,1854,1.854,1111
20260914_141209_795449,1,1,REST,1855,1.855,1108
20260914_141209_795449,1,1,REST,1856,1.856,1115
20260914_141209_795449,1,1,REST,1857,1.857,1120
20260914_141209_795449,1,1,REST,1858,1.858,1129
20260914_141209_795449,1,1,REST,1859,1.859,1130
20260914_141209_795449,1,1,REST,1860,1.86,1134
20260914_141209_795449,1,1,REST,1861,1.861,1131
20260914_141209_795449,1,1,REST,1862,1.862,1129
20260914_141209_795449,1,1,REST,1863,1.863,1135
20260914_141209_795449,1,1,REST,1864,1.864,1136
20260914_141209_795449,1,1,REST,1865,1.865,1130
20260914_141209_795449,1,1,REST,1866,1.866,1135
20260914_141209_795449,1,1,REST,1867,1.867,1136
20260914_141209_795449,1,1,REST,1868,1.868,1107
20260914_141209_795449,1,1,REST,1869,1.869,1107
20260914_141209_795449,1,1,REST,1870,1.87,1106
20260914_141209_795449,1,1,REST,1871,1.871,1104
20260914_141209_795449,1,1,REST,1872,1.872,1099
20260914_141209_795449,1,1,REST,1873,1.873,1100
20260914_141209_795449,1,1,REST,1874,1.874,1109
20260914_141209_795449,1,1,REST,1875,1.875,1109
20260914_141209_795449,1,1,REST,1876,1.876,1110
20260914_141209_795449,1,1,REST,1877,1.877,1118
20260914_141209_795449,1,1,REST,1878,1.878,1118
20260914_141209_795449,1,1,REST,1879,1.879,1134
20260914_141209_795449,1,1,REST,1880,1.88,1134
20260914_141209_795449,1,1,REST,1881,1.881,1137
20260914_141209_795449,1,1,REST,1882,1.882,1136
20260914_141209_795449,1,1,REST,1883,1.883,1138
20260914_141209_795449,1,1,REST,1884,1.884,1111
20260914_141209_795449,1,1,REST,1885,1.885,1125
20260914_141209_795449,1,1,REST,1886,1.886,1126
20260914_141209_795449,1,1,REST,1887,1.887,1123
20260914_141209_795449,1,1,REST,1888,1.888,1124
20260914_141209_795449,1,1,REST,1889,1.889,1119
20260914_141209_795449,1,1,REST,1890,1.89,1107
20260914_141209_795449,1,1,REST,1891,1.891,1105
20260914_141209_795449,1,1,REST,1892,1.892,1101
20260914_141209_795449,1,1,REST,1893,1.893,1105
20260914_141209_795449,1,1,REST,1894,1.894,1104
20260914_141209_795449,1,1,REST,1895,1.895,1106
20260914_141209_795449,1,1,REST,1896,1.896,1113
20260914_141209_795449,1,1,REST,1897,1.897,1120
20260914_141209_795449,1,1,REST,1898,1.898,1126
20260914_141209_795449,1,1,REST,1899,1.899,1135
20260914_141209_795449,1,1,REST,1900,1.9,1133
20260914_141209_795449,1,1,REST,1901,1.901,1170
20260914_141209_795449,1,1,REST,1902,1.902,1123
20260914_141209_795449,1,1,REST,1903,1.903,1132
20260914_141209_795449,1,1,REST,1904,1.904,1131
20260914_141209_795449,1,1,REST,1905,1.905,1129
20260914_141209_795449,1,1,REST,1906,1.906,1134
20260914_141209_795449,1,1,REST,1907,1.907,1126
20260914_141209_795449,1,1,REST,1908,1.908,1114
20260914_141209_795449,1,1,REST,1909,1.909,1107
20260914_141209_795449,1,1,REST,1910,1.91,1104
20260914_141209_795449,1,1,REST,1911,1.911,1104
20260914_141209_795449,1,1,REST,1912,1.912,1098
20260914_141209_795449,1,1,REST,1913,1.913,1101
20260914_141209_795449,1,1,REST,1914,1.914,1111
20260914_141209_795449,1,1,REST,1915,1.915,1104
20260914_141209_795449,1,1,REST,1916,1.916,1121
20260914_141209_795449,1,1,REST,1917,1.917,1126
20260914_141209_795449,1,1,REST,1918,1.918,1122
20260914_141209_795449,1,1,REST,1919,1.919,1139
20260914_141209_795449,1,1,REST,1920,1.92,1135
20260914_141209_795449,1,1,REST,1921,1.921,1136
20260914_141209_795449,1,1,REST,1922,1.922,1138
20260914_141209_795449,1,1,REST,1923,1.923,1136
20260914_141209_795449,1,1,REST,1924,1.924,1136
20260914_141209_795449,1,1,REST,1925,1.925,1134
20260914_141209_795449,1,1,REST,1926,1.926,1126
20260914_141209_795449,1,1,REST,1927,1.927,1122
20260914_141209_795449,1,1,REST,1928,1.928,1117
20260914_141209_795449,1,1,REST,1929,1.929,1106
20260914_141209_795449,1,1,REST,1930,1.93,1106
20260914_141209_795449,1,1,REST,1931,1.931,1102
20260914_141209_795449,1,1,REST,1932,1.932,1102
20260914_141209_795449,1,1,REST,1933,1.933,1104
20260914_141209_795449,1,1,REST,1934,1.934,1103
20260914_141209_795449,1,1,REST,1935,1.935,1104
20260914_141209_795449,1,1,REST,1936,1.936,1109
20260914_141209_795449,1,1,REST,1937,1.937,1121
20260914_141209_795449,1,1,REST,1938,1.938,1123
20260914_141209_795449,1,1,REST,1939,1.939,1136
20260914_141209_795449,1,1,REST,1940,1.94,1134
20260914_141209_795449,1,1,REST,1941,1.941,1139
20260914_141209_795449,1,1,REST,1942,1.942,1138
20260914_141209_795449,1,1,REST,1943,1.943,1135
20260914_141209_795449,1,1,REST,1944,1.944,1131
20260914_141209_795449,1,1,REST,1945,1.945,1136
20260914_141209_795449,1,1,REST,1946,1.946,1125
20260914_141209_795449,1,1,REST,1947,1.947,1131
20260914_141209_795449,1,1,REST,1948,1.948,1114
20260914_141209_795449,1,1,REST,1949,1.949,1105
20260914_141209_795449,1,1,REST,1950,1.95,1110
20260914_141209_795449,1,1,REST,1951,1.951,1106
20260914_141209_795449,1,1,REST,1952,1.952,1102
20260914_141209_795449,1,1,REST,1953,1.953,1103
20260914_141209_795449,1,1,REST,1954,1.954,1105
20260914_141209_795449,1,1,REST,1955,1.955,1106
20260914_141209_795449,1,1,REST,1956,1.956,1117
20260914_141209_795449,1,1,REST,1957,1.957,1124
20260914_141209_795449,1,1,REST,1958,1.958,1133
20260914_141209_795449,1,1,REST,1959,1.959,1136
20260914_141209_795449,1,1,REST,1960,1.96,1136
20260914_141209_795449,1,1,REST,1961,1.961,1128
20260914_141209_795449,1,1,REST,1962,1.962,1136
20260914_141209_795449,1,1,REST,1963,1.963,1137
20260914_141209_795449,1,1,REST,1964,1.964,1137
20260914_141209_795449,1,1,REST,1965,1.965,1136
20260914_141209_795449,1,1,REST,1966,1.966,1136
20260914_141209_795449,1,1,REST,1967,1.967,1119
20260914_141209_795449,1,1,REST,1968,1.968,1106
20260914_141209_795449,1,1,REST,1969,1.969,1104
20260914_141209_795449,1,1,REST,1970,1.97,1104
20260914_141209_795449,1,1,REST,1971,1.971,1105
20260914_141209_795449,1,1,REST,1972,1.972,1111
20260914_141209_795449,1,1,REST,1973,1.973,1107
20260914_141209_795449,1,1,REST,1974,1.974,1118
20260914_141209_795449,1,1,REST,1975,1.975,1104
20260914_141209_795449,1,1,REST,1976,1.976,1113
20260914_141209_795449,1,1,REST,1977,1.977,1119
20260914_141209_795449,1,1,REST,1978,1.978,1130
20260914_141209_795449,1,1,REST,1979,1.979,1135
20260914_141209_795449,1,1,REST,1980,1.98,1131
20260914_141209_795449,1,1,REST,1981,1.981,1135
20260914_141209_795449,1,1,REST,1982,1.982,1140
20260914_141209_795449,1,1,REST,1983,1.983,1140
20260914_141209_795449,1,1,REST,1984,1.984,1136
20260914_141209_795449,1,1,REST,1985,1.985,1136
20260914_141209_795449,1,1,REST,1986,1.986,1126
20260914_141209_795449,1,1,REST,1987,1.987,1124
20260914_141209_795449,1,1,REST,1988,1.988,1104
20260914_141209_795449,1,1,REST,1989,1.989,1106
20260914_141209_795449,1,1,REST,1990,1.99,1104
20260914_141209_795449,1,1,REST,1991,1.991,1104
20260914_141209_795449,1,1,REST,1992,1.992,1101
20260914_141209_795449,1,1,REST,1993,1.993,1099
20260914_141209_795449,1,1,REST,1994,1.994,1100
20260914_141209_795449,1,1,REST,1995,1.995,1103
20260914_141209_795449,1,1,REST,1996,1.996,1123
20260914_141209_795449,1,1,REST,1997,1.997,1130
20260914_141209_795449,1,1,REST,1998,1.998,1130
20260914_141209_795449,1,1,REST,1999,1.999,1136
20260914_141209_795449,1,1,REST,2000,2.0,1168
20260914_141209_795449,1,1,REST,2001,2.001,1135
20260914_141209_795449,1,1,REST,2002,2.002,1139
20260914_141209_795449,1,1,REST,2003,2.003,1147
20260914_141209_795449,1,1,REST,2004,2.004,1136
20260914_141209_795449,1,1,REST,2005,2.005,1136
20260914_141209_795449,1,1,REST,2006,2.006,1133
20260914_141209_795449,1,1,REST,2007,2.007,1118
20260914_141209_795449,1,1,REST,2008,2.008,1114
20260914_141209_795449,1,1,REST,2009,2.009,1103
20260914_141209_795449,1,1,REST,2010,2.01,1101
20260914_141209_795449,1,1,REST,2011,2.011,1104
20260914_141209_795449,1,1,REST,2012,2.012,1097
20260914_141209_795449,1,1,REST,2013,2.013,1103
20260914_141209_795449,1,1,REST,2014,2.014,1104
20260914_141209_795449,1,1,REST,2015,2.015,1151
20260914_141209_795449,1,1,REST,2016,2.016,1120
20260914_141209_795449,1,1,REST,2017,2.017,1143
20260914_141209_795449,1,1,REST,2018,2.018,1124
20260914_141209_795449,1,1,REST,2019,2.019,1134
20260914_141209_795449,1,1,REST,2020,2.02,1136
20260914_141209_795449,1,1,REST,2021,2.021,1136
20260914_141209_795449,1,1,REST,2022,2.022,1138
20260914_141209_795449,1,1,REST,2023,2.023,1119
20260914_141209_795449,1,1,REST,2024,2.024,1125
20260914_141209_795449,1,1,REST,2025,2.025,1119
20260914_141209_795449,1,1,REST,2026,2.026,1133
20260914_141209_795449,1,1,REST,2027,2.027,1110
20260914_141209_795449,1,1,REST,2028,2.028,1107
20260914_141209_795449,1,1,REST,2029,2.029,1102
20260914_141209_795449,1,1,REST,2030,2.03,1103
20260914_141209_795449,1,1,REST,2031,2.031,1104
20260914_141209_795449,1,1,REST,2032,2.032,1095
20260914_141209_795449,1,1,REST,2033,2.033,1103
20260914_141209_795449,1,1,REST,2034,2.034,1107
20260914_141209_795449,1,1,REST,2035,2.035,1109
20260914_141209_795449,1,1,REST,2036,2.036,1123
20260914_141209_795449,1,1,REST,2037,2.037,1123
20260914_141209_795449,1,1,REST,2038,2.038,1128
20260914_141209_795449,1,1,REST,2039,2.039,1131
20260914_141209_795449,1,1,REST,2040,2.04,1134
20260914_141209_795449,1,1,REST,2041,2.041,1135
20260914_141209_795449,1,1,REST,2042,2.042,1142
20260914_141209_795449,1,1,REST,2043,2.043,1142
20260914_141209_795449,1,1,REST,2044,2.044,1104
20260914_141209_795449,1,1,REST,2045,2.045,1119
20260914_141209_795449,1,1,REST,2046,2.046,1119
20260914_141209_795449,1,1,REST,2047,2.047,1126
20260914_141209_795449,1,1,REST,2048,2.048,1110
20260914_141209_795449,1,1,REST,2049,2.049,1108
20260914_141209_795449,1,1,REST,2050,2.05,1110
20260914_141209_795449,1,1,REST,2051,2.051,1105
20260914_141209_795449,1,1,REST,2052,2.052,1098
20260914_141209_795449,1,1,REST,2053,2.053,1099
20260914_141209_795449,1,1,REST,2054,2.054,1097
20260914_141209_795449,1,1,REST,2055,2.055,1110
20260914_141209_795449,1,1,REST,2056,2.056,1117
20260914_141209_795449,1,1,REST,2057,2.057,1117
20260914_141209_795449,1,1,REST,2058,2.058,1133
20260914_141209_795449,1,1,REST,2059,2.059,1135
20260914_141209_795449,1,1,REST,2060,2.06,1148
20260914_141209_795449,1,1,REST,2061,2.061,1132
20260914_141209_795449,1,1,REST,2062,2.062,1149
20260914_141209_795449,1,1,REST,2063,2.063,1137
20260914_141209_795449,1,1,REST,2064,2.064,1136
20260914_141209_795449,1,1,REST,2065,2.065,1136
20260914_141209_795449,1,1,REST,2066,2.066,1130
20260914_141209_795449,1,1,REST,2067,2.067,1125
20260914_141209_795449,1,1,REST,2068,2.068,1118
20260914_141209_795449,1,1,REST,2069,2.069,1104
20260914_141209_795449,1,1,REST,2070,2.07,1104
20260914_141209_795449,1,1,REST,2071,2.071,1103
20260914_141209_795449,1,1,REST,2072,2.072,1099
20260914_141209_795449,1,1,REST,2073,2.073,1104
20260914_141209_795449,1,1,REST,2074,2.074,1106
20260914_141209_795449,1,1,REST,2075,2.075,1107
20260914_141209_795449,1,1,REST,2076,2.076,1111
20260914_141209_795449,1,1,REST,2077,2.077,1121
20260914_141209_795449,1,1,REST,2078,2.078,1121
20260914_141209_795449,1,1,REST,2079,2.079,1128
20260914_141209_795449,1,1,REST,2080,2.08,1149
20260914_141209_795449,1,1,REST,2081,2.081,1146
20260914_141209_795449,1,1,REST,2082,2.082,1142
20260914_141209_795449,1,1,REST,2083,2.083,1165
20260914_141209_795449,1,1,REST,2084,2.084,1133
20260914_141209_795449,1,1,REST,2085,2.085,1175
20260914_141209_795449,1,1,REST,2086,2.086,1132
20260914_141209_795449,1,1,REST,2087,2.087,1126
20260914_141209_795449,1,1,REST,2088,2.088,1122
20260914_141209_795449,1,1,REST,2089,2.089,1107
20260914_141209_795449,1,1,REST,2090,2.09,1106
20260914_141209_795449,1,1,REST,2091,2.091,1109
20260914_141209_795449,1,1,REST,2092,2.092,1105
20260914_141209_795449,1,1,REST,2093,2.093,1093
20260914_141209_795449,1,1,REST,2094,2.094,1104
20260914_141209_795449,1,1,REST,2095,2.095,1055
20260914_141209_795449,1,1,REST,2096,2.096,1106
20260914_141209_795449,1,1,REST,2097,2.097,1110
20260914_141209_795449,1,1,REST,2098,2.098,1131
20260914_141209_795449,1,1,REST,2099,2.099,1124
20260914_141209_795449,1,1,REST,2100,2.1,1142
20260914_141209_795449,1,1,REST,2101,2.101,1126
20260914_141209_795449,1,1,REST,2102,2.102,1135
20260914_141209_795449,1,1,REST,2103,2.103,1203
20260914_141209_795449,1,1,REST,2104,2.104,1150
20260914_141209_795449,1,1,REST,2105,2.105,1133
20260914_141209_795449,1,1,REST,2106,2.106,1136
20260914_141209_795449,1,1,REST,2107,2.107,1121
20260914_141209_795449,1,1,REST,2108,2.108,1117
20260914_141209_795449,1,1,REST,2109,2.109,1106
20260914_141209_795449,1,1,REST,2110,2.11,1110
20260914_141209_795449,1,1,REST,2111,2.111,1109
20260914_141209_795449,1,1,REST,2112,2.112,1109
20260914_141209_795449,1,1,REST,2113,2.113,1097
20260914_141209_795449,1,1,REST,2114,2.114,1106
20260914_141209_795449,1,1,REST,2115,2.115,1110
20260914_141209_795449,1,1,REST,2116,2.116,1021
20260914_141209_795449,1,1,REST,2117,2.117,1079
20260914_141209_795449,1,1,REST,2118,2.118,1127
20260914_141209_795449,1,1,REST,2119,2.119,1132
20260914_141209_795449,1,1,REST,2120,2.12,1127
20260914_141209_795449,1,1,REST,2121,2.121,1138
20260914_141209_795449,1,1,REST,2122,2.122,1122
20260914_141209_795449,1,1,REST,2123,2.123,1136
20260914_141209_795449,1,1,REST,2124,2.124,1138
20260914_141209_795449,1,1,REST,2125,2.125,1136
20260914_141209_795449,1,1,REST,2126,2.126,1139
20260914_141209_795449,1,1,REST,2127,2.127,1133
20260914_141209_795449,1,1,REST,2128,2.128,1142
20260914_141209_795449,1,1,REST,2129,2.129,1183
20260914_141209_795449,1,1,REST,2130,2.13,1110
20260914_141209_795449,1,1,REST,2131,2.131,1134
20260914_141209_795449,1,1,REST,2132,2.132,1104
20260914_141209_795449,1,1,REST,2133,2.133,1100
20260914_141209_795449,1,1,REST,2134,2.134,1106
20260914_141209_795449,1,1,REST,2135,2.135,1120
20260914_141209_795449,1,1,REST,2136,2.136,1118
20260914_141209_795449,1,1,REST,2137,2.137,1131
20260914_141209_795449,1,1,REST,2138,2.138,1126
20260914_141209_795449,1,1,REST,2139,2.139,1136
20260914_141209_795449,1,1,REST,2140,2.14,1137
20260914_141209_795449,1,1,REST,2141,2.141,1132
20260914_141209_795449,1,1,REST,2142,2.142,1143
20260914_141209_795449,1,1,REST,2143,2.143,1101
20260914_141209_795449,1,1,REST,2144,2.144,1120
20260914_141209_795449,1,1,REST,2145,2.145,1019
20260914_141209_795449,1,1,REST,2146,2.146,1072
20260914_141209_795449,1,1,REST,2147,2.147,984
20260914_141209_795449,1,1,REST,2148,2.148,987
20260914_141209_795449,1,1,REST,2149,2.149,1109
20260914_141209_795449,1,1,REST,2150,2.15,1137
20260914_141209_795449,1,1,REST,2151,2.151,1257
20260914_141209_795449,1,1,REST,2152,2.152,1408
20260914_141209_795449,1,1,REST,2153,2.153,1381
20260914_141209_795449,1,1,REST,2154,2.154,1412
20260914_141209_795449,1,1,REST,2155,2.155,1460
20260914_141209_795449,1,1,REST,2156,2.156,1489
20260914_141209_795449,1,1,REST,2157,2.157,1454
20260914_141209_795449,1,1,REST,2158,2.158,1374
20260914_141209_795449,1,1,REST,2159,2.159,1305
20260914_141209_795449,1,1,REST,2160,2.16,1292
20260914_141209_795449,1,1,REST,2161,2.161,1258
20260914_141209_795449,1,1,REST,2162,2.162,1040
20260914_141209_795449,1,1,REST,2163,2.163,1056
20260914_141209_795449,1,1,REST,2164,2.164,796
20260914_141209_795449,1,1,REST,2165,2.165,948
20260914_141209_795449,1,1,REST,2166,2.166,842
20260914_141209_795449,1,1,REST,2167,2.167,982
20260914_141209_795449,1,1,REST,2168,2.168,834
20260914_141209_795449,1,1,REST,2169,2.169,922
20260914_141209_795449,1,1,REST,2170,2.17,945
20260914_141209_795449,1,1,REST,2171,2.171,1075
20260914_141209_795449,1,1,REST,2172,2.172,1184
20260914_141209_795449,1,1,REST,2173,2.173,1167
20260914_141209_795449,1,1,REST,2174,2.174,1189
20260914_141209_795449,1,1,REST,2175,2.175,1203
20260914_141209_795449,1,1,REST,2176,2.176,1199
20260914_141209_795449,1,1,REST,2177,2.177,1296
20260914_141209_795449,1,1,REST,2178,2.178,1104
20260914_141209_795449,1,1,REST,2179,2.179,1055
20260914_141209_795449,1,1,REST,2180,2.18,1050
20260914_141209_795449,1,1,REST,2181,2.181,917
20260914_141209_795449,1,1,REST,2182,2.182,799
20260914_141209_795449,1,1,REST,2183,2.183,847
20260914_141209_795449,1,1,REST,2184,2.184,963
20260914_141209_795449,1,1,REST,2185,2.185,971
20260914_141209_795449,1,1,REST,2186,2.186,967
20260914_141209_795449,1,1,REST,2187,2.187,962
20260914_141209_795449,1,1,REST,2188,2.188,1065
20260914_141209_795449,1,1,REST,2189,2.189,1152
20260914_141209_795449,1,1,REST,2190,2.19,1145
20260914_141209_795449,1,1,REST,2191,2.191,1315
20260914_141209_795449,1,1,REST,2192,2.192,1433
20260914_141209_795449,1,1,REST,2193,2.193,1413
20260914_141209_795449,1,1,REST,2194,2.194,1446
20260914_141209_795449,1,1,REST,2195,2.195,1477
20260914_141209_795449,1,1,REST,2196,2.196,1209
20260914_141209_795449,1,1,REST,2197,2.197,1357
20260914_141209_795449,1,1,REST,2198,2.198,1151
20260914_141209_795449,1,1,REST,2199,2.199,1098
20260914_141209_795449,1,1,REST,2200,2.2,1057
20260914_141209_795449,1,1,REST,2201,2.201,957
20260914_141209_795449,1,1,REST,2202,2.202,858
20260914_141209_795449,1,1,REST,2203,2.203,823
20260914_141209_795449,1,1,REST,2204,2.204,823
20260914_141209_795449,1,1,REST,2205,2.205,803
20260914_141209_795449,1,1,REST,2206,2.206,795
20260914_141209_795449,1,1,REST,2207,2.207,781
20260914_141209_795449,1,1,REST,2208,2.208,855
20260914_141209_795449,1,1,REST,2209,2.209,919
20260914_141209_795449,1,1,REST,2210,2.21,916
20260914_141209_795449,1,1,REST,2211,2.211,1038
20260914_141209_795449,1,1,REST,2212,2.212,1377
20260914_141209_795449,1,1,REST,2213,2.213,1391
20260914_141209_795449,1,1,REST,2214,2.214,1443
20260914_141209_795449,1,1,REST,2215,2.215,1461
20260914_141209_795449,1,1,REST,2216,2.216,1457
20260914_141209_795449,1,1,REST,2217,2.217,1491
20260914_141209_795449,1,1,REST,2218,2.218,1376
20260914_141209_795449,1,1,REST,2219,2.219,1292
20260914_141209_795449,1,1,REST,2220,2.22,1280
20260914_141209_795449,1,1,REST,2221,2.221,1198
20260914_141209_795449,1,1,REST,2222,2.222,1142
20260914_141209_795449,1,1,REST,2223,2.223,1085
20260914_141209_795449,1,1,REST,2224,2.224,1114
20260914_141209_795449,1,1,REST,2225,2.225,1095
20260914_141209_795449,1,1,REST,2226,2.226,1051
20260914_141209_795449,1,1,REST,2227,2.227,1123
20260914_141209_795449,1,1,REST,2228,2.228,1142
20260914_141209_795449,1,1,REST,2229,2.229,976
20260914_141209_795449,1,1,REST,2230,2.23,966
20260914_141209_795449,1,1,REST,2231,2.231,1040
20260914_141209_795449,1,1,REST,2232,2.232,1135
20260914_141209_795449,1,1,REST,2233,2.233,1141
20260914_141209_795449,1,1,REST,2234,2.234,1147
20260914_141209_795449,1,1,REST,2235,2.235,1200
20260914_141209_795449,1,1,REST,2236,2.236,1205
20260914_141209_795449,1,1,REST,2237,2.237,1437
20260914_141209_795449,1,1,REST,2238,2.238,1388
20260914_141209_795449,1,1,REST,2239,2.239,1291
20260914_141209_795449,1,1,REST,2240,2.24,1267
20260914_141209_795449,1,1,REST,2241,2.241,1199
20260914_141209_795449,1,1,REST,2242,2.242,1136
20260914_141209_795449,1,1,REST,2243,2.243,1124
20260914_141209_795449,1,1,REST,2244,2.244,1121
20260914_141209_795449,1,1,REST,2245,2.245,1058
20260914_141209_795449,1,1,REST,2246,2.246,1060
20260914_141209_795449,1,1,REST,2247,2.247,1074
20260914_141209_795449,1,1,REST,2248,2.248,1040
20260914_141209_795449,1,1,REST,2249,2.249,1220
20260914_141209_795449,1,1,REST,2250,2.25,1044
20260914_141209_795449,1,1,REST,2251,2.251,1271
20260914_141209_795449,1,1,REST,2252,2.252,1136
20260914_141209_795449,1,1,REST,2253,2.253,1146
20260914_141209_795449,1,1,REST,2254,2.254,1163
20260914_141209_795449,1,1,REST,2255,2.255,1207
20260914_141209_795449,1,1,REST,2256,2.256,1206
20260914_141209_795449,1,1,REST,2257,2.257,1199
20260914_141209_795449,1,1,REST,2258,2.258,1139
20260914_141209_795449,1,1,REST,2259,2.259,1077
20260914_141209_795449,1,1,REST,2260,2.26,1035
20260914_141209_795449,1,1,REST,2261,2.261,1083
20260914_141209_795449,1,1,REST,2262,2.262,880
20260914_141209_795449,1,1,REST,2263,2.263,858
20260914_141209_795449,1,1,REST,2264,2.264,832
20260914_141209_795449,1,1,REST,2265,2.265,755
20260914_141209_795449,1,1,REST,2266,2.266,763
20260914_141209_795449,1,1,REST,2267,2.267,782
20260914_141209_795449,1,1,REST,2268,2.268,867
20260914_141209_795449,1,1,REST,2269,2.269,1158
20260914_141209_795449,1,1,REST,2270,2.27,1198
20260914_141209_795449,1,1,REST,2271,2.271,1264
20260914_141209_795449,1,1,REST,2272,2.272,1361
20260914_141209_795449,1,1,REST,2273,2.273,1392
20260914_141209_795449,1,1,REST,2274,2.274,1432
20260914_141209_795449,1,1,REST,2275,2.275,1481
20260914_141209_795449,1,1,REST,2276,2.276,1456
20260914_141209_795449,1,1,REST,2277,2.277,1442
20260914_141209_795449,1,1,REST,2278,2.278,1397
20260914_141209_795449,1,1,REST,2279,2.279,1328
20260914_141209_795449,1,1,REST,2280,2.28,1062
20260914_141209_795449,1,1,REST,2281,2.281,1001
20260914_141209_795449,1,1,REST,2282,2.282,875
20260914_141209_795449,1,1,REST,2283,2.283,861
20260914_141209_795449,1,1,REST,2284,2.284,837
20260914_141209_795449,1,1,REST,2285,2.285,805
20260914_141209_795449,1,1,REST,2286,2.286,782
20260914_141209_795449,1,1,REST,2287,2.287,769
20260914_141209_795449,1,1,REST,2288,2.288,859
20260914_141209_795449,1,1,REST,2289,2.289,910
20260914_141209_795449,1,1,REST,2290,2.29,849
20260914_141209_795449,1,1,REST,2291,2.291,995
20260914_141209_795449,1,1,REST,2292,2.292,1104
20260914_141209_795449,1,1,REST,2293,2.293,1111
20260914_141209_795449,1,1,REST,2294,2.294,1195
20260914_141209_795449,1,1,REST,2295,2.295,1446
20260914_141209_795449,1,1,REST,2296,2.296,1455
20260914_141209_795449,1,1,REST,2297,2.297,1430
20260914_141209_795449,1,1,REST,2298,2.298,1360
20260914_141209_795449,1,1,REST,2299,2.299,1328
20260914_141209_795449,1,1,REST,2300,2.3,1307
20260914_141209_795449,1,1,REST,2301,2.301,1248
20260914_141209_795449,1,1,REST,2302,2.302,1136
20260914_141209_795449,1,1,REST,2303,2.303,1117
20260914_141209_795449,1,1,REST,2304,2.304,1072
20260914_141209_795449,1,1,REST,2305,2.305,1059
20260914_141209_795449,1,1,REST,2306,2.306,1069
20260914_141209_795449,1,1,REST,2307,2.307,1082
20260914_141209_795449,1,1,REST,2308,2.308,1120
20260914_141209_795449,1,1,REST,2309,2.309,943
20260914_141209_795449,1,1,REST,2310,2.31,923
20260914_141209_795449,1,1,REST,2311,2.311,994
20260914_141209_795449,1,1,REST,2312,2.312,1129
20260914_141209_795449,1,1,REST,2313,2.313,1143
20260914_141209_795449,1,1,REST,2314,2.314,1168
20260914_141209_795449,1,1,REST,2315,2.315,1204
20260914_141209_795449,1,1,REST,2316,2.316,1229
20260914_141209_795449,1,1,REST,2317,2.317,1205
20260914_141209_795449,1,1,REST,2318,2.318,1111
20260914_141209_795449,1,1,REST,2319,2.319,1049
20260914_141209_795449,1,1,REST,2320,2.32,1301
20260914_141209_795449,1,1,REST,2321,2.321,999
20260914_141209_795449,1,1,REST,2322,2.322,1120
20260914_141209_795449,1,1,REST,2323,2.323,1040
20260914_141209_795449,1,1,REST,2324,2.324,1089
20260914_141209_795449,1,1,REST,2325,2.325,1043
20260914_141209_795449,1,1,REST,2326,2.326,1040
20260914_141209_795449,1,1,REST,2327,2.327,1194
20260914_141209_795449,1,1,REST,2328,2.328,1127
20260914_141209_795449,1,1,REST,2329,2.329,1271
20260914_141209_795449,1,1,REST,2330,2.33,1219
20260914_141209_795449,1,1,REST,2331,2.331,1238
20260914_141209_795449,1,1,REST,2332,2.332,1145
20260914_141209_795449,1,1,REST,2333,2.333,1168
20260914_141209_795449,1,1,REST,2334,2.334,1178
20260914_141209_795449,1,1,REST,2335,2.335,1254
20260914_141209_795449,1,1,REST,2336,2.336,1269
20260914_141209_795449,1,1,REST,2337,2.337,1203
20260914_141209_795449,1,1,REST,2338,2.338,1218
20260914_141209_795449,1,1,REST,2339,2.339,1059
20260914_141209_795449,1,1,REST,2340,2.34,1273
20260914_141209_795449,1,1,REST,2341,2.341,1305
20260914_141209_795449,1,1,REST,2342,2.342,1118
20260914_141209_795449,1,1,REST,2343,2.343,1088
20260914_141209_795449,1,1,REST,2344,2.344,1112
20260914_141209_795449,1,1,REST,2345,2.345,1072
20260914_141209_795449,1,1,REST,2346,2.346,1103
20260914_141209_795449,1,1,REST,2347,2.347,1096
20260914_141209_795449,1,1,REST,2348,2.348,1147
20260914_141209_795449,1,1,REST,2349,2.349,1226
20260914_141209_795449,1,1,REST,2350,2.35,1061
20260914_141209_795449,1,1,REST,2351,2.351,1035
20260914_141209_795449,1,1,REST,2352,2.352,1173
20260914_141209_795449,1,1,REST,2353,2.353,1191
20260914_141209_795449,1,1,REST,2354,2.354,1195
20260914_141209_795449,1,1,REST,2355,2.355,1235
20260914_141209_795449,1,1,REST,2356,2.356,1234
20260914_141209_795449,1,1,REST,2357,2.357,1163
20260914_141209_795449,1,1,REST,2358,2.358,1409
20260914_141209_795449,1,1,REST,2359,2.359,1295
20260914_141209_795449,1,1,REST,2360,2.36,1280
20260914_141209_795449,1,1,REST,2361,2.361,1296
20260914_141209_795449,1,1,REST,2362,2.362,1188
20260914_141209_795449,1,1,REST,2363,2.363,1086
20260914_141209_795449,1,1,REST,2364,2.364,1168
20260914_141209_795449,1,1,REST,2365,2.365,907
20260914_141209_795449,1,1,REST,2366,2.366,896
20260914_141209_795449,1,1,REST,2367,2.367,895
20260914_141209_795449,1,1,REST,2368,2.368,895
20260914_141209_795449,1,1,REST,2369,2.369,947
20260914_141209_795449,1,1,REST,2370,2.37,960
20260914_141209_795449,1,1,REST,2371,2.371,993
20260914_141209_795449,1,1,REST,2372,2.372,1168
20260914_141209_795449,1,1,REST,2373,2.373,1210
20260914_141209_795449,1,1,REST,2374,2.374,1447
20260914_141209_795449,1,1,REST,2375,2.375,1481
20260914_141209_795449,1,1,REST,2376,2.376,1504
20260914_141209_795449,1,1,REST,2377,2.377,1508
20260914_141209_795449,1,1,REST,2378,2.378,1566
20260914_141209_795449,1,1,REST,2379,2.379,1370
20260914_141209_795449,1,1,REST,2380,2.38,1307
20260914_141209_795449,1,1,REST,2381,2.381,1067
20260914_141209_795449,1,1,REST,2382,2.382,977
20260914_141209_795449,1,1,REST,2383,2.383,944
20260914_141209_795449,1,1,REST,2384,2.384,919
20260914_141209_795449,1,1,REST,2385,2.385,887
20260914_141209_795449,1,1,REST,2386,2.386,911
20260914_141209_795449,1,1,REST,2387,2.387,967
20260914_141209_795449,1,1,REST,2388,2.388,915
20260914_141209_795449,1,1,REST,2389,2.389,953
20260914_141209_795449,1,1,REST,2390,2.39,970
20260914_141209_795449,1,1,REST,2391,2.391,1229
20260914_141209_795449,1,1,REST,2392,2.392,1422
20260914_141209_795449,1,1,REST,2393,2.393,1452
20260914_141209_795449,1,1,REST,2394,2.394,1488
20260914_141209_795449,1,1,REST,2395,2.395,1495
20260914_141209_795449,1,1,REST,2396,2.396,1483
20260914_141209_795449,1,1,REST,2397,2.397,1242
20260914_141209_795449,1,1,REST,2398,2.398,1170
20260914_141209_795449,1,1,REST,2399,2.399,1093
20260914_141209_795449,1,1,REST,2400,2.4,1075
20260914_141209_795449,1,1,REST,2401,2.401,1059
20260914_141209_795449,1,1,REST,2402,2.402,939
20260914_141209_795449,1,1,REST,2403,2.403,902
20260914_141209_795449,1,1,REST,2404,2.404,885
20260914_141209_795449,1,1,REST,2405,2.405,1057
20260914_141209_795449,1,1,REST,2406,2.406,1093
20260914_141209_795449,1,1,REST,2407,2.407,1122
20260914_141209_795449,1,1,REST,2408,2.408,1123
20260914_141209_795449,1,1,REST,2409,2.409,1195
20260914_141209_795449,1,1,REST,2410,2.41,1200
20260914_141209_795449,1,1,REST,2411,2.411,974
20260914_141209_795449,1,1,REST,2412,2.412,1135
20260914_141209_795449,1,1,REST,2413,2.413,1151
20260914_141209_795449,1,1,REST,2414,2.414,1135
20260914_141209_795449,1,1,REST,2415,2.415,1201
20260914_141209_795449,1,1,REST,2416,2.416,1163
20260914_141209_795449,1,1,REST,2417,2.417,1118
20260914_141209_795449,1,1,REST,2418,2.418,1212
20260914_141209_795449,1,1,REST,2419,2.419,1303
20260914_141209_795449,1,1,REST,2420,2.42,1312
20260914_141209_795449,1,1,REST,2421,2.421,1275
20260914_141209_795449,1,1,REST,2422,2.422,1196
20260914_141209_795449,1,1,REST,2423,2.423,1213
20260914_141209_795449,1,1,REST,2424,2.424,991
20260914_141209_795449,1,1,REST,2425,2.425,1203
20260914_141209_795449,1,1,REST,2426,2.426,973
20260914_141209_795449,1,1,REST,2427,2.427,966
20260914_141209_795449,1,1,REST,2428,2.428,949
20260914_141209_795449,1,1,REST,2429,2.429,961
20260914_141209_795449,1,1,REST,2430,2.43,961
20260914_141209_795449,1,1,REST,2431,2.431,957
20260914_141209_795449,1,1,REST,2432,2.432,976
20260914_141209_795449,1,1,REST,2433,2.433,1213
20260914_141209_795449,1,1,REST,2434,2.434,1281
20260914_141209_795449,1,1,REST,2435,2.435,1270
20260914_141209_795449,1,1,REST,2436,2.436,1312
20260914_141209_795449,1,1,REST,2437,2.437,1264
20260914_141209_795449,1,1,REST,2438,2.438,1272
20260914_141209_795449,1,1,REST,2439,2.439,1266
20260914_141209_795449,1,1,REST,2440,2.44,1267
20260914_141209_795449,1,1,REST,2441,2.441,1322
20260914_141209_795449,1,1,REST,2442,2.442,1280
20260914_141209_795449,1,1,REST,2443,2.443,1312
20260914_141209_795449,1,1,REST,2444,2.444,1073
20260914_141209_795449,1,1,REST,2445,2.445,1051
20260914_141209_795449,1,1,REST,2446,2.446,1091
20260914_141209_795449,1,1,REST,2447,2.447,1040
20260914_141209_795449,1,1,REST,2448,2.448,1001
20260914_141209_795449,1,1,REST,2449,2.449,1015
20260914_141209_795449,1,1,REST,2450,2.45,926
20260914_141209_795449,1,1,REST,2451,2.451,907
20260914_141209_795449,1,1,REST,2452,2.452,1157
20260914_141209_795449,1,1,REST,2453,2.453,1165
20260914_141209_795449,1,1,REST,2454,2.454,1200
20260914_141209_795449,1,1,REST,2455,2.455,1212
20260914_141209_795449,1,1,REST,2456,2.456,1233
20260914_141209_795449,1,1,REST,2457,2.457,1281
20260914_141209_795449,1,1,REST,2458,2.458,1268
20260914_141209_795449,1,1,REST,2459,2.459,1168
20260914_141209_795449,1,1,REST,2460,2.46,1307
20260914_141209_795449,1,1,REST,2461,2.461,1095
20260914_141209_795449,1,1,REST,2462,2.462,1097
20260914_141209_795449,1,1,REST,2463,2.463,1047
20260914_141209_795449,1,1,REST,2464,2.464,1055
20260914_141209_795449,1,1,REST,2465,2.465,978
20260914_141209_795449,1,1,REST,2466,2.466,959
20260914_141209_795449,1,1,REST,2467,2.467,937
20260914_141209_795449,1,1,REST,2468,2.468,1135
20260914_141209_795449,1,1,REST,2469,2.469,1137
20260914_141209_795449,1,1,REST,2470,2.47,1157
20260914_141209_795449,1,1,REST,2471,2.471,1147
20260914_141209_795449,1,1,REST,2472,2.472,1192
20260914_141209_795449,1,1,REST,2473,2.473,1215
20260914_141209_795449,1,1,REST,2474,2.474,1202
20260914_141209_795449,1,1,REST,2475,2.475,1249
20260914_141209_795449,1,1,REST,2476,2.476,1318
20260914_141209_795449,1,1,REST,2477,2.477,1105
20260914_141209_795449,1,1,REST,2478,2.478,1130
20260914_141209_795449,1,1,REST,2479,2.479,1107
20260914_141209_795449,1,1,REST,2480,2.48,1158
20260914_141209_795449,1,1,REST,2481,2.481,1038
20260914_141209_795449,1,1,REST,2482,2.482,1093
20260914_141209_795449,1,1,REST,2483,2.483,1057
20260914_141209_795449,1,1,REST,2484,2.484,1057
20260914_141209_795449,1,1,REST,2485,2.485,927
20260914_141209_795449,1,1,REST,2486,2.486,959
20260914_141209_795449,1,1,REST,2487,2.487,1140
20260914_141209_795449,1,1,REST,2488,2.488,899
20260914_141209_795449,1,1,REST,2489,2.489,1146
20260914_141209_795449,1,1,REST,2490,2.49,1136
20260914_141209_795449,1,1,REST,2491,2.491,1294
20260914_141209_795449,1,1,REST,2492,2.492,1180
20260914_141209_795449,1,1,REST,2493,2.493,1192
20260914_141209_795449,1,1,REST,2494,2.494,1203
20260914_141209_795449,1,1,REST,2495,2.495,1325
20260914_141209_795449,1,1,REST,2496,2.496,1130
20260914_141209_795449,1,1,REST,2497,2.497,1296
20260914_141209_795449,1,1,REST,2498,2.498,1325
20260914_141209_795449,1,1,REST,2499,2.499,1133
20260914_141209_795449,1,1,REST,2500,2.5,1117
20260914_141209_795449,1,1,REST,2501,2.501,1093
20260914_141209_795449,1,1,REST,2502,2.502,1033
20260914_141209_795449,1,1,REST,2503,2.503,1065
20260914_141209_795449,1,1,REST,2504,2.504,994
20260914_141209_795449,1,1,REST,2505,2.505,1023
20260914_141209_795449,1,1,REST,2506,2.506,945
20260914_141209_795449,1,1,REST,2507,2.507,933
20260914_141209_795449,1,1,REST,2508,2.508,1216
20260914_141209_795449,1,1,REST,2509,2.509,1143
20260914_141209_795449,1,1,REST,2510,2.51,1138
20260914_141209_795449,1,1,REST,2511,2.511,1155
20260914_141209_795449,1,1,REST,2512,2.512,1203
20260914_141209_795449,1,1,REST,2513,2.513,1212
20260914_141209_795449,1,1,REST,2514,2.514,1328
20260914_141209_795449,1,1,REST,2515,2.515,1171
20260914_141209_795449,1,1,REST,2516,2.516,1115
20260914_141209_795449,1,1,REST,2517,2.517,1104
20260914_141209_795449,1,1,REST,2518,2.518,1095
20260914_141209_795449,1,1,REST,2519,2.519,1058
20260914_141209_795449,1,1,REST,2520,2.52,975
20260914_141209_795449,1,1,REST,2521,2.521,951
20260914_141209_795449,1,1,REST,2522,2.522,1149
20260914_141209_795449,1,1,REST,2523,2.523,1168
20260914_141209_795449,1,1,REST,2524,2.524,1179
20260914_141209_795449,1,1,REST,2525,2.525,1040
20260914_141209_795449,1,1,REST,2526,2.526,1204
20260914_141209_795449,1,1,REST,2527,2.527,1006
20260914_141209_795449,1,1,REST,2528,2.528,1088
20260914_141209_795449,1,1,REST,2529,2.529,1088
20260914_141209_795449,1,1,REST,2530,2.53,1078
20260914_141209_795449,1,1,REST,2531,2.531,1063
20260914_141209_795449,1,1,REST,2532,2.532,1081
20260914_141209_795449,1,1,REST,2533,2.533,983
20260914_141209_795449,1,1,REST,2534,2.534,827
20260914_141209_795449,1,1,REST,2535,2.535,976
20260914_141209_795449,1,1,REST,2536,2.536,1183
20260914_141209_795449,1,1,REST,2537,2.537,1203
20260914_141209_795449,1,1,REST,2538,2.538,1169
20260914_141209_795449,1,1,REST,2539,2.539,1296
20260914_141209_795449,1,1,REST,2540,2.54,1240
20260914_141209_795449,1,1,REST,2541,2.541,1142
20260914_141209_795449,1,1,REST,2542,2.542,1313
20260914_141209_795449,1,1,REST,2543,2.543,1275
20260914_141209_795449,1,1,REST,2544,2.544,1242
20260914_141209_795449,1,1,REST,2545,2.545,1023
20260914_141209_795449,1,1,REST,2546,2.546,1002
20260914_141209_795449,1,1,REST,2547,2.547,996
20260914_141209_795449,1,1,REST,2548,2.548,982
20260914_141209_795449,1,1,REST,2549,2.549,979
20260914_141209_795449,1,1,REST,2550,2.55,1042
20260914_141209_795449,1,1,REST,2551,2.551,1023
20260914_141209_795449,1,1,REST,2552,2.552,1002
20260914_141209_795449,1,1,REST,2553,2.553,977
20260914_141209_795449,1,1,REST,2554,2.554,1215
20260914_141209_795449,1,1,REST,2555,2.555,1240
20260914_141209_795449,1,1,REST,2556,2.556,1274
20260914_141209_795449,1,1,REST,2557,2.557,1513
20260914_141209_795449,1,1,REST,2558,2.558,1532
20260914_141209_795449,1,1,REST,2559,2.559,1317
20260914_141209_795449,1,1,REST,2560,2.56,1168
20260914_141209_795449,1,1,REST,2561,2.561,1056
20260914_141209_795449,1,1,REST,2562,2.562,1015
20260914_141209_795449,1,1,REST,2563,2.563,1046
20260914_141209_795449,1,1,REST,2564,2.564,971
20260914_141209_795449,1,1,REST,2565,2.565,942
20260914_141209_795449,1,1,REST,2566,2.566,644
20260914_141209_795449,1,1,REST,2567,2.567,909
20260914_141209_795449,1,1,REST,2568,2.568,946
20260914_141209_795449,1,1,REST,2569,2.569,923
20260914_141209_795449,1,1,REST,2570,2.57,1095
20260914_141209_795449,1,1,REST,2571,2.571,1174
20260914_141209_795449,1,1,REST,2572,2.572,1233
20260914_141209_795449,1,1,REST,2573,2.573,1254
20260914_141209_795449,1,1,REST,2574,2.574,1264
20260914_141209_795449,1,1,REST,2575,2.575,1272
20260914_141209_795449,1,1,REST,2576,2.576,1392
20260914_141209_795449,1,1,REST,2577,2.577,1306
20260914_141209_795449,1,1,REST,2578,2.578,1392
20260914_141209_795449,1,1,REST,2579,2.579,1367
20260914_141209_795449,1,1,REST,2580,2.58,1078
20260914_141209_795449,1,1,REST,2581,2.581,1023
20260914_141209_795449,1,1,REST,2582,2.582,887
20260914_141209_795449,1,1,REST,2583,2.583,991
20260914_141209_795449,1,1,REST,2584,2.584,1007
20260914_141209_795449,1,1,REST,2585,2.585,975
20260914_141209_795449,1,1,REST,2586,2.586,623
20260914_141209_795449,1,1,REST,2587,2.587,714
20260914_141209_795449,1,1,REST,2588,2.588,902
20260914_141209_795449,1,1,REST,2589,2.589,1283
20260914_141209_795449,1,1,REST,2590,2.59,1046
20260914_141209_795449,1,1,REST,2591,2.591,1195
20260914_141209_795449,1,1,REST,2592,2.592,1020
20260914_141209_795449,1,1,REST,2593,2.593,1314
20260914_141209_795449,1,1,REST,2594,2.594,1393
20260914_141209_795449,1,1,REST,2595,2.595,1349
20260914_141209_795449,1,1,REST,2596,2.596,1168
20260914_141209_795449,1,1,REST,2597,2.597,1167
20260914_141209_795449,1,1,REST,2598,2.598,947
20260914_141209_795449,1,1,REST,2599,2.599,1039
20260914_141209_795449,1,1,REST,2600,2.6,1075
20260914_141209_795449,1,1,REST,2601,2.601,1004
20260914_141209_795449,1,1,REST,2602,2.602,989
20260914_141209_795449,1,1,REST,2603,2.603,990
20260914_141209_795449,1,1,REST,2604,2.604,1234
20260914_141209_795449,1,1,REST,2605,2.605,1225
20260914_141209_795449,1,1,REST,2606,2.606,1153
20260914_141209_795449,1,1,REST,2607,2.607,1169
20260914_141209_795449,1,1,REST,2608,2.608,1173
20260914_141209_795449,1,1,REST,2609,2.609,1223
20260914_141209_795449,1,1,REST,2610,2.61,1309
20260914_141209_795449,1,1,REST,2611,2.611,985
20260914_141209_795449,1,1,REST,2612,2.612,1296
20260914_141209_795449,1,1,REST,2613,2.613,1063
20260914_141209_795449,1,1,REST,2614,2.614,1083
20260914_141209_795449,1,1,REST,2615,2.615,1167
20260914_141209_795449,1,1,REST,2616,2.616,1193
20260914_141209_795449,1,1,REST,2617,2.617,1059
20260914_141209_795449,1,1,REST,2618,2.618,990
20260914_141209_795449,1,1,REST,2619,2.619,1077
20260914_141209_795449,1,1,REST,2620,2.62,1268
20260914_141209_795449,1,1,REST,2621,2.621,1094
20260914_141209_795449,1,1,REST,2622,2.622,1328
20260914_141209_795449,1,1,REST,2623,2.623,1166
20260914_141209_795449,1,1,REST,2624,2.624,1200
20260914_141209_795449,1,1,REST,2625,2.625,1424
20260914_141209_795449,1,1,REST,2626,2.626,991
20260914_141209_795449,1,1,REST,2627,2.627,1149
20260914_141209_795449,1,1,REST,2628,2.628,688
20260914_141209_795449,1,1,REST,2629,2.629,1257
20260914_141209_795449,1,1,REST,2630,2.63,963
20260914_141209_795449,1,1,REST,2631,2.631,1023
20260914_141209_795449,1,1,REST,2632,2.632,1074
20260914_141209_795449,1,1,REST,2633,2.633,1125
20260914_141209_795449,1,1,REST,2634,2.634,1165
20260914_141209_795449,1,1,REST,2635,2.635,1153
20260914_141209_795449,1,1,REST,2636,2.636,1190
20260914_141209_795449,1,1,REST,2637,2.637,1156
20260914_141209_795449,1,1,REST,2638,2.638,1058
20260914_141209_795449,1,1,REST,2639,2.639,1329
20260914_141209_795449,1,1,REST,2640,2.64,1093
20260914_141209_795449,1,1,REST,2641,2.641,1279
20260914_141209_795449,1,1,REST,2642,2.642,960
20260914_141209_795449,1,1,REST,2643,2.643,1173
20260914_141209_795449,1,1,REST,2644,2.644,1009
20260914_141209_795449,1,1,REST,2645,2.645,883
20260914_141209_795449,1,1,REST,2646,2.646,935
20260914_141209_795449,1,1,REST,2647,2.647,1095
20260914_141209_795449,1,1,REST,2648,2.648,1209
20260914_141209_795449,1,1,REST,2649,2.649,1289
20260914_141209_795449,1,1,REST,2650,2.65,1023
20260914_141209_795449,1,1,REST,2651,2.651,957
20260914_141209_795449,1,1,REST,2652,2.652,1015
20260914_141209_795449,1,1,REST,2653,2.653,1147
20260914_141209_795449,1,1,REST,2654,2.654,1169
20260914_141209_795449,1,1,REST,2655,2.655,1178
20260914_141209_795449,1,1,REST,2656,2.656,955
20260914_141209_795449,1,1,REST,2657,2.657,1265
20260914_141209_795449,1,1,REST,2658,2.658,1095
20260914_141209_795449,1,1,REST,2659,2.659,1152
20260914_141209_795449,1,1,REST,2660,2.66,1095
20260914_141209_795449,1,1,REST,2661,2.661,995
20260914_141209_795449,1,1,REST,2662,2.662,979
20260914_141209_795449,1,1,REST,2663,2.663,966
20260914_141209_795449,1,1,REST,2664,2.664,1193
20260914_141209_795449,1,1,REST,2665,2.665,1079
20260914_141209_795449,1,1,REST,2666,2.666,1136
20260914_141209_795449,1,1,REST,2667,2.667,1009
20260914_141209_795449,1,1,REST,2668,2.668,1132
20260914_141209_795449,1,1,REST,2669,2.669,1220
20260914_141209_795449,1,1,REST,2670,2.67,1196
20260914_141209_795449,1,1,REST,2671,2.671,1252
20260914_141209_795449,1,1,REST,2672,2.672,1307
20260914_141209_795449,1,1,REST,2673,2.673,1307
20260914_141209_795449,1,1,REST,2674,2.674,1303
20260914_141209_795449,1,1,REST,2675,2.675,1383
20260914_141209_795449,1,1,REST,2676,2.676,1476
20260914_141209_795449,1,1,REST,2677,2.677,1303
20260914_141209_795449,1,1,REST,2678,2.678,1052
20260914_141209_795449,1,1,REST,2679,2.679,1440
20260914_141209_795449,1,1,REST,2680,2.68,1288
20260914_141209_795449,1,1,REST,2681,2.681,1237
20260914_141209_795449,1,1,REST,2682,2.682,983
20260914_141209_795449,1,1,REST,2683,2.683,972
20260914_141209_795449,1,1,REST,2684,2.684,1054
20260914_141209_795449,1,1,REST,2685,2.685,947
20260914_141209_795449,1,1,REST,2686,2.686,967
20260914_141209_795449,1,1,REST,2687,2.687,933
20260914_141209_795449,1,1,REST,2688,2.688,949
20260914_141209_795449,1,1,REST,2689,2.689,983
20260914_141209_795449,1,1,REST,2690,2.69,983
20260914_141209_795449,1,1,REST,2691,2.691,1084
20260914_141209_795449,1,1,REST,2692,2.692,991
20260914_141209_795449,1,1,REST,2693,2.693,1093
20260914_141209_795449,1,1,REST,2694,2.694,986
20260914_141209_795449,1,1,REST,2695,2.695,849
20260914_141209_795449,1,1,REST,2696,2.696,1337
20260914_141209_795449,1,1,REST,2697,2.697,1051
20260914_141209_795449,1,1,REST,2698,2.698,1181
20260914_141209_795449,1,1,REST,2699,2.699,1216
20260914_141209_795449,1,1,REST,2700,2.7,1183
20260914_141209_795449,1,1,REST,2701,2.701,1244
20260914_141209_795449,1,1,REST,2702,2.702,1109
20260914_141209_795449,1,1,REST,2703,2.703,1200
20260914_141209_795449,1,1,REST,2704,2.704,1008
20260914_141209_795449,1,1,REST,2705,2.705,939
20260914_141209_795449,1,1,REST,2706,2.706,982
20260914_141209_795449,1,1,REST,2707,2.707,926
20260914_141209_795449,1,1,REST,2708,2.708,943
20260914_141209_795449,1,1,REST,2709,2.709,971
20260914_141209_795449,1,1,REST,2710,2.71,951
20260914_141209_795449,1,1,REST,2711,2.711,1121
20260914_141209_795449,1,1,REST,2712,2.712,1184
20260914_141209_795449,1,1,REST,2713,2.713,1235
20260914_141209_795449,1,1,REST,2714,2.714,1186
20260914_141209_795449,1,1,REST,2715,2.715,1234
20260914_141209_795449,1,1,REST,2716,2.716,1254
20260914_141209_795449,1,1,REST,2717,2.717,1277
20260914_141209_795449,1,1,REST,2718,2.718,1280
20260914_141209_795449,1,1,REST,2719,2.719,1296
20260914_141209_795449,1,1,REST,2720,2.72,1329
20260914_141209_795449,1,1,REST,2721,2.721,1183
20260914_141209_795449,1,1,REST,2722,2.722,1059
20260914_141209_795449,1,1,REST,2723,2.723,1061
20260914_141209_795449,1,1,REST,2724,2.724,807
20260914_141209_795449,1,1,REST,2725,2.725,987
20260914_141209_795449,1,1,REST,2726,2.726,993
20260914_141209_795449,1,1,REST,2727,2.727,913
20260914_141209_795449,1,1,REST,2728,2.728,1170
20260914_141209_795449,1,1,REST,2729,2.729,970
20260914_141209_795449,1,1,REST,2730,2.73,1187
20260914_141209_795449,1,1,REST,2731,2.731,1108
20260914_141209_795449,1,1,REST,2732,2.732,1261
20260914_141209_795449,1,1,REST,2733,2.733,1239
20260914_141209_795449,1,1,REST,2734,2.734,1275
20260914_141209_795449,1,1,REST,2735,2.735,1127
20260914_141209_795449,1,1,REST,2736,2.736,1117
20260914_141209_795449,1,1,REST,2737,2.737,1084
20260914_141209_795449,1,1,REST,2738,2.738,1072
20260914_141209_795449,1,1,REST,2739,2.739,1076
20260914_141209_795449,1,1,REST,2740,2.74,909
20260914_141209_795449,1,1,REST,2741,2.741,1067
20260914_141209_795449,1,1,REST,2742,2.742,942
20260914_141209_795449,1,1,REST,2743,2.743,991
20260914_141209_795449,1,1,REST,2744,2.744,1141
20260914_141209_795449,1,1,REST,2745,2.745,1166
20260914_141209_795449,1,1,REST,2746,2.746,1196
20260914_141209_795449,1,1,REST,2747,2.747,1176
20260914_141209_795449,1,1,REST,2748,2.748,1193
20260914_141209_795449,1,1,REST,2749,2.749,1215
20260914_141209_795449,1,1,REST,2750,2.75,1265
20260914_141209_795449,1,1,REST,2751,2.751,1248
20260914_141209_795449,1,1,REST,2752,2.752,1094
20260914_141209_795449,1,1,REST,2753,2.753,1052
20260914_141209_795449,1,1,REST,2754,2.754,1055
20260914_141209_795449,1,1,REST,2755,2.755,1077
20260914_141209_795449,1,1,REST,2756,2.756,995
20260914_141209_795449,1,1,REST,2757,2.757,1008
20260914_141209_795449,1,1,REST,2758,2.758,987
20260914_141209_795449,1,1,REST,2759,2.759,1119
20260914_141209_795449,1,1,REST,2760,2.76,1346
20260914_141209_795449,1,1,REST,2761,2.761,1219
20260914_141209_795449,1,1,REST,2762,2.762,1190
20260914_141209_795449,1,1,REST,2763,2.763,1229
20260914_141209_795449,1,1,REST,2764,2.764,1218
20260914_141209_795449,1,1,REST,2765,2.765,1289
20260914_141209_795449,1,1,REST,2766,2.766,1110
20260914_141209_795449,1,1,REST,2767,2.767,995
20260914_141209_795449,1,1,REST,2768,2.768,1072
20260914_141209_795449,1,1,REST,2769,2.769,1008
20260914_141209_795449,1,1,REST,2770,2.77,991
20260914_141209_795449,1,1,REST,2771,2.771,991
20260914_141209_795449,1,1,REST,2772,2.772,960
20260914_141209_795449,1,1,REST,2773,2.773,1023
20260914_141209_795449,1,1,REST,2774,2.774,1233
20260914_141209_795449,1,1,REST,2775,2.775,1313
20260914_141209_795449,1,1,REST,2776,2.776,1346
20260914_141209_795449,1,1,REST,2777,2.777,1328
20260914_141209_795449,1,1,REST,2778,2.778,1328
20260914_141209_795449,1,1,REST,2779,2.779,1296
20260914_141209_795449,1,1,REST,2780,2.78,1397
20260914_141209_795449,1,1,REST,2781,2.781,923
20260914_141209_795449,1,1,REST,2782,2.782,1019
20260914_141209_795449,1,1,REST,2783,2.783,973
20260914_141209_795449,1,1,REST,2784,2.784,893
20260914_141209_795449,1,1,REST,2785,2.785,946
20260914_141209_795449,1,1,REST,2786,2.786,787
20260914_141209_795449,1,1,REST,2787,2.787,919
20260914_141209_795449,1,1,REST,2788,2.788,807
20260914_141209_795449,1,1,REST,2789,2.789,928
20260914_141209_795449,1,1,REST,2790,2.79,1040
20260914_141209_795449,1,1,REST,2791,2.791,1193
20260914_141209_795449,1,1,REST,2792,2.792,1314
20260914_141209_795449,1,1,REST,2793,2.793,1440
20260914_141209_795449,1,1,REST,2794,2.794,1445
20260914_141209_795449,1,1,REST,2795,2.795,1489
20260914_141209_795449,1,1,REST,2796,2.796,1617
20260914_141209_795449,1,1,REST,2797,2.797,1527
20260914_141209_795449,1,1,REST,2798,2.798,1489
20260914_141209_795449,1,1,REST,2799,2.799,1205
20260914_141209_795449,1,1,REST,2800,2.8,1088
20260914_141209_795449,1,1,REST,2801,2.801,1156
20260914_141209_795449,1,1,REST,2802,2.802,921
20260914_141209_795449,1,1,REST,2803,2.803,890
20260914_141209_795449,1,1,REST,2804,2.804,975
20260914_141209_795449,1,1,REST,2805,2.805,788
20260914_141209_795449,1,1,REST,2806,2.806,753
20260914_141209_795449,1,1,REST,2807,2.807,752
20260914_141209_795449,1,1,REST,2808,2.808,831
20260914_141209_795449,1,1,REST,2809,2.809,864
20260914_141209_795449,1,1,REST,2810,2.81,880
20260914_141209_795449,1,1,REST,2811,2.811,1091
20260914_141209_795449,1,1,REST,2812,2.812,1319
20260914_141209_795449,1,1,REST,2813,2.813,1458
20260914_141209_795449,1,1,REST,2814,2.814,1435
20260914_141209_795449,1,1,REST,2815,2.815,1516
20260914_141209_795449,1,1,REST,2816,2.816,1553
20260914_141209_795449,1,1,REST,2817,2.817,1573
20260914_141209_795449,1,1,REST,2818,2.818,1490
20260914_141209_795449,1,1,REST,2819,2.819,1462
20260914_141209_795449,1,1,REST,2820,2.82,1369
20260914_141209_795449,1,1,REST,2821,2.821,1125
20260914_141209_795449,1,1,REST,2822,2.822,898
20260914_141209_795449,1,1,REST,2823,2.823,434
20260914_141209_795449,1,1,REST,2824,2.824,435
20260914_141209_795449,1,1,REST,2825,2.825,269
20260914_141209_795449,1,1,REST,2826,2.826,255
20260914_141209_795449,1,1,REST,2827,2.827,288
20260914_141209_795449,1,1,REST,2828,2.828,336
20260914_141209_795449,1,1,REST,2829,2.829,1045
20260914_141209_795449,1,1,REST,2830,2.83,1232
20260914_141209_795449,1,1,REST,2831,2.831,1183
20260914_141209_795449,1,1,REST,2832,2.832,1220
20260914_141209_795449,1,1,REST,2833,2.833,1318
20260914_141209_795449,1,1,REST,2834,2.834,1378
20260914_141209_795449,1,1,REST,2835,2.835,1328
20260914_141209_795449,1,1,REST,2836,2.836,1360
20260914_141209_795449,1,1,REST,2837,2.837,1471
20260914_141209_795449,1,1,REST,2838,2.838,1369
20260914_141209_795449,1,1,REST,2839,2.839,1250
20260914_141209_795449,1,1,REST,2840,2.84,1058
20260914_141209_795449,1,1,REST,2841,2.841,1082
20260914_141209_795449,1,1,REST,2842,2.842,1007
20260914_141209_795449,1,1,REST,2843,2.843,911
20260914_141209_795449,1,1,REST,2844,2.844,947
20260914_141209_795449,1,1,REST,2845,2.845,911
20260914_141209_795449,1,1,REST,2846,2.846,814
20260914_141209_795449,1,1,REST,2847,2.847,842
20260914_141209_795449,1,1,REST,2848,2.848,1017
20260914_141209_795449,1,1,REST,2849,2.849,896
20260914_141209_795449,1,1,REST,2850,2.85,991
20260914_141209_795449,1,1,REST,2851,2.851,1137
20260914_141209_795449,1,1,REST,2852,2.852,1307
20260914_141209_795449,1,1,REST,2853,2.853,1304
20260914_141209_795449,1,1,REST,2854,2.854,1316
20260914_141209_795449,1,1,REST,2855,2.855,1425
20260914_141209_795449,1,1,REST,2856,2.856,1380
20260914_141209_795449,1,1,REST,2857,2.857,1373
20260914_141209_795449,1,1,REST,2858,2.858,1370
20260914_141209_795449,1,1,REST,2859,2.859,1362
20260914_141209_795449,1,1,REST,2860,2.86,1070
20260914_141209_795449,1,1,REST,2861,2.861,1023
20260914_141209_795449,1,1,REST,2862,2.862,1023
20260914_141209_795449,1,1,REST,2863,2.863,859
20260914_141209_795449,1,1,REST,2864,2.864,858
20260914_141209_795449,1,1,REST,2865,2.865,833
20260914_141209_795449,1,1,REST,2866,2.866,1043
20260914_141209_795449,1,1,REST,2867,2.867,799
20260914_141209_795449,1,1,REST,2868,2.868,1069
20260914_141209_795449,1,1,REST,2869,2.869,1138
20260914_141209_795449,1,1,REST,2870,2.87,1191
20260914_141209_795449,1,1,REST,2871,2.871,1216
20260914_141209_795449,1,1,REST,2872,2.872,1317
20260914_141209_795449,1,1,REST,2873,2.873,1337
20260914_141209_795449,1,1,REST,2874,2.874,1334
20260914_141209_795449,1,1,REST,2875,2.875,1397
20260914_141209_795449,1,1,REST,2876,2.876,927
20260914_141209_795449,1,1,REST,2877,2.877,1150
20260914_141209_795449,1,1,REST,2878,2.878,1127
20260914_141209_795449,1,1,REST,2879,2.879,1039
20260914_141209_795449,1,1,REST,2880,2.88,1009
20260914_141209_795449,1,1,REST,2881,2.881,1018
20260914_141209_795449,1,1,REST,2882,2.882,923
20260914_141209_795449,1,1,REST,2883,2.883,1103
20260914_141209_795449,1,1,REST,2884,2.884,1117
20260914_141209_795449,1,1,REST,2885,2.885,1134
20260914_141209_795449,1,1,REST,2886,2.886,1057
20260914_141209_795449,1,1,REST,2887,2.887,1071
20260914_141209_795449,1,1,REST,2888,2.888,1104
20260914_141209_795449,1,1,REST,2889,2.889,1168
20260914_141209_795449,1,1,REST,2890,2.89,1211
20260914_141209_795449,1,1,REST,2891,2.891,1207
20260914_141209_795449,1,1,REST,2892,2.892,1311
20260914_141209_795449,1,1,REST,2893,2.893,1360
20260914_141209_795449,1,1,REST,2894,2.894,1117
20260914_141209_795449,1,1,REST,2895,2.895,1136
20260914_141209_795449,1,1,REST,2896,2.896,1137
20260914_141209_795449,1,1,REST,2897,2.897,1145
20260914_141209_795449,1,1,REST,2898,2.898,1168
20260914_141209_795449,1,1,REST,2899,2.899,1073
20260914_141209_795449,1,1,REST,2900,2.9,1031
20260914_141209_795449,1,1,REST,2901,2.901,1005
20260914_141209_795449,1,1,REST,2902,2.902,953
20260914_141209_795449,1,1,REST,2903,2.903,855
20260914_141209_795449,1,1,REST,2904,2.904,842
20260914_141209_795449,1,1,REST,2905,2.905,1072
20260914_141209_795449,1,1,REST,2906,2.906,1057
20260914_141209_795449,1,1,REST,2907,2.907,1041
20260914_141209_795449,1,1,REST,2908,2.908,1064
20260914_141209_795449,1,1,REST,2909,2.909,1153
20260914_141209_795449,1,1,REST,2910,2.91,1203
20260914_141209_795449,1,1,REST,2911,2.911,973
20260914_141209_795449,1,1,REST,2912,2.912,1047
20260914_141209_795449,1,1,REST,2913,2.913,1312
20260914_141209_795449,1,1,REST,2914,2.914,1135
20260914_141209_795449,1,1,REST,2915,2.915,1186
20260914_141209_795449,1,1,REST,2916,2.916,1173
20260914_141209_795449,1,1,REST,2917,2.917,1247
20260914_141209_795449,1,1,REST,2918,2.918,1153
20260914_141209_795449,1,1,REST,2919,2.919,1088
20260914_141209_795449,1,1,REST,2920,2.92,1038
20260914_141209_795449,1,1,REST,2921,2.921,1008
20260914_141209_795449,1,1,REST,2922,2.922,1143
20260914_141209_795449,1,1,REST,2923,2.923,1061
20260914_141209_795449,1,1,REST,2924,2.924,1056
20260914_141209_795449,1,1,REST,2925,2.925,1040
20260914_141209_795449,1,1,REST,2926,2.926,993
20260914_141209_795449,1,1,REST,2927,2.927,1031
20260914_141209_795449,1,1,REST,2928,2.928,1055
20260914_141209_795449,1,1,REST,2929,2.929,866
20260914_141209_795449,1,1,REST,2930,2.93,929
20260914_141209_795449,1,1,REST,2931,2.931,938
20260914_141209_795449,1,1,REST,2932,2.932,1053
20260914_141209_795449,1,1,REST,2933,2.933,885
20260914_141209_795449,1,1,REST,2934,2.934,1090
20260914_141209_795449,1,1,REST,2935,2.935,1391
20260914_141209_795449,1,1,REST,2936,2.936,1439
20260914_141209_795449,1,1,REST,2937,2.937,1423
20260914_141209_795449,1,1,REST,2938,2.938,1424
20260914_141209_795449,1,1,REST,2939,2.939,1360
20260914_141209_795449,1,1,REST,2940,2.94,1312
20260914_141209_795449,1,1,REST,2941,2.941,1184
20260914_141209_795449,1,1,REST,2942,2.942,944
20260914_141209_795449,1,1,REST,2943,2.943,839
20260914_141209_795449,1,1,REST,2944,2.944,821
20260914_141209_795449,1,1,REST,2945,2.945,821
20260914_141209_795449,1,1,REST,2946,2.946,767
20260914_141209_795449,1,1,REST,2947,2.947,758
20260914_141209_795449,1,1,REST,2948,2.948,1052
20260914_141209_795449,1,1,REST,2949,2.949,851
20260914_141209_795449,1,1,REST,2950,2.95,1171
20260914_141209_795449,1,1,REST,2951,2.951,1185
20260914_141209_795449,1,1,REST,2952,2.952,1279
20260914_141209_795449,1,1,REST,2953,2.953,1344
20260914_141209_795449,1,1,REST,2954,2.954,1360
20260914_141209_795449,1,1,REST,2955,2.955,1411
20260914_141209_795449,1,1,REST,2956,2.956,1459
20260914_141209_795449,1,1,REST,2957,2.957,1437
20260914_141209_795449,1,1,REST,2958,2.958,1157
20260914_141209_795449,1,1,REST,2959,2.959,1111
20260914_141209_795449,1,1,REST,2960,2.96,1046
20260914_141209_795449,1,1,REST,2961,2.961,1023
20260914_141209_795449,1,1,REST,2962,2.962,951
20260914_141209_795449,1,1,REST,2963,2.963,848
20260914_141209_795449,1,1,REST,2964,2.964,858
20260914_141209_795449,1,1,REST,2965,2.965,832
20260914_141209_795449,1,1,REST,2966,2.966,784
20260914_141209_795449,1,1,REST,2967,2.967,759
20260914_141209_795449,1,1,REST,2968,2.968,771
20260914_141209_795449,1,1,REST,2969,2.969,880
20260914_141209_795449,1,1,REST,2970,2.97,1067
20260914_141209_795449,1,1,REST,2971,2.971,1170
20260914_141209_795449,1,1,REST,2972,2.972,1280
20260914_141209_795449,1,1,REST,2973,2.973,1369
20260914_141209_795449,1,1,REST,2974,2.974,1376
20260914_141209_795449,1,1,REST,2975,2.975,1418
20260914_141209_795449,1,1,REST,2976,2.976,1457
20260914_141209_795449,1,1,REST,2977,2.977,1421
20260914_141209_795449,1,1,REST,2978,2.978,1191
20260914_141209_795449,1,1,REST,2979,2.979,1360
20260914_141209_795449,1,1,REST,2980,2.98,1330
20260914_141209_795449,1,1,REST,2981,2.981,1297
20260914_141209_795449,1,1,REST,2982,2.982,944
20260914_141209_795449,1,1,REST,2983,2.983,869
20260914_141209_795449,1,1,REST,2984,2.984,867
20260914_141209_795449,1,1,REST,2985,2.985,801
20260914_141209_795449,1,1,REST,2986,2.986,759
20260914_141209_795449,1,1,REST,2987,2.987,751
20260914_141209_795449,1,1,REST,2988,2.988,799
20260914_141209_795449,1,1,REST,2989,2.989,856
20260914_141209_795449,1,1,REST,2990,2.99,920
20260914_141209_795449,1,1,REST,2991,2.991,1187
20260914_141209_795449,1,1,REST,2992,2.992,1191
20260914_141209_795449,1,1,REST,2993,2.993,1364
20260914_141209_795449,1,1,REST,2994,2.994,1350
20260914_141209_795449,1,1,REST,2995,2.995,1376
20260914_141209_795449,1,1,REST,2996,2.996,1522
20260914_141209_795449,1,1,REST,2997,2.997,1424
20260914_141209_795449,1,1,REST,2998,2.998,1454
20260914_141209_795449,1,1,REST,2999,2.999,1359
20260914_141209_795449,1,1,REST,3000,3.0,1298
20260914_141209_795449,2,1,FIST,0,0.0,964
20260914_141209_795449,2,1,FIST,1,0.001,978
20260914_141209_795449,2,1,FIST,2,0.002,1153
20260914_141209_795449,2,1,FIST,3,0.003,1107
20260914_141209_795449,2,1,FIST,4,0.004,1114
20260914_141209_795449,2,1,FIST,5,0.005,1167
20260914_141209_795449,2,1,FIST,6,0.006,1231
20260914_141209_795449,2,1,FIST,7,0.007,1149
20260914_141209_795449,2,1,FIST,8,0.008,1135
20260914_141209_795449,2,1,FIST,9,0.009,1008
20260914_141209_795449,2,1,FIST,10,0.01,1008
20260914_141209_795449,2,1,FIST,11,0.011,1079
20260914_141209_795449,2,1,FIST,12,0.012,982
20260914_141209_795449,2,1,FIST,13,0.013,1123
20260914_141209_795449,2,1,FIST,14,0.014,1121
20260914_141209_795449,2,1,FIST,15,0.015,1079
20260914_141209_795449,2,1,FIST,16,0.016,1104
20260914_141209_795449,2,1,FIST,17,0.017,1107
20260914_141209_795449,2,1,FIST,18,0.018,1132
20260914_141209_795449,2,1,FIST,19,0.019,1196
20260914_141209_795449,2,1,FIST,20,0.02,1200
20260914_141209_795449,2,1,FIST,21,0.021,1280
20260914_141209_795449,2,1,FIST,22,0.022,1329
20260914_141209_795449,2,1,FIST,23,0.023,1351
20260914_141209_795449,2,1,FIST,24,0.024,1371
20260914_141209_795449,2,1,FIST,25,0.025,1406
20260914_141209_795449,2,1,FIST,26,0.026,1416
20260914_141209_795449,2,1,FIST,27,0.027,1473
20260914_141209_795449,2,1,FIST,28,0.028,1417
20260914_141209_795449,2,1,FIST,29,0.029,1286
20260914_141209_795449,2,1,FIST,30,0.03,1314
20260914_141209_795449,2,1,FIST,31,0.031,1278
20260914_141209_795449,2,1,FIST,32,0.032,1159
20260914_141209_795449,2,1,FIST,33,0.033,1154
20260914_141209_795449,2,1,FIST,34,0.034,1133
20260914_141209_795449,2,1,FIST,35,0.035,1114
20260914_141209_795449,2,1,FIST,36,0.036,1106
20260914_141209_795449,2,1,FIST,37,0.037,1123
20260914_141209_795449,2,1,FIST,38,0.038,882
20260914_141209_795449,2,1,FIST,39,0.039,965
20260914_141209_795449,2,1,FIST,40,0.04,1081
20260914_141209_795449,2,1,FIST,41,0.041,990
20260914_141209_795449,2,1,FIST,42,0.042,1230
20260914_141209_795449,2,1,FIST,43,0.043,1113
20260914_141209_795449,2,1,FIST,44,0.044,1132
20260914_141209_795449,2,1,FIST,45,0.045,1111
20260914_141209_795449,2,1,FIST,46,0.046,1149
20260914_141209_795449,2,1,FIST,47,0.047,1199
20260914_141209_795449,2,1,FIST,48,0.048,1109
20260914_141209_795449,2,1,FIST,49,0.049,1078
20260914_141209_795449,2,1,FIST,50,0.05,1072
20260914_141209_795449,2,1,FIST,51,0.051,1050
20260914_141209_795449,2,1,FIST,52,0.052,914
20260914_141209_795449,2,1,FIST,53,0.053,905
20260914_141209_795449,2,1,FIST,54,0.054,695
20260914_141209_795449,2,1,FIST,55,0.055,847
20260914_141209_795449,2,1,FIST,56,0.056,819
20260914_141209_795449,2,1,FIST,57,0.057,823
20260914_141209_795449,2,1,FIST,58,0.058,867
20260914_141209_795449,2,1,FIST,59,0.059,923
20260914_141209_795449,2,1,FIST,60,0.06,944
20260914_141209_795449,2,1,FIST,61,0.061,975
20260914_141209_795449,2,1,FIST,62,0.062,1102
20260914_141209_795449,2,1,FIST,63,0.063,1139
20260914_141209_795449,2,1,FIST,64,0.064,1219
20260914_141209_795449,2,1,FIST,65,0.065,1214
20260914_141209_795449,2,1,FIST,66,0.066,1257
20260914_141209_795449,2,1,FIST,67,0.067,1200
20260914_141209_795449,2,1,FIST,68,0.068,1139
20260914_141209_795449,2,1,FIST,69,0.069,1068
20260914_141209_795449,2,1,FIST,70,0.07,1017
20260914_141209_795449,2,1,FIST,71,0.071,998
20260914_141209_795449,2,1,FIST,72,0.072,865
20260914_141209_795449,2,1,FIST,73,0.073,866
20260914_141209_795449,2,1,FIST,74,0.074,892
20260914_141209_795449,2,1,FIST,75,0.075,852
20260914_141209_795449,2,1,FIST,76,0.076,802
20260914_141209_795449,2,1,FIST,77,0.077,864
20260914_141209_795449,2,1,FIST,78,0.078,846
20260914_141209_795449,2,1,FIST,79,0.079,1175
20260914_141209_795449,2,1,FIST,80,0.08,929
20260914_141209_795449,2,1,FIST,81,0.081,1297
20260914_141209_795449,2,1,FIST,82,0.082,1395
20260914_141209_795449,2,1,FIST,83,0.083,1391
20260914_141209_795449,2,1,FIST,84,0.084,1414
20260914_141209_795449,2,1,FIST,85,0.085,1454
20260914_141209_795449,2,1,FIST,86,0.086,1520
20260914_141209_795449,2,1,FIST,87,0.087,1436
20260914_141209_795449,2,1,FIST,88,0.088,1442
20260914_141209_795449,2,1,FIST,89,0.089,1358
20260914_141209_795449,2,1,FIST,90,0.09,1320
20260914_141209_795449,2,1,FIST,91,0.091,1362
20260914_141209_795449,2,1,FIST,92,0.092,1120
20260914_141209_795449,2,1,FIST,93,0.093,1088
20260914_141209_795449,2,1,FIST,94,0.094,1092
20260914_141209_795449,2,1,FIST,95,0.095,1064
20260914_141209_795449,2,1,FIST,96,0.096,1074
20260914_141209_795449,2,1,FIST,97,0.097,1080
20260914_141209_795449,2,1,FIST,98,0.098,1079
20260914_141209_795449,2,1,FIST,99,0.099,1164
20260914_141209_795449,2,1,FIST,100,0.1,1229
20260914_141209_795449,2,1,FIST,101,0.101,1232
20260914_141209_795449,2,1,FIST,102,0.102,1388
20260914_141209_795449,2,1,FIST,103,0.103,1410
20260914_141209_795449,2,1,FIST,104,0.104,1486
20260914_141209_795449,2,1,FIST,105,0.105,1424
20260914_141209_795449,2,1,FIST,106,0.106,1535
20260914_141209_795449,2,1,FIST,107,0.107,1504
20260914_141209_795449,2,1,FIST,108,0.108,1437
20260914_141209_795449,2,1,FIST,109,0.109,1384
20260914_141209_795449,2,1,FIST,110,0.11,1313
20260914_141209_795449,2,1,FIST,111,0.111,1287
20260914_141209_795449,2,1,FIST,112,0.112,1104
20260914_141209_795449,2,1,FIST,113,0.113,1090
20260914_141209_795449,2,1,FIST,114,0.114,1083
20260914_141209_795449,2,1,FIST,115,0.115,1043
20260914_141209_795449,2,1,FIST,116,0.116,796
20260914_141209_795449,2,1,FIST,117,0.117,829
20260914_141209_795449,2,1,FIST,118,0.118,847
20260914_141209_795449,2,1,FIST,119,0.119,947
20260914_141209_795449,2,1,FIST,120,0.12,950
20260914_141209_795449,2,1,FIST,121,0.121,969
20260914_141209_795449,2,1,FIST,122,0.122,1201
20260914_141209_795449,2,1,FIST,123,0.123,1237
20260914_141209_795449,2,1,FIST,124,0.124,1200
20260914_141209_795449,2,1,FIST,125,0.125,1286
20260914_141209_795449,2,1,FIST,126,0.126,1318
20260914_141209_795449,2,1,FIST,127,0.127,1278
20260914_141209_795449,2,1,FIST,128,0.128,1234
20260914_141209_795449,2,1,FIST,129,0.129,1109
20260914_141209_795449,2,1,FIST,130,0.13,1072
20260914_141209_795449,2,1,FIST,131,0.131,1040
20260914_141209_795449,2,1,FIST,132,0.132,849
20260914_141209_795449,2,1,FIST,133,0.133,855
20260914_141209_795449,2,1,FIST,134,0.134,823
20260914_141209_795449,2,1,FIST,135,0.135,807
20260914_141209_795449,2,1,FIST,136,0.136,818
20260914_141209_795449,2,1,FIST,137,0.137,807
20260914_141209_795449,2,1,FIST,138,0.138,837
20260914_141209_795449,2,1,FIST,139,0.139,927
20260914_141209_795449,2,1,FIST,140,0.14,907
20260914_141209_795449,2,1,FIST,141,0.141,1019
20260914_141209_795449,2,1,FIST,142,0.142,1170
20260914_141209_795449,2,1,FIST,143,0.143,1203
20260914_141209_795449,2,1,FIST,144,0.144,1239
20260914_141209_795449,2,1,FIST,145,0.145,1232
20260914_141209_795449,2,1,FIST,146,0.146,1293
20260914_141209_795449,2,1,FIST,147,0.147,1278
20260914_141209_795449,2,1,FIST,148,0.148,1240
20260914_141209_795449,2,1,FIST,149,0.149,1365
20260914_141209_795449,2,1,FIST,150,0.15,1125
20260914_141209_795449,2,1,FIST,151,0.151,1034
20260914_141209_795449,2,1,FIST,152,0.152,1106
20260914_141209_795449,2,1,FIST,153,0.153,819
20260914_141209_795449,2,1,FIST,154,0.154,1071
20260914_141209_795449,2,1,FIST,155,0.155,927
20260914_141209_795449,2,1,FIST,156,0.156,862
20260914_141209_795449,2,1,FIST,157,0.157,1103
20260914_141209_795449,2,1,FIST,158,0.158,1060
20260914_141209_795449,2,1,FIST,159,0.159,1169
20260914_141209_795449,2,1,FIST,160,0.16,1168
20260914_141209_795449,2,1,FIST,161,0.161,1269
20260914_141209_795449,2,1,FIST,162,0.162,1392
20260914_141209_795449,2,1,FIST,163,0.163,1434
20260914_141209_795449,2,1,FIST,164,0.164,1456
20260914_141209_795449,2,1,FIST,165,0.165,1472
20260914_141209_795449,2,1,FIST,166,0.166,1651
20260914_141209_795449,2,1,FIST,167,0.167,1501
20260914_141209_795449,2,1,FIST,168,0.168,1461
20260914_141209_795449,2,1,FIST,169,0.169,1318
20260914_141209_795449,2,1,FIST,170,0.17,1296
20260914_141209_795449,2,1,FIST,171,0.171,1296
20260914_141209_795449,2,1,FIST,172,0.172,1128
20260914_141209_795449,2,1,FIST,173,0.173,796
20260914_141209_795449,2,1,FIST,174,0.174,1064
20260914_141209_795449,2,1,FIST,175,0.175,1013
20260914_141209_795449,2,1,FIST,176,0.176,1004
20260914_141209_795449,2,1,FIST,177,0.177,1058
20260914_141209_795449,2,1,FIST,178,0.178,1100
20260914_141209_795449,2,1,FIST,179,0.179,1188
20260914_141209_795449,2,1,FIST,180,0.18,1306
20260914_141209_795449,2,1,FIST,181,0.181,1222
20260914_141209_795449,2,1,FIST,182,0.182,1392
20260914_141209_795449,2,1,FIST,183,0.183,1496
20260914_141209_795449,2,1,FIST,184,0.184,1443
20260914_141209_795449,2,1,FIST,185,0.185,1526
20260914_141209_795449,2,1,FIST,186,0.186,1281
20260914_141209_795449,2,1,FIST,187,0.187,1376
20260914_141209_795449,2,1,FIST,188,0.188,1242
20260914_141209_795449,2,1,FIST,189,0.189,1063
20260914_141209_795449,2,1,FIST,190,0.19,1076
20260914_141209_795449,2,1,FIST,191,0.191,1023
20260914_141209_795449,2,1,FIST,192,0.192,912
20260914_141209_795449,2,1,FIST,193,0.193,895
20260914_141209_795449,2,1,FIST,194,0.194,851
20260914_141209_795449,2,1,FIST,195,0.195,798
20260914_141209_795449,2,1,FIST,196,0.196,793
20260914_141209_795449,2,1,FIST,197,0.197,652
20260914_141209_795449,2,1,FIST,198,0.198,825
20260914_141209_795449,2,1,FIST,199,0.199,914
20260914_141209_795449,2,1,FIST,200,0.2,943
20260914_141209_795449,2,1,FIST,201,0.201,945
20260914_141209_795449,2,1,FIST,202,0.202,1159
20260914_141209_795449,2,1,FIST,203,0.203,1211
20260914_141209_795449,2,1,FIST,204,0.204,1222
20260914_141209_795449,2,1,FIST,205,0.205,1262
20260914_141209_795449,2,1,FIST,206,0.206,1343
20260914_141209_795449,2,1,FIST,207,0.207,1270
20260914_141209_795449,2,1,FIST,208,0.208,1259
20260914_141209_795449,2,1,FIST,209,0.209,1104
20260914_141209_795449,2,1,FIST,210,0.21,1042
20260914_141209_795449,2,1,FIST,211,0.211,1088
20260914_141209_795449,2,1,FIST,212,0.212,851
20260914_141209_795449,2,1,FIST,213,0.213,789
20260914_141209_795449,2,1,FIST,214,0.214,787
20260914_141209_795449,2,1,FIST,215,0.215,753
20260914_141209_795449,2,1,FIST,216,0.216,983
20260914_141209_795449,2,1,FIST,217,0.217,1035
20260914_141209_795449,2,1,FIST,218,0.218,1079
20260914_141209_795449,2,1,FIST,219,0.219,1155
20260914_141209_795449,2,1,FIST,220,0.22,1156
20260914_141209_795449,2,1,FIST,221,0.221,1191
20260914_141209_795449,2,1,FIST,222,0.222,1413
20260914_141209_795449,2,1,FIST,223,0.223,1488
20260914_141209_795449,2,1,FIST,224,0.224,1497
20260914_141209_795449,2,1,FIST,225,0.225,1552
20260914_141209_795449,2,1,FIST,226,0.226,1587
20260914_141209_795449,2,1,FIST,227,0.227,1705
20260914_141209_795449,2,1,FIST,228,0.228,1502
20260914_141209_795449,2,1,FIST,229,0.229,1383
20260914_141209_795449,2,1,FIST,230,0.23,1317
20260914_141209_795449,2,1,FIST,231,0.231,1316
20260914_141209_795449,2,1,FIST,232,0.232,1120
20260914_141209_795449,2,1,FIST,233,0.233,1078
20260914_141209_795449,2,1,FIST,234,0.234,1044
20260914_141209_795449,2,1,FIST,235,0.235,1015
20260914_141209_795449,2,1,FIST,236,0.236,986
20260914_141209_795449,2,1,FIST,237,0.237,995
20260914_141209_795449,2,1,FIST,238,0.238,1020
20260914_141209_795449,2,1,FIST,239,0.239,1162
20260914_141209_795449,2,1,FIST,240,0.24,1199
20260914_141209_795449,2,1,FIST,241,0.241,1177
20260914_141209_795449,2,1,FIST,242,0.242,1216
20260914_141209_795449,2,1,FIST,243,0.243,1232
20260914_141209_795449,2,1,FIST,244,0.244,1334
20260914_141209_795449,2,1,FIST,245,0.245,1330
20260914_141209_795449,2,1,FIST,246,0.246,1373
20260914_141209_795449,2,1,FIST,247,0.247,1330
20260914_141209_795449,2,1,FIST,248,0.248,1239
20260914_141209_795449,2,1,FIST,249,0.249,1182
20260914_141209_795449,2,1,FIST,250,0.25,1052
20260914_141209_795449,2,1,FIST,251,0.251,1003
20260914_141209_795449,2,1,FIST,252,0.252,870
20260914_141209_795449,2,1,FIST,253,0.253,850
20260914_141209_795449,2,1,FIST,254,0.254,822
20260914_141209_795449,2,1,FIST,255,0.255,783
20260914_141209_795449,2,1,FIST,256,0.256,736
20260914_141209_795449,2,1,FIST,257,0.257,784
20260914_141209_795449,2,1,FIST,258,0.258,815
20260914_141209_795449,2,1,FIST,259,0.259,1150
20260914_141209_795449,2,1,FIST,260,0.26,1237
20260914_141209_795449,2,1,FIST,261,0.261,1210
20260914_141209_795449,2,1,FIST,262,0.262,1346
20260914_141209_795449,2,1,FIST,263,0.263,1391
20260914_141209_795449,2,1,FIST,264,0.264,1429
20260914_141209_795449,2,1,FIST,265,0.265,1472
20260914_141209_795449,2,1,FIST,266,0.266,1497
20260914_141209_795449,2,1,FIST,267,0.267,1461
20260914_141209_795449,2,1,FIST,268,0.268,1471
20260914_141209_795449,2,1,FIST,269,0.269,1315
20260914_141209_795449,2,1,FIST,270,0.27,1324
20260914_141209_795449,2,1,FIST,271,0.271,1303
20260914_141209_795449,2,1,FIST,272,0.272,1155
20260914_141209_795449,2,1,FIST,273,0.273,1102
20260914_141209_795449,2,1,FIST,274,0.274,1103
20260914_141209_795449,2,1,FIST,275,0.275,810
20260914_141209_795449,2,1,FIST,276,0.276,818
20260914_141209_795449,2,1,FIST,277,0.277,1083
20260914_141209_795449,2,1,FIST,278,0.278,720
20260914_141209_795449,2,1,FIST,279,0.279,957
20260914_141209_795449,2,1,FIST,280,0.28,951
20260914_141209_795449,2,1,FIST,281,0.281,973
20260914_141209_795449,2,1,FIST,282,0.282,1144
20260914_141209_795449,2,1,FIST,283,0.283,1229
20260914_141209_795449,2,1,FIST,284,0.284,1328
20260914_141209_795449,2,1,FIST,285,0.285,1283
20260914_141209_795449,2,1,FIST,286,0.286,1318
20260914_141209_795449,2,1,FIST,287,0.287,1313
20260914_141209_795449,2,1,FIST,288,0.288,1269
20260914_141209_795449,2,1,FIST,289,0.289,1071
20260914_141209_795449,2,1,FIST,290,0.29,1117
20260914_141209_795449,2,1,FIST,291,0.291,1063
20260914_141209_795449,2,1,FIST,292,0.292,719
20260914_141209_795449,2,1,FIST,293,0.293,848
20260914_141209_795449,2,1,FIST,294,0.294,830
20260914_141209_795449,2,1,FIST,295,0.295,810
20260914_141209_795449,2,1,FIST,296,0.296,791
20260914_141209_795449,2,1,FIST,297,0.297,871
20260914_141209_795449,2,1,FIST,298,0.298,832
20260914_141209_795449,2,1,FIST,299,0.299,913
20260914_141209_795449,2,1,FIST,300,0.3,935
20260914_141209_795449,2,1,FIST,301,0.301,995
20260914_141209_795449,2,1,FIST,302,0.302,1140
20260914_141209_795449,2,1,FIST,303,0.303,1243
20260914_141209_795449,2,1,FIST,304,0.304,1263
20260914_141209_795449,2,1,FIST,305,0.305,1287
20260914_141209_795449,2,1,FIST,306,0.306,1347
20260914_141209_795449,2,1,FIST,307,0.307,1295
20260914_141209_795449,2,1,FIST,308,0.308,1279
20260914_141209_795449,2,1,FIST,309,0.309,1146
20260914_141209_795449,2,1,FIST,310,0.31,1067
20260914_141209_795449,2,1,FIST,311,0.311,1008
20260914_141209_795449,2,1,FIST,312,0.312,848
20260914_141209_795449,2,1,FIST,313,0.313,786
20260914_141209_795449,2,1,FIST,314,0.314,869
20260914_141209_795449,2,1,FIST,315,0.315,752
20260914_141209_795449,2,1,FIST,316,0.316,944
20260914_141209_795449,2,1,FIST,317,0.317,970
20260914_141209_795449,2,1,FIST,318,0.318,1040
20260914_141209_795449,2,1,FIST,319,0.319,884
20260914_141209_795449,2,1,FIST,320,0.32,1168
20260914_141209_795449,2,1,FIST,321,0.321,1195
20260914_141209_795449,2,1,FIST,322,0.322,1392
20260914_141209_795449,2,1,FIST,323,0.323,1501
20260914_141209_795449,2,1,FIST,324,0.324,1525
20260914_141209_795449,2,1,FIST,325,0.325,1584
20260914_141209_795449,2,1,FIST,326,0.326,1643
20260914_141209_795449,2,1,FIST,327,0.327,1585
20260914_141209_795449,2,1,FIST,328,0.328,1535
20260914_141209_795449,2,1,FIST,329,0.329,1291
20260914_141209_795449,2,1,FIST,330,0.33,1303
20260914_141209_795449,2,1,FIST,331,0.331,1337
20260914_141209_795449,2,1,FIST,332,0.332,1117
20260914_141209_795449,2,1,FIST,333,0.333,1060
20260914_141209_795449,2,1,FIST,334,0.334,1060
20260914_141209_795449,2,1,FIST,335,0.335,998
20260914_141209_795449,2,1,FIST,336,0.336,1027
20260914_141209_795449,2,1,FIST,337,0.337,999
20260914_141209_795449,2,1,FIST,338,0.338,976
20260914_141209_795449,2,1,FIST,339,0.339,1104
20260914_141209_795449,2,1,FIST,340,0.34,1136
20260914_141209_795449,2,1,FIST,341,0.341,1182
20260914_141209_795449,2,1,FIST,342,0.342,1423
20260914_141209_795449,2,1,FIST,343,0.343,1552
20260914_141209_795449,2,1,FIST,344,0.344,1593
20260914_141209_795449,2,1,FIST,345,0.345,1680
20260914_141209_795449,2,1,FIST,346,0.346,1681
20260914_141209_795449,2,1,FIST,347,0.347,1664
20260914_141209_795449,2,1,FIST,348,0.348,1589
20260914_141209_795449,2,1,FIST,349,0.349,1380
20260914_141209_795449,2,1,FIST,350,0.35,1366
20260914_141209_795449,2,1,FIST,351,0.351,1374
20260914_141209_795449,2,1,FIST,352,0.352,1152
20260914_141209_795449,2,1,FIST,353,0.353,1095
20260914_141209_795449,2,1,FIST,354,0.354,1111
20260914_141209_795449,2,1,FIST,355,0.355,885
20260914_141209_795449,2,1,FIST,356,0.356,1182
20260914_141209_795449,2,1,FIST,357,0.357,1077
20260914_141209_795449,2,1,FIST,358,0.358,1120
20260914_141209_795449,2,1,FIST,359,0.359,1182
20260914_141209_795449,2,1,FIST,360,0.36,1158
20260914_141209_795449,2,1,FIST,361,0.361,1233
20260914_141209_795449,2,1,FIST,362,0.362,1396
20260914_141209_795449,2,1,FIST,363,0.363,1249
20260914_141209_795449,2,1,FIST,364,0.364,1285
20260914_141209_795449,2,1,FIST,365,0.365,1303
20260914_141209_795449,2,1,FIST,366,0.366,1417
20260914_141209_795449,2,1,FIST,367,0.367,1376
20260914_141209_795449,2,1,FIST,368,0.368,1329
20260914_141209_795449,2,1,FIST,369,0.369,1162
20260914_141209_795449,2,1,FIST,370,0.37,1099
20260914_141209_795449,2,1,FIST,371,0.371,1059
20260914_141209_795449,2,1,FIST,372,0.372,907
20260914_141209_795449,2,1,FIST,373,0.373,843
20260914_141209_795449,2,1,FIST,374,0.374,837
20260914_141209_795449,2,1,FIST,375,0.375,785
20260914_141209_795449,2,1,FIST,376,0.376,751
20260914_141209_795449,2,1,FIST,377,0.377,763
20260914_141209_795449,2,1,FIST,378,0.378,848
20260914_141209_795449,2,1,FIST,379,0.379,903
20260914_141209_795449,2,1,FIST,380,0.38,892
20260914_141209_795449,2,1,FIST,381,0.381,921
20260914_141209_795449,2,1,FIST,382,0.382,1155
20260914_141209_795449,2,1,FIST,383,0.383,1296
20260914_141209_795449,2,1,FIST,384,0.384,1257
20260914_141209_795449,2,1,FIST,385,0.385,1098
20260914_141209_795449,2,1,FIST,386,0.386,1399
20260914_141209_795449,2,1,FIST,387,0.387,1309
20260914_141209_795449,2,1,FIST,388,0.388,1264
20260914_141209_795449,2,1,FIST,389,0.389,1132
20260914_141209_795449,2,1,FIST,390,0.39,1065
20260914_141209_795449,2,1,FIST,391,0.391,1041
20260914_141209_795449,2,1,FIST,392,0.392,907
20260914_141209_795449,2,1,FIST,393,0.393,823
20260914_141209_795449,2,1,FIST,394,0.394,926
20260914_141209_795449,2,1,FIST,395,0.395,752
20260914_141209_795449,2,1,FIST,396,0.396,713
20260914_141209_795449,2,1,FIST,397,0.397,723
20260914_141209_795449,2,1,FIST,398,0.398,752
20260914_141209_795449,2,1,FIST,399,0.399,823
20260914_141209_795449,2,1,FIST,400,0.4,904
20260914_141209_795449,2,1,FIST,401,0.401,944
20260914_141209_795449,2,1,FIST,402,0.402,1148
20260914_141209_795449,2,1,FIST,403,0.403,1371
20260914_141209_795449,2,1,FIST,404,0.404,1264
20260914_141209_795449,2,1,FIST,405,0.405,1339
20260914_141209_795449,2,1,FIST,406,0.406,1347
20260914_141209_795449,2,1,FIST,407,0.407,1360
20260914_141209_795449,2,1,FIST,408,0.408,1322
20260914_141209_795449,2,1,FIST,409,0.409,1131
20260914_141209_795449,2,1,FIST,410,0.41,1143
20260914_141209_795449,2,1,FIST,411,0.411,1057
20260914_141209_795449,2,1,FIST,412,0.412,851
20260914_141209_795449,2,1,FIST,413,0.413,776
20260914_141209_795449,2,1,FIST,414,0.414,784
20260914_141209_795449,2,1,FIST,415,0.415,771
20260914_141209_795449,2,1,FIST,416,0.416,727
20260914_141209_795449,2,1,FIST,417,0.417,990
20260914_141209_795449,2,1,FIST,418,0.418,758
20260914_141209_795449,2,1,FIST,419,0.419,1111
20260914_141209_795449,2,1,FIST,420,0.42,997
20260914_141209_795449,2,1,FIST,421,0.421,1211
20260914_141209_795449,2,1,FIST,422,0.422,1376
20260914_141209_795449,2,1,FIST,423,0.423,1456
20260914_141209_795449,2,1,FIST,424,0.424,1447
20260914_141209_795449,2,1,FIST,425,0.425,1512
20260914_141209_795449,2,1,FIST,426,0.426,1604
20260914_141209_795449,2,1,FIST,427,0.427,1528
20260914_141209_795449,2,1,FIST,428,0.428,1499
20260914_141209_795449,2,1,FIST,429,0.429,1353
20260914_141209_795449,2,1,FIST,430,0.43,1328
20260914_141209_795449,2,1,FIST,431,0.431,1295
20260914_141209_795449,2,1,FIST,432,0.432,1120
20260914_141209_795449,2,1,FIST,433,0.433,1056
20260914_141209_795449,2,1,FIST,434,0.434,1086
20260914_141209_795449,2,1,FIST,435,0.435,1019
20260914_141209_795449,2,1,FIST,436,0.436,1020
20260914_141209_795449,2,1,FIST,437,0.437,996
20260914_141209_795449,2,1,FIST,438,0.438,1011
20260914_141209_795449,2,1,FIST,439,0.439,1144
20260914_141209_795449,2,1,FIST,440,0.44,1168
20260914_141209_795449,2,1,FIST,441,0.441,1188
20260914_141209_795449,2,1,FIST,442,0.442,1363
20260914_141209_795449,2,1,FIST,443,0.443,1494
20260914_141209_795449,2,1,FIST,444,0.444,1504
20260914_141209_795449,2,1,FIST,445,0.445,1573
20260914_141209_795449,2,1,FIST,446,0.446,1630
20260914_141209_795449,2,1,FIST,447,0.447,1602
20260914_141209_795449,2,1,FIST,448,0.448,1535
20260914_141209_795449,2,1,FIST,449,0.449,1314
20260914_141209_795449,2,1,FIST,450,0.45,1355
20260914_141209_795449,2,1,FIST,451,0.451,1344
20260914_141209_795449,2,1,FIST,452,0.452,1136
20260914_141209_795449,2,1,FIST,453,0.453,1021
20260914_141209_795449,2,1,FIST,454,0.454,1034
20260914_141209_795449,2,1,FIST,455,0.455,850
20260914_141209_795449,2,1,FIST,456,0.456,740
20260914_141209_795449,2,1,FIST,457,0.457,965
20260914_141209_795449,2,1,FIST,458,0.458,1036
20260914_141209_795449,2,1,FIST,459,0.459,869
20260914_141209_795449,2,1,FIST,460,0.46,953
20260914_141209_795449,2,1,FIST,461,0.461,947
20260914_141209_795449,2,1,FIST,462,0.462,1136
20260914_141209_795449,2,1,FIST,463,0.463,1242
20260914_141209_795449,2,1,FIST,464,0.464,1239
20260914_141209_795449,2,1,FIST,465,0.465,1279
20260914_141209_795449,2,1,FIST,466,0.466,1375
20260914_141209_795449,2,1,FIST,467,0.467,1334
20260914_141209_795449,2,1,FIST,468,0.468,1311
20260914_141209_795449,2,1,FIST,469,0.469,1219
20260914_141209_795449,2,1,FIST,470,0.47,1078
20260914_141209_795449,2,1,FIST,471,0.471,1044
20260914_141209_795449,2,1,FIST,472,0.472,891
20260914_141209_795449,2,1,FIST,473,0.473,804
20260914_141209_795449,2,1,FIST,474,0.474,869
20260914_141209_795449,2,1,FIST,475,0.475,769
20260914_141209_795449,2,1,FIST,476,0.476,768
20260914_141209_795449,2,1,FIST,477,0.477,784
20260914_141209_795449,2,1,FIST,478,0.478,775
20260914_141209_795449,2,1,FIST,479,0.479,880
20260914_141209_795449,2,1,FIST,480,0.48,911
20260914_141209_795449,2,1,FIST,481,0.481,907
20260914_141209_795449,2,1,FIST,482,0.482,1094
20260914_141209_795449,2,1,FIST,483,0.483,1457
20260914_141209_795449,2,1,FIST,484,0.484,1458
20260914_141209_795449,2,1,FIST,485,0.485,1511
20260914_141209_795449,2,1,FIST,486,0.486,1520
20260914_141209_795449,2,1,FIST,487,0.487,1559
20260914_141209_795449,2,1,FIST,488,0.488,1560
20260914_141209_795449,2,1,FIST,489,0.489,1366
20260914_141209_795449,2,1,FIST,490,0.49,1319
20260914_141209_795449,2,1,FIST,491,0.491,1296
20260914_141209_795449,2,1,FIST,492,0.492,1152
20260914_141209_795449,2,1,FIST,493,0.493,1136
20260914_141209_795449,2,1,FIST,494,0.494,1082
20260914_141209_795449,2,1,FIST,495,0.495,1064
20260914_141209_795449,2,1,FIST,496,0.496,992
20260914_141209_795449,2,1,FIST,497,0.497,1017
20260914_141209_795449,2,1,FIST,498,0.498,1040
20260914_141209_795449,2,1,FIST,499,0.499,1136
20260914_141209_795449,2,1,FIST,500,0.5,1187
20260914_141209_795449,2,1,FIST,501,0.501,1212
20260914_141209_795449,2,1,FIST,502,0.502,1215
20260914_141209_795449,2,1,FIST,503,0.503,1534
20260914_141209_795449,2,1,FIST,504,0.504,1488
20260914_141209_795449,2,1,FIST,505,0.505,1535
20260914_141209_795449,2,1,FIST,506,0.506,1598
20260914_141209_795449,2,1,FIST,507,0.507,1587
20260914_141209_795449,2,1,FIST,508,0.508,1584
20260914_141209_795449,2,1,FIST,509,0.509,1389
20260914_141209_795449,2,1,FIST,510,0.51,1336
20260914_141209_795449,2,1,FIST,511,0.511,1287
20260914_141209_795449,2,1,FIST,512,0.512,1137
20260914_141209_795449,2,1,FIST,513,0.513,1050
20260914_141209_795449,2,1,FIST,514,0.514,1056
20260914_141209_795449,2,1,FIST,515,0.515,1000
20260914_141209_795449,2,1,FIST,516,0.516,978
20260914_141209_795449,2,1,FIST,517,0.517,994
20260914_141209_795449,2,1,FIST,518,0.518,976
20260914_141209_795449,2,1,FIST,519,0.519,1091
20260914_141209_795449,2,1,FIST,520,0.52,1178
20260914_141209_795449,2,1,FIST,521,0.521,1148
20260914_141209_795449,2,1,FIST,522,0.522,1336
20260914_141209_795449,2,1,FIST,523,0.523,1495
20260914_141209_795449,2,1,FIST,524,0.524,1490
20260914_141209_795449,2,1,FIST,525,0.525,1533
20260914_141209_795449,2,1,FIST,526,0.526,1570
20260914_141209_795449,2,1,FIST,527,0.527,1579
20260914_141209_795449,2,1,FIST,528,0.528,1535
20260914_141209_795449,2,1,FIST,529,0.529,1392
20260914_141209_795449,2,1,FIST,530,0.53,1303
20260914_141209_795449,2,1,FIST,531,0.531,1525
20260914_141209_795449,2,1,FIST,532,0.532,1174
20260914_141209_795449,2,1,FIST,533,0.533,1056
20260914_141209_795449,2,1,FIST,534,0.534,1080
20260914_141209_795449,2,1,FIST,535,0.535,979
20260914_141209_795449,2,1,FIST,536,0.536,1004
20260914_141209_795449,2,1,FIST,537,0.537,866
20260914_141209_795449,2,1,FIST,538,0.538,1040
20260914_141209_795449,2,1,FIST,539,0.539,1080
20260914_141209_795449,2,1,FIST,540,0.54,1133
20260914_141209_795449,2,1,FIST,541,0.541,1136
20260914_141209_795449,2,1,FIST,542,0.542,1130
20260914_141209_795449,2,1,FIST,543,0.543,1221
20260914_141209_795449,2,1,FIST,544,0.544,1205
20260914_141209_795449,2,1,FIST,545,0.545,1158
20260914_141209_795449,2,1,FIST,546,0.546,1274
20260914_141209_795449,2,1,FIST,547,0.547,1275
20260914_141209_795449,2,1,FIST,548,0.548,1235
20260914_141209_795449,2,1,FIST,549,0.549,1101
20260914_141209_795449,2,1,FIST,550,0.55,1042
20260914_141209_795449,2,1,FIST,551,0.551,1060
20260914_141209_795449,2,1,FIST,552,0.552,912
20260914_141209_795449,2,1,FIST,553,0.553,786
20260914_141209_795449,2,1,FIST,554,0.554,793
20260914_141209_795449,2,1,FIST,555,0.555,763
20260914_141209_795449,2,1,FIST,556,0.556,747
20260914_141209_795449,2,1,FIST,557,0.557,733
20260914_141209_795449,2,1,FIST,558,0.558,743
20260914_141209_795449,2,1,FIST,559,0.559,845
20260914_141209_795449,2,1,FIST,560,0.56,911
20260914_141209_795449,2,1,FIST,561,0.561,1183
20260914_141209_795449,2,1,FIST,562,0.562,1344
20260914_141209_795449,2,1,FIST,563,0.563,1567
20260914_141209_795449,2,1,FIST,564,0.564,1429
20260914_141209_795449,2,1,FIST,565,0.565,1521
20260914_141209_795449,2,1,FIST,566,0.566,1568
20260914_141209_795449,2,1,FIST,567,0.567,1510
20260914_141209_795449,2,1,FIST,568,0.568,1483
20260914_141209_795449,2,1,FIST,569,0.569,1380
20260914_141209_795449,2,1,FIST,570,0.57,1296
20260914_141209_795449,2,1,FIST,571,0.571,1274
20260914_141209_795449,2,1,FIST,572,0.572,1157
20260914_141209_795449,2,1,FIST,573,0.573,1077
20260914_141209_795449,2,1,FIST,574,0.574,1056
20260914_141209_795449,2,1,FIST,575,0.575,998
20260914_141209_795449,2,1,FIST,576,0.576,988
20260914_141209_795449,2,1,FIST,577,0.577,978
20260914_141209_795449,2,1,FIST,578,0.578,981
20260914_141209_795449,2,1,FIST,579,0.579,1092
20260914_141209_795449,2,1,FIST,580,0.58,1176
20260914_141209_795449,2,1,FIST,581,0.581,1193
20260914_141209_795449,2,1,FIST,582,0.582,1316
20260914_141209_795449,2,1,FIST,583,0.583,1462
20260914_141209_795449,2,1,FIST,584,0.584,1472
20260914_141209_795449,2,1,FIST,585,0.585,1505
20260914_141209_795449,2,1,FIST,586,0.586,1488
20260914_141209_795449,2,1,FIST,587,0.587,1600
20260914_141209_795449,2,1,FIST,588,0.588,1518
20260914_141209_795449,2,1,FIST,589,0.589,1401
20260914_141209_795449,2,1,FIST,590,0.59,1333
20260914_141209_795449,2,1,FIST,591,0.591,1353
20260914_141209_795449,2,1,FIST,592,0.592,1158
20260914_141209_795449,2,1,FIST,593,0.593,1152
20260914_141209_795449,2,1,FIST,594,0.594,1057
20260914_141209_795449,2,1,FIST,595,0.595,1018
20260914_141209_795449,2,1,FIST,596,0.596,996
20260914_141209_795449,2,1,FIST,597,0.597,781
20260914_141209_795449,2,1,FIST,598,0.598,1040
20260914_141209_795449,2,1,FIST,599,0.599,1128
20260914_141209_795449,2,1,FIST,600,0.6,1175
20260914_141209_795449,2,1,FIST,601,0.601,1248
20260914_141209_795449,2,1,FIST,602,0.602,1105
20260914_141209_795449,2,1,FIST,603,0.603,1472
20260914_141209_795449,2,1,FIST,604,0.604,1441
20260914_141209_795449,2,1,FIST,605,0.605,1472
20260914_141209_795449,2,1,FIST,606,0.606,1520
20260914_141209_795449,2,1,FIST,607,0.607,1600
20260914_141209_795449,2,1,FIST,608,0.608,1495
20260914_141209_795449,2,1,FIST,609,0.609,1355
20260914_141209_795449,2,1,FIST,610,0.61,1305
20260914_141209_795449,2,1,FIST,611,0.611,1280
20260914_141209_795449,2,1,FIST,612,0.612,1167
20260914_141209_795449,2,1,FIST,613,0.613,1099
20260914_141209_795449,2,1,FIST,614,0.614,1087
20260914_141209_795449,2,1,FIST,615,0.615,1066
20260914_141209_795449,2,1,FIST,616,0.616,1033
20260914_141209_795449,2,1,FIST,617,0.617,1030
20260914_141209_795449,2,1,FIST,618,0.618,804
20260914_141209_795449,2,1,FIST,619,0.619,1142
20260914_141209_795449,2,1,FIST,620,0.62,921
20260914_141209_795449,2,1,FIST,621,0.621,938
20260914_141209_795449,2,1,FIST,622,0.622,1036
20260914_141209_795449,2,1,FIST,623,0.623,1150
20260914_141209_795449,2,1,FIST,624,0.624,1156
20260914_141209_795449,2,1,FIST,625,0.625,1173
20260914_141209_795449,2,1,FIST,626,0.626,1214
20260914_141209_795449,2,1,FIST,627,0.627,1216
20260914_141209_795449,2,1,FIST,628,0.628,1188
20260914_141209_795449,2,1,FIST,629,0.629,1091
20260914_141209_795449,2,1,FIST,630,0.63,1050
20260914_141209_795449,2,1,FIST,631,0.631,1053
20260914_141209_795449,2,1,FIST,632,0.632,938
20260914_141209_795449,2,1,FIST,633,0.633,859
20260914_141209_795449,2,1,FIST,634,0.634,871
20260914_141209_795449,2,1,FIST,635,0.635,838
20260914_141209_795449,2,1,FIST,636,0.636,816
20260914_141209_795449,2,1,FIST,637,0.637,827
20260914_141209_795449,2,1,FIST,638,0.638,853
20260914_141209_795449,2,1,FIST,639,0.639,978
20260914_141209_795449,2,1,FIST,640,0.64,921
20260914_141209_795449,2,1,FIST,641,0.641,957
20260914_141209_795449,2,1,FIST,642,0.642,1039
20260914_141209_795449,2,1,FIST,643,0.643,1099
20260914_141209_795449,2,1,FIST,644,0.644,1121
20260914_141209_795449,2,1,FIST,645,0.645,1167
20260914_141209_795449,2,1,FIST,646,0.646,1189
20260914_141209_795449,2,1,FIST,647,0.647,1277
20260914_141209_795449,2,1,FIST,648,0.648,1177
20260914_141209_795449,2,1,FIST,649,0.649,1103
20260914_141209_795449,2,1,FIST,650,0.65,995
20260914_141209_795449,2,1,FIST,651,0.651,1090
20260914_141209_795449,2,1,FIST,652,0.652,907
20260914_141209_795449,2,1,FIST,653,0.653,889
20260914_141209_795449,2,1,FIST,654,0.654,895
20260914_141209_795449,2,1,FIST,655,0.655,880
20260914_141209_795449,2,1,FIST,656,0.656,807
20260914_141209_795449,2,1,FIST,657,0.657,1056
20260914_141209_795449,2,1,FIST,658,0.658,855
20260914_141209_795449,2,1,FIST,659,0.659,1152
20260914_141209_795449,2,1,FIST,660,0.66,1180
20260914_141209_795449,2,1,FIST,661,0.661,1192
20260914_141209_795449,2,1,FIST,662,0.662,1285
20260914_141209_795449,2,1,FIST,663,0.663,1392
20260914_141209_795449,2,1,FIST,664,0.664,1395
20260914_141209_795449,2,1,FIST,665,0.665,1424
20260914_141209_795449,2,1,FIST,666,0.666,1303
20260914_141209_795449,2,1,FIST,667,0.667,1467
20260914_141209_795449,2,1,FIST,668,0.668,1439
20260914_141209_795449,2,1,FIST,669,0.669,1361
20260914_141209_795449,2,1,FIST,670,0.67,1296
20260914_141209_795449,2,1,FIST,671,0.671,1286
20260914_141209_795449,2,1,FIST,672,0.672,1192
20260914_141209_795449,2,1,FIST,673,0.673,1097
20260914_141209_795449,2,1,FIST,674,0.674,1104
20260914_141209_795449,2,1,FIST,675,0.675,1088
20260914_141209_795449,2,1,FIST,676,0.676,1066
20260914_141209_795449,2,1,FIST,677,0.677,1048
20260914_141209_795449,2,1,FIST,678,0.678,1060
20260914_141209_795449,2,1,FIST,679,0.679,1144
20260914_141209_795449,2,1,FIST,680,0.68,1190
20260914_141209_795449,2,1,FIST,681,0.681,1204
20260914_141209_795449,2,1,FIST,682,0.682,1299
20260914_141209_795449,2,1,FIST,683,0.683,1376
20260914_141209_795449,2,1,FIST,684,0.684,1392
20260914_141209_795449,2,1,FIST,685,0.685,1417
20260914_141209_795449,2,1,FIST,686,0.686,1456
20260914_141209_795449,2,1,FIST,687,0.687,1506
20260914_141209_795449,2,1,FIST,688,0.688,1475
20260914_141209_795449,2,1,FIST,689,0.689,1392
20260914_141209_795449,2,1,FIST,690,0.69,1324
20260914_141209_795449,2,1,FIST,691,0.691,1298
20260914_141209_795449,2,1,FIST,692,0.692,1209
20260914_141209_795449,2,1,FIST,693,0.693,1121
20260914_141209_795449,2,1,FIST,694,0.694,1121
20260914_141209_795449,2,1,FIST,695,0.695,1088
20260914_141209_795449,2,1,FIST,696,0.696,1041
20260914_141209_795449,2,1,FIST,697,0.697,1054
20260914_141209_795449,2,1,FIST,698,0.698,1072
20260914_141209_795449,2,1,FIST,699,0.699,1140
20260914_141209_795449,2,1,FIST,700,0.7,960
20260914_141209_795449,2,1,FIST,701,0.701,1118
20260914_141209_795449,2,1,FIST,702,0.702,1070
20260914_141209_795449,2,1,FIST,703,0.703,1282
20260914_141209_795449,2,1,FIST,704,0.704,1161
20260914_141209_795449,2,1,FIST,705,0.705,1277
20260914_141209_795449,2,1,FIST,706,0.706,1229
20260914_141209_795449,2,1,FIST,707,0.707,1235
20260914_141209_795449,2,1,FIST,708,0.708,1216
20260914_141209_795449,2,1,FIST,709,0.709,1131
20260914_141209_795449,2,1,FIST,710,0.71,1127
20260914_141209_795449,2,1,FIST,711,0.711,1039
20260914_141209_795449,2,1,FIST,712,0.712,759
20260914_141209_795449,2,1,FIST,713,0.713,863
20260914_141209_795449,2,1,FIST,714,0.714,863
20260914_141209_795449,2,1,FIST,715,0.715,847
20260914_141209_795449,2,1,FIST,716,0.716,823
20260914_141209_795449,2,1,FIST,717,0.717,763
20260914_141209_795449,2,1,FIST,718,0.718,795
20260914_141209_795449,2,1,FIST,719,0.719,848
20260914_141209_795449,2,1,FIST,720,0.72,927
20260914_141209_795449,2,1,FIST,721,0.721,1197
20260914_141209_795449,2,1,FIST,722,0.722,1234
20260914_141209_795449,2,1,FIST,723,0.723,1389
20260914_141209_795449,2,1,FIST,724,0.724,1392
20260914_141209_795449,2,1,FIST,725,0.725,1394
20260914_141209_795449,2,1,FIST,726,0.726,1424
20260914_141209_795449,2,1,FIST,727,0.727,1447
20260914_141209_795449,2,1,FIST,728,0.728,1447
20260914_141209_795449,2,1,FIST,729,0.729,1381
20260914_141209_795449,2,1,FIST,730,0.73,1341
20260914_141209_795449,2,1,FIST,731,0.731,1216
20260914_141209_795449,2,1,FIST,732,0.732,963
20260914_141209_795449,2,1,FIST,733,0.733,883
20260914_141209_795449,2,1,FIST,734,0.734,871
20260914_141209_795449,2,1,FIST,735,0.735,847
20260914_141209_795449,2,1,FIST,736,0.736,795
20260914_141209_795449,2,1,FIST,737,0.737,842
20260914_141209_795449,2,1,FIST,738,0.738,816
20260914_141209_795449,2,1,FIST,739,0.739,874
20260914_141209_795449,2,1,FIST,740,0.74,922
20260914_141209_795449,2,1,FIST,741,0.741,914
20260914_141209_795449,2,1,FIST,742,0.742,1312
20260914_141209_795449,2,1,FIST,743,0.743,1136
20260914_141209_795449,2,1,FIST,744,0.744,1367
20260914_141209_795449,2,1,FIST,745,0.745,1398
20260914_141209_795449,2,1,FIST,746,0.746,1434
20260914_141209_795449,2,1,FIST,747,0.747,1527
20260914_141209_795449,2,1,FIST,748,0.748,1429
20260914_141209_795449,2,1,FIST,749,0.749,1360
20260914_141209_795449,2,1,FIST,750,0.75,1289
20260914_141209_795449,2,1,FIST,751,0.751,1266
20260914_141209_795449,2,1,FIST,752,0.752,1204
20260914_141209_795449,2,1,FIST,753,0.753,1129
20260914_141209_795449,2,1,FIST,754,0.754,1132
20260914_141209_795449,2,1,FIST,755,0.755,1114
20260914_141209_795449,2,1,FIST,756,0.756,1066
20260914_141209_795449,2,1,FIST,757,0.757,1169
20260914_141209_795449,2,1,FIST,758,0.758,1123
20260914_141209_795449,2,1,FIST,759,0.759,1183
20260914_141209_795449,2,1,FIST,760,0.76,1175
20260914_141209_795449,2,1,FIST,761,0.761,1244
20260914_141209_795449,2,1,FIST,762,0.762,1269
20260914_141209_795449,2,1,FIST,763,0.763,1343
20260914_141209_795449,2,1,FIST,764,0.764,1427
20260914_141209_795449,2,1,FIST,765,0.765,1185
20260914_141209_795449,2,1,FIST,766,0.766,1378
20260914_141209_795449,2,1,FIST,767,0.767,1264
20260914_141209_795449,2,1,FIST,768,0.768,1360
20260914_141209_795449,2,1,FIST,769,0.769,1171
20260914_141209_795449,2,1,FIST,770,0.77,1072
20260914_141209_795449,2,1,FIST,771,0.771,1162
20260914_141209_795449,2,1,FIST,772,0.772,982
20260914_141209_795449,2,1,FIST,773,0.773,879
20260914_141209_795449,2,1,FIST,774,0.774,854
20260914_141209_795449,2,1,FIST,775,0.775,854
20260914_141209_795449,2,1,FIST,776,0.776,826
20260914_141209_795449,2,1,FIST,777,0.777,816
20260914_141209_795449,2,1,FIST,778,0.778,1146
20260914_141209_795449,2,1,FIST,779,0.779,1121
20260914_141209_795449,2,1,FIST,780,0.78,945
20260914_141209_795449,2,1,FIST,781,0.781,1190
20260914_141209_795449,2,1,FIST,782,0.782,1299
20260914_141209_795449,2,1,FIST,783,0.783,1411
20260914_141209_795449,2,1,FIST,784,0.784,1422
20260914_141209_795449,2,1,FIST,785,0.785,1632
20260914_141209_795449,2,1,FIST,786,0.786,1479
20260914_141209_795449,2,1,FIST,787,0.787,1158
20260914_141209_795449,2,1,FIST,788,0.788,1215
20260914_141209_795449,2,1,FIST,789,0.789,1139
20260914_141209_795449,2,1,FIST,790,0.79,1125
20260914_141209_795449,2,1,FIST,791,0.791,1040
20260914_141209_795449,2,1,FIST,792,0.792,950
20260914_141209_795449,2,1,FIST,793,0.793,807
20260914_141209_795449,2,1,FIST,794,0.794,861
20260914_141209_795449,2,1,FIST,795,0.795,847
20260914_141209_795449,2,1,FIST,796,0.796,699
20260914_141209_795449,2,1,FIST,797,0.797,822
20260914_141209_795449,2,1,FIST,798,0.798,838
20260914_141209_795449,2,1,FIST,799,0.799,976
20260914_141209_795449,2,1,FIST,800,0.8,1169
20260914_141209_795449,2,1,FIST,801,0.801,1203
20260914_141209_795449,2,1,FIST,802,0.802,1267
20260914_141209_795449,2,1,FIST,803,0.803,1363
20260914_141209_795449,2,1,FIST,804,0.804,1380
20260914_141209_795449,2,1,FIST,805,0.805,1416
20260914_141209_795449,2,1,FIST,806,0.806,1442
20260914_141209_795449,2,1,FIST,807,0.807,1777
20260914_141209_795449,2,1,FIST,808,0.808,1386
20260914_141209_795449,2,1,FIST,809,0.809,1367
20260914_141209_795449,2,1,FIST,810,0.81,1305
20260914_141209_795449,2,1,FIST,811,0.811,1257
20260914_141209_795449,2,1,FIST,812,0.812,1235
20260914_141209_795449,2,1,FIST,813,0.813,930
20260914_141209_795449,2,1,FIST,814,0.814,918
20260914_141209_795449,2,1,FIST,815,0.815,1102
20260914_141209_795449,2,1,FIST,816,0.816,874
20260914_141209_795449,2,1,FIST,817,0.817,837
20260914_141209_795449,2,1,FIST,818,0.818,869
20260914_141209_795449,2,1,FIST,819,0.819,895
20260914_141209_795449,2,1,FIST,820,0.82,955
20260914_141209_795449,2,1,FIST,821,0.821,1019
20260914_141209_795449,2,1,FIST,822,0.822,849
20260914_141209_795449,2,1,FIST,823,0.823,999
20260914_141209_795449,2,1,FIST,824,0.824,1135
20260914_141209_795449,2,1,FIST,825,0.825,1327
20260914_141209_795449,2,1,FIST,826,0.826,1189
20260914_141209_795449,2,1,FIST,827,0.827,1452
20260914_141209_795449,2,1,FIST,828,0.828,1417
20260914_141209_795449,2,1,FIST,829,0.829,1419
20260914_141209_795449,2,1,FIST,830,0.83,1296
20260914_141209_795449,2,1,FIST,831,0.831,1296
20260914_141209_795449,2,1,FIST,832,0.832,1226
20260914_141209_795449,2,1,FIST,833,0.833,1140
20260914_141209_795449,2,1,FIST,834,0.834,1137
20260914_141209_795449,2,1,FIST,835,0.835,1124
20260914_141209_795449,2,1,FIST,836,0.836,1104
20260914_141209_795449,2,1,FIST,837,0.837,1135
20260914_141209_795449,2,1,FIST,838,0.838,1126
20260914_141209_795449,2,1,FIST,839,0.839,1017
20260914_141209_795449,2,1,FIST,840,0.84,1196
20260914_141209_795449,2,1,FIST,841,0.841,1063
20260914_141209_795449,2,1,FIST,842,0.842,991
20260914_141209_795449,2,1,FIST,843,0.843,1159
20260914_141209_795449,2,1,FIST,844,0.844,1193
20260914_141209_795449,2,1,FIST,845,0.845,1203
20260914_141209_795449,2,1,FIST,846,0.846,1327
20260914_141209_795449,2,1,FIST,847,0.847,1223
20260914_141209_795449,2,1,FIST,848,0.848,1189
20260914_141209_795449,2,1,FIST,849,0.849,995
20260914_141209_795449,2,1,FIST,850,0.85,1040
20260914_141209_795449,2,1,FIST,851,0.851,1037
20260914_141209_795449,2,1,FIST,852,0.852,976
20260914_141209_795449,2,1,FIST,853,0.853,960
20260914_141209_795449,2,1,FIST,854,0.854,1110
20260914_141209_795449,2,1,FIST,855,0.855,1079
20260914_141209_795449,2,1,FIST,856,0.856,1056
20260914_141209_795449,2,1,FIST,857,0.857,1060
20260914_141209_795449,2,1,FIST,858,0.858,1080
20260914_141209_795449,2,1,FIST,859,0.859,1228
20260914_141209_795449,2,1,FIST,860,0.86,1176
20260914_141209_795449,2,1,FIST,861,0.861,1186
20260914_141209_795449,2,1,FIST,862,0.862,1251
20260914_141209_795449,2,1,FIST,863,0.863,1446
20260914_141209_795449,2,1,FIST,864,0.864,1366
20260914_141209_795449,2,1,FIST,865,0.865,1451
20260914_141209_795449,2,1,FIST,866,0.866,1257
20260914_141209_795449,2,1,FIST,867,0.867,1519
20260914_141209_795449,2,1,FIST,868,0.868,1261
20260914_141209_795449,2,1,FIST,869,0.869,1341
20260914_141209_795449,2,1,FIST,870,0.87,1093
20260914_141209_795449,2,1,FIST,871,0.871,1067
20260914_141209_795449,2,1,FIST,872,0.872,1101
20260914_141209_795449,2,1,FIST,873,0.873,895
20260914_141209_795449,2,1,FIST,874,0.874,835
20260914_141209_795449,2,1,FIST,875,0.875,830
20260914_141209_795449,2,1,FIST,876,0.876,849
20260914_141209_795449,2,1,FIST,877,0.877,807
20260914_141209_795449,2,1,FIST,878,0.878,849
20260914_141209_795449,2,1,FIST,879,0.879,846
20260914_141209_795449,2,1,FIST,880,0.88,915
20260914_141209_795449,2,1,FIST,881,0.881,925
20260914_141209_795449,2,1,FIST,882,0.882,960
20260914_141209_795449,2,1,FIST,883,0.883,1395
20260914_141209_795449,2,1,FIST,884,0.884,1403
20260914_141209_795449,2,1,FIST,885,0.885,1267
20260914_141209_795449,2,1,FIST,886,0.886,1279
20260914_141209_795449,2,1,FIST,887,0.887,1486
20260914_141209_795449,2,1,FIST,888,0.888,1439
20260914_141209_795449,2,1,FIST,889,0.889,1389
20260914_141209_795449,2,1,FIST,890,0.89,1360
20260914_141209_795449,2,1,FIST,891,0.891,1291
20260914_141209_795449,2,1,FIST,892,0.892,1257
20260914_141209_795449,2,1,FIST,893,0.893,1137
20260914_141209_795449,2,1,FIST,894,0.894,1168
20260914_141209_795449,2,1,FIST,895,0.895,1110
20260914_141209_795449,2,1,FIST,896,0.896,1065
20260914_141209_795449,2,1,FIST,897,0.897,1106
20260914_141209_795449,2,1,FIST,898,0.898,1104
20260914_141209_795449,2,1,FIST,899,0.899,1141
20260914_141209_795449,2,1,FIST,900,0.9,1214
20260914_141209_795449,2,1,FIST,901,0.901,965
20260914_141209_795449,2,1,FIST,902,0.902,1013
20260914_141209_795449,2,1,FIST,903,0.903,1139
20260914_141209_795449,2,1,FIST,904,0.904,1191
20260914_141209_795449,2,1,FIST,905,0.905,1202
20260914_141209_795449,2,1,FIST,906,0.906,1243
20260914_141209_795449,2,1,FIST,907,0.907,1265
20260914_141209_795449,2,1,FIST,908,0.908,1236
20260914_141209_795449,2,1,FIST,909,0.909,1173
20260914_141209_795449,2,1,FIST,910,0.91,1072
20260914_141209_795449,2,1,FIST,911,0.911,1095
20260914_141209_795449,2,1,FIST,912,0.912,1007
20260914_141209_795449,2,1,FIST,913,0.913,869
20260914_141209_795449,2,1,FIST,914,0.914,858
20260914_141209_795449,2,1,FIST,915,0.915,846
20260914_141209_795449,2,1,FIST,916,0.916,1041
20260914_141209_795449,2,1,FIST,917,0.917,1045
20260914_141209_795449,2,1,FIST,918,0.918,1070
20260914_141209_795449,2,1,FIST,919,0.919,1117
20260914_141209_795449,2,1,FIST,920,0.92,1184
20260914_141209_795449,2,1,FIST,921,0.921,1207
20260914_141209_795449,2,1,FIST,922,0.922,1224
20260914_141209_795449,2,1,FIST,923,0.923,1400
20260914_141209_795449,2,1,FIST,924,0.924,1515
20260914_141209_795449,2,1,FIST,925,0.925,1478
20260914_141209_795449,2,1,FIST,926,0.926,1588
20260914_141209_795449,2,1,FIST,927,0.927,1303
20260914_141209_795449,2,1,FIST,928,0.928,1535
20260914_141209_795449,2,1,FIST,929,0.929,1246
20260914_141209_795449,2,1,FIST,930,0.93,1122
20260914_141209_795449,2,1,FIST,931,0.931,1075
20260914_141209_795449,2,1,FIST,932,0.932,1058
20260914_141209_795449,2,1,FIST,933,0.933,898
20260914_141209_795449,2,1,FIST,934,0.934,827
20260914_141209_795449,2,1,FIST,935,0.935,825
20260914_141209_795449,2,1,FIST,936,0.936,784
20260914_141209_795449,2,1,FIST,937,0.937,822
20260914_141209_795449,2,1,FIST,938,0.938,834
20260914_141209_795449,2,1,FIST,939,0.939,869
20260914_141209_795449,2,1,FIST,940,0.94,947
20260914_141209_795449,2,1,FIST,941,0.941,934
20260914_141209_795449,2,1,FIST,942,0.942,987
20260914_141209_795449,2,1,FIST,943,0.943,1122
20260914_141209_795449,2,1,FIST,944,0.944,1159
20260914_141209_795449,2,1,FIST,945,0.945,1238
20260914_141209_795449,2,1,FIST,946,0.946,1201
20260914_141209_795449,2,1,FIST,947,0.947,1232
20260914_141209_795449,2,1,FIST,948,0.948,1184
20260914_141209_795449,2,1,FIST,949,0.949,1152
20260914_141209_795449,2,1,FIST,950,0.95,1269
20260914_141209_795449,2,1,FIST,951,0.951,1101
20260914_141209_795449,2,1,FIST,952,0.952,1271
20260914_141209_795449,2,1,FIST,953,0.953,1158
20260914_141209_795449,2,1,FIST,954,0.954,1136
20260914_141209_795449,2,1,FIST,955,0.955,1126
20260914_141209_795449,2,1,FIST,956,0.956,1112
20260914_141209_795449,2,1,FIST,957,0.957,1096
20260914_141209_795449,2,1,FIST,958,0.958,1120
20260914_141209_795449,2,1,FIST,959,0.959,1120
20260914_141209_795449,2,1,FIST,960,0.96,1194
20260914_141209_795449,2,1,FIST,961,0.961,1202
20260914_141209_795449,2,1,FIST,962,0.962,1238
20260914_141209_795449,2,1,FIST,963,0.963,1452
20260914_141209_795449,2,1,FIST,964,0.964,1375
20260914_141209_795449,2,1,FIST,965,0.965,1407
20260914_141209_795449,2,1,FIST,966,0.966,1230
20260914_141209_795449,2,1,FIST,967,0.967,1407
20260914_141209_795449,2,1,FIST,968,0.968,1223
20260914_141209_795449,2,1,FIST,969,0.969,1173
20260914_141209_795449,2,1,FIST,970,0.97,1089
20260914_141209_795449,2,1,FIST,971,0.971,988
20260914_141209_795449,2,1,FIST,972,0.972,1102
20260914_141209_795449,2,1,FIST,973,0.973,980
20260914_141209_795449,2,1,FIST,974,0.974,910
20260914_141209_795449,2,1,FIST,975,0.975,886
20260914_141209_795449,2,1,FIST,976,0.976,886
20260914_141209_795449,2,1,FIST,977,0.977,919
20260914_141209_795449,2,1,FIST,978,0.978,863
20260914_141209_795449,2,1,FIST,979,0.979,891
20260914_141209_795449,2,1,FIST,980,0.98,934
20260914_141209_795449,2,1,FIST,981,0.981,961
20260914_141209_795449,2,1,FIST,982,0.982,1007
20260914_141209_795449,2,1,FIST,983,0.983,1103
20260914_141209_795449,2,1,FIST,984,0.984,1149
20260914_141209_795449,2,1,FIST,985,0.985,1163
20260914_141209_795449,2,1,FIST,986,0.986,1200
20260914_141209_795449,2,1,FIST,987,0.987,1239
20260914_141209_795449,2,1,FIST,988,0.988,1212
20260914_141209_795449,2,1,FIST,989,0.989,1222
20260914_141209_795449,2,1,FIST,990,0.99,1083
20260914_141209_795449,2,1,FIST,991,0.991,1062
20260914_141209_795449,2,1,FIST,992,0.992,1039
20260914_141209_795449,2,1,FIST,993,0.993,895
20260914_141209_795449,2,1,FIST,994,0.994,876
20260914_141209_795449,2,1,FIST,995,0.995,859
20260914_141209_795449,2,1,FIST,996,0.996,817
20260914_141209_795449,2,1,FIST,997,0.997,807
20260914_141209_795449,2,1,FIST,998,0.998,895
20260914_141209_795449,2,1,FIST,999,0.999,869
20260914_141209_795449,2,1,FIST,1000,1.0,933
20260914_141209_795449,2,1,FIST,1001,1.001,956
20260914_141209_795449,2,1,FIST,1002,1.002,970
20260914_141209_795449,2,1,FIST,1003,1.003,1146
20260914_141209_795449,2,1,FIST,1004,1.004,1170
20260914_141209_795449,2,1,FIST,1005,1.005,1206
20260914_141209_795449,2,1,FIST,1006,1.006,1247
20260914_141209_795449,2,1,FIST,1007,1.007,1242
20260914_141209_795449,2,1,FIST,1008,1.008,1211
20260914_141209_795449,2,1,FIST,1009,1.009,1200
20260914_141209_795449,2,1,FIST,1010,1.01,1101
20260914_141209_795449,2,1,FIST,1011,1.011,940
20260914_141209_795449,2,1,FIST,1012,1.012,996
20260914_141209_795449,2,1,FIST,1013,1.013,913
20260914_141209_795449,2,1,FIST,1014,1.014,880
20260914_141209_795449,2,1,FIST,1015,1.015,907
20260914_141209_795449,2,1,FIST,1016,1.016,851
20260914_141209_795449,2,1,FIST,1017,1.017,879
20260914_141209_795449,2,1,FIST,1018,1.018,881
20260914_141209_795449,2,1,FIST,1019,1.019,1010
20260914_141209_795449,2,1,FIST,1020,1.02,946
20260914_141209_795449,2,1,FIST,1021,1.021,950
20260914_141209_795449,2,1,FIST,1022,1.022,899
20260914_141209_795449,2,1,FIST,1023,1.023,1129
20260914_141209_795449,2,1,FIST,1024,1.024,1189
20260914_141209_795449,2,1,FIST,1025,1.025,1222
20260914_141209_795449,2,1,FIST,1026,1.026,1252
20260914_141209_795449,2,1,FIST,1027,1.027,1297
20260914_141209_795449,2,1,FIST,1028,1.028,1226
20260914_141209_795449,2,1,FIST,1029,1.029,1196
20260914_141209_795449,2,1,FIST,1030,1.03,1098
20260914_141209_795449,2,1,FIST,1031,1.031,944
20260914_141209_795449,2,1,FIST,1032,1.032,1067
20260914_141209_795449,2,1,FIST,1033,1.033,895
20260914_141209_795449,2,1,FIST,1034,1.034,875
20260914_141209_795449,2,1,FIST,1035,1.035,859
20260914_141209_795449,2,1,FIST,1036,1.036,822
20260914_141209_795449,2,1,FIST,1037,1.037,850
20260914_141209_795449,2,1,FIST,1038,1.038,912
20260914_141209_795449,2,1,FIST,1039,1.039,861
20260914_141209_795449,2,1,FIST,1040,1.04,927
20260914_141209_795449,2,1,FIST,1041,1.041,943
20260914_141209_795449,2,1,FIST,1042,1.042,986
20260914_141209_795449,2,1,FIST,1043,1.043,1146
20260914_141209_795449,2,1,FIST,1044,1.044,1111
20260914_141209_795449,2,1,FIST,1045,1.045,1139
20260914_141209_795449,2,1,FIST,1046,1.046,1197
20260914_141209_795449,2,1,FIST,1047,1.047,1218
20260914_141209_795449,2,1,FIST,1048,1.048,1222
20260914_141209_795449,2,1,FIST,1049,1.049,1201
20260914_141209_795449,2,1,FIST,1050,1.05,1089
20260914_141209_795449,2,1,FIST,1051,1.051,1042
20260914_141209_795449,2,1,FIST,1052,1.052,1022
20260914_141209_795449,2,1,FIST,1053,1.053,1135
20260914_141209_795449,2,1,FIST,1054,1.054,1008
20260914_141209_795449,2,1,FIST,1055,1.055,1088
20260914_141209_795449,2,1,FIST,1056,1.056,1053
20260914_141209_795449,2,1,FIST,1057,1.057,1067
20260914_141209_795449,2,1,FIST,1058,1.058,1081
20260914_141209_795449,2,1,FIST,1059,1.059,1104
20260914_141209_795449,2,1,FIST,1060,1.06,1156
20260914_141209_795449,2,1,FIST,1061,1.061,1188
20260914_141209_795449,2,1,FIST,1062,1.062,1214
20260914_141209_795449,2,1,FIST,1063,1.063,1376
20260914_141209_795449,2,1,FIST,1064,1.064,1427
20260914_141209_795449,2,1,FIST,1065,1.065,1438
20260914_141209_795449,2,1,FIST,1066,1.066,1427
20260914_141209_795449,2,1,FIST,1067,1.067,1482
20260914_141209_795449,2,1,FIST,1068,1.068,1595
20260914_141209_795449,2,1,FIST,1069,1.069,1470
20260914_141209_795449,2,1,FIST,1070,1.07,1345
20260914_141209_795449,2,1,FIST,1071,1.071,1149
20260914_141209_795449,2,1,FIST,1072,1.072,1050
20260914_141209_795449,2,1,FIST,1073,1.073,913
20260914_141209_795449,2,1,FIST,1074,1.074,899
20260914_141209_795449,2,1,FIST,1075,1.075,869
20260914_141209_795449,2,1,FIST,1076,1.076,843
20260914_141209_795449,2,1,FIST,1077,1.077,666
20260914_141209_795449,2,1,FIST,1078,1.078,859
20260914_141209_795449,2,1,FIST,1079,1.079,711
20260914_141209_795449,2,1,FIST,1080,1.08,915
20260914_141209_795449,2,1,FIST,1081,1.081,941
20260914_141209_795449,2,1,FIST,1082,1.082,921
20260914_141209_795449,2,1,FIST,1083,1.083,1121
20260914_141209_795449,2,1,FIST,1084,1.084,1158
20260914_141209_795449,2,1,FIST,1085,1.085,1237
20260914_141209_795449,2,1,FIST,1086,1.086,1209
20260914_141209_795449,2,1,FIST,1087,1.087,1485
20260914_141209_795449,2,1,FIST,1088,1.088,1249
20260914_141209_795449,2,1,FIST,1089,1.089,1553
20260914_141209_795449,2,1,FIST,1090,1.09,1079
20260914_141209_795449,2,1,FIST,1091,1.091,1307
20260914_141209_795449,2,1,FIST,1092,1.092,1265
20260914_141209_795449,2,1,FIST,1093,1.093,1132
20260914_141209_795449,2,1,FIST,1094,1.094,1001
20260914_141209_795449,2,1,FIST,1095,1.095,1082
20260914_141209_795449,2,1,FIST,1096,1.096,1170
20260914_141209_795449,2,1,FIST,1097,1.097,1127
20260914_141209_795449,2,1,FIST,1098,1.098,1072
20260914_141209_795449,2,1,FIST,1099,1.099,1104
20260914_141209_795449,2,1,FIST,1100,1.1,1179
20260914_141209_795449,2,1,FIST,1101,1.101,1200
20260914_141209_795449,2,1,FIST,1102,1.102,1140
20260914_141209_795449,2,1,FIST,1103,1.103,1345
20260914_141209_795449,2,1,FIST,1104,1.104,1395
20260914_141209_795449,2,1,FIST,1105,1.105,1431
20260914_141209_795449,2,1,FIST,1106,1.106,1472
20260914_141209_795449,2,1,FIST,1107,1.107,1463
20260914_141209_795449,2,1,FIST,1108,1.108,1452
20260914_141209_795449,2,1,FIST,1109,1.109,1408
20260914_141209_795449,2,1,FIST,1110,1.11,1344
20260914_141209_795449,2,1,FIST,1111,1.111,1322
20260914_141209_795449,2,1,FIST,1112,1.112,1362
20260914_141209_795449,2,1,FIST,1113,1.113,1142
20260914_141209_795449,2,1,FIST,1114,1.114,1120
20260914_141209_795449,2,1,FIST,1115,1.115,1103
20260914_141209_795449,2,1,FIST,1116,1.116,1159
20260914_141209_795449,2,1,FIST,1117,1.117,1081
20260914_141209_795449,2,1,FIST,1118,1.118,1123
20260914_141209_795449,2,1,FIST,1119,1.119,1122
20260914_141209_795449,2,1,FIST,1120,1.12,1181
20260914_141209_795449,2,1,FIST,1121,1.121,1207
20260914_141209_795449,2,1,FIST,1122,1.122,1209
20260914_141209_795449,2,1,FIST,1123,1.123,1152
20260914_141209_795449,2,1,FIST,1124,1.124,1466
20260914_141209_795449,2,1,FIST,1125,1.125,720
20260914_141209_795449,2,1,FIST,1126,1.126,1298
20260914_141209_795449,2,1,FIST,1127,1.127,1299
20260914_141209_795449,2,1,FIST,1128,1.128,1168
20260914_141209_795449,2,1,FIST,1129,1.129,1255
20260914_141209_795449,2,1,FIST,1130,1.13,1105
20260914_141209_795449,2,1,FIST,1131,1.131,1063
20260914_141209_795449,2,1,FIST,1132,1.132,1021
20260914_141209_795449,2,1,FIST,1133,1.133,899
20260914_141209_795449,2,1,FIST,1134,1.134,849
20260914_141209_795449,2,1,FIST,1135,1.135,839
20260914_141209_795449,2,1,FIST,1136,1.136,827
20260914_141209_795449,2,1,FIST,1137,1.137,809
20260914_141209_795449,2,1,FIST,1138,1.138,806
20260914_141209_795449,2,1,FIST,1139,1.139,823
20260914_141209_795449,2,1,FIST,1140,1.14,903
20260914_141209_795449,2,1,FIST,1141,1.141,925
20260914_141209_795449,2,1,FIST,1142,1.142,915
20260914_141209_795449,2,1,FIST,1143,1.143,1105
20260914_141209_795449,2,1,FIST,1144,1.144,1247
20260914_141209_795449,2,1,FIST,1145,1.145,1232
20260914_141209_795449,2,1,FIST,1146,1.146,1261
20260914_141209_795449,2,1,FIST,1147,1.147,1611
20260914_141209_795449,2,1,FIST,1148,1.148,1307
20260914_141209_795449,2,1,FIST,1149,1.149,1466
20260914_141209_795449,2,1,FIST,1150,1.15,1331
20260914_141209_795449,2,1,FIST,1151,1.151,1314
20260914_141209_795449,2,1,FIST,1152,1.152,1280
20260914_141209_795449,2,1,FIST,1153,1.153,1168
20260914_141209_795449,2,1,FIST,1154,1.154,1093
20260914_141209_795449,2,1,FIST,1155,1.155,1071
20260914_141209_795449,2,1,FIST,1156,1.156,1040
20260914_141209_795449,2,1,FIST,1157,1.157,1008
20260914_141209_795449,2,1,FIST,1158,1.158,1052
20260914_141209_795449,2,1,FIST,1159,1.159,897
20260914_141209_795449,2,1,FIST,1160,1.16,1174
20260914_141209_795449,2,1,FIST,1161,1.161,1208
20260914_141209_795449,2,1,FIST,1162,1.162,964
20260914_141209_795449,2,1,FIST,1163,1.163,1326
20260914_141209_795449,2,1,FIST,1164,1.164,1430
20260914_141209_795449,2,1,FIST,1165,1.165,1225
20260914_141209_795449,2,1,FIST,1166,1.166,1253
20260914_141209_795449,2,1,FIST,1167,1.167,1344
20260914_141209_795449,2,1,FIST,1168,1.168,1287
20260914_141209_795449,2,1,FIST,1169,1.169,1231
20260914_141209_795449,2,1,FIST,1170,1.17,1105
20260914_141209_795449,2,1,FIST,1171,1.171,1139
20260914_141209_795449,2,1,FIST,1172,1.172,1071
20260914_141209_795449,2,1,FIST,1173,1.173,749
20260914_141209_795449,2,1,FIST,1174,1.174,886
20260914_141209_795449,2,1,FIST,1175,1.175,880
20260914_141209_795449,2,1,FIST,1176,1.176,851
20260914_141209_795449,2,1,FIST,1177,1.177,845
20260914_141209_795449,2,1,FIST,1178,1.178,843
20260914_141209_795449,2,1,FIST,1179,1.179,842
20260914_141209_795449,2,1,FIST,1180,1.18,895
20260914_141209_795449,2,1,FIST,1181,1.181,1175
20260914_141209_795449,2,1,FIST,1182,1.182,951
20260914_141209_795449,2,1,FIST,1183,1.183,1324
20260914_141209_795449,2,1,FIST,1184,1.184,1050
20260914_141209_795449,2,1,FIST,1185,1.185,1408
20260914_141209_795449,2,1,FIST,1186,1.186,1461
20260914_141209_795449,2,1,FIST,1187,1.187,1492
20260914_141209_795449,2,1,FIST,1188,1.188,1475
20260914_141209_795449,2,1,FIST,1189,1.189,1457
20260914_141209_795449,2,1,FIST,1190,1.19,1324
20260914_141209_795449,2,1,FIST,1191,1.191,1312
20260914_141209_795449,2,1,FIST,1192,1.192,1431
20260914_141209_795449,2,1,FIST,1193,1.193,1168
20260914_141209_795449,2,1,FIST,1194,1.194,1151
20260914_141209_795449,2,1,FIST,1195,1.195,1135
20260914_141209_795449,2,1,FIST,1196,1.196,1111
20260914_141209_795449,2,1,FIST,1197,1.197,1088
20260914_141209_795449,2,1,FIST,1198,1.198,1122
20260914_141209_795449,2,1,FIST,1199,1.199,1136
20260914_141209_795449,2,1,FIST,1200,1.2,1198
20260914_141209_795449,2,1,FIST,1201,1.201,1227
20260914_141209_795449,2,1,FIST,1202,1.202,1217
20260914_141209_795449,2,1,FIST,1203,1.203,1337
20260914_141209_795449,2,1,FIST,1204,1.204,1397
20260914_141209_795449,2,1,FIST,1205,1.205,1176
20260914_141209_795449,2,1,FIST,1206,1.206,1447
20260914_141209_795449,2,1,FIST,1207,1.207,1475
20260914_141209_795449,2,1,FIST,1208,1.208,1456
20260914_141209_795449,2,1,FIST,1209,1.209,1439
20260914_141209_795449,2,1,FIST,1210,1.21,1323
20260914_141209_795449,2,1,FIST,1211,1.211,1061
20260914_141209_795449,2,1,FIST,1212,1.212,1048
20260914_141209_795449,2,1,FIST,1213,1.213,925
20260914_141209_795449,2,1,FIST,1214,1.214,903
20260914_141209_795449,2,1,FIST,1215,1.215,860
20260914_141209_795449,2,1,FIST,1216,1.216,882
20260914_141209_795449,2,1,FIST,1217,1.217,841
20260914_141209_795449,2,1,FIST,1218,1.218,878
20260914_141209_795449,2,1,FIST,1219,1.219,875
20260914_141209_795449,2,1,FIST,1220,1.22,991
20260914_141209_795449,2,1,FIST,1221,1.221,943
20260914_141209_795449,2,1,FIST,1222,1.222,958
20260914_141209_795449,2,1,FIST,1223,1.223,1333
20260914_141209_795449,2,1,FIST,1224,1.224,1310
20260914_141209_795449,2,1,FIST,1225,1.225,1408
20260914_141209_795449,2,1,FIST,1226,1.226,1405
20260914_141209_795449,2,1,FIST,1227,1.227,1463
20260914_141209_795449,2,1,FIST,1228,1.228,1440
20260914_141209_795449,2,1,FIST,1229,1.229,1408
20260914_141209_795449,2,1,FIST,1230,1.23,1328
20260914_141209_795449,2,1,FIST,1231,1.231,1248
20260914_141209_795449,2,1,FIST,1232,1.232,1275
20260914_141209_795449,2,1,FIST,1233,1.233,1131
20260914_141209_795449,2,1,FIST,1234,1.234,1170
20260914_141209_795449,2,1,FIST,1235,1.235,912
20260914_141209_795449,2,1,FIST,1236,1.236,885
20260914_141209_795449,2,1,FIST,1237,1.237,896
20260914_141209_795449,2,1,FIST,1238,1.238,880
20260914_141209_795449,2,1,FIST,1239,1.239,879
20260914_141209_795449,2,1,FIST,1240,1.24,947
20260914_141209_795449,2,1,FIST,1241,1.241,973
20260914_141209_795449,2,1,FIST,1242,1.242,929
20260914_141209_795449,2,1,FIST,1243,1.243,1060
20260914_141209_795449,2,1,FIST,1244,1.244,1383
20260914_141209_795449,2,1,FIST,1245,1.245,1094
20260914_141209_795449,2,1,FIST,1246,1.246,1393
20260914_141209_795449,2,1,FIST,1247,1.247,1519
20260914_141209_795449,2,1,FIST,1248,1.248,1411
20260914_141209_795449,2,1,FIST,1249,1.249,1392
20260914_141209_795449,2,1,FIST,1250,1.25,1299
20260914_141209_795449,2,1,FIST,1251,1.251,1298
20260914_141209_795449,2,1,FIST,1252,1.252,1296
20260914_141209_795449,2,1,FIST,1253,1.253,1178
20260914_141209_795449,2,1,FIST,1254,1.254,1173
20260914_141209_795449,2,1,FIST,1255,1.255,1111
20260914_141209_795449,2,1,FIST,1256,1.256,1022
20260914_141209_795449,2,1,FIST,1257,1.257,1132
20260914_141209_795449,2,1,FIST,1258,1.258,1161
20260914_141209_795449,2,1,FIST,1259,1.259,1183
20260914_141209_795449,2,1,FIST,1260,1.26,1216
20260914_141209_795449,2,1,FIST,1261,1.261,1232
20260914_141209_795449,2,1,FIST,1262,1.262,1249
20260914_141209_795449,2,1,FIST,1263,1.263,1083
20260914_141209_795449,2,1,FIST,1264,1.264,1133
20260914_141209_795449,2,1,FIST,1265,1.265,1239
20260914_141209_795449,2,1,FIST,1266,1.266,1108
20260914_141209_795449,2,1,FIST,1267,1.267,1167
20260914_141209_795449,2,1,FIST,1268,1.268,1151
20260914_141209_795449,2,1,FIST,1269,1.269,1120
20260914_141209_795449,2,1,FIST,1270,1.27,1057
20260914_141209_795449,2,1,FIST,1271,1.271,1008
20260914_141209_795449,2,1,FIST,1272,1.272,1023
20260914_141209_795449,2,1,FIST,1273,1.273,931
20260914_141209_795449,2,1,FIST,1274,1.274,915
20260914_141209_795449,2,1,FIST,1275,1.275,962
20260914_141209_795449,2,1,FIST,1276,1.276,891
20260914_141209_795449,2,1,FIST,1277,1.277,875
20260914_141209_795449,2,1,FIST,1278,1.278,1219
20260914_141209_795449,2,1,FIST,1279,1.279,1180
20260914_141209_795449,2,1,FIST,1280,1.28,1197
20260914_141209_795449,2,1,FIST,1281,1.281,1232
20260914_141209_795449,2,1,FIST,1282,1.282,1216
20260914_141209_795449,2,1,FIST,1283,1.283,1308
20260914_141209_795449,2,1,FIST,1284,1.284,1344
20260914_141209_795449,2,1,FIST,1285,1.285,1424
20260914_141209_795449,2,1,FIST,1286,1.286,1382
20260914_141209_795449,2,1,FIST,1287,1.287,1408
20260914_141209_795449,2,1,FIST,1288,1.288,1448
20260914_141209_795449,2,1,FIST,1289,1.289,1386
20260914_141209_795449,2,1,FIST,1290,1.29,1320
20260914_141209_795449,2,1,FIST,1291,1.291,1305
20260914_141209_795449,2,1,FIST,1292,1.292,1314
20260914_141209_795449,2,1,FIST,1293,1.293,1174
20260914_141209_795449,2,1,FIST,1294,1.294,987
20260914_141209_795449,2,1,FIST,1295,1.295,1168
20260914_141209_795449,2,1,FIST,1296,1.296,1158
20260914_141209_795449,2,1,FIST,1297,1.297,1121
20260914_141209_795449,2,1,FIST,1298,1.298,1142
20260914_141209_795449,2,1,FIST,1299,1.299,1282
20260914_141209_795449,2,1,FIST,1300,1.3,966
20260914_141209_795449,2,1,FIST,1301,1.301,1232
20260914_141209_795449,2,1,FIST,1302,1.302,979
20260914_141209_795449,2,1,FIST,1303,1.303,1328
20260914_141209_795449,2,1,FIST,1304,1.304,1120
20260914_141209_795449,2,1,FIST,1305,1.305,1350
20260914_141209_795449,2,1,FIST,1306,1.306,1297
20260914_141209_795449,2,1,FIST,1307,1.307,1446
20260914_141209_795449,2,1,FIST,1308,1.308,1447
20260914_141209_795449,2,1,FIST,1309,1.309,1153
20260914_141209_795449,2,1,FIST,1310,1.31,1072
20260914_141209_795449,2,1,FIST,1311,1.311,1056
20260914_141209_795449,2,1,FIST,1312,1.312,1041
20260914_141209_795449,2,1,FIST,1313,1.313,957
20260914_141209_795449,2,1,FIST,1314,1.314,658
20260914_141209_795449,2,1,FIST,1315,1.315,937
20260914_141209_795449,2,1,FIST,1316,1.316,895
20260914_141209_795449,2,1,FIST,1317,1.317,910
20260914_141209_795449,2,1,FIST,1318,1.318,897
20260914_141209_795449,2,1,FIST,1319,1.319,912
20260914_141209_795449,2,1,FIST,1320,1.32,944
20260914_141209_795449,2,1,FIST,1321,1.321,956
20260914_141209_795449,2,1,FIST,1322,1.322,951
20260914_141209_795449,2,1,FIST,1323,1.323,1054
20260914_141209_795449,2,1,FIST,1324,1.324,1117
20260914_141209_795449,2,1,FIST,1325,1.325,1102
20260914_141209_795449,2,1,FIST,1326,1.326,1392
20260914_141209_795449,2,1,FIST,1327,1.327,1200
20260914_141209_795449,2,1,FIST,1328,1.328,1397
20260914_141209_795449,2,1,FIST,1329,1.329,1434
20260914_141209_795449,2,1,FIST,1330,1.33,1294
20260914_141209_795449,2,1,FIST,1331,1.331,1271
20260914_141209_795449,2,1,FIST,1332,1.332,1267
20260914_141209_795449,2,1,FIST,1333,1.333,1166
20260914_141209_795449,2,1,FIST,1334,1.334,1165
20260914_141209_795449,2,1,FIST,1335,1.335,1218
20260914_141209_795449,2,1,FIST,1336,1.336,1131
20260914_141209_795449,2,1,FIST,1337,1.337,768
20260914_141209_795449,2,1,FIST,1338,1.338,1079
20260914_141209_795449,2,1,FIST,1339,1.339,1137
20260914_141209_795449,2,1,FIST,1340,1.34,1232
20260914_141209_795449,2,1,FIST,1341,1.341,1179
20260914_141209_795449,2,1,FIST,1342,1.342,1287
20260914_141209_795449,2,1,FIST,1343,1.343,1296
20260914_141209_795449,2,1,FIST,1344,1.344,1338
20260914_141209_795449,2,1,FIST,1345,1.345,1344
20260914_141209_795449,2,1,FIST,1346,1.346,1378
20260914_141209_795449,2,1,FIST,1347,1.347,1424
20260914_141209_795449,2,1,FIST,1348,1.348,1454
20260914_141209_795449,2,1,FIST,1349,1.349,1426
20260914_141209_795449,2,1,FIST,1350,1.35,1331
20260914_141209_795449,2,1,FIST,1351,1.351,1313
20260914_141209_795449,2,1,FIST,1352,1.352,1315
20260914_141209_795449,2,1,FIST,1353,1.353,1237
20260914_141209_795449,2,1,FIST,1354,1.354,1175
20260914_141209_795449,2,1,FIST,1355,1.355,1145
20260914_141209_795449,2,1,FIST,1356,1.356,1154
20260914_141209_795449,2,1,FIST,1357,1.357,884
20260914_141209_795449,2,1,FIST,1358,1.358,889
20260914_141209_795449,2,1,FIST,1359,1.359,900
20260914_141209_795449,2,1,FIST,1360,1.36,955
20260914_141209_795449,2,1,FIST,1361,1.361,974
20260914_141209_795449,2,1,FIST,1362,1.362,956
20260914_141209_795449,2,1,FIST,1363,1.363,1073
20260914_141209_795449,2,1,FIST,1364,1.364,1131
20260914_141209_795449,2,1,FIST,1365,1.365,1119
20260914_141209_795449,2,1,FIST,1366,1.366,1159
20260914_141209_795449,2,1,FIST,1367,1.367,1207
20260914_141209_795449,2,1,FIST,1368,1.368,1175
20260914_141209_795449,2,1,FIST,1369,1.369,1171
20260914_141209_795449,2,1,FIST,1370,1.37,1079
20260914_141209_795449,2,1,FIST,1371,1.371,1033
20260914_141209_795449,2,1,FIST,1372,1.372,1018
20260914_141209_795449,2,1,FIST,1373,1.373,947
20260914_141209_795449,2,1,FIST,1374,1.374,907
20260914_141209_795449,2,1,FIST,1375,1.375,895
20260914_141209_795449,2,1,FIST,1376,1.376,1119
20260914_141209_795449,2,1,FIST,1377,1.377,941
20260914_141209_795449,2,1,FIST,1378,1.378,1075
20260914_141209_795449,2,1,FIST,1379,1.379,1101
20260914_141209_795449,2,1,FIST,1380,1.38,1167
20260914_141209_795449,2,1,FIST,1381,1.381,1191
20260914_141209_795449,2,1,FIST,1382,1.382,1212
20260914_141209_795449,2,1,FIST,1383,1.383,1296
20260914_141209_795449,2,1,FIST,1384,1.384,1344
20260914_141209_795449,2,1,FIST,1385,1.385,1352
20260914_141209_795449,2,1,FIST,1386,1.386,1393
20260914_141209_795449,2,1,FIST,1387,1.387,1397
20260914_141209_795449,2,1,FIST,1388,1.388,1422
20260914_141209_795449,2,1,FIST,1389,1.389,1393
20260914_141209_795449,2,1,FIST,1390,1.39,1326
20260914_141209_795449,2,1,FIST,1391,1.391,1311
20260914_141209_795449,2,1,FIST,1392,1.392,1264
20260914_141209_795449,2,1,FIST,1393,1.393,1200
20260914_141209_795449,2,1,FIST,1394,1.394,1194
20260914_141209_795449,2,1,FIST,1395,1.395,1155
20260914_141209_795449,2,1,FIST,1396,1.396,1147
20260914_141209_795449,2,1,FIST,1397,1.397,1159
20260914_141209_795449,2,1,FIST,1398,1.398,1174
20260914_141209_795449,2,1,FIST,1399,1.399,1150
20260914_141209_795449,2,1,FIST,1400,1.4,1226
20260914_141209_795449,2,1,FIST,1401,1.401,1232
20260914_141209_795449,2,1,FIST,1402,1.402,1264
20260914_141209_795449,2,1,FIST,1403,1.403,1301
20260914_141209_795449,2,1,FIST,1404,1.404,1120
20260914_141209_795449,2,1,FIST,1405,1.405,1108
20260914_141209_795449,2,1,FIST,1406,1.406,1133
20260914_141209_795449,2,1,FIST,1407,1.407,1162
20260914_141209_795449,2,1,FIST,1408,1.408,1191
20260914_141209_795449,2,1,FIST,1409,1.409,1166
20260914_141209_795449,2,1,FIST,1410,1.41,1088
20260914_141209_795449,2,1,FIST,1411,1.411,1079
20260914_141209_795449,2,1,FIST,1412,1.412,1056
20260914_141209_795449,2,1,FIST,1413,1.413,989
20260914_141209_795449,2,1,FIST,1414,1.414,937
20260914_141209_795449,2,1,FIST,1415,1.415,932
20260914_141209_795449,2,1,FIST,1416,1.416,912
20260914_141209_795449,2,1,FIST,1417,1.417,943
20260914_141209_795449,2,1,FIST,1418,1.418,932
20260914_141209_795449,2,1,FIST,1419,1.419,1023
20260914_141209_795449,2,1,FIST,1420,1.42,964
20260914_141209_795449,2,1,FIST,1421,1.421,965
20260914_141209_795449,2,1,FIST,1422,1.422,969
20260914_141209_795449,2,1,FIST,1423,1.423,1022
20260914_141209_795449,2,1,FIST,1424,1.424,1075
20260914_141209_795449,2,1,FIST,1425,1.425,1083
20260914_141209_795449,2,1,FIST,1426,1.426,1105
20260914_141209_795449,2,1,FIST,1427,1.427,1089
20260914_141209_795449,2,1,FIST,1428,1.428,1143
20260914_141209_795449,2,1,FIST,1429,1.429,1093
20260914_141209_795449,2,1,FIST,1430,1.43,1291
20260914_141209_795449,2,1,FIST,1431,1.431,836
20260914_141209_795449,2,1,FIST,1432,1.432,1277
20260914_141209_795449,2,1,FIST,1433,1.433,1211
20260914_141209_795449,2,1,FIST,1434,1.434,1152
20260914_141209_795449,2,1,FIST,1435,1.435,1152
20260914_141209_795449,2,1,FIST,1436,1.436,1122
20260914_141209_795449,2,1,FIST,1437,1.437,1114
20260914_141209_795449,2,1,FIST,1438,1.438,1129
20260914_141209_795449,2,1,FIST,1439,1.439,1123
20260914_141209_795449,2,1,FIST,1440,1.44,1168
20260914_141209_795449,2,1,FIST,1441,1.441,1136
20260914_141209_795449,2,1,FIST,1442,1.442,1201
20260914_141209_795449,2,1,FIST,1443,1.443,1275
20260914_141209_795449,2,1,FIST,1444,1.444,1346
20260914_141209_795449,2,1,FIST,1445,1.445,1350
20260914_141209_795449,2,1,FIST,1446,1.446,1382
20260914_141209_795449,2,1,FIST,1447,1.447,1392
20260914_141209_795449,2,1,FIST,1448,1.448,1456
20260914_141209_795449,2,1,FIST,1449,1.449,1381
20260914_141209_795449,2,1,FIST,1450,1.45,1313
20260914_141209_795449,2,1,FIST,1451,1.451,1280
20260914_141209_795449,2,1,FIST,1452,1.452,1291
20260914_141209_795449,2,1,FIST,1453,1.453,1200
20260914_141209_795449,2,1,FIST,1454,1.454,1199
20260914_141209_795449,2,1,FIST,1455,1.455,1163
20260914_141209_795449,2,1,FIST,1456,1.456,1157
20260914_141209_795449,2,1,FIST,1457,1.457,1122
20260914_141209_795449,2,1,FIST,1458,1.458,1107
20260914_141209_795449,2,1,FIST,1459,1.459,1110
20260914_141209_795449,2,1,FIST,1460,1.46,1178
20260914_141209_795449,2,1,FIST,1461,1.461,1196
20260914_141209_795449,2,1,FIST,1462,1.462,1209
20260914_141209_795449,2,1,FIST,1463,1.463,1284
20260914_141209_795449,2,1,FIST,1464,1.464,1344
20260914_141209_795449,2,1,FIST,1465,1.465,1347
20260914_141209_795449,2,1,FIST,1466,1.466,1388
20260914_141209_795449,2,1,FIST,1467,1.467,1409
20260914_141209_795449,2,1,FIST,1468,1.468,1274
20260914_141209_795449,2,1,FIST,1469,1.469,1407
20260914_141209_795449,2,1,FIST,1470,1.47,1328
20260914_141209_795449,2,1,FIST,1471,1.471,1232
20260914_141209_795449,2,1,FIST,1472,1.472,1311
20260914_141209_795449,2,1,FIST,1473,1.473,1232
20260914_141209_795449,2,1,FIST,1474,1.474,1196
20260914_141209_795449,2,1,FIST,1475,1.475,939
20260914_141209_795449,2,1,FIST,1476,1.476,1152
20260914_141209_795449,2,1,FIST,1477,1.477,1143
20260914_141209_795449,2,1,FIST,1478,1.478,1117
20260914_141209_795449,2,1,FIST,1479,1.479,1154
20260914_141209_795449,2,1,FIST,1480,1.48,1199
20260914_141209_795449,2,1,FIST,1481,1.481,1216
20260914_141209_795449,2,1,FIST,1482,1.482,1242
20260914_141209_795449,2,1,FIST,1483,1.483,1118
20260914_141209_795449,2,1,FIST,1484,1.484,1359
20260914_141209_795449,2,1,FIST,1485,1.485,1168
20260914_141209_795449,2,1,FIST,1486,1.486,1399
20260914_141209_795449,2,1,FIST,1487,1.487,1426
20260914_141209_795449,2,1,FIST,1488,1.488,1426
20260914_141209_795449,2,1,FIST,1489,1.489,1231
20260914_141209_795449,2,1,FIST,1490,1.49,1328
20260914_141209_795449,2,1,FIST,1491,1.491,1299
20260914_141209_795449,2,1,FIST,1492,1.492,1296
20260914_141209_795449,2,1,FIST,1493,1.493,1167
20260914_141209_795449,2,1,FIST,1494,1.494,1123
20260914_141209_795449,2,1,FIST,1495,1.495,1168
20260914_141209_795449,2,1,FIST,1496,1.496,1159
20260914_141209_795449,2,1,FIST,1497,1.497,890
20260914_141209_795449,2,1,FIST,1498,1.498,896
20260914_141209_795449,2,1,FIST,1499,1.499,912
20260914_141209_795449,2,1,FIST,1500,1.5,989
20260914_141209_795449,2,1,FIST,1501,1.501,980
20260914_141209_795449,2,1,FIST,1502,1.502,959
20260914_141209_795449,2,1,FIST,1503,1.503,1050
20260914_141209_795449,2,1,FIST,1504,1.504,1079
20260914_141209_795449,2,1,FIST,1505,1.505,1079
20260914_141209_795449,2,1,FIST,1506,1.506,1138
20260914_141209_795449,2,1,FIST,1507,1.507,1110
20260914_141209_795449,2,1,FIST,1508,1.508,1159
20260914_141209_795449,2,1,FIST,1509,1.509,1116
20260914_141209_795449,2,1,FIST,1510,1.51,1049
20260914_141209_795449,2,1,FIST,1511,1.511,1152
20260914_141209_795449,2,1,FIST,1512,1.512,1011
20260914_141209_795449,2,1,FIST,1513,1.513,962
20260914_141209_795449,2,1,FIST,1514,1.514,895
20260914_141209_795449,2,1,FIST,1515,1.515,891
20260914_141209_795449,2,1,FIST,1516,1.516,967
20260914_141209_795449,2,1,FIST,1517,1.517,880
20260914_141209_795449,2,1,FIST,1518,1.518,651
20260914_141209_795449,2,1,FIST,1519,1.519,870
20260914_141209_795449,2,1,FIST,1520,1.52,989
20260914_141209_795449,2,1,FIST,1521,1.521,949
20260914_141209_795449,2,1,FIST,1522,1.522,949
20260914_141209_795449,2,1,FIST,1523,1.523,1008
20260914_141209_795449,2,1,FIST,1524,1.524,1053
20260914_141209_795449,2,1,FIST,1525,1.525,1049
20260914_141209_795449,2,1,FIST,1526,1.526,1098
20260914_141209_795449,2,1,FIST,1527,1.527,1122
20260914_141209_795449,2,1,FIST,1528,1.528,866
20260914_141209_795449,2,1,FIST,1529,1.529,1085
20260914_141209_795449,2,1,FIST,1530,1.53,1070
20260914_141209_795449,2,1,FIST,1531,1.531,1006
20260914_141209_795449,2,1,FIST,1532,1.532,1246
20260914_141209_795449,2,1,FIST,1533,1.533,1205
20260914_141209_795449,2,1,FIST,1534,1.534,983
20260914_141209_795449,2,1,FIST,1535,1.535,1165
20260914_141209_795449,2,1,FIST,1536,1.536,1152
20260914_141209_795449,2,1,FIST,1537,1.537,1132
20260914_141209_795449,2,1,FIST,1538,1.538,1136
20260914_141209_795449,2,1,FIST,1539,1.539,1120
20260914_141209_795449,2,1,FIST,1540,1.54,1172
20260914_141209_795449,2,1,FIST,1541,1.541,1184
20260914_141209_795449,2,1,FIST,1542,1.542,1174
20260914_141209_795449,2,1,FIST,1543,1.543,1280
20260914_141209_795449,2,1,FIST,1544,1.544,1303
20260914_141209_795449,2,1,FIST,1545,1.545,1291
20260914_141209_795449,2,1,FIST,1546,1.546,1324
20260914_141209_795449,2,1,FIST,1547,1.547,1362
20260914_141209_795449,2,1,FIST,1548,1.548,1439
20260914_141209_795449,2,1,FIST,1549,1.549,1348
20260914_141209_795449,2,1,FIST,1550,1.55,1315
20260914_141209_795449,2,1,FIST,1551,1.551,1081
20260914_141209_795449,2,1,FIST,1552,1.552,1280
20260914_141209_795449,2,1,FIST,1553,1.553,1260
20260914_141209_795449,2,1,FIST,1554,1.554,1168
20260914_141209_795449,2,1,FIST,1555,1.555,1152
20260914_141209_795449,2,1,FIST,1556,1.556,1138
20260914_141209_795449,2,1,FIST,1557,1.557,1168
20260914_141209_795449,2,1,FIST,1558,1.558,1104
20260914_141209_795449,2,1,FIST,1559,1.559,1151
20260914_141209_795449,2,1,FIST,1560,1.56,1160
20260914_141209_795449,2,1,FIST,1561,1.561,1193
20260914_141209_795449,2,1,FIST,1562,1.562,1202
20260914_141209_795449,2,1,FIST,1563,1.563,1257
20260914_141209_795449,2,1,FIST,1564,1.564,1350
20260914_141209_795449,2,1,FIST,1565,1.565,1336
20260914_141209_795449,2,1,FIST,1566,1.566,1391
20260914_141209_795449,2,1,FIST,1567,1.567,1488
20260914_141209_795449,2,1,FIST,1568,1.568,1403
20260914_141209_795449,2,1,FIST,1569,1.569,1408
20260914_141209_795449,2,1,FIST,1570,1.57,1335
20260914_141209_795449,2,1,FIST,1571,1.571,1280
20260914_141209_795449,2,1,FIST,1572,1.572,1266
20260914_141209_795449,2,1,FIST,1573,1.573,1230
20260914_141209_795449,2,1,FIST,1574,1.574,1136
20260914_141209_795449,2,1,FIST,1575,1.575,1160
20260914_141209_795449,2,1,FIST,1576,1.576,1136
20260914_141209_795449,2,1,FIST,1577,1.577,1128
20260914_141209_795449,2,1,FIST,1578,1.578,1107
20260914_141209_795449,2,1,FIST,1579,1.579,1116
20260914_141209_795449,2,1,FIST,1580,1.58,1164
20260914_141209_795449,2,1,FIST,1581,1.581,1152
20260914_141209_795449,2,1,FIST,1582,1.582,1193
20260914_141209_795449,2,1,FIST,1583,1.583,1263
20260914_141209_795449,2,1,FIST,1584,1.584,1345
20260914_141209_795449,2,1,FIST,1585,1.585,1351
20260914_141209_795449,2,1,FIST,1586,1.586,1392
20260914_141209_795449,2,1,FIST,1587,1.587,1516
20260914_141209_795449,2,1,FIST,1588,1.588,1450
20260914_141209_795449,2,1,FIST,1589,1.589,1392
20260914_141209_795449,2,1,FIST,1590,1.59,1336
20260914_141209_795449,2,1,FIST,1591,1.591,1288
20260914_141209_795449,2,1,FIST,1592,1.592,1404
20260914_141209_795449,2,1,FIST,1593,1.593,1240
20260914_141209_795449,2,1,FIST,1594,1.594,1161
20260914_141209_795449,2,1,FIST,1595,1.595,1166
20260914_141209_795449,2,1,FIST,1596,1.596,1160
20260914_141209_795449,2,1,FIST,1597,1.597,1163
20260914_141209_795449,2,1,FIST,1598,1.598,1222
20260914_141209_795449,2,1,FIST,1599,1.599,1066
20260914_141209_795449,2,1,FIST,1600,1.6,1200
20260914_141209_795449,2,1,FIST,1601,1.601,1224
20260914_141209_795449,2,1,FIST,1602,1.602,1273
20260914_141209_795449,2,1,FIST,1603,1.603,1275
20260914_141209_795449,2,1,FIST,1604,1.604,1338
20260914_141209_795449,2,1,FIST,1605,1.605,1347
20260914_141209_795449,2,1,FIST,1606,1.606,1403
20260914_141209_795449,2,1,FIST,1607,1.607,1370
20260914_141209_795449,2,1,FIST,1608,1.608,1217
20260914_141209_795449,2,1,FIST,1609,1.609,1401
20260914_141209_795449,2,1,FIST,1610,1.61,1154
20260914_141209_795449,2,1,FIST,1611,1.611,1055
20260914_141209_795449,2,1,FIST,1612,1.612,1056
20260914_141209_795449,2,1,FIST,1613,1.613,1071
20260914_141209_795449,2,1,FIST,1614,1.614,944
20260914_141209_795449,2,1,FIST,1615,1.615,938
20260914_141209_795449,2,1,FIST,1616,1.616,918
20260914_141209_795449,2,1,FIST,1617,1.617,890
20260914_141209_795449,2,1,FIST,1618,1.618,891
20260914_141209_795449,2,1,FIST,1619,1.619,899
20260914_141209_795449,2,1,FIST,1620,1.62,915
20260914_141209_795449,2,1,FIST,1621,1.621,941
20260914_141209_795449,2,1,FIST,1622,1.622,945
20260914_141209_795449,2,1,FIST,1623,1.623,1008
20260914_141209_795449,2,1,FIST,1624,1.624,1063
20260914_141209_795449,2,1,FIST,1625,1.625,1053
20260914_141209_795449,2,1,FIST,1626,1.626,1230
20260914_141209_795449,2,1,FIST,1627,1.627,1108
20260914_141209_795449,2,1,FIST,1628,1.628,1163
20260914_141209_795449,2,1,FIST,1629,1.629,1092
20260914_141209_795449,2,1,FIST,1630,1.63,1050
20260914_141209_795449,2,1,FIST,1631,1.631,1238
20260914_141209_795449,2,1,FIST,1632,1.632,1253
20260914_141209_795449,2,1,FIST,1633,1.633,1199
20260914_141209_795449,2,1,FIST,1634,1.634,1141
20260914_141209_795449,2,1,FIST,1635,1.635,1156
20260914_141209_795449,2,1,FIST,1636,1.636,1137
20260914_141209_795449,2,1,FIST,1637,1.637,1125
20260914_141209_795449,2,1,FIST,1638,1.638,1107
20260914_141209_795449,2,1,FIST,1639,1.639,1115
20260914_141209_795449,2,1,FIST,1640,1.64,1184
20260914_141209_795449,2,1,FIST,1641,1.641,1175
20260914_141209_795449,2,1,FIST,1642,1.642,1232
20260914_141209_795449,2,1,FIST,1643,1.643,1271
20260914_141209_795449,2,1,FIST,1644,1.644,1316
20260914_141209_795449,2,1,FIST,1645,1.645,1334
20260914_141209_795449,2,1,FIST,1646,1.646,1347
20260914_141209_795449,2,1,FIST,1647,1.647,1402
20260914_141209_795449,2,1,FIST,1648,1.648,1398
20260914_141209_795449,2,1,FIST,1649,1.649,1394
20260914_141209_795449,2,1,FIST,1650,1.65,1322
20260914_141209_795449,2,1,FIST,1651,1.651,1047
20260914_141209_795449,2,1,FIST,1652,1.652,1297
20260914_141209_795449,2,1,FIST,1653,1.653,1244
20260914_141209_795449,2,1,FIST,1654,1.654,1189
20260914_141209_795449,2,1,FIST,1655,1.655,1194
20260914_141209_795449,2,1,FIST,1656,1.656,930
20260914_141209_795449,2,1,FIST,1657,1.657,1023
20260914_141209_795449,2,1,FIST,1658,1.658,1094
20260914_141209_795449,2,1,FIST,1659,1.659,914
20260914_141209_795449,2,1,FIST,1660,1.66,956
20260914_141209_795449,2,1,FIST,1661,1.661,970
20260914_141209_795449,2,1,FIST,1662,1.662,994
20260914_141209_795449,2,1,FIST,1663,1.663,1039
20260914_141209_795449,2,1,FIST,1664,1.664,1100
20260914_141209_795449,2,1,FIST,1665,1.665,1111
20260914_141209_795449,2,1,FIST,1666,1.666,1136
20260914_141209_795449,2,1,FIST,1667,1.667,1181
20260914_141209_795449,2,1,FIST,1668,1.668,1181
20260914_141209_795449,2,1,FIST,1669,1.669,1155
20260914_141209_795449,2,1,FIST,1670,1.67,1058
20260914_141209_795449,2,1,FIST,1671,1.671,1056
20260914_141209_795449,2,1,FIST,1672,1.672,1033
20260914_141209_795449,2,1,FIST,1673,1.673,971
20260914_141209_795449,2,1,FIST,1674,1.674,1146
20260914_141209_795449,2,1,FIST,1675,1.675,1141
20260914_141209_795449,2,1,FIST,1676,1.676,1191
20260914_141209_795449,2,1,FIST,1677,1.677,1099
20260914_141209_795449,2,1,FIST,1678,1.678,1081
20260914_141209_795449,2,1,FIST,1679,1.679,1102
20260914_141209_795449,2,1,FIST,1680,1.68,1136
20260914_141209_795449,2,1,FIST,1681,1.681,1260
20260914_141209_795449,2,1,FIST,1682,1.682,1215
20260914_141209_795449,2,1,FIST,1683,1.683,1271
20260914_141209_795449,2,1,FIST,1684,1.684,1355
20260914_141209_795449,2,1,FIST,1685,1.685,1350
20260914_141209_795449,2,1,FIST,1686,1.686,1383
20260914_141209_795449,2,1,FIST,1687,1.687,1410
20260914_141209_795449,2,1,FIST,1688,1.688,1444
20260914_141209_795449,2,1,FIST,1689,1.689,1418
20260914_141209_795449,2,1,FIST,1690,1.69,1323
20260914_141209_795449,2,1,FIST,1691,1.691,1296
20260914_141209_795449,2,1,FIST,1692,1.692,1310
20260914_141209_795449,2,1,FIST,1693,1.693,1133
20260914_141209_795449,2,1,FIST,1694,1.694,928
20260914_141209_795449,2,1,FIST,1695,1.695,926
20260914_141209_795449,2,1,FIST,1696,1.696,896
20260914_141209_795449,2,1,FIST,1697,1.697,880
20260914_141209_795449,2,1,FIST,1698,1.698,891
20260914_141209_795449,2,1,FIST,1699,1.699,880
20260914_141209_795449,2,1,FIST,1700,1.7,926
20260914_141209_795449,2,1,FIST,1701,1.701,987
20260914_141209_795449,2,1,FIST,1702,1.702,963
20260914_141209_795449,2,1,FIST,1703,1.703,1043
20260914_141209_795449,2,1,FIST,1704,1.704,1110
20260914_141209_795449,2,1,FIST,1705,1.705,1107
20260914_141209_795449,2,1,FIST,1706,1.706,1094
20260914_141209_795449,2,1,FIST,1707,1.707,1131
20260914_141209_795449,2,1,FIST,1708,1.708,1120
20260914_141209_795449,2,1,FIST,1709,1.709,1119
20260914_141209_795449,2,1,FIST,1710,1.71,1065
20260914_141209_795449,2,1,FIST,1711,1.711,1106
20260914_141209_795449,2,1,FIST,1712,1.712,1191
20260914_141209_795449,2,1,FIST,1713,1.713,977
20260914_141209_795449,2,1,FIST,1714,1.714,912
20260914_141209_795449,2,1,FIST,1715,1.715,912
20260914_141209_795449,2,1,FIST,1716,1.716,876
20260914_141209_795449,2,1,FIST,1717,1.717,883
20260914_141209_795449,2,1,FIST,1718,1.718,865
20260914_141209_795449,2,1,FIST,1719,1.719,839
20260914_141209_795449,2,1,FIST,1720,1.72,1079
20260914_141209_795449,2,1,FIST,1721,1.721,1186
20260914_141209_795449,2,1,FIST,1722,1.722,1200
20260914_141209_795449,2,1,FIST,1723,1.723,1267
20260914_141209_795449,2,1,FIST,1724,1.724,1313
20260914_141209_795449,2,1,FIST,1725,1.725,1378
20260914_141209_795449,2,1,FIST,1726,1.726,1372
20260914_141209_795449,2,1,FIST,1727,1.727,1416
20260914_141209_795449,2,1,FIST,1728,1.728,1510
20260914_141209_795449,2,1,FIST,1729,1.729,1480
20260914_141209_795449,2,1,FIST,1730,1.73,1355
20260914_141209_795449,2,1,FIST,1731,1.731,1289
20260914_141209_795449,2,1,FIST,1732,1.732,1328
20260914_141209_795449,2,1,FIST,1733,1.733,1237
20260914_141209_795449,2,1,FIST,1734,1.734,1197
20260914_141209_795449,2,1,FIST,1735,1.735,942
20260914_141209_795449,2,1,FIST,1736,1.736,929
20260914_141209_795449,2,1,FIST,1737,1.737,897
20260914_141209_795449,2,1,FIST,1738,1.738,894
20260914_141209_795449,2,1,FIST,1739,1.739,976
20260914_141209_795449,2,1,FIST,1740,1.74,919
20260914_141209_795449,2,1,FIST,1741,1.741,999
20260914_141209_795449,2,1,FIST,1742,1.742,975
20260914_141209_795449,2,1,FIST,1743,1.743,987
20260914_141209_795449,2,1,FIST,1744,1.744,983
20260914_141209_795449,2,1,FIST,1745,1.745,1099
20260914_141209_795449,2,1,FIST,1746,1.746,1111
20260914_141209_795449,2,1,FIST,1747,1.747,1131
20260914_141209_795449,2,1,FIST,1748,1.748,1141
20260914_141209_795449,2,1,FIST,1749,1.749,1313
20260914_141209_795449,2,1,FIST,1750,1.75,1090
20260914_141209_795449,2,1,FIST,1751,1.751,1284
20260914_141209_795449,2,1,FIST,1752,1.752,1021
20260914_141209_795449,2,1,FIST,1753,1.753,966
20260914_141209_795449,2,1,FIST,1754,1.754,924
20260914_141209_795449,2,1,FIST,1755,1.755,854
20260914_141209_795449,2,1,FIST,1756,1.756,841
20260914_141209_795449,2,1,FIST,1757,1.757,841
20260914_141209_795449,2,1,FIST,1758,1.758,826
20260914_141209_795449,2,1,FIST,1759,1.759,1090
20260914_141209_795449,2,1,FIST,1760,1.76,899
20260914_141209_795449,2,1,FIST,1761,1.761,931
20260914_141209_795449,2,1,FIST,1762,1.762,954
20260914_141209_795449,2,1,FIST,1763,1.763,994
20260914_141209_795449,2,1,FIST,1764,1.764,1136
20260914_141209_795449,2,1,FIST,1765,1.765,1185
20260914_141209_795449,2,1,FIST,1766,1.766,1165
20260914_141209_795449,2,1,FIST,1767,1.767,1502
20260914_141209_795449,2,1,FIST,1768,1.768,1471
20260914_141209_795449,2,1,FIST,1769,1.769,1330
20260914_141209_795449,2,1,FIST,1770,1.77,1369
20260914_141209_795449,2,1,FIST,1771,1.771,1045
20260914_141209_795449,2,1,FIST,1772,1.772,1071
20260914_141209_795449,2,1,FIST,1773,1.773,1223
20260914_141209_795449,2,1,FIST,1774,1.774,1185
20260914_141209_795449,2,1,FIST,1775,1.775,1011
20260914_141209_795449,2,1,FIST,1776,1.776,1115
20260914_141209_795449,2,1,FIST,1777,1.777,1084
20260914_141209_795449,2,1,FIST,1778,1.778,1094
20260914_141209_795449,2,1,FIST,1779,1.779,1099
20260914_141209_795449,2,1,FIST,1780,1.78,1176
20260914_141209_795449,2,1,FIST,1781,1.781,1186
20260914_141209_795449,2,1,FIST,1782,1.782,1216
20260914_141209_795449,2,1,FIST,1783,1.783,1224
20260914_141209_795449,2,1,FIST,1784,1.784,1328
20260914_141209_795449,2,1,FIST,1785,1.785,1362
20260914_141209_795449,2,1,FIST,1786,1.786,1394
20260914_141209_795449,2,1,FIST,1787,1.787,1433
20260914_141209_795449,2,1,FIST,1788,1.788,1456
20260914_141209_795449,2,1,FIST,1789,1.789,1447
20260914_141209_795449,2,1,FIST,1790,1.79,1397
20260914_141209_795449,2,1,FIST,1791,1.791,1317
20260914_141209_795449,2,1,FIST,1792,1.792,1270
20260914_141209_795449,2,1,FIST,1793,1.793,1311
20260914_141209_795449,2,1,FIST,1794,1.794,1136
20260914_141209_795449,2,1,FIST,1795,1.795,1135
20260914_141209_795449,2,1,FIST,1796,1.796,1098
20260914_141209_795449,2,1,FIST,1797,1.797,1090
20260914_141209_795449,2,1,FIST,1798,1.798,816
20260914_141209_795449,2,1,FIST,1799,1.799,1222
20260914_141209_795449,2,1,FIST,1800,1.8,902
20260914_141209_795449,2,1,FIST,1801,1.801,953
20260914_141209_795449,2,1,FIST,1802,1.802,1050
20260914_141209_795449,2,1,FIST,1803,1.803,1216
20260914_141209_795449,2,1,FIST,1804,1.804,1295
20260914_141209_795449,2,1,FIST,1805,1.805,1328
20260914_141209_795449,2,1,FIST,1806,1.806,1339
20260914_141209_795449,2,1,FIST,1807,1.807,1292
20260914_141209_795449,2,1,FIST,1808,1.808,1375
20260914_141209_795449,2,1,FIST,1809,1.809,1314
20260914_141209_795449,2,1,FIST,1810,1.81,1314
20260914_141209_795449,2,1,FIST,1811,1.811,1275
20260914_141209_795449,2,1,FIST,1812,1.812,1285
20260914_141209_795449,2,1,FIST,1813,1.813,1248
20260914_141209_795449,2,1,FIST,1814,1.814,1159
20260914_141209_795449,2,1,FIST,1815,1.815,1168
20260914_141209_795449,2,1,FIST,1816,1.816,1152
20260914_141209_795449,2,1,FIST,1817,1.817,1157
20260914_141209_795449,2,1,FIST,1818,1.818,1161
20260914_141209_795449,2,1,FIST,1819,1.819,1111
20260914_141209_795449,2,1,FIST,1820,1.82,1146
20260914_141209_795449,2,1,FIST,1821,1.821,1181
20260914_141209_795449,2,1,FIST,1822,1.822,1177
20260914_141209_795449,2,1,FIST,1823,1.823,1204
20260914_141209_795449,2,1,FIST,1824,1.824,1333
20260914_141209_795449,2,1,FIST,1825,1.825,1367
20260914_141209_795449,2,1,FIST,1826,1.826,1385
20260914_141209_795449,2,1,FIST,1827,1.827,1392
20260914_141209_795449,2,1,FIST,1828,1.828,1410
20260914_141209_795449,2,1,FIST,1829,1.829,1360
20260914_141209_795449,2,1,FIST,1830,1.83,1355
20260914_141209_795449,2,1,FIST,1831,1.831,1280
20260914_141209_795449,2,1,FIST,1832,1.832,1287
20260914_141209_795449,2,1,FIST,1833,1.833,1324
20260914_141209_795449,2,1,FIST,1834,1.834,1173
20260914_141209_795449,2,1,FIST,1835,1.835,1155
20260914_141209_795449,2,1,FIST,1836,1.836,1149
20260914_141209_795449,2,1,FIST,1837,1.837,1136
20260914_141209_795449,2,1,FIST,1838,1.838,1073
20260914_141209_795449,2,1,FIST,1839,1.839,1131
20260914_141209_795449,2,1,FIST,1840,1.84,1187
20260914_141209_795449,2,1,FIST,1841,1.841,1209
20260914_141209_795449,2,1,FIST,1842,1.842,1206
20260914_141209_795449,2,1,FIST,1843,1.843,1277
20260914_141209_795449,2,1,FIST,1844,1.844,1285
20260914_141209_795449,2,1,FIST,1845,1.845,1312
20260914_141209_795449,2,1,FIST,1846,1.846,1360
20260914_141209_795449,2,1,FIST,1847,1.847,1368
20260914_141209_795449,2,1,FIST,1848,1.848,1376
20260914_141209_795449,2,1,FIST,1849,1.849,1350
20260914_141209_795449,2,1,FIST,1850,1.85,1320
20260914_141209_795449,2,1,FIST,1851,1.851,1301
20260914_141209_795449,2,1,FIST,1852,1.852,1252
20260914_141209_795449,2,1,FIST,1853,1.853,1276
20260914_141209_795449,2,1,FIST,1854,1.854,1205
20260914_141209_795449,2,1,FIST,1855,1.855,1190
20260914_141209_795449,2,1,FIST,1856,1.856,1195
20260914_141209_795449,2,1,FIST,1857,1.857,1184
20260914_141209_795449,2,1,FIST,1858,1.858,1157
20260914_141209_795449,2,1,FIST,1859,1.859,1152
20260914_141209_795449,2,1,FIST,1860,1.86,1168
20260914_141209_795449,2,1,FIST,1861,1.861,1229
20260914_141209_795449,2,1,FIST,1862,1.862,1170
20260914_141209_795449,2,1,FIST,1863,1.863,1358
20260914_141209_795449,2,1,FIST,1864,1.864,1328
20260914_141209_795449,2,1,FIST,1865,1.865,1346
20260914_141209_795449,2,1,FIST,1866,1.866,1370
20260914_141209_795449,2,1,FIST,1867,1.867,1399
20260914_141209_795449,2,1,FIST,1868,1.868,1411
20260914_141209_795449,2,1,FIST,1869,1.869,1379
20260914_141209_795449,2,1,FIST,1870,1.87,1372
20260914_141209_795449,2,1,FIST,1871,1.871,1327
20260914_141209_795449,2,1,FIST,1872,1.872,1311
20260914_141209_795449,2,1,FIST,1873,1.873,1264
20260914_141209_795449,2,1,FIST,1874,1.874,1230
20260914_141209_795449,2,1,FIST,1875,1.875,945
20260914_141209_795449,2,1,FIST,1876,1.876,1178
20260914_141209_795449,2,1,FIST,1877,1.877,1143
20260914_141209_795449,2,1,FIST,1878,1.878,912
20260914_141209_795449,2,1,FIST,1879,1.879,916
20260914_141209_795449,2,1,FIST,1880,1.88,1185
20260914_141209_795449,2,1,FIST,1881,1.881,960
20260914_141209_795449,2,1,FIST,1882,1.882,974
20260914_141209_795449,2,1,FIST,1883,1.883,989
20260914_141209_795449,2,1,FIST,1884,1.884,1088
20260914_141209_795449,2,1,FIST,1885,1.885,1097
20260914_141209_795449,2,1,FIST,1886,1.886,1121
20260914_141209_795449,2,1,FIST,1887,1.887,1151
20260914_141209_795449,2,1,FIST,1888,1.888,1175
20260914_141209_795449,2,1,FIST,1889,1.889,1135
20260914_141209_795449,2,1,FIST,1890,1.89,1127
20260914_141209_795449,2,1,FIST,1891,1.891,1047
20260914_141209_795449,2,1,FIST,1892,1.892,986
20260914_141209_795449,2,1,FIST,1893,1.893,1041
20260914_141209_795449,2,1,FIST,1894,1.894,927
20260914_141209_795449,2,1,FIST,1895,1.895,919
20260914_141209_795449,2,1,FIST,1896,1.896,895
20260914_141209_795449,2,1,FIST,1897,1.897,882
20260914_141209_795449,2,1,FIST,1898,1.898,877
20260914_141209_795449,2,1,FIST,1899,1.899,899
20260914_141209_795449,2,1,FIST,1900,1.9,881
20260914_141209_795449,2,1,FIST,1901,1.901,944
20260914_141209_795449,2,1,FIST,1902,1.902,991
20260914_141209_795449,2,1,FIST,1903,1.903,942
20260914_141209_795449,2,1,FIST,1904,1.904,1062
20260914_141209_795449,2,1,FIST,1905,1.905,1392
20260914_141209_795449,2,1,FIST,1906,1.906,1355
20260914_141209_795449,2,1,FIST,1907,1.907,1505
20260914_141209_795449,2,1,FIST,1908,1.908,1386
20260914_141209_795449,2,1,FIST,1909,1.909,1341
20260914_141209_795449,2,1,FIST,1910,1.91,1341
20260914_141209_795449,2,1,FIST,1911,1.911,1280
20260914_141209_795449,2,1,FIST,1912,1.912,967
20260914_141209_795449,2,1,FIST,1913,1.913,1255
20260914_141209_795449,2,1,FIST,1914,1.914,1169
20260914_141209_795449,2,1,FIST,1915,1.915,1159
20260914_141209_795449,2,1,FIST,1916,1.916,1146
20260914_141209_795449,2,1,FIST,1917,1.917,1125
20260914_141209_795449,2,1,FIST,1918,1.918,1114
20260914_141209_795449,2,1,FIST,1919,1.919,1152
20260914_141209_795449,2,1,FIST,1920,1.92,1146
20260914_141209_795449,2,1,FIST,1921,1.921,1264
20260914_141209_795449,2,1,FIST,1922,1.922,1210
20260914_141209_795449,2,1,FIST,1923,1.923,1229
20260914_141209_795449,2,1,FIST,1924,1.924,1307
20260914_141209_795449,2,1,FIST,1925,1.925,1315
20260914_141209_795449,2,1,FIST,1926,1.926,1344
20260914_141209_795449,2,1,FIST,1927,1.927,1363
20260914_141209_795449,2,1,FIST,1928,1.928,1369
20260914_141209_795449,2,1,FIST,1929,1.929,1355
20260914_141209_795449,2,1,FIST,1930,1.93,1332
20260914_141209_795449,2,1,FIST,1931,1.931,1274
20260914_141209_795449,2,1,FIST,1932,1.932,1263
20260914_141209_795449,2,1,FIST,1933,1.933,1251
20260914_141209_795449,2,1,FIST,1934,1.934,1174
20260914_141209_795449,2,1,FIST,1935,1.935,1165
20260914_141209_795449,2,1,FIST,1936,1.936,1152
20260914_141209_795449,2,1,FIST,1937,1.937,1126
20260914_141209_795449,2,1,FIST,1938,1.938,1123
20260914_141209_795449,2,1,FIST,1939,1.939,1141
20260914_141209_795449,2,1,FIST,1940,1.94,1163
20260914_141209_795449,2,1,FIST,1941,1.941,1195
20260914_141209_795449,2,1,FIST,1942,1.942,1200
20260914_141209_795449,2,1,FIST,1943,1.943,1209
20260914_141209_795449,2,1,FIST,1944,1.944,1312
20260914_141209_795449,2,1,FIST,1945,1.945,1322
20260914_141209_795449,2,1,FIST,1946,1.946,1333
20260914_141209_795449,2,1,FIST,1947,1.947,1376
20260914_141209_795449,2,1,FIST,1948,1.948,1378
20260914_141209_795449,2,1,FIST,1949,1.949,1424
20260914_141209_795449,2,1,FIST,1950,1.95,1356
20260914_141209_795449,2,1,FIST,1951,1.951,1145
20260914_141209_795449,2,1,FIST,1952,1.952,1294
20260914_141209_795449,2,1,FIST,1953,1.953,1264
20260914_141209_795449,2,1,FIST,1954,1.954,1193
20260914_141209_795449,2,1,FIST,1955,1.955,1200
20260914_141209_795449,2,1,FIST,1956,1.956,1152
20260914_141209_795449,2,1,FIST,1957,1.957,1137
20260914_141209_795449,2,1,FIST,1958,1.958,1116
20260914_141209_795449,2,1,FIST,1959,1.959,1151
20260914_141209_795449,2,1,FIST,1960,1.96,1080
20260914_141209_795449,2,1,FIST,1961,1.961,998
20260914_141209_795449,2,1,FIST,1962,1.962,1002
20260914_141209_795449,2,1,FIST,1963,1.963,944
20260914_141209_795449,2,1,FIST,1964,1.964,1326
20260914_141209_795449,2,1,FIST,1965,1.965,1350
20260914_141209_795449,2,1,FIST,1966,1.966,1379
20260914_141209_795449,2,1,FIST,1967,1.967,1408
20260914_141209_795449,2,1,FIST,1968,1.968,1189
20260914_141209_795449,2,1,FIST,1969,1.969,1390
20260914_141209_795449,2,1,FIST,1970,1.97,1370
20260914_141209_795449,2,1,FIST,1971,1.971,1345
20260914_141209_795449,2,1,FIST,1972,1.972,1259
20260914_141209_795449,2,1,FIST,1973,1.973,1293
20260914_141209_795449,2,1,FIST,1974,1.974,1213
20260914_141209_795449,2,1,FIST,1975,1.975,1179
20260914_141209_795449,2,1,FIST,1976,1.976,1168
20260914_141209_795449,2,1,FIST,1977,1.977,1117
20260914_141209_795449,2,1,FIST,1978,1.978,1118
20260914_141209_795449,2,1,FIST,1979,1.979,1132
20260914_141209_795449,2,1,FIST,1980,1.98,1136
20260914_141209_795449,2,1,FIST,1981,1.981,1200
20260914_141209_795449,2,1,FIST,1982,1.982,1311
20260914_141209_795449,2,1,FIST,1983,1.983,1218
20260914_141209_795449,2,1,FIST,1984,1.984,1328
20260914_141209_795449,2,1,FIST,1985,1.985,1360
20260914_141209_795449,2,1,FIST,1986,1.986,1371
20260914_141209_795449,2,1,FIST,1987,1.987,1412
20260914_141209_795449,2,1,FIST,1988,1.988,1392
20260914_141209_795449,2,1,FIST,1989,1.989,1396
20260914_141209_795449,2,1,FIST,1990,1.99,1376
20260914_141209_795449,2,1,FIST,1991,1.991,1312
20260914_141209_795449,2,1,FIST,1992,1.992,1367
20260914_141209_795449,2,1,FIST,1993,1.993,1296
20260914_141209_795449,2,1,FIST,1994,1.994,1168
20260914_141209_795449,2,1,FIST,1995,1.995,1256
20260914_141209_795449,2,1,FIST,1996,1.996,1139
20260914_141209_795449,2,1,FIST,1997,1.997,1112
20260914_141209_795449,2,1,FIST,1998,1.998,1104
20260914_141209_795449,2,1,FIST,1999,1.999,1136
20260914_141209_795449,2,1,FIST,2000,2.0,1133
20260914_141209_795449,2,1,FIST,2001,2.001,1137
20260914_141209_795449,2,1,FIST,2002,2.002,1206
20260914_141209_795449,2,1,FIST,2003,2.003,1200
20260914_141209_795449,2,1,FIST,2004,2.004,1311
20260914_141209_795449,2,1,FIST,2005,2.005,1301
20260914_141209_795449,2,1,FIST,2006,2.006,1350
20260914_141209_795449,2,1,FIST,2007,2.007,1303
20260914_141209_795449,2,1,FIST,2008,2.008,1403
20260914_141209_795449,2,1,FIST,2009,2.009,1088
20260914_141209_795449,2,1,FIST,2010,2.01,1167
20260914_141209_795449,2,1,FIST,2011,2.011,1062
20260914_141209_795449,2,1,FIST,2012,2.012,1015
20260914_141209_795449,2,1,FIST,2013,2.013,1018
20260914_141209_795449,2,1,FIST,2014,2.014,937
20260914_141209_795449,2,1,FIST,2015,2.015,902
20260914_141209_795449,2,1,FIST,2016,2.016,881
20260914_141209_795449,2,1,FIST,2017,2.017,895
20260914_141209_795449,2,1,FIST,2018,2.018,913
20260914_141209_795449,2,1,FIST,2019,2.019,887
20260914_141209_795449,2,1,FIST,2020,2.02,932
20260914_141209_795449,2,1,FIST,2021,2.021,941
20260914_141209_795449,2,1,FIST,2022,2.022,934
20260914_141209_795449,2,1,FIST,2023,2.023,959
20260914_141209_795449,2,1,FIST,2024,2.024,1091
20260914_141209_795449,2,1,FIST,2025,2.025,1099
20260914_141209_795449,2,1,FIST,2026,2.026,1155
20260914_141209_795449,2,1,FIST,2027,2.027,1168
20260914_141209_795449,2,1,FIST,2028,2.028,1186
20260914_141209_795449,2,1,FIST,2029,2.029,1175
20260914_141209_795449,2,1,FIST,2030,2.03,1182
20260914_141209_795449,2,1,FIST,2031,2.031,1078
20260914_141209_795449,2,1,FIST,2032,2.032,1081
20260914_141209_795449,2,1,FIST,2033,2.033,1285
20260914_141209_795449,2,1,FIST,2034,2.034,1142
20260914_141209_795449,2,1,FIST,2035,2.035,974
20260914_141209_795449,2,1,FIST,2036,2.036,926
20260914_141209_795449,2,1,FIST,2037,2.037,1098
20260914_141209_795449,2,1,FIST,2038,2.038,880
20260914_141209_795449,2,1,FIST,2039,2.039,923
20260914_141209_795449,2,1,FIST,2040,2.04,1136
20260914_141209_795449,2,1,FIST,2041,2.041,981
20260914_141209_795449,2,1,FIST,2042,2.042,1136
20260914_141209_795449,2,1,FIST,2043,2.043,1168
20260914_141209_795449,2,1,FIST,2044,2.044,1325
20260914_141209_795449,2,1,FIST,2045,2.045,1379
20260914_141209_795449,2,1,FIST,2046,2.046,1341
20260914_141209_795449,2,1,FIST,2047,2.047,1348
20260914_141209_795449,2,1,FIST,2048,2.048,1429
20260914_141209_795449,2,1,FIST,2049,2.049,1132
20260914_141209_795449,2,1,FIST,2050,2.05,1441
20260914_141209_795449,2,1,FIST,2051,2.051,1072
20260914_141209_795449,2,1,FIST,2052,2.052,1133
20260914_141209_795449,2,1,FIST,2053,2.053,1255
20260914_141209_795449,2,1,FIST,2054,2.054,944
20260914_141209_795449,2,1,FIST,2055,2.055,1168
20260914_141209_795449,2,1,FIST,2056,2.056,912
20260914_141209_795449,2,1,FIST,2057,2.057,894
20260914_141209_795449,2,1,FIST,2058,2.058,854
20260914_141209_795449,2,1,FIST,2059,2.059,912
20260914_141209_795449,2,1,FIST,2060,2.06,903
20260914_141209_795449,2,1,FIST,2061,2.061,944
20260914_141209_795449,2,1,FIST,2062,2.062,955
20260914_141209_795449,2,1,FIST,2063,2.063,985
20260914_141209_795449,2,1,FIST,2064,2.064,1087
20260914_141209_795449,2,1,FIST,2065,2.065,1107
20260914_141209_795449,2,1,FIST,2066,2.066,1127
20260914_141209_795449,2,1,FIST,2067,2.067,1223
20260914_141209_795449,2,1,FIST,2068,2.068,1199
20260914_141209_795449,2,1,FIST,2069,2.069,1157
20260914_141209_795449,2,1,FIST,2070,2.07,1132
20260914_141209_795449,2,1,FIST,2071,2.071,1023
20260914_141209_795449,2,1,FIST,2072,2.072,1015
20260914_141209_795449,2,1,FIST,2073,2.073,1013
20260914_141209_795449,2,1,FIST,2074,2.074,923
20260914_141209_795449,2,1,FIST,2075,2.075,899
20260914_141209_795449,2,1,FIST,2076,2.076,897
20260914_141209_795449,2,1,FIST,2077,2.077,848
20260914_141209_795449,2,1,FIST,2078,2.078,833
20260914_141209_795449,2,1,FIST,2079,2.079,853
20260914_141209_795449,2,1,FIST,2080,2.08,875
20260914_141209_795449,2,1,FIST,2081,2.081,967
20260914_141209_795449,2,1,FIST,2082,2.082,934
20260914_141209_795449,2,1,FIST,2083,2.083,1022
20260914_141209_795449,2,1,FIST,2084,2.084,1107
20260914_141209_795449,2,1,FIST,2085,2.085,1079
20260914_141209_795449,2,1,FIST,2086,2.086,1107
20260914_141209_795449,2,1,FIST,2087,2.087,1151
20260914_141209_795449,2,1,FIST,2088,2.088,1104
20260914_141209_795449,2,1,FIST,2089,2.089,1238
20260914_141209_795449,2,1,FIST,2090,2.09,1133
20260914_141209_795449,2,1,FIST,2091,2.091,1055
20260914_141209_795449,2,1,FIST,2092,2.092,1003
20260914_141209_795449,2,1,FIST,2093,2.093,1039
20260914_141209_795449,2,1,FIST,2094,2.094,911
20260914_141209_795449,2,1,FIST,2095,2.095,875
20260914_141209_795449,2,1,FIST,2096,2.096,880
20260914_141209_795449,2,1,FIST,2097,2.097,862
20260914_141209_795449,2,1,FIST,2098,2.098,829
20260914_141209_795449,2,1,FIST,2099,2.099,833
20260914_141209_795449,2,1,FIST,2100,2.1,1104
20260914_141209_795449,2,1,FIST,2101,2.101,1009
20260914_141209_795449,2,1,FIST,2102,2.102,935
20260914_141209_795449,2,1,FIST,2103,2.103,1197
20260914_141209_795449,2,1,FIST,2104,2.104,1294
20260914_141209_795449,2,1,FIST,2105,2.105,1317
20260914_141209_795449,2,1,FIST,2106,2.106,1343
20260914_141209_795449,2,1,FIST,2107,2.107,1392
20260914_141209_795449,2,1,FIST,2108,2.108,1397
20260914_141209_795449,2,1,FIST,2109,2.109,1393
20260914_141209_795449,2,1,FIST,2110,2.11,1440
20260914_141209_795449,2,1,FIST,2111,2.111,1312
20260914_141209_795449,2,1,FIST,2112,2.112,1298
20260914_141209_795449,2,1,FIST,2113,2.113,1232
20260914_141209_795449,2,1,FIST,2114,2.114,1185
20260914_141209_795449,2,1,FIST,2115,2.115,1212
20260914_141209_795449,2,1,FIST,2116,2.116,1148
20260914_141209_795449,2,1,FIST,2117,2.117,1136
20260914_141209_795449,2,1,FIST,2118,2.118,1101
20260914_141209_795449,2,1,FIST,2119,2.119,1121
20260914_141209_795449,2,1,FIST,2120,2.12,1151
20260914_141209_795449,2,1,FIST,2121,2.121,1193
20260914_141209_795449,2,1,FIST,2122,2.122,1281
20260914_141209_795449,2,1,FIST,2123,2.123,1224
20260914_141209_795449,2,1,FIST,2124,2.124,1314
20260914_141209_795449,2,1,FIST,2125,2.125,1402
20260914_141209_795449,2,1,FIST,2126,2.126,1395
20260914_141209_795449,2,1,FIST,2127,2.127,1423
20260914_141209_795449,2,1,FIST,2128,2.128,1468
20260914_141209_795449,2,1,FIST,2129,2.129,1427
20260914_141209_795449,2,1,FIST,2130,2.13,1418
20260914_141209_795449,2,1,FIST,2131,2.131,1093
20260914_141209_795449,2,1,FIST,2132,2.132,1295
20260914_141209_795449,2,1,FIST,2133,2.133,1051
20260914_141209_795449,2,1,FIST,2134,2.134,1171
20260914_141209_795449,2,1,FIST,2135,2.135,918
20260914_141209_795449,2,1,FIST,2136,2.136,910
20260914_141209_795449,2,1,FIST,2137,2.137,880
20260914_141209_795449,2,1,FIST,2138,2.138,871
20260914_141209_795449,2,1,FIST,2139,2.139,880
20260914_141209_795449,2,1,FIST,2140,2.14,893
20260914_141209_795449,2,1,FIST,2141,2.141,963
20260914_141209_795449,2,1,FIST,2142,2.142,963
20260914_141209_795449,2,1,FIST,2143,2.143,979
20260914_141209_795449,2,1,FIST,2144,2.144,1131
20260914_141209_795449,2,1,FIST,2145,2.145,1123
20260914_141209_795449,2,1,FIST,2146,2.146,1155
20260914_141209_795449,2,1,FIST,2147,2.147,1397
20260914_141209_795449,2,1,FIST,2148,2.148,1217
20260914_141209_795449,2,1,FIST,2149,2.149,1427
20260914_141209_795449,2,1,FIST,2150,2.15,1307
20260914_141209_795449,2,1,FIST,2151,2.151,1074
20260914_141209_795449,2,1,FIST,2152,2.152,1138
20260914_141209_795449,2,1,FIST,2153,2.153,1385
20260914_141209_795449,2,1,FIST,2154,2.154,1210
20260914_141209_795449,2,1,FIST,2155,2.155,1175
20260914_141209_795449,2,1,FIST,2156,2.156,1157
20260914_141209_795449,2,1,FIST,2157,2.157,1078
20260914_141209_795449,2,1,FIST,2158,2.158,1132
20260914_141209_795449,2,1,FIST,2159,2.159,1136
20260914_141209_795449,2,1,FIST,2160,2.16,971
20260914_141209_795449,2,1,FIST,2161,2.161,1155
20260914_141209_795449,2,1,FIST,2162,2.162,961
20260914_141209_795449,2,1,FIST,2163,2.163,1039
20260914_141209_795449,2,1,FIST,2164,2.164,1344
20260914_141209_795449,2,1,FIST,2165,2.165,1137
20260914_141209_795449,2,1,FIST,2166,2.166,1169
20260914_141209_795449,2,1,FIST,2167,2.167,1315
20260914_141209_795449,2,1,FIST,2168,2.168,1206
20260914_141209_795449,2,1,FIST,2169,2.169,1318
20260914_141209_795449,2,1,FIST,2170,2.17,1167
20260914_141209_795449,2,1,FIST,2171,2.171,1091
20260914_141209_795449,2,1,FIST,2172,2.172,1073
20260914_141209_795449,2,1,FIST,2173,2.173,1152
20260914_141209_795449,2,1,FIST,2174,2.174,960
20260914_141209_795449,2,1,FIST,2175,2.175,907
20260914_141209_795449,2,1,FIST,2176,2.176,895
20260914_141209_795449,2,1,FIST,2177,2.177,861
20260914_141209_795449,2,1,FIST,2178,2.178,848
20260914_141209_795449,2,1,FIST,2179,2.179,861
20260914_141209_795449,2,1,FIST,2180,2.18,868
20260914_141209_795449,2,1,FIST,2181,2.181,928
20260914_141209_795449,2,1,FIST,2182,2.182,959
20260914_141209_795449,2,1,FIST,2183,2.183,967
20260914_141209_795449,2,1,FIST,2184,2.184,1054
20260914_141209_795449,2,1,FIST,2185,2.185,1104
20260914_141209_795449,2,1,FIST,2186,2.186,1143
20260914_141209_795449,2,1,FIST,2187,2.187,1151
20260914_141209_795449,2,1,FIST,2188,2.188,1214
20260914_141209_795449,2,1,FIST,2189,2.189,1157
20260914_141209_795449,2,1,FIST,2190,2.19,1129
20260914_141209_795449,2,1,FIST,2191,2.191,1037
20260914_141209_795449,2,1,FIST,2192,2.192,1047
20260914_141209_795449,2,1,FIST,2193,2.193,1042
20260914_141209_795449,2,1,FIST,2194,2.194,912
20260914_141209_795449,2,1,FIST,2195,2.195,866
20260914_141209_795449,2,1,FIST,2196,2.196,1101
20260914_141209_795449,2,1,FIST,2197,2.197,837
20260914_141209_795449,2,1,FIST,2198,2.198,1041
20260914_141209_795449,2,1,FIST,2199,2.199,1059
20260914_141209_795449,2,1,FIST,2200,2.2,1066
20260914_141209_795449,2,1,FIST,2201,2.201,1154
20260914_141209_795449,2,1,FIST,2202,2.202,1184
20260914_141209_795449,2,1,FIST,2203,2.203,1247
20260914_141209_795449,2,1,FIST,2204,2.204,1317
20260914_141209_795449,2,1,FIST,2205,2.205,1370
20260914_141209_795449,2,1,FIST,2206,2.206,1379
20260914_141209_795449,2,1,FIST,2207,2.207,1406
20260914_141209_795449,2,1,FIST,2208,2.208,1445
20260914_141209_795449,2,1,FIST,2209,2.209,1345
20260914_141209_795449,2,1,FIST,2210,2.21,1419
20260914_141209_795449,2,1,FIST,2211,2.211,1328
20260914_141209_795449,2,1,FIST,2212,2.212,1344
20260914_141209_795449,2,1,FIST,2213,2.213,1281
20260914_141209_795449,2,1,FIST,2214,2.214,1180
20260914_141209_795449,2,1,FIST,2215,2.215,1120
20260914_141209_795449,2,1,FIST,2216,2.216,1204
20260914_141209_795449,2,1,FIST,2217,2.217,1106
20260914_141209_795449,2,1,FIST,2218,2.218,1104
20260914_141209_795449,2,1,FIST,2219,2.219,1163
20260914_141209_795449,2,1,FIST,2220,2.22,1123
20260914_141209_795449,2,1,FIST,2221,2.221,940
20260914_141209_795449,2,1,FIST,2222,2.222,960
20260914_141209_795449,2,1,FIST,2223,2.223,1281
20260914_141209_795449,2,1,FIST,2224,2.224,1057
20260914_141209_795449,2,1,FIST,2225,2.225,1166
20260914_141209_795449,2,1,FIST,2226,2.226,1141
20260914_141209_795449,2,1,FIST,2227,2.227,1198
20260914_141209_795449,2,1,FIST,2228,2.228,1216
20260914_141209_795449,2,1,FIST,2229,2.229,1194
20260914_141209_795449,2,1,FIST,2230,2.23,1168
20260914_141209_795449,2,1,FIST,2231,2.231,1086
20260914_141209_795449,2,1,FIST,2232,2.232,1071
20260914_141209_795449,2,1,FIST,2233,2.233,1061
20260914_141209_795449,2,1,FIST,2234,2.234,942
20260914_141209_795449,2,1,FIST,2235,2.235,864
20260914_141209_795449,2,1,FIST,2236,2.236,879
20260914_141209_795449,2,1,FIST,2237,2.237,847
20260914_141209_795449,2,1,FIST,2238,2.238,895
20260914_141209_795449,2,1,FIST,2239,2.239,859
20260914_141209_795449,2,1,FIST,2240,2.24,858
20260914_141209_795449,2,1,FIST,2241,2.241,951
20260914_141209_795449,2,1,FIST,2242,2.242,942
20260914_141209_795449,2,1,FIST,2243,2.243,931
20260914_141209_795449,2,1,FIST,2244,2.244,1207
20260914_141209_795449,2,1,FIST,2245,2.245,1140
20260914_141209_795449,2,1,FIST,2246,2.246,1151
20260914_141209_795449,2,1,FIST,2247,2.247,1178
20260914_141209_795449,2,1,FIST,2248,2.248,1247
20260914_141209_795449,2,1,FIST,2249,2.249,1297
20260914_141209_795449,2,1,FIST,2250,2.25,1194
20260914_141209_795449,2,1,FIST,2251,2.251,1083
20260914_141209_795449,2,1,FIST,2252,2.252,991
20260914_141209_795449,2,1,FIST,2253,2.253,982
20260914_141209_795449,2,1,FIST,2254,2.254,944
20260914_141209_795449,2,1,FIST,2255,2.255,871
20260914_141209_795449,2,1,FIST,2256,2.256,933
20260914_141209_795449,2,1,FIST,2257,2.257,851
20260914_141209_795449,2,1,FIST,2258,2.258,861
20260914_141209_795449,2,1,FIST,2259,2.259,839
20260914_141209_795449,2,1,FIST,2260,2.26,859
20260914_141209_795449,2,1,FIST,2261,2.261,919
20260914_141209_795449,2,1,FIST,2262,2.262,939
20260914_141209_795449,2,1,FIST,2263,2.263,967
20260914_141209_795449,2,1,FIST,2264,2.264,1072
20260914_141209_795449,2,1,FIST,2265,2.265,1145
20260914_141209_795449,2,1,FIST,2266,2.266,1150
20260914_141209_795449,2,1,FIST,2267,2.267,1200
20260914_141209_795449,2,1,FIST,2268,2.268,1211
20260914_141209_795449,2,1,FIST,2269,2.269,1226
20260914_141209_795449,2,1,FIST,2270,2.27,1177
20260914_141209_795449,2,1,FIST,2271,2.271,1094
20260914_141209_795449,2,1,FIST,2272,2.272,1042
20260914_141209_795449,2,1,FIST,2273,2.273,1023
20260914_141209_795449,2,1,FIST,2274,2.274,894
20260914_141209_795449,2,1,FIST,2275,2.275,848
20260914_141209_795449,2,1,FIST,2276,2.276,854
20260914_141209_795449,2,1,FIST,2277,2.277,746
20260914_141209_795449,2,1,FIST,2278,2.278,766
20260914_141209_795449,2,1,FIST,2279,2.279,803
20260914_141209_795449,2,1,FIST,2280,2.28,815
20260914_141209_795449,2,1,FIST,2281,2.281,901
20260914_141209_795449,2,1,FIST,2282,2.282,921
20260914_141209_795449,2,1,FIST,2283,2.283,950
20260914_141209_795449,2,1,FIST,2284,2.284,1073
20260914_141209_795449,2,1,FIST,2285,2.285,1164
20260914_141209_795449,2,1,FIST,2286,2.286,1175
20260914_141209_795449,2,1,FIST,2287,2.287,1237
20260914_141209_795449,2,1,FIST,2288,2.288,1270
20260914_141209_795449,2,1,FIST,2289,2.289,1261
20260914_141209_795449,2,1,FIST,2290,2.29,1249
20260914_141209_795449,2,1,FIST,2291,2.291,1119
20260914_141209_795449,2,1,FIST,2292,2.292,1056
20260914_141209_795449,2,1,FIST,2293,2.293,1011
20260914_141209_795449,2,1,FIST,2294,2.294,901
20260914_141209_795449,2,1,FIST,2295,2.295,843
20260914_141209_795449,2,1,FIST,2296,2.296,818
20260914_141209_795449,2,1,FIST,2297,2.297,805
20260914_141209_795449,2,1,FIST,2298,2.298,803
20260914_141209_795449,2,1,FIST,2299,2.299,763
20260914_141209_795449,2,1,FIST,2300,2.3,790
20260914_141209_795449,2,1,FIST,2301,2.301,883
20260914_141209_795449,2,1,FIST,2302,2.302,907
20260914_141209_795449,2,1,FIST,2303,2.303,907
20260914_141209_795449,2,1,FIST,2304,2.304,1083
20260914_141209_795449,2,1,FIST,2305,2.305,1195
20260914_141209_795449,2,1,FIST,2306,2.306,1229
20260914_141209_795449,2,1,FIST,2307,2.307,1263
20260914_141209_795449,2,1,FIST,2308,2.308,1269
20260914_141209_795449,2,1,FIST,2309,2.309,1292
20260914_141209_795449,2,1,FIST,2310,2.31,1263
20260914_141209_795449,2,1,FIST,2311,2.311,1143
20260914_141209_795449,2,1,FIST,2312,2.312,1087
20260914_141209_795449,2,1,FIST,2313,2.313,1062
20260914_141209_795449,2,1,FIST,2314,2.314,911
20260914_141209_795449,2,1,FIST,2315,2.315,785
20260914_141209_795449,2,1,FIST,2316,2.316,799
20260914_141209_795449,2,1,FIST,2317,2.317,781
20260914_141209_795449,2,1,FIST,2318,2.318,738
20260914_141209_795449,2,1,FIST,2319,2.319,763
20260914_141209_795449,2,1,FIST,2320,2.32,776
20260914_141209_795449,2,1,FIST,2321,2.321,902
20260914_141209_795449,2,1,FIST,2322,2.322,941
20260914_141209_795449,2,1,FIST,2323,2.323,956
20260914_141209_795449,2,1,FIST,2324,2.324,1104
20260914_141209_795449,2,1,FIST,2325,2.325,1191
20260914_141209_795449,2,1,FIST,2326,2.326,1201
20260914_141209_795449,2,1,FIST,2327,2.327,1217
20260914_141209_795449,2,1,FIST,2328,2.328,1289
20260914_141209_795449,2,1,FIST,2329,2.329,1265
20260914_141209_795449,2,1,FIST,2330,2.33,1239
20260914_141209_795449,2,1,FIST,2331,2.331,1130
20260914_141209_795449,2,1,FIST,2332,2.332,1055
20260914_141209_795449,2,1,FIST,2333,2.333,1049
20260914_141209_795449,2,1,FIST,2334,2.334,873
20260914_141209_795449,2,1,FIST,2335,2.335,819
20260914_141209_795449,2,1,FIST,2336,2.336,839
20260914_141209_795449,2,1,FIST,2337,2.337,873
20260914_141209_795449,2,1,FIST,2338,2.338,678
20260914_141209_795449,2,1,FIST,2339,2.339,734
20260914_141209_795449,2,1,FIST,2340,2.34,768
20260914_141209_795449,2,1,FIST,2341,2.341,875
20260914_141209_795449,2,1,FIST,2342,2.342,916
20260914_141209_795449,2,1,FIST,2343,2.343,937
20260914_141209_795449,2,1,FIST,2344,2.344,1067
20260914_141209_795449,2,1,FIST,2345,2.345,1182
20260914_141209_795449,2,1,FIST,2346,2.346,1174
20260914_141209_795449,2,1,FIST,2347,2.347,1249
20260914_141209_795449,2,1,FIST,2348,2.348,1333
20260914_141209_795449,2,1,FIST,2349,2.349,1247
20260914_141209_795449,2,1,FIST,2350,2.35,1219
20260914_141209_795449,2,1,FIST,2351,2.351,1111
20260914_141209_795449,2,1,FIST,2352,2.352,1075
20260914_141209_795449,2,1,FIST,2353,2.353,1055
20260914_141209_795449,2,1,FIST,2354,2.354,895
20260914_141209_795449,2,1,FIST,2355,2.355,820
20260914_141209_795449,2,1,FIST,2356,2.356,813
20260914_141209_795449,2,1,FIST,2357,2.357,769
20260914_141209_795449,2,1,FIST,2358,2.358,715
20260914_141209_795449,2,1,FIST,2359,2.359,721
20260914_141209_795449,2,1,FIST,2360,2.36,758
20260914_141209_795449,2,1,FIST,2361,2.361,838
20260914_141209_795449,2,1,FIST,2362,2.362,909
20260914_141209_795449,2,1,FIST,2363,2.363,966
20260914_141209_795449,2,1,FIST,2364,2.364,1087
20260914_141209_795449,2,1,FIST,2365,2.365,1215
20260914_141209_795449,2,1,FIST,2366,2.366,1232
20260914_141209_795449,2,1,FIST,2367,2.367,1261
20260914_141209_795449,2,1,FIST,2368,2.368,1310
20260914_141209_795449,2,1,FIST,2369,2.369,1318
20260914_141209_795449,2,1,FIST,2370,2.37,1289
20260914_141209_795449,2,1,FIST,2371,2.371,1164
20260914_141209_795449,2,1,FIST,2372,2.372,1092
20260914_141209_795449,2,1,FIST,2373,2.373,1168
20260914_141209_795449,2,1,FIST,2374,2.374,881
20260914_141209_795449,2,1,FIST,2375,2.375,718
20260914_141209_795449,2,1,FIST,2376,2.376,927
20260914_141209_795449,2,1,FIST,2377,2.377,701
20260914_141209_795449,2,1,FIST,2378,2.378,923
20260914_141209_795449,2,1,FIST,2379,2.379,715
20260914_141209_795449,2,1,FIST,2380,2.38,717
20260914_141209_795449,2,1,FIST,2381,2.381,832
20260914_141209_795449,2,1,FIST,2382,2.382,1179
20260914_141209_795449,2,1,FIST,2383,2.383,1168
20260914_141209_795449,2,1,FIST,2384,2.384,1350
20260914_141209_795449,2,1,FIST,2385,2.385,1501
20260914_141209_795449,2,1,FIST,2386,2.386,1486
20260914_141209_795449,2,1,FIST,2387,2.387,1552
20260914_141209_795449,2,1,FIST,2388,2.388,1585
20260914_141209_795449,2,1,FIST,2389,2.389,1617
20260914_141209_795449,2,1,FIST,2390,2.39,1569
20260914_141209_795449,2,1,FIST,2391,2.391,1450
20260914_141209_795449,2,1,FIST,2392,2.392,1360
20260914_141209_795449,2,1,FIST,2393,2.393,1328
20260914_141209_795449,2,1,FIST,2394,2.394,1123
20260914_141209_795449,2,1,FIST,2395,2.395,970
20260914_141209_795449,2,1,FIST,2396,2.396,1037
20260914_141209_795449,2,1,FIST,2397,2.397,1033
20260914_141209_795449,2,1,FIST,2398,2.398,1104
20260914_141209_795449,2,1,FIST,2399,2.399,935
20260914_141209_795449,2,1,FIST,2400,2.4,999
20260914_141209_795449,2,1,FIST,2401,2.401,1132
20260914_141209_795449,2,1,FIST,2402,2.402,1166
20260914_141209_795449,2,1,FIST,2403,2.403,1222
20260914_141209_795449,2,1,FIST,2404,2.404,1351
20260914_141209_795449,2,1,FIST,2405,2.405,1515
20260914_141209_795449,2,1,FIST,2406,2.406,1490
20260914_141209_795449,2,1,FIST,2407,2.407,1587
20260914_141209_795449,2,1,FIST,2408,2.408,1696
20260914_141209_795449,2,1,FIST,2409,2.409,1633
20260914_141209_795449,2,1,FIST,2410,2.41,1570
20260914_141209_795449,2,1,FIST,2411,2.411,1448
20260914_141209_795449,2,1,FIST,2412,2.412,1359
20260914_141209_795449,2,1,FIST,2413,2.413,1387
20260914_141209_795449,2,1,FIST,2414,2.414,1131
20260914_141209_795449,2,1,FIST,2415,2.415,990
20260914_141209_795449,2,1,FIST,2416,2.416,1013
20260914_141209_795449,2,1,FIST,2417,2.417,966
20260914_141209_795449,2,1,FIST,2418,2.418,936
20260914_141209_795449,2,1,FIST,2419,2.419,832
20260914_141209_795449,2,1,FIST,2420,2.42,928
20260914_141209_795449,2,1,FIST,2421,2.421,1056
20260914_141209_795449,2,1,FIST,2422,2.422,1146
20260914_141209_795449,2,1,FIST,2423,2.423,1172
20260914_141209_795449,2,1,FIST,2424,2.424,1266
20260914_141209_795449,2,1,FIST,2425,2.425,1532
20260914_141209_795449,2,1,FIST,2426,2.426,1557
20260914_141209_795449,2,1,FIST,2427,2.427,1616
20260914_141209_795449,2,1,FIST,2428,2.428,1634
20260914_141209_795449,2,1,FIST,2429,2.429,1648
20260914_141209_795449,2,1,FIST,2430,2.43,1651
20260914_141209_795449,2,1,FIST,2431,2.431,1472
20260914_141209_795449,2,1,FIST,2432,2.432,1373
20260914_141209_795449,2,1,FIST,2433,2.433,1326
20260914_141209_795449,2,1,FIST,2434,2.434,1168
20260914_141209_795449,2,1,FIST,2435,2.435,986
20260914_141209_795449,2,1,FIST,2436,2.436,988
20260914_141209_795449,2,1,FIST,2437,2.437,950
20260914_141209_795449,2,1,FIST,2438,2.438,960
20260914_141209_795449,2,1,FIST,2439,2.439,934
20260914_141209_795449,2,1,FIST,2440,2.44,913
20260914_141209_795449,2,1,FIST,2441,2.441,739
20260914_141209_795449,2,1,FIST,2442,2.442,1125
20260914_141209_795449,2,1,FIST,2443,2.443,1161
20260914_141209_795449,2,1,FIST,2444,2.444,1380
20260914_141209_795449,2,1,FIST,2445,2.445,1563
20260914_141209_795449,2,1,FIST,2446,2.446,1514
20260914_141209_795449,2,1,FIST,2447,2.447,1617
20260914_141209_795449,2,1,FIST,2448,2.448,1632
20260914_141209_795449,2,1,FIST,2449,2.449,1687
20260914_141209_795449,2,1,FIST,2450,2.45,1648
20260914_141209_795449,2,1,FIST,2451,2.451,1334
20260914_141209_795449,2,1,FIST,2452,2.452,1360
20260914_141209_795449,2,1,FIST,2453,2.453,1355
20260914_141209_795449,2,1,FIST,2454,2.454,935
20260914_141209_795449,2,1,FIST,2455,2.455,931
20260914_141209_795449,2,1,FIST,2456,2.456,754
20260914_141209_795449,2,1,FIST,2457,2.457,662
20260914_141209_795449,2,1,FIST,2458,2.458,720
20260914_141209_795449,2,1,FIST,2459,2.459,726
20260914_141209_795449,2,1,FIST,2460,2.46,707
20260914_141209_795449,2,1,FIST,2461,2.461,830
20260914_141209_795449,2,1,FIST,2462,2.462,935
20260914_141209_795449,2,1,FIST,2463,2.463,933
20260914_141209_795449,2,1,FIST,2464,2.464,1103
20260914_141209_795449,2,1,FIST,2465,2.465,1439
20260914_141209_795449,2,1,FIST,2466,2.466,1279
20260914_141209_795449,2,1,FIST,2467,2.467,1385
20260914_141209_795449,2,1,FIST,2468,2.468,1459
20260914_141209_795449,2,1,FIST,2469,2.469,1475
20260914_141209_795449,2,1,FIST,2470,2.47,1460
20260914_141209_795449,2,1,FIST,2471,2.471,1335
20260914_141209_795449,2,1,FIST,2472,2.472,1072
20260914_141209_795449,2,1,FIST,2473,2.473,1360
20260914_141209_795449,2,1,FIST,2474,2.474,1137
20260914_141209_795449,2,1,FIST,2475,2.475,987
20260914_141209_795449,2,1,FIST,2476,2.476,995
20260914_141209_795449,2,1,FIST,2477,2.477,969
20260914_141209_795449,2,1,FIST,2478,2.478,923
20260914_141209_795449,2,1,FIST,2479,2.479,976
20260914_141209_795449,2,1,FIST,2480,2.48,976
20260914_141209_795449,2,1,FIST,2481,2.481,1129
20260914_141209_795449,2,1,FIST,2482,2.482,1134
20260914_141209_795449,2,1,FIST,2483,2.483,1129
20260914_141209_795449,2,1,FIST,2484,2.484,1394
20260914_141209_795449,2,1,FIST,2485,2.485,1598
20260914_141209_795449,2,1,FIST,2486,2.486,1600
20260914_141209_795449,2,1,FIST,2487,2.487,1616
20260914_141209_795449,2,1,FIST,2488,2.488,1704
20260914_141209_795449,2,1,FIST,2489,2.489,1682
20260914_141209_795449,2,1,FIST,2490,2.49,1712
20260914_141209_795449,2,1,FIST,2491,2.491,1552
20260914_141209_795449,2,1,FIST,2492,2.492,1456
20260914_141209_795449,2,1,FIST,2493,2.493,1347
20260914_141209_795449,2,1,FIST,2494,2.494,1104
20260914_141209_795449,2,1,FIST,2495,2.495,967
20260914_141209_795449,2,1,FIST,2496,2.496,987
20260914_141209_795449,2,1,FIST,2497,2.497,945
20260914_141209_795449,2,1,FIST,2498,2.498,867
20260914_141209_795449,2,1,FIST,2499,2.499,862
20260914_141209_795449,2,1,FIST,2500,2.5,866
20260914_141209_795449,2,1,FIST,2501,2.501,752
20260914_141209_795449,2,1,FIST,2502,2.502,1104
20260914_141209_795449,2,1,FIST,2503,2.503,886
20260914_141209_795449,2,1,FIST,2504,2.504,1127
20260914_141209_795449,2,1,FIST,2505,2.505,1350
20260914_141209_795449,2,1,FIST,2506,2.506,1287
20260914_141209_795449,2,1,FIST,2507,2.507,1375
20260914_141209_795449,2,1,FIST,2508,2.508,1453
20260914_141209_795449,2,1,FIST,2509,2.509,1467
20260914_141209_795449,2,1,FIST,2510,2.51,1411
20260914_141209_795449,2,1,FIST,2511,2.511,1235
20260914_141209_795449,2,1,FIST,2512,2.512,1155
20260914_141209_795449,2,1,FIST,2513,2.513,1087
20260914_141209_795449,2,1,FIST,2514,2.514,957
20260914_141209_795449,2,1,FIST,2515,2.515,759
20260914_141209_795449,2,1,FIST,2516,2.516,735
20260914_141209_795449,2,1,FIST,2517,2.517,718
20260914_141209_795449,2,1,FIST,2518,2.518,656
20260914_141209_795449,2,1,FIST,2519,2.519,659
20260914_141209_795449,2,1,FIST,2520,2.52,928
20260914_141209_795449,2,1,FIST,2521,2.521,1043
20260914_141209_795449,2,1,FIST,2522,2.522,886
20260914_141209_795449,2,1,FIST,2523,2.523,1149
20260914_141209_795449,2,1,FIST,2524,2.524,1355
20260914_141209_795449,2,1,FIST,2525,2.525,1561
20260914_141209_795449,2,1,FIST,2526,2.526,1609
20260914_141209_795449,2,1,FIST,2527,2.527,1602
20260914_141209_795449,2,1,FIST,2528,2.528,1675
20260914_141209_795449,2,1,FIST,2529,2.529,1648
20260914_141209_795449,2,1,FIST,2530,2.53,1600
20260914_141209_795449,2,1,FIST,2531,2.531,1181
20260914_141209_795449,2,1,FIST,2532,2.532,1337
20260914_141209_795449,2,1,FIST,2533,2.533,1055
20260914_141209_795449,2,1,FIST,2534,2.534,847
20260914_141209_795449,2,1,FIST,2535,2.535,721
20260914_141209_795449,2,1,FIST,2536,2.536,743
20260914_141209_795449,2,1,FIST,2537,2.537,846
20260914_141209_795449,2,1,FIST,2538,2.538,649
20260914_141209_795449,2,1,FIST,2539,2.539,683
20260914_141209_795449,2,1,FIST,2540,2.54,701
20260914_141209_795449,2,1,FIST,2541,2.541,754
20260914_141209_795449,2,1,FIST,2542,2.542,887
20260914_141209_795449,2,1,FIST,2543,2.543,747
20260914_141209_795449,2,1,FIST,2544,2.544,1085
20260914_141209_795449,2,1,FIST,2545,2.545,1317
20260914_141209_795449,2,1,FIST,2546,2.546,1281
20260914_141209_795449,2,1,FIST,2547,2.547,1366
20260914_141209_795449,2,1,FIST,2548,2.548,1403
20260914_141209_795449,2,1,FIST,2549,2.549,1433
20260914_141209_795449,2,1,FIST,2550,2.55,1603
20260914_141209_795449,2,1,FIST,2551,2.551,1379
20260914_141209_795449,2,1,FIST,2552,2.552,1408
20260914_141209_795449,2,1,FIST,2553,2.553,1333
20260914_141209_795449,2,1,FIST,2554,2.554,1050
20260914_141209_795449,2,1,FIST,2555,2.555,720
20260914_141209_795449,2,1,FIST,2556,2.556,785
20260914_141209_795449,2,1,FIST,2557,2.557,922
20260914_141209_795449,2,1,FIST,2558,2.558,877
20260914_141209_795449,2,1,FIST,2559,2.559,656
20260914_141209_795449,2,1,FIST,2560,2.56,933
20260914_141209_795449,2,1,FIST,2561,2.561,978
20260914_141209_795449,2,1,FIST,2562,2.562,1161
20260914_141209_795449,2,1,FIST,2563,2.563,1248
20260914_141209_795449,2,1,FIST,2564,2.564,1344
20260914_141209_795449,2,1,FIST,2565,2.565,1535
20260914_141209_795449,2,1,FIST,2566,2.566,1384
20260914_141209_795449,2,1,FIST,2567,2.567,1639
20260914_141209_795449,2,1,FIST,2568,2.568,1748
20260914_141209_795449,2,1,FIST,2569,2.569,1712
20260914_141209_795449,2,1,FIST,2570,2.57,1680
20260914_141209_795449,2,1,FIST,2571,2.571,1535
20260914_141209_795449,2,1,FIST,2572,2.572,1384
20260914_141209_795449,2,1,FIST,2573,2.573,1333
20260914_141209_795449,2,1,FIST,2574,2.574,1106
20260914_141209_795449,2,1,FIST,2575,2.575,986
20260914_141209_795449,2,1,FIST,2576,2.576,944
20260914_141209_795449,2,1,FIST,2577,2.577,896
20260914_141209_795449,2,1,FIST,2578,2.578,871
20260914_141209_795449,2,1,FIST,2579,2.579,869
20260914_141209_795449,2,1,FIST,2580,2.58,875
20260914_141209_795449,2,1,FIST,2581,2.581,999
20260914_141209_795449,2,1,FIST,2582,2.582,1051
20260914_141209_795449,2,1,FIST,2583,2.583,1040
20260914_141209_795449,2,1,FIST,2584,2.584,1357
20260914_141209_795449,2,1,FIST,2585,2.585,1552
20260914_141209_795449,2,1,FIST,2586,2.586,1535
20260914_141209_795449,2,1,FIST,2587,2.587,1636
20260914_141209_795449,2,1,FIST,2588,2.588,1705
20260914_141209_795449,2,1,FIST,2589,2.589,1584
20260914_141209_795449,2,1,FIST,2590,2.59,1643
20260914_141209_795449,2,1,FIST,2591,2.591,1535
20260914_141209_795449,2,1,FIST,2592,2.592,1392
20260914_141209_795449,2,1,FIST,2593,2.593,1362
20260914_141209_795449,2,1,FIST,2594,2.594,1110
20260914_141209_795449,2,1,FIST,2595,2.595,962
20260914_141209_795449,2,1,FIST,2596,2.596,923
20260914_141209_795449,2,1,FIST,2597,2.597,921
20260914_141209_795449,2,1,FIST,2598,2.598,843
20260914_141209_795449,2,1,FIST,2599,2.599,832
20260914_141209_795449,2,1,FIST,2600,2.6,906
20260914_141209_795449,2,1,FIST,2601,2.601,1037
20260914_141209_795449,2,1,FIST,2602,2.602,1139
20260914_141209_795449,2,1,FIST,2603,2.603,1134
20260914_141209_795449,2,1,FIST,2604,2.604,1344
20260914_141209_795449,2,1,FIST,2605,2.605,1567
20260914_141209_795449,2,1,FIST,2606,2.606,1623
20260914_141209_795449,2,1,FIST,2607,2.607,1665
20260914_141209_795449,2,1,FIST,2608,2.608,1741
20260914_141209_795449,2,1,FIST,2609,2.609,1856
20260914_141209_795449,2,1,FIST,2610,2.61,1791
20260914_141209_795449,2,1,FIST,2611,2.611,1597
20260914_141209_795449,2,1,FIST,2612,2.612,1398
20260914_141209_795449,2,1,FIST,2613,2.613,1351
20260914_141209_795449,2,1,FIST,2614,2.614,1131
20260914_141209_795449,2,1,FIST,2615,2.615,917
20260914_141209_795449,2,1,FIST,2616,2.616,931
20260914_141209_795449,2,1,FIST,2617,2.617,931
20260914_141209_795449,2,1,FIST,2618,2.618,787
20260914_141209_795449,2,1,FIST,2619,2.619,857
20260914_141209_795449,2,1,FIST,2620,2.62,848
20260914_141209_795449,2,1,FIST,2621,2.621,975
20260914_141209_795449,2,1,FIST,2622,2.622,1110
20260914_141209_795449,2,1,FIST,2623,2.623,1189
20260914_141209_795449,2,1,FIST,2624,2.624,1334
20260914_141209_795449,2,1,FIST,2625,2.625,1520
20260914_141209_795449,2,1,FIST,2626,2.626,1535
20260914_141209_795449,2,1,FIST,2627,2.627,1643
20260914_141209_795449,2,1,FIST,2628,2.628,1852
20260914_141209_795449,2,1,FIST,2629,2.629,1690
20260914_141209_795449,2,1,FIST,2630,2.63,1766
20260914_141209_795449,2,1,FIST,2631,2.631,1535
20260914_141209_795449,2,1,FIST,2632,2.632,1233
20260914_141209_795449,2,1,FIST,2633,2.633,1361
20260914_141209_795449,2,1,FIST,2634,2.634,1171
20260914_141209_795449,2,1,FIST,2635,2.635,934
20260914_141209_795449,2,1,FIST,2636,2.636,917
20260914_141209_795449,2,1,FIST,2637,2.637,879
20260914_141209_795449,2,1,FIST,2638,2.638,867
20260914_141209_795449,2,1,FIST,2639,2.639,839
20260914_141209_795449,2,1,FIST,2640,2.64,859
20260914_141209_795449,2,1,FIST,2641,2.641,937
20260914_141209_795449,2,1,FIST,2642,2.642,1104
20260914_141209_795449,2,1,FIST,2643,2.643,1159
20260914_141209_795449,2,1,FIST,2644,2.644,1328
20260914_141209_795449,2,1,FIST,2645,2.645,1291
20260914_141209_795449,2,1,FIST,2646,2.646,1424
20260914_141209_795449,2,1,FIST,2647,2.647,1499
20260914_141209_795449,2,1,FIST,2648,2.648,1589
20260914_141209_795449,2,1,FIST,2649,2.649,1520
20260914_141209_795449,2,1,FIST,2650,2.65,1513
20260914_141209_795449,2,1,FIST,2651,2.651,1311
20260914_141209_795449,2,1,FIST,2652,2.652,1169
20260914_141209_795449,2,1,FIST,2653,2.653,1105
20260914_141209_795449,2,1,FIST,2654,2.654,887
20260914_141209_795449,2,1,FIST,2655,2.655,643
20260914_141209_795449,2,1,FIST,2656,2.656,687
20260914_141209_795449,2,1,FIST,2657,2.657,565
20260914_141209_795449,2,1,FIST,2658,2.658,539
20260914_141209_795449,2,1,FIST,2659,2.659,537
20260914_141209_795449,2,1,FIST,2660,2.66,602
20260914_141209_795449,2,1,FIST,2661,2.661,768
20260914_141209_795449,2,1,FIST,2662,2.662,827
20260914_141209_795449,2,1,FIST,2663,2.663,880
20260914_141209_795449,2,1,FIST,2664,2.664,1293
20260914_141209_795449,2,1,FIST,2665,2.665,1296
20260914_141209_795449,2,1,FIST,2666,2.666,1650
20260914_141209_795449,2,1,FIST,2667,2.667,1461
20260914_141209_795449,2,1,FIST,2668,2.668,1788
20260914_141209_795449,2,1,FIST,2669,2.669,1511
20260914_141209_795449,2,1,FIST,2670,2.67,1501
20260914_141209_795449,2,1,FIST,2671,2.671,1600
20260914_141209_795449,2,1,FIST,2672,2.672,1449
20260914_141209_795449,2,1,FIST,2673,2.673,1339
20260914_141209_795449,2,1,FIST,2674,2.674,1242
20260914_141209_795449,2,1,FIST,2675,2.675,669
20260914_141209_795449,2,1,FIST,2676,2.676,902
20260914_141209_795449,2,1,FIST,2677,2.677,642
20260914_141209_795449,2,1,FIST,2678,2.678,732
20260914_141209_795449,2,1,FIST,2679,2.679,873
20260914_141209_795449,2,1,FIST,2680,2.68,799
20260914_141209_795449,2,1,FIST,2681,2.681,945
20260914_141209_795449,2,1,FIST,2682,2.682,908
20260914_141209_795449,2,1,FIST,2683,2.683,933
20260914_141209_795449,2,1,FIST,2684,2.684,1297
20260914_141209_795449,2,1,FIST,2685,2.685,1586
20260914_141209_795449,2,1,FIST,2686,2.686,1617
20260914_141209_795449,2,1,FIST,2687,2.687,1667
20260914_141209_795449,2,1,FIST,2688,2.688,1725
20260914_141209_795449,2,1,FIST,2689,2.689,1728
20260914_141209_795449,2,1,FIST,2690,2.69,1719
20260914_141209_795449,2,1,FIST,2691,2.691,1424
20260914_141209_795449,2,1,FIST,2692,2.692,1395
20260914_141209_795449,2,1,FIST,2693,2.693,1280
20260914_141209_795449,2,1,FIST,2694,2.694,1197
20260914_141209_795449,2,1,FIST,2695,2.695,900
20260914_141209_795449,2,1,FIST,2696,2.696,855
20260914_141209_795449,2,1,FIST,2697,2.697,845
20260914_141209_795449,2,1,FIST,2698,2.698,747
20260914_141209_795449,2,1,FIST,2699,2.699,821
20260914_141209_795449,2,1,FIST,2700,2.7,818
20260914_141209_795449,2,1,FIST,2701,2.701,880
20260914_141209_795449,2,1,FIST,2702,2.702,843
20260914_141209_795449,2,1,FIST,2703,2.703,882
20260914_141209_795449,2,1,FIST,2704,2.704,1001
20260914_141209_795449,2,1,FIST,2705,2.705,1354
20260914_141209_795449,2,1,FIST,2706,2.706,1394
20260914_141209_795449,2,1,FIST,2707,2.707,1436
20260914_141209_795449,2,1,FIST,2708,2.708,1520
20260914_141209_795449,2,1,FIST,2709,2.709,1587
20260914_141209_795449,2,1,FIST,2710,2.71,1463
20260914_141209_795449,2,1,FIST,2711,2.711,1323
20260914_141209_795449,2,1,FIST,2712,2.712,1159
20260914_141209_795449,2,1,FIST,2713,2.713,1082
20260914_141209_795449,2,1,FIST,2714,2.714,985
20260914_141209_795449,2,1,FIST,2715,2.715,673
20260914_141209_795449,2,1,FIST,2716,2.716,638
20260914_141209_795449,2,1,FIST,2717,2.717,631
20260914_141209_795449,2,1,FIST,2718,2.718,583
20260914_141209_795449,2,1,FIST,2719,2.719,609
20260914_141209_795449,2,1,FIST,2720,2.72,631
20260914_141209_795449,2,1,FIST,2721,2.721,689
20260914_141209_795449,2,1,FIST,2722,2.722,863
20260914_141209_795449,2,1,FIST,2723,2.723,892
20260914_141209_795449,2,1,FIST,2724,2.724,973
20260914_141209_795449,2,1,FIST,2725,2.725,1373
20260914_141209_795449,2,1,FIST,2726,2.726,1430
20260914_141209_795449,2,1,FIST,2727,2.727,1718
20260914_141209_795449,2,1,FIST,2728,2.728,1829
20260914_141209_795449,2,1,FIST,2729,2.729,1704
20260914_141209_795449,2,1,FIST,2730,2.73,1801
20260914_141209_795449,2,1,FIST,2731,2.731,1693
20260914_141209_795449,2,1,FIST,2732,2.732,1063
20260914_141209_795449,2,1,FIST,2733,2.733,1292
20260914_141209_795449,2,1,FIST,2734,2.734,1232
20260914_141209_795449,2,1,FIST,2735,2.735,873
20260914_141209_795449,2,1,FIST,2736,2.736,917
20260914_141209_795449,2,1,FIST,2737,2.737,910
20260914_141209_795449,2,1,FIST,2738,2.738,848
20260914_141209_795449,2,1,FIST,2739,2.739,816
20260914_141209_795449,2,1,FIST,2740,2.74,840
20260914_141209_795449,2,1,FIST,2741,2.741,960
20260914_141209_795449,2,1,FIST,2742,2.742,1088
20260914_141209_795449,2,1,FIST,2743,2.743,1140
20260914_141209_795449,2,1,FIST,2744,2.744,1211
20260914_141209_795449,2,1,FIST,2745,2.745,1550
20260914_141209_795449,2,1,FIST,2746,2.746,1578
20260914_141209_795449,2,1,FIST,2747,2.747,1535
20260914_141209_795449,2,1,FIST,2748,2.748,1805
20260914_141209_795449,2,1,FIST,2749,2.749,1095
20260914_141209_795449,2,1,FIST,2750,2.75,1217
20260914_141209_795449,2,1,FIST,2751,2.751,1346
20260914_141209_795449,2,1,FIST,2752,2.752,1138
20260914_141209_795449,2,1,FIST,2753,2.753,1090
20260914_141209_795449,2,1,FIST,2754,2.754,1047
20260914_141209_795449,2,1,FIST,2755,2.755,750
20260914_141209_795449,2,1,FIST,2756,2.756,703
20260914_141209_795449,2,1,FIST,2757,2.757,647
20260914_141209_795449,2,1,FIST,2758,2.758,595
20260914_141209_795449,2,1,FIST,2759,2.759,576
20260914_141209_795449,2,1,FIST,2760,2.76,695
20260914_141209_795449,2,1,FIST,2761,2.761,734
20260914_141209_795449,2,1,FIST,2762,2.762,837
20260914_141209_795449,2,1,FIST,2763,2.763,912
20260914_141209_795449,2,1,FIST,2764,2.764,1007
20260914_141209_795449,2,1,FIST,2765,2.765,1321
20260914_141209_795449,2,1,FIST,2766,2.766,1375
20260914_141209_795449,2,1,FIST,2767,2.767,1179
20260914_141209_795449,2,1,FIST,2768,2.768,1099
20260914_141209_795449,2,1,FIST,2769,2.769,1137
20260914_141209_795449,2,1,FIST,2770,2.77,1223
20260914_141209_795449,2,1,FIST,2771,2.771,1077
20260914_141209_795449,2,1,FIST,2772,2.772,1023
20260914_141209_795449,2,1,FIST,2773,2.773,1061
20260914_141209_795449,2,1,FIST,2774,2.774,1075
20260914_141209_795449,2,1,FIST,2775,2.775,831
20260914_141209_795449,2,1,FIST,2776,2.776,942
20260914_141209_795449,2,1,FIST,2777,2.777,1076
20260914_141209_795449,2,1,FIST,2778,2.778,636
20260914_141209_795449,2,1,FIST,2779,2.779,867
20260914_141209_795449,2,1,FIST,2780,2.78,747
20260914_141209_795449,2,1,FIST,2781,2.781,742
20260914_141209_795449,2,1,FIST,2782,2.782,1102
20260914_141209_795449,2,1,FIST,2783,2.783,992
20260914_141209_795449,2,1,FIST,2784,2.784,1208
20260914_141209_795449,2,1,FIST,2785,2.785,1600
20260914_141209_795449,2,1,FIST,2786,2.786,1685
20260914_141209_795449,2,1,FIST,2787,2.787,1318
20260914_141209_795449,2,1,FIST,2788,2.788,1369
20260914_141209_795449,2,1,FIST,2789,2.789,1781
20260914_141209_795449,2,1,FIST,2790,2.79,1733
20260914_141209_795449,2,1,FIST,2791,2.791,1296
20260914_141209_795449,2,1,FIST,2792,2.792,1321
20260914_141209_795449,2,1,FIST,2793,2.793,1384
20260914_141209_795449,2,1,FIST,2794,2.794,1314
20260914_141209_795449,2,1,FIST,2795,2.795,931
20260914_141209_795449,2,1,FIST,2796,2.796,909
20260914_141209_795449,2,1,FIST,2797,2.797,832
20260914_141209_795449,2,1,FIST,2798,2.798,846
20260914_141209_795449,2,1,FIST,2799,2.799,783
20260914_141209_795449,2,1,FIST,2800,2.8,799
20260914_141209_795449,2,1,FIST,2801,2.801,893
20260914_141209_795449,2,1,FIST,2802,2.802,1122
20260914_141209_795449,2,1,FIST,2803,2.803,1122
20260914_141209_795449,2,1,FIST,2804,2.804,1154
20260914_141209_795449,2,1,FIST,2805,2.805,1591
20260914_141209_795449,2,1,FIST,2806,2.806,1685
20260914_141209_795449,2,1,FIST,2807,2.807,1398
20260914_141209_795449,2,1,FIST,2808,2.808,1744
20260914_141209_795449,2,1,FIST,2809,2.809,1382
20260914_141209_795449,2,1,FIST,2810,2.81,1053
20260914_141209_795449,2,1,FIST,2811,2.811,1040
20260914_141209_795449,2,1,FIST,2812,2.812,1014
20260914_141209_795449,2,1,FIST,2813,2.813,986
20260914_141209_795449,2,1,FIST,2814,2.814,1003
20260914_141209_795449,2,1,FIST,2815,2.815,926
20260914_141209_795449,2,1,FIST,2816,2.816,903
20260914_141209_795449,2,1,FIST,2817,2.817,945
20260914_141209_795449,2,1,FIST,2818,2.818,639
20260914_141209_795449,2,1,FIST,2819,2.819,626
20260914_141209_795449,2,1,FIST,2820,2.82,705
20260914_141209_795449,2,1,FIST,2821,2.821,728
20260914_141209_795449,2,1,FIST,2822,2.822,891
20260914_141209_795449,2,1,FIST,2823,2.823,895
20260914_141209_795449,2,1,FIST,2824,2.824,1211
20260914_141209_795449,2,1,FIST,2825,2.825,1493
20260914_141209_795449,2,1,FIST,2826,2.826,1555
20260914_141209_795449,2,1,FIST,2827,2.827,1594
20260914_141209_795449,2,1,FIST,2828,2.828,1172
20260914_141209_795449,2,1,FIST,2829,2.829,1761
20260914_141209_795449,2,1,FIST,2830,2.83,1599
20260914_141209_795449,2,1,FIST,2831,2.831,1363
20260914_141209_795449,2,1,FIST,2832,2.832,1247
20260914_141209_795449,2,1,FIST,2833,2.833,978
20260914_141209_795449,2,1,FIST,2834,2.834,1061
20260914_141209_795449,2,1,FIST,2835,2.835,823
20260914_141209_795449,2,1,FIST,2836,2.836,739
20260914_141209_795449,2,1,FIST,2837,2.837,716
20260914_141209_795449,2,1,FIST,2838,2.838,659
20260914_141209_795449,2,1,FIST,2839,2.839,657
20260914_141209_795449,2,1,FIST,2840,2.84,726
20260914_141209_795449,2,1,FIST,2841,2.841,758
20260914_141209_795449,2,1,FIST,2842,2.842,855
20260914_141209_795449,2,1,FIST,2843,2.843,899
20260914_141209_795449,2,1,FIST,2844,2.844,1098
20260914_141209_795449,2,1,FIST,2845,2.845,1264
20260914_141209_795449,2,1,FIST,2846,2.846,1535
20260914_141209_795449,2,1,FIST,2847,2.847,1352
20260914_141209_795449,2,1,FIST,2848,2.848,1744
20260914_141209_795449,2,1,FIST,2849,2.849,1664
20260914_141209_795449,2,1,FIST,2850,2.85,1376
20260914_141209_795449,2,1,FIST,2851,2.851,1597
20260914_141209_795449,2,1,FIST,2852,2.852,976
20260914_141209_795449,2,1,FIST,2853,2.853,1313
20260914_141209_795449,2,1,FIST,2854,2.854,1314
20260914_141209_795449,2,1,FIST,2855,2.855,1049
20260914_141209_795449,2,1,FIST,2856,2.856,976
20260914_141209_795449,2,1,FIST,2857,2.857,960
20260914_141209_795449,2,1,FIST,2858,2.858,907
20260914_141209_795449,2,1,FIST,2859,2.859,956
20260914_141209_795449,2,1,FIST,2860,2.86,923
20260914_141209_795449,2,1,FIST,2861,2.861,961
20260914_141209_795449,2,1,FIST,2862,2.862,1120
20260914_141209_795449,2,1,FIST,2863,2.863,1152
20260914_141209_795449,2,1,FIST,2864,2.864,1166
20260914_141209_795449,2,1,FIST,2865,2.865,1515
20260914_141209_795449,2,1,FIST,2866,2.866,1584
20260914_141209_795449,2,1,FIST,2867,2.867,1745
20260914_141209_795449,2,1,FIST,2868,2.868,1779
20260914_141209_795449,2,1,FIST,2869,2.869,1345
20260914_141209_795449,2,1,FIST,2870,2.87,1649
20260914_141209_795449,2,1,FIST,2871,2.871,1482
20260914_141209_795449,2,1,FIST,2872,2.872,1319
20260914_141209_795449,2,1,FIST,2873,2.873,1346
20260914_141209_795449,2,1,FIST,2874,2.874,1261
20260914_141209_795449,2,1,FIST,2875,2.875,1088
20260914_141209_795449,2,1,FIST,2876,2.876,999
20260914_141209_795449,2,1,FIST,2877,2.877,999
20260914_141209_795449,2,1,FIST,2878,2.878,948
20260914_141209_795449,2,1,FIST,2879,2.879,848
20260914_141209_795449,2,1,FIST,2880,2.88,990
20260914_141209_795449,2,1,FIST,2881,2.881,771
20260914_141209_795449,2,1,FIST,2882,2.882,1170
20260914_141209_795449,2,1,FIST,2883,2.883,1121
20260914_141209_795449,2,1,FIST,2884,2.884,1241
20260914_141209_795449,2,1,FIST,2885,2.885,1435
20260914_141209_795449,2,1,FIST,2886,2.886,1248
20260914_141209_795449,2,1,FIST,2887,2.887,1303
20260914_141209_795449,2,1,FIST,2888,2.888,1346
20260914_141209_795449,2,1,FIST,2889,2.889,1391
20260914_141209_795449,2,1,FIST,2890,2.89,1362
20260914_141209_795449,2,1,FIST,2891,2.891,1313
20260914_141209_795449,2,1,FIST,2892,2.892,1127
20260914_141209_795449,2,1,FIST,2893,2.893,1092
20260914_141209_795449,2,1,FIST,2894,2.894,1038
20260914_141209_795449,2,1,FIST,2895,2.895,915
20260914_141209_795449,2,1,FIST,2896,2.896,784
20260914_141209_795449,2,1,FIST,2897,2.897,745
20260914_141209_795449,2,1,FIST,2898,2.898,699
20260914_141209_795449,2,1,FIST,2899,2.899,719
20260914_141209_795449,2,1,FIST,2900,2.9,741
20260914_141209_795449,2,1,FIST,2901,2.901,799
20260914_141209_795449,2,1,FIST,2902,2.902,895
20260914_141209_795449,2,1,FIST,2903,2.903,903
20260914_141209_795449,2,1,FIST,2904,2.904,937
20260914_141209_795449,2,1,FIST,2905,2.905,1214
20260914_141209_795449,2,1,FIST,2906,2.906,1291
20260914_141209_795449,2,1,FIST,2907,2.907,1338
20260914_141209_795449,2,1,FIST,2908,2.908,1391
20260914_141209_795449,2,1,FIST,2909,2.909,1440
20260914_141209_795449,2,1,FIST,2910,2.91,1335
20260914_141209_795449,2,1,FIST,2911,2.911,1090
20260914_141209_795449,2,1,FIST,2912,2.912,1068
20260914_141209_795449,2,1,FIST,2913,2.913,1037
20260914_141209_795449,2,1,FIST,2914,2.914,1023
20260914_141209_795449,2,1,FIST,2915,2.915,831
20260914_141209_795449,2,1,FIST,2916,2.916,767
20260914_141209_795449,2,1,FIST,2917,2.917,755
20260914_141209_795449,2,1,FIST,2918,2.918,718
20260914_141209_795449,2,1,FIST,2919,2.919,592
20260914_141209_795449,2,1,FIST,2920,2.92,695
20260914_141209_795449,2,1,FIST,2921,2.921,735
20260914_141209_795449,2,1,FIST,2922,2.922,885
20260914_141209_795449,2,1,FIST,2923,2.923,901
20260914_141209_795449,2,1,FIST,2924,2.924,867
20260914_141209_795449,2,1,FIST,2925,2.925,1223
20260914_141209_795449,2,1,FIST,2926,2.926,1333
20260914_141209_795449,2,1,FIST,2927,2.927,1371
20260914_141209_795449,2,1,FIST,2928,2.928,1431
20260914_141209_795449,2,1,FIST,2929,2.929,1462
20260914_141209_795449,2,1,FIST,2930,2.93,1406
20260914_141209_795449,2,1,FIST,2931,2.931,1387
20260914_141209_795449,2,1,FIST,2932,2.932,1226
20260914_141209_795449,2,1,FIST,2933,2.933,1106
20260914_141209_795449,2,1,FIST,2934,2.934,1062
20260914_141209_795449,2,1,FIST,2935,2.935,1031
20260914_141209_795449,2,1,FIST,2936,2.936,739
20260914_141209_795449,2,1,FIST,2937,2.937,694
20260914_141209_795449,2,1,FIST,2938,2.938,799
20260914_141209_795449,2,1,FIST,2939,2.939,698
20260914_141209_795449,2,1,FIST,2940,2.94,762
20260914_141209_795449,2,1,FIST,2941,2.941,914
20260914_141209_795449,2,1,FIST,2942,2.942,1090
20260914_141209_795449,2,1,FIST,2943,2.943,1177
20260914_141209_795449,2,1,FIST,2944,2.944,1189
20260914_141209_795449,2,1,FIST,2945,2.945,1437
20260914_141209_795449,2,1,FIST,2946,2.946,1518
20260914_141209_795449,2,1,FIST,2947,2.947,1523
20260914_141209_795449,2,1,FIST,2948,2.948,1589
20260914_141209_795449,2,1,FIST,2949,2.949,1577
20260914_141209_795449,2,1,FIST,2950,2.95,1489
20260914_141209_795449,2,1,FIST,2951,2.951,1419
20260914_141209_795449,2,1,FIST,2952,2.952,1325
20260914_141209_795449,2,1,FIST,2953,2.953,1296
20260914_141209_795449,2,1,FIST,2954,2.954,1275
20260914_141209_795449,2,1,FIST,2955,2.955,1104
20260914_141209_795449,2,1,FIST,2956,2.956,1070
20260914_141209_795449,2,1,FIST,2957,2.957,974
20260914_141209_795449,2,1,FIST,2958,2.958,946
20260914_141209_795449,2,1,FIST,2959,2.959,935
20260914_141209_795449,2,1,FIST,2960,2.96,966
20260914_141209_795449,2,1,FIST,2961,2.961,976
20260914_141209_795449,2,1,FIST,2962,2.962,1127
20260914_141209_795449,2,1,FIST,2963,2.963,1152
20260914_141209_795449,2,1,FIST,2964,2.964,1168
20260914_141209_795449,2,1,FIST,2965,2.965,1216
20260914_141209_795449,2,1,FIST,2966,2.966,1487
20260914_141209_795449,2,1,FIST,2967,2.967,1550
20260914_141209_795449,2,1,FIST,2968,2.968,1632
20260914_141209_795449,2,1,FIST,2969,2.969,1535
20260914_141209_795449,2,1,FIST,2970,2.97,1437
20260914_141209_795449,2,1,FIST,2971,2.971,1367
20260914_141209_795449,2,1,FIST,2972,2.972,1286
20260914_141209_795449,2,1,FIST,2973,2.973,1312
20260914_141209_795449,2,1,FIST,2974,2.974,1249
20260914_141209_795449,2,1,FIST,2975,2.975,1136
20260914_141209_795449,2,1,FIST,2976,2.976,1144
20260914_141209_795449,2,1,FIST,2977,2.977,988
20260914_141209_795449,2,1,FIST,2978,2.978,944
20260914_141209_795449,2,1,FIST,2979,2.979,967
20260914_141209_795449,2,1,FIST,2980,2.98,995
20260914_141209_795449,2,1,FIST,2981,2.981,996
20260914_141209_795449,2,1,FIST,2982,2.982,1136
20260914_141209_795449,2,1,FIST,2983,2.983,1152
20260914_141209_795449,2,1,FIST,2984,2.984,1199
20260914_141209_795449,2,1,FIST,2985,2.985,1424
20260914_141209_795449,2,1,FIST,2986,2.986,1510
20260914_141209_795449,2,1,FIST,2987,2.987,1520
20260914_141209_795449,2,1,FIST,2988,2.988,1591
20260914_141209_795449,2,1,FIST,2989,2.989,1618
20260914_141209_795449,2,1,FIST,2990,2.99,1600
20260914_141209_795449,2,1,FIST,2991,2.991,1568
20260914_141209_795449,2,1,FIST,2992,2.992,1384
20260914_141209_795449,2,1,FIST,2993,2.993,1312
20260914_141209_795449,2,1,FIST,2994,2.994,1328
20260914_141209_795449,2,1,FIST,2995,2.995,1088
20260914_141209_795449,2,1,FIST,2996,2.996,1008
20260914_141209_795449,2,1,FIST,2997,2.997,968
20260914_141209_795449,2,1,FIST,2998,2.998,927
20260914_141209_795449,2,1,FIST,2999,2.999,992
20260914_141209_795449,2,1,FIST,3000,3.0,924
