session_id,trial_id,repetition,label,sample,time_s,adc
20260914_141144_206684,1,1,REST,0,0.0,1138
20260914_141144_206684,1,1,REST,1,0.001,1138
20260914_141144_206684,1,1,REST,2,0.002,1148
20260914_141144_206684,1,1,REST,3,0.003,1151
20260914_141144_206684,1,1,REST,4,0.004,1137
20260914_141144_206684,1,1,REST,5,0.005,1142
20260914_141144_206684,1,1,REST,6,0.006,1143
20260914_141144_206684,1,1,REST,7,0.007,1139
20260914_141144_206684,1,1,REST,8,0.008,1138
20260914_141144_206684,1,1,REST,9,0.009,1139
20260914_141144_206684,1,1,REST,10,0.01,1138
20260914_141144_206684,1,1,REST,11,0.011,1143
20260914_141144_206684,1,1,REST,12,0.012,1142
20260914_141144_206684,1,1,REST,13,0.013,1157
20260914_141144_206684,1,1,REST,14,0.014,1146
20260914_141144_206684,1,1,REST,15,0.015,1136
20260914_141144_206684,1,1,REST,16,0.016,1145
20260914_141144_206684,1,1,REST,17,0.017,1135
20260914_141144_206684,1,1,REST,18,0.018,1140
20260914_141144_206684,1,1,REST,19,0.019,1127
20260914_141144_206684,1,1,REST,20,0.02,1141
20260914_141144_206684,1,1,REST,21,0.021,1124
20260914_141144_206684,1,1,REST,22,0.022,1133
20260914_141144_206684,1,1,REST,23,0.023,1136
20260914_141144_206684,1,1,REST,24,0.024,1138
20260914_141144_206684,1,1,REST,25,0.025,1140
20260914_141144_206684,1,1,REST,26,0.026,1136
20260914_141144_206684,1,1,REST,27,0.027,1136
20260914_141144_206684,1,1,REST,28,0.028,1137
20260914_141144_206684,1,1,REST,29,0.029,1134
20260914_141144_206684,1,1,REST,30,0.03,1136
20260914_141144_206684,1,1,REST,31,0.031,1135
20260914_141144_206684,1,1,REST,32,0.032,1152
20260914_141144_206684,1,1,REST,33,0.033,1140
20260914_141144_206684,1,1,REST,34,0.034,1144
20260914_141144_206684,1,1,REST,35,0.035,1152
20260914_141144_206684,1,1,REST,36,0.036,1196
20260914_141144_206684,1,1,REST,37,0.037,1147
20260914_141144_206684,1,1,REST,38,0.038,1142
20260914_141144_206684,1,1,REST,39,0.039,1144
20260914_141144_206684,1,1,REST,40,0.04,1138
20260914_141144_206684,1,1,REST,41,0.041,1141
20260914_141144_206684,1,1,REST,42,0.042,1136
20260914_141144_206684,1,1,REST,43,0.043,1137
20260914_141144_206684,1,1,REST,44,0.044,1137
20260914_141144_206684,1,1,REST,45,0.045,1141
20260914_141144_206684,1,1,REST,46,0.046,1146
20260914_141144_206684,1,1,REST,47,0.047,1136
20260914_141144_206684,1,1,REST,48,0.048,1190
20260914_141144_206684,1,1,REST,49,0.049,1130
20260914_141144_206684,1,1,REST,50,0.05,1137
20260914_141144_206684,1,1,REST,51,0.051,1137
20260914_141144_206684,1,1,REST,52,0.052,1136
20260914_141144_206684,1,1,REST,53,0.053,1137
20260914_141144_206684,1,1,REST,54,0.054,1137
20260914_141144_206684,1,1,REST,55,0.055,1115
20260914_141144_206684,1,1,REST,56,0.056,1135
20260914_141144_206684,1,1,REST,57,0.057,1137
20260914_141144_206684,1,1,REST,58,0.058,1139
20260914_141144_206684,1,1,REST,59,0.059,1133
20260914_141144_206684,1,1,REST,60,0.06,1141
20260914_141144_206684,1,1,REST,61,0.061,1126
20260914_141144_206684,1,1,REST,62,0.062,1118
20260914_141144_206684,1,1,REST,63,0.063,1133
20260914_141144_206684,1,1,REST,64,0.064,1139
20260914_141144_206684,1,1,REST,65,0.065,1125
20260914_141144_206684,1,1,REST,66,0.066,1140
20260914_141144_206684,1,1,REST,67,0.067,1146
20260914_141144_206684,1,1,REST,68,0.068,1151
20260914_141144_206684,1,1,REST,69,0.069,1141
20260914_141144_206684,1,1,REST,70,0.07,1149
20260914_141144_206684,1,1,REST,71,0.071,1135
20260914_141144_206684,1,1,REST,72,0.072,1141
20260914_141144_206684,1,1,REST,73,0.073,1141
20260914_141144_206684,1,1,REST,74,0.074,1132
20260914_141144_206684,1,1,REST,75,0.075,1143
20260914_141144_206684,1,1,REST,76,0.076,1130
20260914_141144_206684,1,1,REST,77,0.077,1110
20260914_141144_206684,1,1,REST,78,0.078,1120
20260914_141144_206684,1,1,REST,79,0.079,1126
20260914_141144_206684,1,1,REST,80,0.08,1143
20260914_141144_206684,1,1,REST,81,0.081,1123
20260914_141144_206684,1,1,REST,82,0.082,1131
20260914_141144_206684,1,1,REST,83,0.083,1150
20260914_141144_206684,1,1,REST,84,0.084,1137
20260914_141144_206684,1,1,REST,85,0.085,1147
20260914_141144_206684,1,1,REST,86,0.086,1123
20260914_141144_206684,1,1,REST,87,0.087,1136
20260914_141144_206684,1,1,REST,88,0.088,1140
20260914_141144_206684,1,1,REST,89,0.089,1143
20260914_141144_206684,1,1,REST,90,0.09,1150
20260914_141144_206684,1,1,REST,91,0.091,1146
20260914_141144_206684,1,1,REST,92,0.092,1136
20260914_141144_206684,1,1,REST,93,0.093,1136
20260914_141144_206684,1,1,REST,94,0.094,1136
20260914_141144_206684,1,1,REST,95,0.095,1130
20260914_141144_206684,1,1,REST,96,0.096,1139
20260914_141144_206684,1,1,REST,97,0.097,1136
20260914_141144_206684,1,1,REST,98,0.098,1152
20260914_141144_206684,1,1,REST,99,0.099,1137
20260914_141144_206684,1,1,REST,100,0.1,1154
20260914_141144_206684,1,1,REST,101,0.101,1151
20260914_141144_206684,1,1,REST,102,0.102,1159
20260914_141144_206684,1,1,REST,103,0.103,1154
20260914_141144_206684,1,1,REST,104,0.104,1136
20260914_141144_206684,1,1,REST,105,0.105,1136
20260914_141144_206684,1,1,REST,106,0.106,1127
20260914_141144_206684,1,1,REST,107,0.107,1142
20260914_141144_206684,1,1,REST,108,0.108,1145
20260914_141144_206684,1,1,REST,109,0.109,1146
20260914_141144_206684,1,1,REST,110,0.11,1139
20260914_141144_206684,1,1,REST,111,0.111,1139
20260914_141144_206684,1,1,REST,112,0.112,1143
20260914_141144_206684,1,1,REST,113,0.113,1140
20260914_141144_206684,1,1,REST,114,0.114,1134
20260914_141144_206684,1,1,REST,115,0.115,1136
20260914_141144_206684,1,1,REST,116,0.116,1139
20260914_141144_206684,1,1,REST,117,0.117,1139
20260914_141144_206684,1,1,REST,118,0.118,1131
20260914_141144_206684,1,1,REST,119,0.119,1157
20260914_141144_206684,1,1,REST,120,0.12,1133
20260914_141144_206684,1,1,REST,121,0.121,1142
20260914_141144_206684,1,1,REST,122,0.122,1142
20260914_141144_206684,1,1,REST,123,0.123,1138
20260914_141144_206684,1,1,REST,124,0.124,1143
20260914_141144_206684,1,1,REST,125,0.125,1136
20260914_141144_206684,1,1,REST,126,0.126,1147
20260914_141144_206684,1,1,REST,127,0.127,1134
20260914_141144_206684,1,1,REST,128,0.128,1152
20260914_141144_206684,1,1,REST,129,0.129,1134
20260914_141144_206684,1,1,REST,130,0.13,1154
20260914_141144_206684,1,1,REST,131,0.131,1143
20260914_141144_206684,1,1,REST,132,0.132,1136
20260914_141144_206684,1,1,REST,133,0.133,1134
20260914_141144_206684,1,1,REST,134,0.134,1124
20260914_141144_206684,1,1,REST,135,0.135,1136
20260914_141144_206684,1,1,REST,136,0.136,1138
20260914_141144_206684,1,1,REST,137,0.137,1140
20260914_141144_206684,1,1,REST,138,0.138,1139
20260914_141144_206684,1,1,REST,139,0.139,1138
20260914_141144_206684,1,1,REST,140,0.14,1137
20260914_141144_206684,1,1,REST,141,0.141,1136
20260914_141144_206684,1,1,REST,142,0.142,1133
20260914_141144_206684,1,1,REST,143,0.143,1135
20260914_141144_206684,1,1,REST,144,0.144,1135
20260914_141144_206684,1,1,REST,145,0.145,1135
20260914_141144_206684,1,1,REST,146,0.146,1131
20260914_141144_206684,1,1,REST,147,0.147,1136
20260914_141144_206684,1,1,REST,148,0.148,1137
20260914_141144_206684,1,1,REST,149,0.149,1137
20260914_141144_206684,1,1,REST,150,0.15,1138
20260914_141144_206684,1,1,REST,151,0.151,1140
20260914_141144_206684,1,1,REST,152,0.152,1136
20260914_141144_206684,1,1,REST,153,0.153,1146
20260914_141144_206684,1,1,REST,154,0.154,1136
20260914_141144_206684,1,1,REST,155,0.155,1136
20260914_141144_206684,1,1,REST,156,0.156,1136
20260914_141144_206684,1,1,REST,157,0.157,1134
20260914_141144_206684,1,1,REST,158,0.158,1138
20260914_141144_206684,1,1,REST,159,0.159,1139
20260914_141144_206684,1,1,REST,160,0.16,1131
20260914_141144_206684,1,1,REST,161,0.161,1131
20260914_141144_206684,1,1,REST,162,0.162,1134
20260914_141144_206684,1,1,REST,163,0.163,1117
20260914_141144_206684,1,1,REST,164,0.164,1142
20260914_141144_206684,1,1,REST,165,0.165,1135
20260914_141144_206684,1,1,REST,166,0.166,1143
20260914_141144_206684,1,1,REST,167,0.167,1133
20260914_141144_206684,1,1,REST,168,0.168,1149
20260914_141144_206684,1,1,REST,169,0.169,1135
20260914_141144_206684,1,1,REST,170,0.17,1135
20260914_141144_206684,1,1,REST,171,0.171,1140
20260914_141144_206684,1,1,REST,172,0.172,1136
20260914_141144_206684,1,1,REST,173,0.173,1137
20260914_141144_206684,1,1,REST,174,0.174,1142
20260914_141144_206684,1,1,REST,175,0.175,1136
20260914_141144_206684,1,1,REST,176,0.176,1135
20260914_141144_206684,1,1,REST,177,0.177,1141
20260914_141144_206684,1,1,REST,178,0.178,1136
20260914_141144_206684,1,1,REST,179,0.179,1154
20260914_141144_206684,1,1,REST,180,0.18,1137
20260914_141144_206684,1,1,REST,181,0.181,1143
20260914_141144_206684,1,1,REST,182,0.182,1158
20260914_141144_206684,1,1,REST,183,0.183,1150
20260914_141144_206684,1,1,REST,184,0.184,1152
20260914_141144_206684,1,1,REST,185,0.185,1145
20260914_141144_206684,1,1,REST,186,0.186,1139
20260914_141144_206684,1,1,REST,187,0.187,1136
20260914_141144_206684,1,1,REST,188,0.188,1142
20260914_141144_206684,1,1,REST,189,0.189,1138
20260914_141144_206684,1,1,REST,190,0.19,1145
20260914_141144_206684,1,1,REST,191,0.191,1137
20260914_141144_206684,1,1,REST,192,0.192,1147
20260914_141144_206684,1,1,REST,193,0.193,1143
20260914_141144_206684,1,1,REST,194,0.194,1139
20260914_141144_206684,1,1,REST,195,0.195,1137
20260914_141144_206684,1,1,REST,196,0.196,1136
20260914_141144_206684,1,1,REST,197,0.197,1129
20260914_141144_206684,1,1,REST,198,0.198,1134
20260914_141144_206684,1,1,REST,199,0.199,1136
20260914_141144_206684,1,1,REST,200,0.2,1131
20260914_141144_206684,1,1,REST,201,0.201,1136
20260914_141144_206684,1,1,REST,202,0.202,1136
20260914_141144_206684,1,1,REST,203,0.203,1134
20260914_141144_206684,1,1,REST,204,0.204,1136
20260914_141144_206684,1,1,REST,205,0.205,1136
20260914_141144_206684,1,1,REST,206,0.206,1138
20260914_141144_206684,1,1,REST,207,0.207,1137
20260914_141144_206684,1,1,REST,208,0.208,1147
20260914_141144_206684,1,1,REST,209,0.209,1136
20260914_141144_206684,1,1,REST,210,0.21,1137
20260914_141144_206684,1,1,REST,211,0.211,1139
20260914_141144_206684,1,1,REST,212,0.212,1138
20260914_141144_206684,1,1,REST,213,0.213,1141
20260914_141144_206684,1,1,REST,214,0.214,1137
20260914_141144_206684,1,1,REST,215,0.215,1147
20260914_141144_206684,1,1,REST,216,0.216,1149
20260914_141144_206684,1,1,REST,217,0.217,1141
20260914_141144_206684,1,1,REST,218,0.218,1136
20260914_141144_206684,1,1,REST,219,0.219,1168
20260914_141144_206684,1,1,REST,220,0.22,1163
20260914_141144_206684,1,1,REST,221,0.221,1147
20260914_141144_206684,1,1,REST,222,0.222,1136
20260914_141144_206684,1,1,REST,223,0.223,1157
20260914_141144_206684,1,1,REST,224,0.224,1137
20260914_141144_206684,1,1,REST,225,0.225,1138
20260914_141144_206684,1,1,REST,226,0.226,1136
20260914_141144_206684,1,1,REST,227,0.227,1137
20260914_141144_206684,1,1,REST,228,0.228,1150
20260914_141144_206684,1,1,REST,229,0.229,1138
20260914_141144_206684,1,1,REST,230,0.23,1147
20260914_141144_206684,1,1,REST,231,0.231,1137
20260914_141144_206684,1,1,REST,232,0.232,1120
20260914_141144_206684,1,1,REST,233,0.233,1135
20260914_141144_206684,1,1,REST,234,0.234,1107
20260914_141144_206684,1,1,REST,235,0.235,1136
20260914_141144_206684,1,1,REST,236,0.236,1136
20260914_141144_206684,1,1,REST,237,0.237,1136
20260914_141144_206684,1,1,REST,238,0.238,1136
20260914_141144_206684,1,1,REST,239,0.239,1139
20260914_141144_206684,1,1,REST,240,0.24,1141
20260914_141144_206684,1,1,REST,241,0.241,1140
20260914_141144_206684,1,1,REST,242,0.242,1139
20260914_141144_206684,1,1,REST,243,0.243,1133
20260914_141144_206684,1,1,REST,244,0.244,1136
20260914_141144_206684,1,1,REST,245,0.245,1136
20260914_141144_206684,1,1,REST,246,0.246,1139
20260914_141144_206684,1,1,REST,247,0.247,1149
20260914_141144_206684,1,1,REST,248,0.248,1136
20260914_141144_206684,1,1,REST,249,0.249,1165
20260914_141144_206684,1,1,REST,250,0.25,1138
20260914_141144_206684,1,1,REST,251,0.251,1141
20260914_141144_206684,1,1,REST,252,0.252,1150
20260914_141144_206684,1,1,REST,253,0.253,1137
20260914_141144_206684,1,1,REST,254,0.254,1140
20260914_141144_206684,1,1,REST,255,0.255,1139
20260914_141144_206684,1,1,REST,256,0.256,1142
20260914_141144_206684,1,1,REST,257,0.257,1136
20260914_141144_206684,1,1,REST,258,0.258,1133
20260914_141144_206684,1,1,REST,259,0.259,1142
20260914_141144_206684,1,1,REST,260,0.26,1139
20260914_141144_206684,1,1,REST,261,0.261,1136
20260914_141144_206684,1,1,REST,262,0.262,1139
20260914_141144_206684,1,1,REST,263,0.263,1137
20260914_141144_206684,1,1,REST,264,0.264,1131
20260914_141144_206684,1,1,REST,265,0.265,1136
20260914_141144_206684,1,1,REST,266,0.266,1172
20260914_141144_206684,1,1,REST,267,0.267,1136
20260914_141144_206684,1,1,REST,268,0.268,1153
20260914_141144_206684,1,1,REST,269,0.269,1152
20260914_141144_206684,1,1,REST,270,0.27,1137
20260914_141144_206684,1,1,REST,271,0.271,1154
20260914_141144_206684,1,1,REST,272,0.272,1143
20260914_141144_206684,1,1,REST,273,0.273,1143
20260914_141144_206684,1,1,REST,274,0.274,1136
20260914_141144_206684,1,1,REST,275,0.275,1136
20260914_141144_206684,1,1,REST,276,0.276,1136
20260914_141144_206684,1,1,REST,277,0.277,1139
20260914_141144_206684,1,1,REST,278,0.278,1143
20260914_141144_206684,1,1,REST,279,0.279,1130
20260914_141144_206684,1,1,REST,280,0.28,1136
20260914_141144_206684,1,1,REST,281,0.281,1143
20260914_141144_206684,1,1,REST,282,0.282,1142
20260914_141144_206684,1,1,REST,283,0.283,1137
20260914_141144_206684,1,1,REST,284,0.284,1142
20260914_141144_206684,1,1,REST,285,0.285,1136
20260914_141144_206684,1,1,REST,286,0.286,1137
20260914_141144_206684,1,1,REST,287,0.287,1153
20260914_141144_206684,1,1,REST,288,0.288,1140
20260914_141144_206684,1,1,REST,289,0.289,1136
20260914_141144_206684,1,1,REST,290,0.29,1139
20260914_141144_206684,1,1,REST,291,0.291,1142
20260914_141144_206684,1,1,REST,292,0.292,1142
20260914_141144_206684,1,1,REST,293,0.293,1138
20260914_141144_206684,1,1,REST,294,0.294,1137
20260914_141144_206684,1,1,REST,295,0.295,1137
20260914_141144_206684,1,1,REST,296,0.296,1145
20260914_141144_206684,1,1,REST,297,0.297,1140
20260914_141144_206684,1,1,REST,298,0.298,1140
20260914_141144_206684,1,1,REST,299,0.299,1139
20260914_141144_206684,1,1,REST,300,0.3,1141
20260914_141144_206684,1,1,REST,301,0.301,1143
20260914_141144_206684,1,1,REST,302,0.302,1136
20260914_141144_206684,1,1,REST,303,0.303,1123
20260914_141144_206684,1,1,REST,304,0.304,1136
20260914_141144_206684,1,1,REST,305,0.305,1129
20260914_141144_206684,1,1,REST,306,0.306,1129
20260914_141144_206684,1,1,REST,307,0.307,1124
20260914_141144_206684,1,1,REST,308,0.308,1137
20260914_141144_206684,1,1,REST,309,0.309,1141
20260914_141144_206684,1,1,REST,310,0.31,1147
20260914_141144_206684,1,1,REST,311,0.311,1137
20260914_141144_206684,1,1,REST,312,0.312,1138
20260914_141144_206684,1,1,REST,313,0.313,1141
20260914_141144_206684,1,1,REST,314,0.314,1136
20260914_141144_206684,1,1,REST,315,0.315,1138
20260914_141144_206684,1,1,REST,316,0.316,1137
20260914_141144_206684,1,1,REST,317,0.317,1136
20260914_141144_206684,1,1,REST,318,0.318,1136
20260914_141144_206684,1,1,REST,319,0.319,1134
20260914_141144_206684,1,1,REST,320,0.32,1133
20260914_141144_206684,1,1,REST,321,0.321,1147
20260914_141144_206684,1,1,REST,322,0.322,1151
20260914_141144_206684,1,1,REST,323,0.323,1143
20260914_141144_206684,1,1,REST,324,0.324,1159
20260914_141144_206684,1,1,REST,325,0.325,1152
20260914_141144_206684,1,1,REST,326,0.326,1141
20260914_141144_206684,1,1,REST,327,0.327,1138
20260914_141144_206684,1,1,REST,328,0.328,1138
20260914_141144_206684,1,1,REST,329,0.329,1143
20260914_141144_206684,1,1,REST,330,0.33,1115
20260914_141144_206684,1,1,REST,331,0.331,1139
20260914_141144_206684,1,1,REST,332,0.332,1142
20260914_141144_206684,1,1,REST,333,0.333,1147
20260914_141144_206684,1,1,REST,334,0.334,1139
20260914_141144_206684,1,1,REST,335,0.335,1145
20260914_141144_206684,1,1,REST,336,0.336,1142
20260914_141144_206684,1,1,REST,337,0.337,1142
20260914_141144_206684,1,1,REST,338,0.338,1143
20260914_141144_206684,1,1,REST,339,0.339,1123
20260914_141144_206684,1,1,REST,340,0.34,1136
20260914_141144_206684,1,1,REST,341,0.341,1137
20260914_141144_206684,1,1,REST,342,0.342,1127
20260914_141144_206684,1,1,REST,343,0.343,1104
20260914_141144_206684,1,1,REST,344,0.344,1134
20260914_141144_206684,1,1,REST,345,0.345,1135
20260914_141144_206684,1,1,REST,346,0.346,1135
20260914_141144_206684,1,1,REST,347,0.347,1140
20260914_141144_206684,1,1,REST,348,0.348,1147
20260914_141144_206684,1,1,REST,349,0.349,1147
20260914_141144_206684,1,1,REST,350,0.35,1144
20260914_141144_206684,1,1,REST,351,0.351,1141
20260914_141144_206684,1,1,REST,352,0.352,1135
20260914_141144_206684,1,1,REST,353,0.353,1136
20260914_141144_206684,1,1,REST,354,0.354,1136
20260914_141144_206684,1,1,REST,355,0.355,1138
20260914_141144_206684,1,1,REST,356,0.356,1139
20260914_141144_206684,1,1,REST,357,0.357,1134
20260914_141144_206684,1,1,REST,358,0.358,1135
20260914_141144_206684,1,1,REST,359,0.359,1137
20260914_141144_206684,1,1,REST,360,0.36,1136
20260914_141144_206684,1,1,REST,361,0.361,1137
20260914_141144_206684,1,1,REST,362,0.362,1135
20260914_141144_206684,1,1,REST,363,0.363,1131
20260914_141144_206684,1,1,REST,364,0.364,1136
20260914_141144_206684,1,1,REST,365,0.365,1145
20260914_141144_206684,1,1,REST,366,0.366,1136
20260914_141144_206684,1,1,REST,367,0.367,1139
20260914_141144_206684,1,1,REST,368,0.368,1139
20260914_141144_206684,1,1,REST,369,0.369,1136
20260914_141144_206684,1,1,REST,370,0.37,1136
20260914_141144_206684,1,1,REST,371,0.371,1134
20260914_141144_206684,1,1,REST,372,0.372,1136
20260914_141144_206684,1,1,REST,373,0.373,1138
20260914_141144_206684,1,1,REST,374,0.374,1136
20260914_141144_206684,1,1,REST,375,0.375,1137
20260914_141144_206684,1,1,REST,376,0.376,1134
20260914_141144_206684,1,1,REST,377,0.377,1145
20260914_141144_206684,1,1,REST,378,0.378,1147
20260914_141144_206684,1,1,REST,379,0.379,1137
20260914_141144_206684,1,1,REST,380,0.38,1137
20260914_141144_206684,1,1,REST,381,0.381,1137
20260914_141144_206684,1,1,REST,382,0.382,1191
20260914_141144_206684,1,1,REST,383,0.383,1168
20260914_141144_206684,1,1,REST,384,0.384,1136
20260914_141144_206684,1,1,REST,385,0.385,1137
20260914_141144_206684,1,1,REST,386,0.386,1137
20260914_141144_206684,1,1,REST,387,0.387,1137
20260914_141144_206684,1,1,REST,388,0.388,1136
20260914_141144_206684,1,1,REST,389,0.389,1136
20260914_141144_206684,1,1,REST,390,0.39,1139
20260914_141144_206684,1,1,REST,391,0.391,1146
20260914_141144_206684,1,1,REST,392,0.392,1146
20260914_141144_206684,1,1,REST,393,0.393,1138
20260914_141144_206684,1,1,REST,394,0.394,1136
20260914_141144_206684,1,1,REST,395,0.395,1136
20260914_141144_206684,1,1,REST,396,0.396,1139
20260914_141144_206684,1,1,REST,397,0.397,1138
20260914_141144_206684,1,1,REST,398,0.398,1137
20260914_141144_206684,1,1,REST,399,0.399,1141
20260914_141144_206684,1,1,REST,400,0.4,1136
20260914_141144_206684,1,1,REST,401,0.401,1135
20260914_141144_206684,1,1,REST,402,0.402,1127
20260914_141144_206684,1,1,REST,403,0.403,1126
20260914_141144_206684,1,1,REST,404,0.404,1135
20260914_141144_206684,1,1,REST,405,0.405,1136
20260914_141144_206684,1,1,REST,406,0.406,1137
20260914_141144_206684,1,1,REST,407,0.407,1126
20260914_141144_206684,1,1,REST,408,0.408,1136
20260914_141144_206684,1,1,REST,409,0.409,1143
20260914_141144_206684,1,1,REST,410,0.41,1147
20260914_141144_206684,1,1,REST,411,0.411,1136
20260914_141144_206684,1,1,REST,412,0.412,1137
20260914_141144_206684,1,1,REST,413,0.413,1138
20260914_141144_206684,1,1,REST,414,0.414,1139
20260914_141144_206684,1,1,REST,415,0.415,1136
20260914_141144_206684,1,1,REST,416,0.416,1137
20260914_141144_206684,1,1,REST,417,0.417,1153
20260914_141144_206684,1,1,REST,418,0.418,1152
20260914_141144_206684,1,1,REST,419,0.419,1145
20260914_141144_206684,1,1,REST,420,0.42,1165
20260914_141144_206684,1,1,REST,421,0.421,1151
20260914_141144_206684,1,1,REST,422,0.422,1139
20260914_141144_206684,1,1,REST,423,0.423,1143
20260914_141144_206684,1,1,REST,424,0.424,1135
20260914_141144_206684,1,1,REST,425,0.425,1135
20260914_141144_206684,1,1,REST,426,0.426,1152
20260914_141144_206684,1,1,REST,427,0.427,1149
20260914_141144_206684,1,1,REST,428,0.428,1050
20260914_141144_206684,1,1,REST,429,0.429,1136
20260914_141144_206684,1,1,REST,430,0.43,1137
20260914_141144_206684,1,1,REST,431,0.431,1143
20260914_141144_206684,1,1,REST,432,0.432,1141
20260914_141144_206684,1,1,REST,433,0.433,1136
20260914_141144_206684,1,1,REST,434,0.434,1154
20260914_141144_206684,1,1,REST,435,0.435,1149
20260914_141144_206684,1,1,REST,436,0.436,1147
20260914_141144_206684,1,1,REST,437,0.437,1139
20260914_141144_206684,1,1,REST,438,0.438,1141
20260914_141144_206684,1,1,REST,439,0.439,1131
20260914_141144_206684,1,1,REST,440,0.44,1136
20260914_141144_206684,1,1,REST,441,0.441,1136
20260914_141144_206684,1,1,REST,442,0.442,1138
20260914_141144_206684,1,1,REST,443,0.443,1137
20260914_141144_206684,1,1,REST,444,0.444,1137
20260914_141144_206684,1,1,REST,445,0.445,1141
20260914_141144_206684,1,1,REST,446,0.446,1140
20260914_141144_206684,1,1,REST,447,0.447,1133
20260914_141144_206684,1,1,REST,448,0.448,1106
20260914_141144_206684,1,1,REST,449,0.449,1142
20260914_141144_206684,1,1,REST,450,0.45,1146
20260914_141144_206684,1,1,REST,451,0.451,1141
20260914_141144_206684,1,1,REST,452,0.452,1136
20260914_141144_206684,1,1,REST,453,0.453,1139
20260914_141144_206684,1,1,REST,454,0.454,1136
20260914_141144_206684,1,1,REST,455,0.455,1138
20260914_141144_206684,1,1,REST,456,0.456,1143
20260914_141144_206684,1,1,REST,457,0.457,1142
20260914_141144_206684,1,1,REST,458,0.458,1147
20260914_141144_206684,1,1,REST,459,0.459,1143
20260914_141144_206684,1,1,REST,460,0.46,1169
20260914_141144_206684,1,1,REST,461,0.461,1150
20260914_141144_206684,1,1,REST,462,0.462,1156
20260914_141144_206684,1,1,REST,463,0.463,1136
20260914_141144_206684,1,1,REST,464,0.464,1136
20260914_141144_206684,1,1,REST,465,0.465,1142
20260914_141144_206684,1,1,REST,466,0.466,1135
20260914_141144_206684,1,1,REST,467,0.467,1154
20260914_141144_206684,1,1,REST,468,0.468,1143
20260914_141144_206684,1,1,REST,469,0.469,1142
20260914_141144_206684,1,1,REST,470,0.47,1138
20260914_141144_206684,1,1,REST,471,0.471,1147
20260914_141144_206684,1,1,REST,472,0.472,1144
20260914_141144_206684,1,1,REST,473,0.473,1145
20260914_141144_206684,1,1,REST,474,0.474,1149
20260914_141144_206684,1,1,REST,475,0.475,1097
20260914_141144_206684,1,1,REST,476,0.476,1143
20260914_141144_206684,1,1,REST,477,0.477,1129
20260914_141144_206684,1,1,REST,478,0.478,1127
20260914_141144_206684,1,1,REST,479,0.479,1134
20260914_141144_206684,1,1,REST,480,0.48,1131
20260914_141144_206684,1,1,REST,481,0.481,1120
20260914_141144_206684,1,1,REST,482,0.482,1137
20260914_141144_206684,1,1,REST,483,0.483,1140
20260914_141144_206684,1,1,REST,484,0.484,1136
20260914_141144_206684,1,1,REST,485,0.485,1136
20260914_141144_206684,1,1,REST,486,0.486,1136
20260914_141144_206684,1,1,REST,487,0.487,1145
20260914_141144_206684,1,1,REST,488,0.488,1142
20260914_141144_206684,1,1,REST,489,0.489,1142
20260914_141144_206684,1,1,REST,490,0.49,1138
20260914_141144_206684,1,1,REST,491,0.491,1139
20260914_141144_206684,1,1,REST,492,0.492,1136
20260914_141144_206684,1,1,REST,493,0.493,1146
20260914_141144_206684,1,1,REST,494,0.494,1138
20260914_141144_206684,1,1,REST,495,0.495,1136
20260914_141144_206684,1,1,REST,496,0.496,1136
20260914_141144_206684,1,1,REST,497,0.497,1135
20260914_141144_206684,1,1,REST,498,0.498,1136
20260914_141144_206684,1,1,REST,499,0.499,1135
20260914_141144_206684,1,1,REST,500,0.5,1136
20260914_141144_206684,1,1,REST,501,0.501,1135
20260914_141144_206684,1,1,REST,502,0.502,1138
20260914_141144_206684,1,1,REST,503,0.503,1148
20260914_141144_206684,1,1,REST,504,0.504,1149
20260914_141144_206684,1,1,REST,505,0.505,1153
20260914_141144_206684,1,1,REST,506,0.506,1138
20260914_141144_206684,1,1,REST,507,0.507,1137
20260914_141144_206684,1,1,REST,508,0.508,1139
20260914_141144_206684,1,1,REST,509,0.509,1136
20260914_141144_206684,1,1,REST,510,0.51,1143
20260914_141144_206684,1,1,REST,511,0.511,1143
20260914_141144_206684,1,1,REST,512,0.512,1141
20260914_141144_206684,1,1,REST,513,0.513,1150
20260914_141144_206684,1,1,REST,514,0.514,1139
20260914_141144_206684,1,1,REST,515,0.515,1138
20260914_141144_206684,1,1,REST,516,0.516,1130
20260914_141144_206684,1,1,REST,517,0.517,1132
20260914_141144_206684,1,1,REST,518,0.518,1135
20260914_141144_206684,1,1,REST,519,0.519,1136
20260914_141144_206684,1,1,REST,520,0.52,1127
20260914_141144_206684,1,1,REST,521,0.521,1136
20260914_141144_206684,1,1,REST,522,0.522,1136
20260914_141144_206684,1,1,REST,523,0.523,1132
20260914_141144_206684,1,1,REST,524,0.524,1148
20260914_141144_206684,1,1,REST,525,0.525,1153
20260914_141144_206684,1,1,REST,526,0.526,1147
20260914_141144_206684,1,1,REST,527,0.527,1152
20260914_141144_206684,1,1,REST,528,0.528,1147
20260914_141144_206684,1,1,REST,529,0.529,1141
20260914_141144_206684,1,1,REST,530,0.53,1142
20260914_141144_206684,1,1,REST,531,0.531,1146
20260914_141144_206684,1,1,REST,532,0.532,1149
20260914_141144_206684,1,1,REST,533,0.533,1138
20260914_141144_206684,1,1,REST,534,0.534,1139
20260914_141144_206684,1,1,REST,535,0.535,1141
20260914_141144_206684,1,1,REST,536,0.536,1142
20260914_141144_206684,1,1,REST,537,0.537,1148
20260914_141144_206684,1,1,REST,538,0.538,1141
20260914_141144_206684,1,1,REST,539,0.539,1125
20260914_141144_206684,1,1,REST,540,0.54,1136
20260914_141144_206684,1,1,REST,541,0.541,1106
20260914_141144_206684,1,1,REST,542,0.542,1136
20260914_141144_206684,1,1,REST,543,0.543,1136
20260914_141144_206684,1,1,REST,544,0.544,1153
20260914_141144_206684,1,1,REST,545,0.545,1136
20260914_141144_206684,1,1,REST,546,0.546,1153
20260914_141144_206684,1,1,REST,547,0.547,1143
20260914_141144_206684,1,1,REST,548,0.548,1146
20260914_141144_206684,1,1,REST,549,0.549,1145
20260914_141144_206684,1,1,REST,550,0.55,1146
20260914_141144_206684,1,1,REST,551,0.551,1157
20260914_141144_206684,1,1,REST,552,0.552,1142
20260914_141144_206684,1,1,REST,553,0.553,1139
20260914_141144_206684,1,1,REST,554,0.554,1149
20260914_141144_206684,1,1,REST,555,0.555,1123
20260914_141144_206684,1,1,REST,556,0.556,1143
20260914_141144_206684,1,1,REST,557,0.557,1140
20260914_141144_206684,1,1,REST,558,0.558,1139
20260914_141144_206684,1,1,REST,559,0.559,1138
20260914_141144_206684,1,1,REST,560,0.56,1126
20260914_141144_206684,1,1,REST,561,0.561,1136
20260914_141144_206684,1,1,REST,562,0.562,1117
20260914_141144_206684,1,1,REST,563,0.563,1153
20260914_141144_206684,1,1,REST,564,0.564,1137
20260914_141144_206684,1,1,REST,565,0.565,1135
20260914_141144_206684,1,1,REST,566,0.566,1136
20260914_141144_206684,1,1,REST,567,0.567,1138
20260914_141144_206684,1,1,REST,568,0.568,1138
20260914_141144_206684,1,1,REST,569,0.569,1137
20260914_141144_206684,1,1,REST,570,0.57,1136
20260914_141144_206684,1,1,REST,571,0.571,1137
20260914_141144_206684,1,1,REST,572,0.572,1136
20260914_141144_206684,1,1,REST,573,0.573,1155
20260914_141144_206684,1,1,REST,574,0.574,1143
20260914_141144_206684,1,1,REST,575,0.575,1142
20260914_141144_206684,1,1,REST,576,0.576,1136
20260914_141144_206684,1,1,REST,577,0.577,1121
20260914_141144_206684,1,1,REST,578,0.578,1136
20260914_141144_206684,1,1,REST,579,0.579,1141
20260914_141144_206684,1,1,REST,580,0.58,1135
20260914_141144_206684,1,1,REST,581,0.581,1136
20260914_141144_206684,1,1,REST,582,0.582,1145
20260914_141144_206684,1,1,REST,583,0.583,1141
20260914_141144_206684,1,1,REST,584,0.584,1136
20260914_141144_206684,1,1,REST,585,0.585,1140
20260914_141144_206684,1,1,REST,586,0.586,1133
20260914_141144_206684,1,1,REST,587,0.587,1137
20260914_141144_206684,1,1,REST,588,0.588,1120
20260914_141144_206684,1,1,REST,589,0.589,1146
20260914_141144_206684,1,1,REST,590,0.59,1136
20260914_141144_206684,1,1,REST,591,0.591,1138
20260914_141144_206684,1,1,REST,592,0.592,1139
20260914_141144_206684,1,1,REST,593,0.593,1139
20260914_141144_206684,1,1,REST,594,0.594,1138
20260914_141144_206684,1,1,REST,595,0.595,1137
20260914_141144_206684,1,1,REST,596,0.596,1140
20260914_141144_206684,1,1,REST,597,0.597,1136
20260914_141144_206684,1,1,REST,598,0.598,1134
20260914_141144_206684,1,1,REST,599,0.599,1133
20260914_141144_206684,1,1,REST,600,0.6,1136
20260914_141144_206684,1,1,REST,601,0.601,1168
20260914_141144_206684,1,1,REST,602,0.602,1138
20260914_141144_206684,1,1,REST,603,0.603,1136
20260914_141144_206684,1,1,REST,604,0.604,1136
20260914_141144_206684,1,1,REST,605,0.605,1137
20260914_141144_206684,1,1,REST,606,0.606,1142
20260914_141144_206684,1,1,REST,607,0.607,1150
20260914_141144_206684,1,1,REST,608,0.608,1151
20260914_141144_206684,1,1,REST,609,0.609,1141
20260914_141144_206684,1,1,REST,610,0.61,1149
20260914_141144_206684,1,1,REST,611,0.611,1147
20260914_141144_206684,1,1,REST,612,0.612,1136
20260914_141144_206684,1,1,REST,613,0.613,1140
20260914_141144_206684,1,1,REST,614,0.614,1145
20260914_141144_206684,1,1,REST,615,0.615,1136
20260914_141144_206684,1,1,REST,616,0.616,1141
20260914_141144_206684,1,1,REST,617,0.617,1138
20260914_141144_206684,1,1,REST,618,0.618,1145
20260914_141144_206684,1,1,REST,619,0.619,1135
20260914_141144_206684,1,1,REST,620,0.62,1141
20260914_141144_206684,1,1,REST,621,0.621,1137
20260914_141144_206684,1,1,REST,622,0.622,1141
20260914_141144_206684,1,1,REST,623,0.623,1133
20260914_141144_206684,1,1,REST,624,0.624,1142
20260914_141144_206684,1,1,REST,625,0.625,1127
20260914_141144_206684,1,1,REST,626,0.626,1091
20260914_141144_206684,1,1,REST,627,0.627,1136
20260914_141144_206684,1,1,REST,628,0.628,1129
20260914_141144_206684,1,1,REST,629,0.629,1107
20260914_141144_206684,1,1,REST,630,0.63,1136
20260914_141144_206684,1,1,REST,631,0.631,1140
20260914_141144_206684,1,1,REST,632,0.632,1141
20260914_141144_206684,1,1,REST,633,0.633,1137
20260914_141144_206684,1,1,REST,634,0.634,1137
20260914_141144_206684,1,1,REST,635,0.635,1139
20260914_141144_206684,1,1,REST,636,0.636,1138
20260914_141144_206684,1,1,REST,637,0.637,1138
20260914_141144_206684,1,1,REST,638,0.638,1136
20260914_141144_206684,1,1,REST,639,0.639,1132
20260914_141144_206684,1,1,REST,640,0.64,1189
20260914_141144_206684,1,1,REST,641,0.641,1136
20260914_141144_206684,1,1,REST,642,0.642,1135
20260914_141144_206684,1,1,REST,643,0.643,1149
20260914_141144_206684,1,1,REST,644,0.644,1136
20260914_141144_206684,1,1,REST,645,0.645,1138
20260914_141144_206684,1,1,REST,646,0.646,1136
20260914_141144_206684,1,1,REST,647,0.647,1138
20260914_141144_206684,1,1,REST,648,0.648,1148
20260914_141144_206684,1,1,REST,649,0.649,1136
20260914_141144_206684,1,1,REST,650,0.65,1146
20260914_141144_206684,1,1,REST,651,0.651,1149
20260914_141144_206684,1,1,REST,652,0.652,1142
20260914_141144_206684,1,1,REST,653,0.653,1142
20260914_141144_206684,1,1,REST,654,0.654,1137
20260914_141144_206684,1,1,REST,655,0.655,1140
20260914_141144_206684,1,1,REST,656,0.656,1141
20260914_141144_206684,1,1,REST,657,0.657,1140
20260914_141144_206684,1,1,REST,658,0.658,1171
20260914_141144_206684,1,1,REST,659,0.659,1133
20260914_141144_206684,1,1,REST,660,0.66,1136
20260914_141144_206684,1,1,REST,661,0.661,1120
20260914_141144_206684,1,1,REST,662,0.662,1141
20260914_141144_206684,1,1,REST,663,0.663,1133
20260914_141144_206684,1,1,REST,664,0.664,1145
20260914_141144_206684,1,1,REST,665,0.665,1127
20260914_141144_206684,1,1,REST,666,0.666,1136
20260914_141144_206684,1,1,REST,667,0.667,1142
20260914_141144_206684,1,1,REST,668,0.668,1138
20260914_141144_206684,1,1,REST,669,0.669,1145
20260914_141144_206684,1,1,REST,670,0.67,1131
20260914_141144_206684,1,1,REST,671,0.671,1140
20260914_141144_206684,1,1,REST,672,0.672,1147
20260914_141144_206684,1,1,REST,673,0.673,1156
20260914_141144_206684,1,1,REST,674,0.674,1140
20260914_141144_206684,1,1,REST,675,0.675,1136
20260914_141144_206684,1,1,REST,676,0.676,1139
20260914_141144_206684,1,1,REST,677,0.677,1136
20260914_141144_206684,1,1,REST,678,0.678,1137
20260914_141144_206684,1,1,REST,679,0.679,1131
20260914_141144_206684,1,1,REST,680,0.68,1136
20260914_141144_206684,1,1,REST,681,0.681,1136
20260914_141144_206684,1,1,REST,682,0.682,1135
20260914_141144_206684,1,1,REST,683,0.683,1139
20260914_141144_206684,1,1,REST,684,0.684,1136
20260914_141144_206684,1,1,REST,685,0.685,1134
20260914_141144_206684,1,1,REST,686,0.686,1136
20260914_141144_206684,1,1,REST,687,0.687,1131
20260914_141144_206684,1,1,REST,688,0.688,1141
20260914_141144_206684,1,1,REST,689,0.689,1151
20260914_141144_206684,1,1,REST,690,0.69,1142
20260914_141144_206684,1,1,REST,691,0.691,1140
20260914_141144_206684,1,1,REST,692,0.692,1139
20260914_141144_206684,1,1,REST,693,0.693,1149
20260914_141144_206684,1,1,REST,694,0.694,1151
20260914_141144_206684,1,1,REST,695,0.695,1136
20260914_141144_206684,1,1,REST,696,0.696,1102
20260914_141144_206684,1,1,REST,697,0.697,1137
20260914_141144_206684,1,1,REST,698,0.698,1132
20260914_141144_206684,1,1,REST,699,0.699,1141
20260914_141144_206684,1,1,REST,700,0.7,1137
20260914_141144_206684,1,1,REST,701,0.701,1135
20260914_141144_206684,1,1,REST,702,0.702,1138
20260914_141144_206684,1,1,REST,703,0.703,1138
20260914_141144_206684,1,1,REST,704,0.704,1131
20260914_141144_206684,1,1,REST,705,0.705,1114
20260914_141144_206684,1,1,REST,706,0.706,1138
20260914_141144_206684,1,1,REST,707,0.707,1138
20260914_141144_206684,1,1,REST,708,0.708,1136
20260914_141144_206684,1,1,REST,709,0.709,1138
20260914_141144_206684,1,1,REST,710,0.71,1139
20260914_141144_206684,1,1,REST,711,0.711,1137
20260914_141144_206684,1,1,REST,712,0.712,1137
20260914_141144_206684,1,1,REST,713,0.713,1136
20260914_141144_206684,1,1,REST,714,0.714,1149
20260914_141144_206684,1,1,REST,715,0.715,1142
20260914_141144_206684,1,1,REST,716,0.716,1163
20260914_141144_206684,1,1,REST,717,0.717,1139
20260914_141144_206684,1,1,REST,718,0.718,1136
20260914_141144_206684,1,1,REST,719,0.719,1137
20260914_141144_206684,1,1,REST,720,0.72,1137
20260914_141144_206684,1,1,REST,721,0.721,1141
20260914_141144_206684,1,1,REST,722,0.722,1136
20260914_141144_206684,1,1,REST,723,0.723,1147
20260914_141144_206684,1,1,REST,724,0.724,1131
20260914_141144_206684,1,1,REST,725,0.725,1142
20260914_141144_206684,1,1,REST,726,0.726,1139
20260914_141144_206684,1,1,REST,727,0.727,1136
20260914_141144_206684,1,1,REST,728,0.728,1132
20260914_141144_206684,1,1,REST,729,0.729,1137
20260914_141144_206684,1,1,REST,730,0.73,1136
20260914_141144_206684,1,1,REST,731,0.731,1127
20260914_141144_206684,1,1,REST,732,0.732,1135
20260914_141144_206684,1,1,REST,733,0.733,1136
20260914_141144_206684,1,1,REST,734,0.734,1141
20260914_141144_206684,1,1,REST,735,0.735,1141
20260914_141144_206684,1,1,REST,736,0.736,1151
20260914_141144_206684,1,1,REST,737,0.737,1152
20260914_141144_206684,1,1,REST,738,0.738,1136
20260914_141144_206684,1,1,REST,739,0.739,1136
20260914_141144_206684,1,1,REST,740,0.74,1135
20260914_141144_206684,1,1,REST,741,0.741,1136
20260914_141144_206684,1,1,REST,742,0.742,1142
20260914_141144_206684,1,1,REST,743,0.743,1136
20260914_141144_206684,1,1,REST,744,0.744,1136
20260914_141144_206684,1,1,REST,745,0.745,1134
20260914_141144_206684,1,1,REST,746,0.746,1141
20260914_141144_206684,1,1,REST,747,0.747,1126
20260914_141144_206684,1,1,REST,748,0.748,1142
20260914_141144_206684,1,1,REST,749,0.749,1142
20260914_141144_206684,1,1,REST,750,0.75,1135
20260914_141144_206684,1,1,REST,751,0.751,1137
20260914_141144_206684,1,1,REST,752,0.752,1107
20260914_141144_206684,1,1,REST,753,0.753,1136
20260914_141144_206684,1,1,REST,754,0.754,1207
20260914_141144_206684,1,1,REST,755,0.755,1136
20260914_141144_206684,1,1,REST,756,0.756,1141
20260914_141144_206684,1,1,REST,757,0.757,1136
20260914_141144_206684,1,1,REST,758,0.758,1136
20260914_141144_206684,1,1,REST,759,0.759,1138
20260914_141144_206684,1,1,REST,760,0.76,1150
20260914_141144_206684,1,1,REST,761,0.761,1148
20260914_141144_206684,1,1,REST,762,0.762,1139
20260914_141144_206684,1,1,REST,763,0.763,1136
20260914_141144_206684,1,1,REST,764,0.764,1141
20260914_141144_206684,1,1,REST,765,0.765,1082
20260914_141144_206684,1,1,REST,766,0.766,1141
20260914_141144_206684,1,1,REST,767,0.767,1134
20260914_141144_206684,1,1,REST,768,0.768,1139
20260914_141144_206684,1,1,REST,769,0.769,1133
20260914_141144_206684,1,1,REST,770,0.77,1140
20260914_141144_206684,1,1,REST,771,0.771,1154
20260914_141144_206684,1,1,REST,772,0.772,1157
20260914_141144_206684,1,1,REST,773,0.773,1136
20260914_141144_206684,1,1,REST,774,0.774,1143
20260914_141144_206684,1,1,REST,775,0.775,1135
20260914_141144_206684,1,1,REST,776,0.776,1139
20260914_141144_206684,1,1,REST,777,0.777,1132
20260914_141144_206684,1,1,REST,778,0.778,1136
20260914_141144_206684,1,1,REST,779,0.779,1136
20260914_141144_206684,1,1,REST,780,0.78,1131
20260914_141144_206684,1,1,REST,781,0.781,1133
20260914_141144_206684,1,1,REST,782,0.782,1149
20260914_141144_206684,1,1,REST,783,0.783,1156
20260914_141144_206684,1,1,REST,784,0.784,1137
20260914_141144_206684,1,1,REST,785,0.785,1137
20260914_141144_206684,1,1,REST,786,0.786,1139
20260914_141144_206684,1,1,REST,787,0.787,1137
20260914_141144_206684,1,1,REST,788,0.788,1139
20260914_141144_206684,1,1,REST,789,0.789,1143
20260914_141144_206684,1,1,REST,790,0.79,1139
20260914_141144_206684,1,1,REST,791,0.791,1138
20260914_141144_206684,1,1,REST,792,0.792,1138
20260914_141144_206684,1,1,REST,793,0.793,1139
20260914_141144_206684,1,1,REST,794,0.794,1143
20260914_141144_206684,1,1,REST,795,0.795,1141
20260914_141144_206684,1,1,REST,796,0.796,1136
20260914_141144_206684,1,1,REST,797,0.797,1137
20260914_141144_206684,1,1,REST,798,0.798,1136
20260914_141144_206684,1,1,REST,799,0.799,1133
20260914_141144_206684,1,1,REST,800,0.8,1137
20260914_141144_206684,1,1,REST,801,0.801,1149
20260914_141144_206684,1,1,REST,802,0.802,1136
20260914_141144_206684,1,1,REST,803,0.803,1139
20260914_141144_206684,1,1,REST,804,0.804,1139
20260914_141144_206684,1,1,REST,805,0.805,1136
20260914_141144_206684,1,1,REST,806,0.806,1139
20260914_141144_206684,1,1,REST,807,0.807,1138
20260914_141144_206684,1,1,REST,808,0.808,1141
20260914_141144_206684,1,1,REST,809,0.809,1136
20260914_141144_206684,1,1,REST,810,0.81,1136
20260914_141144_206684,1,1,REST,811,0.811,1141
20260914_141144_206684,1,1,REST,812,0.812,1149
20260914_141144_206684,1,1,REST,813,0.813,1137
20260914_141144_206684,1,1,REST,814,0.814,1137
20260914_141144_206684,1,1,REST,815,0.815,1138
20260914_141144_206684,1,1,REST,816,0.816,1137
20260914_141144_206684,1,1,REST,817,0.817,1137
20260914_141144_206684,1,1,REST,818,0.818,1139
20260914_141144_206684,1,1,REST,819,0.819,1136
20260914_141144_206684,1,1,REST,820,0.82,1135
20260914_141144_206684,1,1,REST,821,0.821,1136
20260914_141144_206684,1,1,REST,822,0.822,1136
20260914_141144_206684,1,1,REST,823,0.823,1133
20260914_141144_206684,1,1,REST,824,0.824,1131
20260914_141144_206684,1,1,REST,825,0.825,1135
20260914_141144_206684,1,1,REST,826,0.826,1152
20260914_141144_206684,1,1,REST,827,0.827,1127
20260914_141144_206684,1,1,REST,828,0.828,1141
20260914_141144_206684,1,1,REST,829,0.829,1141
20260914_141144_206684,1,1,REST,830,0.83,1141
20260914_141144_206684,1,1,REST,831,0.831,1142
20260914_141144_206684,1,1,REST,832,0.832,1135
20260914_141144_206684,1,1,REST,833,0.833,1143
20260914_141144_206684,1,1,REST,834,0.834,1040
20260914_141144_206684,1,1,REST,835,0.835,1137
20260914_141144_206684,1,1,REST,836,0.836,1151
20260914_141144_206684,1,1,REST,837,0.837,1154
20260914_141144_206684,1,1,REST,838,0.838,1143
20260914_141144_206684,1,1,REST,839,0.839,1142
20260914_141144_206684,1,1,REST,840,0.84,1136
20260914_141144_206684,1,1,REST,841,0.841,1136
20260914_141144_206684,1,1,REST,842,0.842,1138
20260914_141144_206684,1,1,REST,843,0.843,1125
20260914_141144_206684,1,1,REST,844,0.844,1136
20260914_141144_206684,1,1,REST,845,0.845,1136
20260914_141144_206684,1,1,REST,846,0.846,1136
20260914_141144_206684,1,1,REST,847,0.847,1135
20260914_141144_206684,1,1,REST,848,0.848,1141
20260914_141144_206684,1,1,REST,849,0.849,1152
20260914_141144_206684,1,1,REST,850,0.85,1140
20260914_141144_206684,1,1,REST,851,0.851,1117
20260914_141144_206684,1,1,REST,852,0.852,1023
20260914_141144_206684,1,1,REST,853,0.853,1147
20260914_141144_206684,1,1,REST,854,0.854,1135
20260914_141144_206684,1,1,REST,855,0.855,1139
20260914_141144_206684,1,1,REST,856,0.856,1136
20260914_141144_206684,1,1,REST,857,0.857,1136
20260914_141144_206684,1,1,REST,858,0.858,1142
20260914_141144_206684,1,1,REST,859,0.859,1152
20260914_141144_206684,1,1,REST,860,0.86,1151
20260914_141144_206684,1,1,REST,861,0.861,1136
20260914_141144_206684,1,1,REST,862,0.862,1139
20260914_141144_206684,1,1,REST,863,0.863,1147
20260914_141144_206684,1,1,REST,864,0.864,1133
20260914_141144_206684,1,1,REST,865,0.865,1136
20260914_141144_206684,1,1,REST,866,0.866,1136
20260914_141144_206684,1,1,REST,867,0.867,1136
20260914_141144_206684,1,1,REST,868,0.868,1148
20260914_141144_206684,1,1,REST,869,0.869,1137
20260914_141144_206684,1,1,REST,870,0.87,1151
20260914_141144_206684,1,1,REST,871,0.871,1162
20260914_141144_206684,1,1,REST,872,0.872,1141
20260914_141144_206684,1,1,REST,873,0.873,1138
20260914_141144_206684,1,1,REST,874,0.874,1136
20260914_141144_206684,1,1,REST,875,0.875,1142
20260914_141144_206684,1,1,REST,876,0.876,1136
20260914_141144_206684,1,1,REST,877,0.877,1136
20260914_141144_206684,1,1,REST,878,0.878,1136
20260914_141144_206684,1,1,REST,879,0.879,1136
20260914_141144_206684,1,1,REST,880,0.88,1205
20260914_141144_206684,1,1,REST,881,0.881,1147
20260914_141144_206684,1,1,REST,882,0.882,1139
20260914_141144_206684,1,1,REST,883,0.883,1136
20260914_141144_206684,1,1,REST,884,0.884,1136
20260914_141144_206684,1,1,REST,885,0.885,1136
20260914_141144_206684,1,1,REST,886,0.886,1116
20260914_141144_206684,1,1,REST,887,0.887,1138
20260914_141144_206684,1,1,REST,888,0.888,1141
20260914_141144_206684,1,1,REST,889,0.889,1139
20260914_141144_206684,1,1,REST,890,0.89,1141
20260914_141144_206684,1,1,REST,891,0.891,1138
20260914_141144_206684,1,1,REST,892,0.892,1145
20260914_141144_206684,1,1,REST,893,0.893,1142
20260914_141144_206684,1,1,REST,894,0.894,1136
20260914_141144_206684,1,1,REST,895,0.895,1137
20260914_141144_206684,1,1,REST,896,0.896,1139
20260914_141144_206684,1,1,REST,897,0.897,1143
20260914_141144_206684,1,1,REST,898,0.898,1136
20260914_141144_206684,1,1,REST,899,0.899,1140
20260914_141144_206684,1,1,REST,900,0.9,1152
20260914_141144_206684,1,1,REST,901,0.901,1143
20260914_141144_206684,1,1,REST,902,0.902,1143
20260914_141144_206684,1,1,REST,903,0.903,1136
20260914_141144_206684,1,1,REST,904,0.904,1129
20260914_141144_206684,1,1,REST,905,0.905,1137
20260914_141144_206684,1,1,REST,906,0.906,1136
20260914_141144_206684,1,1,REST,907,0.907,1145
20260914_141144_206684,1,1,REST,908,0.908,1136
20260914_141144_206684,1,1,REST,909,0.909,1141
20260914_141144_206684,1,1,REST,910,0.91,1136
20260914_141144_206684,1,1,REST,911,0.911,1149
20260914_141144_206684,1,1,REST,912,0.912,1137
20260914_141144_206684,1,1,REST,913,0.913,1146
20260914_141144_206684,1,1,REST,914,0.914,1151
20260914_141144_206684,1,1,REST,915,0.915,1131
20260914_141144_206684,1,1,REST,916,0.916,1137
20260914_141144_206684,1,1,REST,917,0.917,1135
20260914_141144_206684,1,1,REST,918,0.918,1135
20260914_141144_206684,1,1,REST,919,0.919,1138
20260914_141144_206684,1,1,REST,920,0.92,1141
20260914_141144_206684,1,1,REST,921,0.921,1141
20260914_141144_206684,1,1,REST,922,0.922,1134
20260914_141144_206684,1,1,REST,923,0.923,1149
20260914_141144_206684,1,1,REST,924,0.924,1135
20260914_141144_206684,1,1,REST,925,0.925,1136
20260914_141144_206684,1,1,REST,926,0.926,1137
20260914_141144_206684,1,1,REST,927,0.927,1143
20260914_141144_206684,1,1,REST,928,0.928,1129
20260914_141144_206684,1,1,REST,929,0.929,1141
20260914_141144_206684,1,1,REST,930,0.93,1138
20260914_141144_206684,1,1,REST,931,0.931,1136
20260914_141144_206684,1,1,REST,932,0.932,1136
20260914_141144_206684,1,1,REST,933,0.933,1149
20260914_141144_206684,1,1,REST,934,0.934,1141
20260914_141144_206684,1,1,REST,935,0.935,1142
20260914_141144_206684,1,1,REST,936,0.936,1146
20260914_141144_206684,1,1,REST,937,0.937,1138
20260914_141144_206684,1,1,REST,938,0.938,1143
20260914_141144_206684,1,1,REST,939,0.939,1130
20260914_141144_206684,1,1,REST,940,0.94,1136
20260914_141144_206684,1,1,REST,941,0.941,1131
20260914_141144_206684,1,1,REST,942,0.942,1134
20260914_141144_206684,1,1,REST,943,0.943,1127
20260914_141144_206684,1,1,REST,944,0.944,1152
20260914_141144_206684,1,1,REST,945,0.945,1142
20260914_141144_206684,1,1,REST,946,0.946,1136
20260914_141144_206684,1,1,REST,947,0.947,1136
20260914_141144_206684,1,1,REST,948,0.948,1139
20260914_141144_206684,1,1,REST,949,0.949,1140
20260914_141144_206684,1,1,REST,950,0.95,1152
20260914_141144_206684,1,1,REST,951,0.951,1140
20260914_141144_206684,1,1,REST,952,0.952,1143
20260914_141144_206684,1,1,REST,953,0.953,1138
20260914_141144_206684,1,1,REST,954,0.954,1136
20260914_141144_206684,1,1,REST,955,0.955,1137
20260914_141144_206684,1,1,REST,956,0.956,1137
20260914_141144_206684,1,1,REST,957,0.957,1139
20260914_141144_206684,1,1,REST,958,0.958,1137
20260914_141144_206684,1,1,REST,959,0.959,1139
20260914_141144_206684,1,1,REST,960,0.96,1136
20260914_141144_206684,1,1,REST,961,0.961,1135
20260914_141144_206684,1,1,REST,962,0.962,1141
20260914_141144_206684,1,1,REST,963,0.963,1130
20260914_141144_206684,1,1,REST,964,0.964,1136
20260914_141144_206684,1,1,REST,965,0.965,1142
20260914_141144_206684,1,1,REST,966,0.966,1137
20260914_141144_206684,1,1,REST,967,0.967,1115
20260914_141144_206684,1,1,REST,968,0.968,1137
20260914_141144_206684,1,1,REST,969,0.969,1136
20260914_141144_206684,1,1,REST,970,0.97,1154
20260914_141144_206684,1,1,REST,971,0.971,1142
20260914_141144_206684,1,1,REST,972,0.972,1137
20260914_141144_206684,1,1,REST,973,0.973,1139
20260914_141144_206684,1,1,REST,974,0.974,1139
20260914_141144_206684,1,1,REST,975,0.975,1142
20260914_141144_206684,1,1,REST,976,0.976,1141
20260914_141144_206684,1,1,REST,977,0.977,1138
20260914_141144_206684,1,1,REST,978,0.978,1136
20260914_141144_206684,1,1,REST,979,0.979,1136
20260914_141144_206684,1,1,REST,980,0.98,1137
20260914_141144_206684,1,1,REST,981,0.981,1133
20260914_141144_206684,1,1,REST,982,0.982,1144
20260914_141144_206684,1,1,REST,983,0.983,1178
20260914_141144_206684,1,1,REST,984,0.984,1151
20260914_141144_206684,1,1,REST,985,0.985,1136
20260914_141144_206684,1,1,REST,986,0.986,1138
20260914_141144_206684,1,1,REST,987,0.987,1139
20260914_141144_206684,1,1,REST,988,0.988,1139
20260914_141144_206684,1,1,REST,989,0.989,1149
20260914_141144_206684,1,1,REST,990,0.99,1136
20260914_141144_206684,1,1,REST,991,0.991,1138
20260914_141144_206684,1,1,REST,992,0.992,1136
20260914_141144_206684,1,1,REST,993,0.993,1135
20260914_141144_206684,1,1,REST,994,0.994,1136
20260914_141144_206684,1,1,REST,995,0.995,1151
20260914_141144_206684,1,1,REST,996,0.996,1136
20260914_141144_206684,1,1,REST,997,0.997,1135
20260914_141144_206684,1,1,REST,998,0.998,1145
20260914_141144_206684,1,1,REST,999,0.999,1135
20260914_141144_206684,1,1,REST,1000,1.0,1203
20260914_141144_206684,1,1,REST,1001,1.001,1131
20260914_141144_206684,1,1,REST,1002,1.002,1136
20260914_141144_206684,1,1,REST,1003,1.003,1139
20260914_141144_206684,1,1,REST,1004,1.004,1136
20260914_141144_206684,1,1,REST,1005,1.005,1138
20260914_141144_206684,1,1,REST,1006,1.006,1136
20260914_141144_206684,1,1,REST,1007,1.007,1154
20260914_141144_206684,1,1,REST,1008,1.008,1153
20260914_141144_206684,1,1,REST,1009,1.009,1139
20260914_141144_206684,1,1,REST,1010,1.01,1139
20260914_141144_206684,1,1,REST,1011,1.011,1139
20260914_141144_206684,1,1,REST,1012,1.012,1138
20260914_141144_206684,1,1,REST,1013,1.013,1134
20260914_141144_206684,1,1,REST,1014,1.014,1135
20260914_141144_206684,1,1,REST,1015,1.015,1142
20260914_141144_206684,1,1,REST,1016,1.016,1137
20260914_141144_206684,1,1,REST,1017,1.017,1136
20260914_141144_206684,1,1,REST,1018,1.018,1136
20260914_141144_206684,1,1,REST,1019,1.019,1138
20260914_141144_206684,1,1,REST,1020,1.02,1143
20260914_141144_206684,1,1,REST,1021,1.021,1133
20260914_141144_206684,1,1,REST,1022,1.022,1136
20260914_141144_206684,1,1,REST,1023,1.023,1130
20260914_141144_206684,1,1,REST,1024,1.024,1136
20260914_141144_206684,1,1,REST,1025,1.025,1138
20260914_141144_206684,1,1,REST,1026,1.026,1135
20260914_141144_206684,1,1,REST,1027,1.027,1139
20260914_141144_206684,1,1,REST,1028,1.028,1136
20260914_141144_206684,1,1,REST,1029,1.029,1122
20260914_141144_206684,1,1,REST,1030,1.03,1136
20260914_141144_206684,1,1,REST,1031,1.031,1151
20260914_141144_206684,1,1,REST,1032,1.032,1141
20260914_141144_206684,1,1,REST,1033,1.033,1155
20260914_141144_206684,1,1,REST,1034,1.034,1137
20260914_141144_206684,1,1,REST,1035,1.035,1123
20260914_141144_206684,1,1,REST,1036,1.036,1138
20260914_141144_206684,1,1,REST,1037,1.037,1136
20260914_141144_206684,1,1,REST,1038,1.038,1136
20260914_141144_206684,1,1,REST,1039,1.039,1137
20260914_141144_206684,1,1,REST,1040,1.04,1136
20260914_141144_206684,1,1,REST,1041,1.041,1136
20260914_141144_206684,1,1,REST,1042,1.042,1135
20260914_141144_206684,1,1,REST,1043,1.043,1137
20260914_141144_206684,1,1,REST,1044,1.044,1136
20260914_141144_206684,1,1,REST,1045,1.045,1108
20260914_141144_206684,1,1,REST,1046,1.046,1137
20260914_141144_206684,1,1,REST,1047,1.047,1136
20260914_141144_206684,1,1,REST,1048,1.048,1137
20260914_141144_206684,1,1,REST,1049,1.049,1137
20260914_141144_206684,1,1,REST,1050,1.05,1140
20260914_141144_206684,1,1,REST,1051,1.051,1141
20260914_141144_206684,1,1,REST,1052,1.052,1149
20260914_141144_206684,1,1,REST,1053,1.053,1152
20260914_141144_206684,1,1,REST,1054,1.054,1149
20260914_141144_206684,1,1,REST,1055,1.055,1152
20260914_141144_206684,1,1,REST,1056,1.056,1139
20260914_141144_206684,1,1,REST,1057,1.057,1142
20260914_141144_206684,1,1,REST,1058,1.058,1137
20260914_141144_206684,1,1,REST,1059,1.059,1137
20260914_141144_206684,1,1,REST,1060,1.06,1147
20260914_141144_206684,1,1,REST,1061,1.061,1150
20260914_141144_206684,1,1,REST,1062,1.062,1130
20260914_141144_206684,1,1,REST,1063,1.063,1137
20260914_141144_206684,1,1,REST,1064,1.064,1141
20260914_141144_206684,1,1,REST,1065,1.065,1134
20260914_141144_206684,1,1,REST,1066,1.066,1139
20260914_141144_206684,1,1,REST,1067,1.067,1141
20260914_141144_206684,1,1,REST,1068,1.068,1149
20260914_141144_206684,1,1,REST,1069,1.069,1140
20260914_141144_206684,1,1,REST,1070,1.07,1141
20260914_141144_206684,1,1,REST,1071,1.071,1136
20260914_141144_206684,1,1,REST,1072,1.072,1145
20260914_141144_206684,1,1,REST,1073,1.073,1136
20260914_141144_206684,1,1,REST,1074,1.074,1138
20260914_141144_206684,1,1,REST,1075,1.075,1133
20260914_141144_206684,1,1,REST,1076,1.076,1116
20260914_141144_206684,1,1,REST,1077,1.077,1121
20260914_141144_206684,1,1,REST,1078,1.078,1135
20260914_141144_206684,1,1,REST,1079,1.079,1136
20260914_141144_206684,1,1,REST,1080,1.08,1147
20260914_141144_206684,1,1,REST,1081,1.081,1104
20260914_141144_206684,1,1,REST,1082,1.082,1147
20260914_141144_206684,1,1,REST,1083,1.083,1157
20260914_141144_206684,1,1,REST,1084,1.084,1139
20260914_141144_206684,1,1,REST,1085,1.085,1138
20260914_141144_206684,1,1,REST,1086,1.086,1150
20260914_141144_206684,1,1,REST,1087,1.087,1136
20260914_141144_206684,1,1,REST,1088,1.088,1139
20260914_141144_206684,1,1,REST,1089,1.089,1141
20260914_141144_206684,1,1,REST,1090,1.09,1142
20260914_141144_206684,1,1,REST,1091,1.091,1130
20260914_141144_206684,1,1,REST,1092,1.092,1141
20260914_141144_206684,1,1,REST,1093,1.093,1133
20260914_141144_206684,1,1,REST,1094,1.094,1135
20260914_141144_206684,1,1,REST,1095,1.095,1138
20260914_141144_206684,1,1,REST,1096,1.096,1140
20260914_141144_206684,1,1,REST,1097,1.097,1142
20260914_141144_206684,1,1,REST,1098,1.098,1137
20260914_141144_206684,1,1,REST,1099,1.099,1127
20260914_141144_206684,1,1,REST,1100,1.1,1130
20260914_141144_206684,1,1,REST,1101,1.101,1131
20260914_141144_206684,1,1,REST,1102,1.102,1136
20260914_141144_206684,1,1,REST,1103,1.103,1137
20260914_141144_206684,1,1,REST,1104,1.104,1135
20260914_141144_206684,1,1,REST,1105,1.105,1139
20260914_141144_206684,1,1,REST,1106,1.106,1152
20260914_141144_206684,1,1,REST,1107,1.107,1148
20260914_141144_206684,1,1,REST,1108,1.108,1141
20260914_141144_206684,1,1,REST,1109,1.109,1141
20260914_141144_206684,1,1,REST,1110,1.11,1145
20260914_141144_206684,1,1,REST,1111,1.111,1143
20260914_141144_206684,1,1,REST,1112,1.112,1143
20260914_141144_206684,1,1,REST,1113,1.113,1146
20260914_141144_206684,1,1,REST,1114,1.114,1141
20260914_141144_206684,1,1,REST,1115,1.115,1133
20260914_141144_206684,1,1,REST,1116,1.116,1138
20260914_141144_206684,1,1,REST,1117,1.117,1130
20260914_141144_206684,1,1,REST,1118,1.118,1129
20260914_141144_206684,1,1,REST,1119,1.119,1141
20260914_141144_206684,1,1,REST,1120,1.12,1136
20260914_141144_206684,1,1,REST,1121,1.121,1136
20260914_141144_206684,1,1,REST,1122,1.122,1135
20260914_141144_206684,1,1,REST,1123,1.123,1135
20260914_141144_206684,1,1,REST,1124,1.124,1136
20260914_141144_206684,1,1,REST,1125,1.125,1136
20260914_141144_206684,1,1,REST,1126,1.126,1135
20260914_141144_206684,1,1,REST,1127,1.127,1137
20260914_141144_206684,1,1,REST,1128,1.128,1150
20260914_141144_206684,1,1,REST,1129,1.129,1139
20260914_141144_206684,1,1,REST,1130,1.13,1136
20260914_141144_206684,1,1,REST,1131,1.131,1139
20260914_141144_206684,1,1,REST,1132,1.132,1136
20260914_141144_206684,1,1,REST,1133,1.133,1139
20260914_141144_206684,1,1,REST,1134,1.134,1148
20260914_141144_206684,1,1,REST,1135,1.135,1143
20260914_141144_206684,1,1,REST,1136,1.136,1147
20260914_141144_206684,1,1,REST,1137,1.137,1137
20260914_141144_206684,1,1,REST,1138,1.138,1142
20260914_141144_206684,1,1,REST,1139,1.139,1136
20260914_141144_206684,1,1,REST,1140,1.14,1139
20260914_141144_206684,1,1,REST,1141,1.141,1142
20260914_141144_206684,1,1,REST,1142,1.142,1145
20260914_141144_206684,1,1,REST,1143,1.143,1147
20260914_141144_206684,1,1,REST,1144,1.144,1135
20260914_141144_206684,1,1,REST,1145,1.145,1136
20260914_141144_206684,1,1,REST,1146,1.146,1142
20260914_141144_206684,1,1,REST,1147,1.147,1129
20260914_141144_206684,1,1,REST,1148,1.148,1136
20260914_141144_206684,1,1,REST,1149,1.149,1123
20260914_141144_206684,1,1,REST,1150,1.15,1134
20260914_141144_206684,1,1,REST,1151,1.151,1143
20260914_141144_206684,1,1,REST,1152,1.152,1129
20260914_141144_206684,1,1,REST,1153,1.153,1131
20260914_141144_206684,1,1,REST,1154,1.154,1137
20260914_141144_206684,1,1,REST,1155,1.155,1136
20260914_141144_206684,1,1,REST,1156,1.156,1216
20260914_141144_206684,1,1,REST,1157,1.157,1136
20260914_141144_206684,1,1,REST,1158,1.158,1141
20260914_141144_206684,1,1,REST,1159,1.159,1139
20260914_141144_206684,1,1,REST,1160,1.16,1135
20260914_141144_206684,1,1,REST,1161,1.161,1141
20260914_141144_206684,1,1,REST,1162,1.162,1135
20260914_141144_206684,1,1,REST,1163,1.163,1143
20260914_141144_206684,1,1,REST,1164,1.164,1136
20260914_141144_206684,1,1,REST,1165,1.165,1136
20260914_141144_206684,1,1,REST,1166,1.166,1136
20260914_141144_206684,1,1,REST,1167,1.167,1136
20260914_141144_206684,1,1,REST,1168,1.168,1136
20260914_141144_206684,1,1,REST,1169,1.169,1154
20260914_141144_206684,1,1,REST,1170,1.17,1152
20260914_141144_206684,1,1,REST,1171,1.171,1146
20260914_141144_206684,1,1,REST,1172,1.172,1157
20260914_141144_206684,1,1,REST,1173,1.173,1142
20260914_141144_206684,1,1,REST,1174,1.174,1136
20260914_141144_206684,1,1,REST,1175,1.175,1138
20260914_141144_206684,1,1,REST,1176,1.176,1139
20260914_141144_206684,1,1,REST,1177,1.177,1136
20260914_141144_206684,1,1,REST,1178,1.178,1135
20260914_141144_206684,1,1,REST,1179,1.179,1141
20260914_141144_206684,1,1,REST,1180,1.18,1150
20260914_141144_206684,1,1,REST,1181,1.181,1141
20260914_141144_206684,1,1,REST,1182,1.182,1136
20260914_141144_206684,1,1,REST,1183,1.183,1139
20260914_141144_206684,1,1,REST,1184,1.184,1163
20260914_141144_206684,1,1,REST,1185,1.185,1143
20260914_141144_206684,1,1,REST,1186,1.186,1111
20260914_141144_206684,1,1,REST,1187,1.187,1134
20260914_141144_206684,1,1,REST,1188,1.188,1128
20260914_141144_206684,1,1,REST,1189,1.189,1121
20260914_141144_206684,1,1,REST,1190,1.19,1137
20260914_141144_206684,1,1,REST,1191,1.191,1136
20260914_141144_206684,1,1,REST,1192,1.192,1142
20260914_141144_206684,1,1,REST,1193,1.193,1136
20260914_141144_206684,1,1,REST,1194,1.194,1072
20260914_141144_206684,1,1,REST,1195,1.195,1136
20260914_141144_206684,1,1,REST,1196,1.196,1136
20260914_141144_206684,1,1,REST,1197,1.197,1131
20260914_141144_206684,1,1,REST,1198,1.198,1145
20260914_141144_206684,1,1,REST,1199,1.199,1136
20260914_141144_206684,1,1,REST,1200,1.2,1146
20260914_141144_206684,1,1,REST,1201,1.201,1146
20260914_141144_206684,1,1,REST,1202,1.202,1152
20260914_141144_206684,1,1,REST,1203,1.203,1142
20260914_141144_206684,1,1,REST,1204,1.204,1138
20260914_141144_206684,1,1,REST,1205,1.205,1140
20260914_141144_206684,1,1,REST,1206,1.206,1140
20260914_141144_206684,1,1,REST,1207,1.207,1136
20260914_141144_206684,1,1,REST,1208,1.208,1111
20260914_141144_206684,1,1,REST,1209,1.209,1138
20260914_141144_206684,1,1,REST,1210,1.21,1144
20260914_141144_206684,1,1,REST,1211,1.211,1140
20260914_141144_206684,1,1,REST,1212,1.212,1132
20260914_141144_206684,1,1,REST,1213,1.213,1129
20260914_141144_206684,1,1,REST,1214,1.214,1143
20260914_141144_206684,1,1,REST,1215,1.215,1141
20260914_141144_206684,1,1,REST,1216,1.216,1136
20260914_141144_206684,1,1,REST,1217,1.217,1139
20260914_141144_206684,1,1,REST,1218,1.218,1136
20260914_141144_206684,1,1,REST,1219,1.219,1133
20260914_141144_206684,1,1,REST,1220,1.22,1171
20260914_141144_206684,1,1,REST,1221,1.221,1138
20260914_141144_206684,1,1,REST,1222,1.222,1148
20260914_141144_206684,1,1,REST,1223,1.223,1135
20260914_141144_206684,1,1,REST,1224,1.224,1135
20260914_141144_206684,1,1,REST,1225,1.225,1136
20260914_141144_206684,1,1,REST,1226,1.226,1136
20260914_141144_206684,1,1,REST,1227,1.227,1153
20260914_141144_206684,1,1,REST,1228,1.228,1149
20260914_141144_206684,1,1,REST,1229,1.229,1141
20260914_141144_206684,1,1,REST,1230,1.23,1138
20260914_141144_206684,1,1,REST,1231,1.231,1139
20260914_141144_206684,1,1,REST,1232,1.232,1142
20260914_141144_206684,1,1,REST,1233,1.233,1141
20260914_141144_206684,1,1,REST,1234,1.234,1142
20260914_141144_206684,1,1,REST,1235,1.235,1139
20260914_141144_206684,1,1,REST,1236,1.236,1145
20260914_141144_206684,1,1,REST,1237,1.237,1143
20260914_141144_206684,1,1,REST,1238,1.238,1143
20260914_141144_206684,1,1,REST,1239,1.239,1136
20260914_141144_206684,1,1,REST,1240,1.24,1142
20260914_141144_206684,1,1,REST,1241,1.241,1139
20260914_141144_206684,1,1,REST,1242,1.242,1136
20260914_141144_206684,1,1,REST,1243,1.243,1136
20260914_141144_206684,1,1,REST,1244,1.244,1127
20260914_141144_206684,1,1,REST,1245,1.245,1136
20260914_141144_206684,1,1,REST,1246,1.246,1136
20260914_141144_206684,1,1,REST,1247,1.247,1127
20260914_141144_206684,1,1,REST,1248,1.248,1136
20260914_141144_206684,1,1,REST,1249,1.249,1142
20260914_141144_206684,1,1,REST,1250,1.25,1137
20260914_141144_206684,1,1,REST,1251,1.251,1142
20260914_141144_206684,1,1,REST,1252,1.252,1136
20260914_141144_206684,1,1,REST,1253,1.253,1139
20260914_141144_206684,1,1,REST,1254,1.254,1137
20260914_141144_206684,1,1,REST,1255,1.255,1136
20260914_141144_206684,1,1,REST,1256,1.256,1150
20260914_141144_206684,1,1,REST,1257,1.257,1139
20260914_141144_206684,1,1,REST,1258,1.258,1136
20260914_141144_206684,1,1,REST,1259,1.259,1168
20260914_141144_206684,1,1,REST,1260,1.26,1135
20260914_141144_206684,1,1,REST,1261,1.261,1136
20260914_141144_206684,1,1,REST,1262,1.262,1136
20260914_141144_206684,1,1,REST,1263,1.263,1139
20260914_141144_206684,1,1,REST,1264,1.264,1136
20260914_141144_206684,1,1,REST,1265,1.265,1135
20260914_141144_206684,1,1,REST,1266,1.266,1145
20260914_141144_206684,1,1,REST,1267,1.267,1104
20260914_141144_206684,1,1,REST,1268,1.268,1131
20260914_141144_206684,1,1,REST,1269,1.269,1130
20260914_141144_206684,1,1,REST,1270,1.27,1138
20260914_141144_206684,1,1,REST,1271,1.271,1142
20260914_141144_206684,1,1,REST,1272,1.272,1136
20260914_141144_206684,1,1,REST,1273,1.273,1139
20260914_141144_206684,1,1,REST,1274,1.274,1166
20260914_141144_206684,1,1,REST,1275,1.275,1153
20260914_141144_206684,1,1,REST,1276,1.276,1141
20260914_141144_206684,1,1,REST,1277,1.277,1135
20260914_141144_206684,1,1,REST,1278,1.278,1136
20260914_141144_206684,1,1,REST,1279,1.279,1089
20260914_141144_206684,1,1,REST,1280,1.28,1136
20260914_141144_206684,1,1,REST,1281,1.281,1129
20260914_141144_206684,1,1,REST,1282,1.282,1139
20260914_141144_206684,1,1,REST,1283,1.283,1123
20260914_141144_206684,1,1,REST,1284,1.284,1121
20260914_141144_206684,1,1,REST,1285,1.285,1136
20260914_141144_206684,1,1,REST,1286,1.286,1135
20260914_141144_206684,1,1,REST,1287,1.287,1136
20260914_141144_206684,1,1,REST,1288,1.288,1137
20260914_141144_206684,1,1,REST,1289,1.289,1140
20260914_141144_206684,1,1,REST,1290,1.29,1138
20260914_141144_206684,1,1,REST,1291,1.291,1157
20260914_141144_206684,1,1,REST,1292,1.292,1152
20260914_141144_206684,1,1,REST,1293,1.293,1143
20260914_141144_206684,1,1,REST,1294,1.294,1138
20260914_141144_206684,1,1,REST,1295,1.295,1136
20260914_141144_206684,1,1,REST,1296,1.296,1136
20260914_141144_206684,1,1,REST,1297,1.297,1146
20260914_141144_206684,1,1,REST,1298,1.298,1136
20260914_141144_206684,1,1,REST,1299,1.299,1136
20260914_141144_206684,1,1,REST,1300,1.3,1141
20260914_141144_206684,1,1,REST,1301,1.301,1087
20260914_141144_206684,1,1,REST,1302,1.302,1134
20260914_141144_206684,1,1,REST,1303,1.303,1138
20260914_141144_206684,1,1,REST,1304,1.304,1135
20260914_141144_206684,1,1,REST,1305,1.305,1137
20260914_141144_206684,1,1,REST,1306,1.306,1138
20260914_141144_206684,1,1,REST,1307,1.307,1136
20260914_141144_206684,1,1,REST,1308,1.308,1168
20260914_141144_206684,1,1,REST,1309,1.309,1149
20260914_141144_206684,1,1,REST,1310,1.31,1150
20260914_141144_206684,1,1,REST,1311,1.311,1155
20260914_141144_206684,1,1,REST,1312,1.312,1145
20260914_141144_206684,1,1,REST,1313,1.313,1141
20260914_141144_206684,1,1,REST,1314,1.314,1136
20260914_141144_206684,1,1,REST,1315,1.315,1137
20260914_141144_206684,1,1,REST,1316,1.316,1141
20260914_141144_206684,1,1,REST,1317,1.317,1139
20260914_141144_206684,1,1,REST,1318,1.318,1139
20260914_141144_206684,1,1,REST,1319,1.319,1139
20260914_141144_206684,1,1,REST,1320,1.32,1124
20260914_141144_206684,1,1,REST,1321,1.321,1136
20260914_141144_206684,1,1,REST,1322,1.322,1129
20260914_141144_206684,1,1,REST,1323,1.323,1136
20260914_141144_206684,1,1,REST,1324,1.324,1136
20260914_141144_206684,1,1,REST,1325,1.325,1136
20260914_141144_206684,1,1,REST,1326,1.326,1136
20260914_141144_206684,1,1,REST,1327,1.327,1136
20260914_141144_206684,1,1,REST,1328,1.328,1139
20260914_141144_206684,1,1,REST,1329,1.329,1142
20260914_141144_206684,1,1,REST,1330,1.33,1137
20260914_141144_206684,1,1,REST,1331,1.331,1139
20260914_141144_206684,1,1,REST,1332,1.332,1136
20260914_141144_206684,1,1,REST,1333,1.333,1135
20260914_141144_206684,1,1,REST,1334,1.334,1138
20260914_141144_206684,1,1,REST,1335,1.335,1137
20260914_141144_206684,1,1,REST,1336,1.336,1137
20260914_141144_206684,1,1,REST,1337,1.337,1130
20260914_141144_206684,1,1,REST,1338,1.338,1147
20260914_141144_206684,1,1,REST,1339,1.339,1153
20260914_141144_206684,1,1,REST,1340,1.34,1142
20260914_141144_206684,1,1,REST,1341,1.341,1154
20260914_141144_206684,1,1,REST,1342,1.342,1153
20260914_141144_206684,1,1,REST,1343,1.343,1141
20260914_141144_206684,1,1,REST,1344,1.344,1143
20260914_141144_206684,1,1,REST,1345,1.345,1143
20260914_141144_206684,1,1,REST,1346,1.346,1084
20260914_141144_206684,1,1,REST,1347,1.347,1130
20260914_141144_206684,1,1,REST,1348,1.348,1126
20260914_141144_206684,1,1,REST,1349,1.349,1133
20260914_141144_206684,1,1,REST,1350,1.35,1119
20260914_141144_206684,1,1,REST,1351,1.351,1126
20260914_141144_206684,1,1,REST,1352,1.352,1126
20260914_141144_206684,1,1,REST,1353,1.353,1131
20260914_141144_206684,1,1,REST,1354,1.354,1124
20260914_141144_206684,1,1,REST,1355,1.355,1135
20260914_141144_206684,1,1,REST,1356,1.356,1114
20260914_141144_206684,1,1,REST,1357,1.357,1138
20260914_141144_206684,1,1,REST,1358,1.358,1143
20260914_141144_206684,1,1,REST,1359,1.359,1152
20260914_141144_206684,1,1,REST,1360,1.36,1145
20260914_141144_206684,1,1,REST,1361,1.361,1151
20260914_141144_206684,1,1,REST,1362,1.362,1148
20260914_141144_206684,1,1,REST,1363,1.363,1153
20260914_141144_206684,1,1,REST,1364,1.364,1145
20260914_141144_206684,1,1,REST,1365,1.365,977
20260914_141144_206684,1,1,REST,1366,1.366,1139
20260914_141144_206684,1,1,REST,1367,1.367,1136
20260914_141144_206684,1,1,REST,1368,1.368,1139
20260914_141144_206684,1,1,REST,1369,1.369,1132
20260914_141144_206684,1,1,REST,1370,1.37,1132
20260914_141144_206684,1,1,REST,1371,1.371,1122
20260914_141144_206684,1,1,REST,1372,1.372,1134
20260914_141144_206684,1,1,REST,1373,1.373,1130
20260914_141144_206684,1,1,REST,1374,1.374,1134
20260914_141144_206684,1,1,REST,1375,1.375,1168
20260914_141144_206684,1,1,REST,1376,1.376,1136
20260914_141144_206684,1,1,REST,1377,1.377,1143
20260914_141144_206684,1,1,REST,1378,1.378,1161
20260914_141144_206684,1,1,REST,1379,1.379,1150
20260914_141144_206684,1,1,REST,1380,1.38,1157
20260914_141144_206684,1,1,REST,1381,1.381,1167
20260914_141144_206684,1,1,REST,1382,1.382,1150
20260914_141144_206684,1,1,REST,1383,1.383,1139
20260914_141144_206684,1,1,REST,1384,1.384,1145
20260914_141144_206684,1,1,REST,1385,1.385,1139
20260914_141144_206684,1,1,REST,1386,1.386,1142
20260914_141144_206684,1,1,REST,1387,1.387,1136
20260914_141144_206684,1,1,REST,1388,1.388,1131
20260914_141144_206684,1,1,REST,1389,1.389,1132
20260914_141144_206684,1,1,REST,1390,1.39,1131
20260914_141144_206684,1,1,REST,1391,1.391,1135
20260914_141144_206684,1,1,REST,1392,1.392,1123
20260914_141144_206684,1,1,REST,1393,1.393,1133
20260914_141144_206684,1,1,REST,1394,1.394,1138
20260914_141144_206684,1,1,REST,1395,1.395,1136
20260914_141144_206684,1,1,REST,1396,1.396,1139
20260914_141144_206684,1,1,REST,1397,1.397,1150
20260914_141144_206684,1,1,REST,1398,1.398,1146
20260914_141144_206684,1,1,REST,1399,1.399,1150
20260914_141144_206684,1,1,REST,1400,1.4,1157
20260914_141144_206684,1,1,REST,1401,1.401,1148
20260914_141144_206684,1,1,REST,1402,1.402,1153
20260914_141144_206684,1,1,REST,1403,1.403,1149
20260914_141144_206684,1,1,REST,1404,1.404,1136
20260914_141144_206684,1,1,REST,1405,1.405,1146
20260914_141144_206684,1,1,REST,1406,1.406,1107
20260914_141144_206684,1,1,REST,1407,1.407,1133
20260914_141144_206684,1,1,REST,1408,1.408,1126
20260914_141144_206684,1,1,REST,1409,1.409,1126
20260914_141144_206684,1,1,REST,1410,1.41,1124
20260914_141144_206684,1,1,REST,1411,1.411,1115
20260914_141144_206684,1,1,REST,1412,1.412,1131
20260914_141144_206684,1,1,REST,1413,1.413,1135
20260914_141144_206684,1,1,REST,1414,1.414,1125
20260914_141144_206684,1,1,REST,1415,1.415,1136
20260914_141144_206684,1,1,REST,1416,1.416,1141
20260914_141144_206684,1,1,REST,1417,1.417,1140
20260914_141144_206684,1,1,REST,1418,1.418,1142
20260914_141144_206684,1,1,REST,1419,1.419,1143
20260914_141144_206684,1,1,REST,1420,1.42,1136
20260914_141144_206684,1,1,REST,1421,1.421,1153
20260914_141144_206684,1,1,REST,1422,1.422,1146
20260914_141144_206684,1,1,REST,1423,1.423,1144
20260914_141144_206684,1,1,REST,1424,1.424,1152
20260914_141144_206684,1,1,REST,1425,1.425,1145
20260914_141144_206684,1,1,REST,1426,1.426,1139
20260914_141144_206684,1,1,REST,1427,1.427,1136
20260914_141144_206684,1,1,REST,1428,1.428,1123
20260914_141144_206684,1,1,REST,1429,1.429,1126
20260914_141144_206684,1,1,REST,1430,1.43,1137
20260914_141144_206684,1,1,REST,1431,1.431,1122
20260914_141144_206684,1,1,REST,1432,1.432,1130
20260914_141144_206684,1,1,REST,1433,1.433,1145
20260914_141144_206684,1,1,REST,1434,1.434,1127
20260914_141144_206684,1,1,REST,1435,1.435,1158
20260914_141144_206684,1,1,REST,1436,1.436,1138
20260914_141144_206684,1,1,REST,1437,1.437,1146
20260914_141144_206684,1,1,REST,1438,1.438,1153
20260914_141144_206684,1,1,REST,1439,1.439,1152
20260914_141144_206684,1,1,REST,1440,1.44,1149
20260914_141144_206684,1,1,REST,1441,1.441,1159
20260914_141144_206684,1,1,REST,1442,1.442,1154
20260914_141144_206684,1,1,REST,1443,1.443,1149
20260914_141144_206684,1,1,REST,1444,1.444,1152
20260914_141144_206684,1,1,REST,1445,1.445,1141
20260914_141144_206684,1,1,REST,1446,1.446,1139
20260914_141144_206684,1,1,REST,1447,1.447,1136
20260914_141144_206684,1,1,REST,1448,1.448,1135
20260914_141144_206684,1,1,REST,1449,1.449,1136
20260914_141144_206684,1,1,REST,1450,1.45,1133
20260914_141144_206684,1,1,REST,1451,1.451,1127
20260914_141144_206684,1,1,REST,1452,1.452,1123
20260914_141144_206684,1,1,REST,1453,1.453,1135
20260914_141144_206684,1,1,REST,1454,1.454,1120
20260914_141144_206684,1,1,REST,1455,1.455,1091
20260914_141144_206684,1,1,REST,1456,1.456,1133
20260914_141144_206684,1,1,REST,1457,1.457,1136
20260914_141144_206684,1,1,REST,1458,1.458,1147
20260914_141144_206684,1,1,REST,1459,1.459,1143
20260914_141144_206684,1,1,REST,1460,1.46,1149
20260914_141144_206684,1,1,REST,1461,1.461,1153
20260914_141144_206684,1,1,REST,1462,1.462,1150
20260914_141144_206684,1,1,REST,1463,1.463,1148
20260914_141144_206684,1,1,REST,1464,1.464,1150
20260914_141144_206684,1,1,REST,1465,1.465,1150
20260914_141144_206684,1,1,REST,1466,1.466,1136
20260914_141144_206684,1,1,REST,1467,1.467,1130
20260914_141144_206684,1,1,REST,1468,1.468,1129
20260914_141144_206684,1,1,REST,1469,1.469,1125
20260914_141144_206684,1,1,REST,1470,1.47,1123
20260914_141144_206684,1,1,REST,1471,1.471,1123
20260914_141144_206684,1,1,REST,1472,1.472,1123
20260914_141144_206684,1,1,REST,1473,1.473,1130
20260914_141144_206684,1,1,REST,1474,1.474,1127
20260914_141144_206684,1,1,REST,1475,1.475,1127
20260914_141144_206684,1,1,REST,1476,1.476,1135
20260914_141144_206684,1,1,REST,1477,1.477,1136
20260914_141144_206684,1,1,REST,1478,1.478,1155
20260914_141144_206684,1,1,REST,1479,1.479,1143
20260914_141144_206684,1,1,REST,1480,1.48,1156
20260914_141144_206684,1,1,REST,1481,1.481,1163
20260914_141144_206684,1,1,REST,1482,1.482,1255
20260914_141144_206684,1,1,REST,1483,1.483,1157
20260914_141144_206684,1,1,REST,1484,1.484,1152
20260914_141144_206684,1,1,REST,1485,1.485,1144
20260914_141144_206684,1,1,REST,1486,1.486,1137
20260914_141144_206684,1,1,REST,1487,1.487,1142
20260914_141144_206684,1,1,REST,1488,1.488,1122
20260914_141144_206684,1,1,REST,1489,1.489,1137
20260914_141144_206684,1,1,REST,1490,1.49,1136
20260914_141144_206684,1,1,REST,1491,1.491,1122
20260914_141144_206684,1,1,REST,1492,1.492,1129
20260914_141144_206684,1,1,REST,1493,1.493,1133
20260914_141144_206684,1,1,REST,1494,1.494,1131
20260914_141144_206684,1,1,REST,1495,1.495,1099
20260914_141144_206684,1,1,REST,1496,1.496,1122
20260914_141144_206684,1,1,REST,1497,1.497,1136
20260914_141144_206684,1,1,REST,1498,1.498,1145
20260914_141144_206684,1,1,REST,1499,1.499,1138
20260914_141144_206684,1,1,REST,1500,1.5,1140
20260914_141144_206684,1,1,REST,1501,1.501,1150
20260914_141144_206684,1,1,REST,1502,1.502,1147
20260914_141144_206684,1,1,REST,1503,1.503,1144
20260914_141144_206684,1,1,REST,1504,1.504,1141
20260914_141144_206684,1,1,REST,1505,1.505,1143
20260914_141144_206684,1,1,REST,1506,1.506,1136
20260914_141144_206684,1,1,REST,1507,1.507,1136
20260914_141144_206684,1,1,REST,1508,1.508,1116
20260914_141144_206684,1,1,REST,1509,1.509,1129
20260914_141144_206684,1,1,REST,1510,1.51,1130
20260914_141144_206684,1,1,REST,1511,1.511,1127
20260914_141144_206684,1,1,REST,1512,1.512,1136
20260914_141144_206684,1,1,REST,1513,1.513,1131
20260914_141144_206684,1,1,REST,1514,1.514,1135
20260914_141144_206684,1,1,REST,1515,1.515,1129
20260914_141144_206684,1,1,REST,1516,1.516,1136
20260914_141144_206684,1,1,REST,1517,1.517,1136
20260914_141144_206684,1,1,REST,1518,1.518,1137
20260914_141144_206684,1,1,REST,1519,1.519,1138
20260914_141144_206684,1,1,REST,1520,1.52,1151
20260914_141144_206684,1,1,REST,1521,1.521,1153
20260914_141144_206684,1,1,REST,1522,1.522,1162
20260914_141144_206684,1,1,REST,1523,1.523,1148
20260914_141144_206684,1,1,REST,1524,1.524,1147
20260914_141144_206684,1,1,REST,1525,1.525,1143
20260914_141144_206684,1,1,REST,1526,1.526,1140
20260914_141144_206684,1,1,REST,1527,1.527,1140
20260914_141144_206684,1,1,REST,1528,1.528,1131
20260914_141144_206684,1,1,REST,1529,1.529,1125
20260914_141144_206684,1,1,REST,1530,1.53,1134
20260914_141144_206684,1,1,REST,1531,1.531,1126
20260914_141144_206684,1,1,REST,1532,1.532,1127
20260914_141144_206684,1,1,REST,1533,1.533,1134
20260914_141144_206684,1,1,REST,1534,1.534,1136
20260914_141144_206684,1,1,REST,1535,1.535,1123
20260914_141144_206684,1,1,REST,1536,1.536,1134
20260914_141144_206684,1,1,REST,1537,1.537,1167
20260914_141144_206684,1,1,REST,1538,1.538,1139
20260914_141144_206684,1,1,REST,1539,1.539,1143
20260914_141144_206684,1,1,REST,1540,1.54,1143
20260914_141144_206684,1,1,REST,1541,1.541,1151
20260914_141144_206684,1,1,REST,1542,1.542,1149
20260914_141144_206684,1,1,REST,1543,1.543,1149
20260914_141144_206684,1,1,REST,1544,1.544,1143
20260914_141144_206684,1,1,REST,1545,1.545,1137
20260914_141144_206684,1,1,REST,1546,1.546,1135
20260914_141144_206684,1,1,REST,1547,1.547,1137
20260914_141144_206684,1,1,REST,1548,1.548,1114
20260914_141144_206684,1,1,REST,1549,1.549,1130
20260914_141144_206684,1,1,REST,1550,1.55,1130
20260914_141144_206684,1,1,REST,1551,1.551,1135
20260914_141144_206684,1,1,REST,1552,1.552,1134
20260914_141144_206684,1,1,REST,1553,1.553,1136
20260914_141144_206684,1,1,REST,1554,1.554,1139
20260914_141144_206684,1,1,REST,1555,1.555,1136
20260914_141144_206684,1,1,REST,1556,1.556,1136
20260914_141144_206684,1,1,REST,1557,1.557,1137
20260914_141144_206684,1,1,REST,1558,1.558,1150
20260914_141144_206684,1,1,REST,1559,1.559,1143
20260914_141144_206684,1,1,REST,1560,1.56,1143
20260914_141144_206684,1,1,REST,1561,1.561,1154
20260914_141144_206684,1,1,REST,1562,1.562,1151
20260914_141144_206684,1,1,REST,1563,1.563,1150
20260914_141144_206684,1,1,REST,1564,1.564,1152
20260914_141144_206684,1,1,REST,1565,1.565,1150
20260914_141144_206684,1,1,REST,1566,1.566,1138
20260914_141144_206684,1,1,REST,1567,1.567,1136
20260914_141144_206684,1,1,REST,1568,1.568,1117
20260914_141144_206684,1,1,REST,1569,1.569,1132
20260914_141144_206684,1,1,REST,1570,1.57,1131
20260914_141144_206684,1,1,REST,1571,1.571,1119
20260914_141144_206684,1,1,REST,1572,1.572,1120
20260914_141144_206684,1,1,REST,1573,1.573,1121
20260914_141144_206684,1,1,REST,1574,1.574,1129
20260914_141144_206684,1,1,REST,1575,1.575,1131
20260914_141144_206684,1,1,REST,1576,1.576,1134
20260914_141144_206684,1,1,REST,1577,1.577,1140
20260914_141144_206684,1,1,REST,1578,1.578,1143
20260914_141144_206684,1,1,REST,1579,1.579,1152
20260914_141144_206684,1,1,REST,1580,1.58,1149
20260914_141144_206684,1,1,REST,1581,1.581,1153
20260914_141144_206684,1,1,REST,1582,1.582,1176
20260914_141144_206684,1,1,REST,1583,1.583,1153
20260914_141144_206684,1,1,REST,1584,1.584,1155
20260914_141144_206684,1,1,REST,1585,1.585,1143
20260914_141144_206684,1,1,REST,1586,1.586,1136
20260914_141144_206684,1,1,REST,1587,1.587,1135
20260914_141144_206684,1,1,REST,1588,1.588,1136
20260914_141144_206684,1,1,REST,1589,1.589,1122
20260914_141144_206684,1,1,REST,1590,1.59,1127
20260914_141144_206684,1,1,REST,1591,1.591,1127
20260914_141144_206684,1,1,REST,1592,1.592,1125
20260914_141144_206684,1,1,REST,1593,1.593,1129
20260914_141144_206684,1,1,REST,1594,1.594,1131
20260914_141144_206684,1,1,REST,1595,1.595,1134
20260914_141144_206684,1,1,REST,1596,1.596,1135
20260914_141144_206684,1,1,REST,1597,1.597,1138
20260914_141144_206684,1,1,REST,1598,1.598,1146
20260914_141144_206684,1,1,REST,1599,1.599,1146
20260914_141144_206684,1,1,REST,1600,1.6,1147
20260914_141144_206684,1,1,REST,1601,1.601,1153
20260914_141144_206684,1,1,REST,1602,1.602,1154
20260914_141144_206684,1,1,REST,1603,1.603,1141
20260914_141144_206684,1,1,REST,1604,1.604,1139
20260914_141144_206684,1,1,REST,1605,1.605,1110
20260914_141144_206684,1,1,REST,1606,1.606,1136
20260914_141144_206684,1,1,REST,1607,1.607,1139
20260914_141144_206684,1,1,REST,1608,1.608,1127
20260914_141144_206684,1,1,REST,1609,1.609,1131
20260914_141144_206684,1,1,REST,1610,1.61,1123
20260914_141144_206684,1,1,REST,1611,1.611,1117
20260914_141144_206684,1,1,REST,1612,1.612,1122
20260914_141144_206684,1,1,REST,1613,1.613,1139
20260914_141144_206684,1,1,REST,1614,1.614,1133
20260914_141144_206684,1,1,REST,1615,1.615,1133
20260914_141144_206684,1,1,REST,1616,1.616,1139
20260914_141144_206684,1,1,REST,1617,1.617,1139
20260914_141144_206684,1,1,REST,1618,1.618,1154
20260914_141144_206684,1,1,REST,1619,1.619,1153
20260914_141144_206684,1,1,REST,1620,1.62,1147
20260914_141144_206684,1,1,REST,1621,1.621,1142
20260914_141144_206684,1,1,REST,1622,1.622,1142
20260914_141144_206684,1,1,REST,1623,1.623,1139
20260914_141144_206684,1,1,REST,1624,1.624,1140
20260914_141144_206684,1,1,REST,1625,1.625,1118
20260914_141144_206684,1,1,REST,1626,1.626,1129
20260914_141144_206684,1,1,REST,1627,1.627,1136
20260914_141144_206684,1,1,REST,1628,1.628,1131
20260914_141144_206684,1,1,REST,1629,1.629,1135
20260914_141144_206684,1,1,REST,1630,1.63,1133
20260914_141144_206684,1,1,REST,1631,1.631,1123
20260914_141144_206684,1,1,REST,1632,1.632,1123
20260914_141144_206684,1,1,REST,1633,1.633,1147
20260914_141144_206684,1,1,REST,1634,1.634,1132
20260914_141144_206684,1,1,REST,1635,1.635,1159
20260914_141144_206684,1,1,REST,1636,1.636,1146
20260914_141144_206684,1,1,REST,1637,1.637,1147
20260914_141144_206684,1,1,REST,1638,1.638,1156
20260914_141144_206684,1,1,REST,1639,1.639,1152
20260914_141144_206684,1,1,REST,1640,1.64,1150
20260914_141144_206684,1,1,REST,1641,1.641,1143
20260914_141144_206684,1,1,REST,1642,1.642,1156
20260914_141144_206684,1,1,REST,1643,1.643,1150
20260914_141144_206684,1,1,REST,1644,1.644,1149
20260914_141144_206684,1,1,REST,1645,1.645,1142
20260914_141144_206684,1,1,REST,1646,1.646,1146
20260914_141144_206684,1,1,REST,1647,1.647,1136
20260914_141144_206684,1,1,REST,1648,1.648,1139
20260914_141144_206684,1,1,REST,1649,1.649,1133
20260914_141144_206684,1,1,REST,1650,1.65,1181
20260914_141144_206684,1,1,REST,1651,1.651,1125
20260914_141144_206684,1,1,REST,1652,1.652,1129
20260914_141144_206684,1,1,REST,1653,1.653,1125
20260914_141144_206684,1,1,REST,1654,1.654,1132
20260914_141144_206684,1,1,REST,1655,1.655,1135
20260914_141144_206684,1,1,REST,1656,1.656,1138
20260914_141144_206684,1,1,REST,1657,1.657,1136
20260914_141144_206684,1,1,REST,1658,1.658,1149
20260914_141144_206684,1,1,REST,1659,1.659,1199
20260914_141144_206684,1,1,REST,1660,1.66,1152
20260914_141144_206684,1,1,REST,1661,1.661,1155
20260914_141144_206684,1,1,REST,1662,1.662,1147
20260914_141144_206684,1,1,REST,1663,1.663,1149
20260914_141144_206684,1,1,REST,1664,1.664,1143
20260914_141144_206684,1,1,REST,1665,1.665,1145
20260914_141144_206684,1,1,REST,1666,1.666,1140
20260914_141144_206684,1,1,REST,1667,1.667,1133
20260914_141144_206684,1,1,REST,1668,1.668,1134
20260914_141144_206684,1,1,REST,1669,1.669,1129
20260914_141144_206684,1,1,REST,1670,1.67,1123
20260914_141144_206684,1,1,REST,1671,1.671,1122
20260914_141144_206684,1,1,REST,1672,1.672,1119
20260914_141144_206684,1,1,REST,1673,1.673,1120
20260914_141144_206684,1,1,REST,1674,1.674,1120
20260914_141144_206684,1,1,REST,1675,1.675,1142
20260914_141144_206684,1,1,REST,1676,1.676,1143
20260914_141144_206684,1,1,REST,1677,1.677,1141
20260914_141144_206684,1,1,REST,1678,1.678,1158
20260914_141144_206684,1,1,REST,1679,1.679,1152
20260914_141144_206684,1,1,REST,1680,1.68,1148
20260914_141144_206684,1,1,REST,1681,1.681,1153
20260914_141144_206684,1,1,REST,1682,1.682,1155
20260914_141144_206684,1,1,REST,1683,1.683,1143
20260914_141144_206684,1,1,REST,1684,1.684,1149
20260914_141144_206684,1,1,REST,1685,1.685,1147
20260914_141144_206684,1,1,REST,1686,1.686,1150
20260914_141144_206684,1,1,REST,1687,1.687,1142
20260914_141144_206684,1,1,REST,1688,1.688,1126
20260914_141144_206684,1,1,REST,1689,1.689,1130
20260914_141144_206684,1,1,REST,1690,1.69,1127
20260914_141144_206684,1,1,REST,1691,1.691,1129
20260914_141144_206684,1,1,REST,1692,1.692,1126
20260914_141144_206684,1,1,REST,1693,1.693,1126
20260914_141144_206684,1,1,REST,1694,1.694,1130
20260914_141144_206684,1,1,REST,1695,1.695,1134
20260914_141144_206684,1,1,REST,1696,1.696,1133
20260914_141144_206684,1,1,REST,1697,1.697,1140
20260914_141144_206684,1,1,REST,1698,1.698,1148
20260914_141144_206684,1,1,REST,1699,1.699,1153
20260914_141144_206684,1,1,REST,1700,1.7,1151
20260914_141144_206684,1,1,REST,1701,1.701,1162
20260914_141144_206684,1,1,REST,1702,1.702,1159
20260914_141144_206684,1,1,REST,1703,1.703,1155
20260914_141144_206684,1,1,REST,1704,1.704,1145
20260914_141144_206684,1,1,REST,1705,1.705,1149
20260914_141144_206684,1,1,REST,1706,1.706,1143
20260914_141144_206684,1,1,REST,1707,1.707,1139
20260914_141144_206684,1,1,REST,1708,1.708,1127
20260914_141144_206684,1,1,REST,1709,1.709,1134
20260914_141144_206684,1,1,REST,1710,1.71,1134
20260914_141144_206684,1,1,REST,1711,1.711,1125
20260914_141144_206684,1,1,REST,1712,1.712,1121
20260914_141144_206684,1,1,REST,1713,1.713,1071
20260914_141144_206684,1,1,REST,1714,1.714,1114
20260914_141144_206684,1,1,REST,1715,1.715,1118
20260914_141144_206684,1,1,REST,1716,1.716,1136
20260914_141144_206684,1,1,REST,1717,1.717,1141
20260914_141144_206684,1,1,REST,1718,1.718,1152
20260914_141144_206684,1,1,REST,1719,1.719,1146
20260914_141144_206684,1,1,REST,1720,1.72,1147
20260914_141144_206684,1,1,REST,1721,1.721,1152
20260914_141144_206684,1,1,REST,1722,1.722,1174
20260914_141144_206684,1,1,REST,1723,1.723,1153
20260914_141144_206684,1,1,REST,1724,1.724,1154
20260914_141144_206684,1,1,REST,1725,1.725,1147
20260914_141144_206684,1,1,REST,1726,1.726,1151
20260914_141144_206684,1,1,REST,1727,1.727,1139
20260914_141144_206684,1,1,REST,1728,1.728,1088
20260914_141144_206684,1,1,REST,1729,1.729,1135
20260914_141144_206684,1,1,REST,1730,1.73,1135
20260914_141144_206684,1,1,REST,1731,1.731,1110
20260914_141144_206684,1,1,REST,1732,1.732,1110
20260914_141144_206684,1,1,REST,1733,1.733,1127
20260914_141144_206684,1,1,REST,1734,1.734,1123
20260914_141144_206684,1,1,REST,1735,1.735,1132
20260914_141144_206684,1,1,REST,1736,1.736,1134
20260914_141144_206684,1,1,REST,1737,1.737,1135
20260914_141144_206684,1,1,REST,1738,1.738,1151
20260914_141144_206684,1,1,REST,1739,1.739,1107
20260914_141144_206684,1,1,REST,1740,1.74,1142
20260914_141144_206684,1,1,REST,1741,1.741,1158
20260914_141144_206684,1,1,REST,1742,1.742,1153
20260914_141144_206684,1,1,REST,1743,1.743,1148
20260914_141144_206684,1,1,REST,1744,1.744,1151
20260914_141144_206684,1,1,REST,1745,1.745,1145
20260914_141144_206684,1,1,REST,1746,1.746,1147
20260914_141144_206684,1,1,REST,1747,1.747,1142
20260914_141144_206684,1,1,REST,1748,1.748,1145
20260914_141144_206684,1,1,REST,1749,1.749,1135
20260914_141144_206684,1,1,REST,1750,1.75,1126
20260914_141144_206684,1,1,REST,1751,1.751,1115
20260914_141144_206684,1,1,REST,1752,1.752,1114
20260914_141144_206684,1,1,REST,1753,1.753,1125
20260914_141144_206684,1,1,REST,1754,1.754,1127
20260914_141144_206684,1,1,REST,1755,1.755,1130
20260914_141144_206684,1,1,REST,1756,1.756,1134
20260914_141144_206684,1,1,REST,1757,1.757,1136
20260914_141144_206684,1,1,REST,1758,1.758,1142
20260914_141144_206684,1,1,REST,1759,1.759,1146
20260914_141144_206684,1,1,REST,1760,1.76,1122
20260914_141144_206684,1,1,REST,1761,1.761,1154
20260914_141144_206684,1,1,REST,1762,1.762,1161
20260914_141144_206684,1,1,REST,1763,1.763,1151
20260914_141144_206684,1,1,REST,1764,1.764,1152
20260914_141144_206684,1,1,REST,1765,1.765,1147
20260914_141144_206684,1,1,REST,1766,1.766,1138
20260914_141144_206684,1,1,REST,1767,1.767,1149
20260914_141144_206684,1,1,REST,1768,1.768,1130
20260914_141144_206684,1,1,REST,1769,1.769,1141
20260914_141144_206684,1,1,REST,1770,1.77,1133
20260914_141144_206684,1,1,REST,1771,1.771,1121
20260914_141144_206684,1,1,REST,1772,1.772,1120
20260914_141144_206684,1,1,REST,1773,1.773,1123
20260914_141144_206684,1,1,REST,1774,1.774,1129
20260914_141144_206684,1,1,REST,1775,1.775,1130
20260914_141144_206684,1,1,REST,1776,1.776,1136
20260914_141144_206684,1,1,REST,1777,1.777,1127
20260914_141144_206684,1,1,REST,1778,1.778,1151
20260914_141144_206684,1,1,REST,1779,1.779,1152
20260914_141144_206684,1,1,REST,1780,1.78,1153
20260914_141144_206684,1,1,REST,1781,1.781,1158
20260914_141144_206684,1,1,REST,1782,1.782,1159
20260914_141144_206684,1,1,REST,1783,1.783,1156
20260914_141144_206684,1,1,REST,1784,1.784,1150
20260914_141144_206684,1,1,REST,1785,1.785,1149
20260914_141144_206684,1,1,REST,1786,1.786,1143
20260914_141144_206684,1,1,REST,1787,1.787,1136
20260914_141144_206684,1,1,REST,1788,1.788,1105
20260914_141144_206684,1,1,REST,1789,1.789,1107
20260914_141144_206684,1,1,REST,1790,1.79,1129
20260914_141144_206684,1,1,REST,1791,1.791,1120
20260914_141144_206684,1,1,REST,1792,1.792,1115
20260914_141144_206684,1,1,REST,1793,1.793,1125
20260914_141144_206684,1,1,REST,1794,1.794,1126
20260914_141144_206684,1,1,REST,1795,1.795,1125
20260914_141144_206684,1,1,REST,1796,1.796,1132
20260914_141144_206684,1,1,REST,1797,1.797,1135
20260914_141144_206684,1,1,REST,1798,1.798,1156
20260914_141144_206684,1,1,REST,1799,1.799,1151
20260914_141144_206684,1,1,REST,1800,1.8,1161
20260914_141144_206684,1,1,REST,1801,1.801,1158
20260914_141144_206684,1,1,REST,1802,1.802,1162
20260914_141144_206684,1,1,REST,1803,1.803,1155
20260914_141144_206684,1,1,REST,1804,1.804,1151
20260914_141144_206684,1,1,REST,1805,1.805,1150
20260914_141144_206684,1,1,REST,1806,1.806,1131
20260914_141144_206684,1,1,REST,1807,1.807,1136
20260914_141144_206684,1,1,REST,1808,1.808,1122
20260914_141144_206684,1,1,REST,1809,1.809,1121
20260914_141144_206684,1,1,REST,1810,1.81,1123
20260914_141144_206684,1,1,REST,1811,1.811,1121
20260914_141144_206684,1,1,REST,1812,1.812,1121
20260914_141144_206684,1,1,REST,1813,1.813,1123
20260914_141144_206684,1,1,REST,1814,1.814,1118
20260914_141144_206684,1,1,REST,1815,1.815,1141
20260914_141144_206684,1,1,REST,1816,1.816,1137
20260914_141144_206684,1,1,REST,1817,1.817,1136
20260914_141144_206684,1,1,REST,1818,1.818,1153
20260914_141144_206684,1,1,REST,1819,1.819,1175
20260914_141144_206684,1,1,REST,1820,1.82,1150
20260914_141144_206684,1,1,REST,1821,1.821,1178
20260914_141144_206684,1,1,REST,1822,1.822,1155
20260914_141144_206684,1,1,REST,1823,1.823,1159
20260914_141144_206684,1,1,REST,1824,1.824,1151
20260914_141144_206684,1,1,REST,1825,1.825,1151
20260914_141144_206684,1,1,REST,1826,1.826,1143
20260914_141144_206684,1,1,REST,1827,1.827,1137
20260914_141144_206684,1,1,REST,1828,1.828,1131
20260914_141144_206684,1,1,REST,1829,1.829,1132
20260914_141144_206684,1,1,REST,1830,1.83,1133
20260914_141144_206684,1,1,REST,1831,1.831,1118
20260914_141144_206684,1,1,REST,1832,1.832,1121
20260914_141144_206684,1,1,REST,1833,1.833,1115
20260914_141144_206684,1,1,REST,1834,1.834,1117
20260914_141144_206684,1,1,REST,1835,1.835,1117
20260914_141144_206684,1,1,REST,1836,1.836,1125
20260914_141144_206684,1,1,REST,1837,1.837,1139
20260914_141144_206684,1,1,REST,1838,1.838,1149
20260914_141144_206684,1,1,REST,1839,1.839,1151
20260914_141144_206684,1,1,REST,1840,1.84,1151
20260914_141144_206684,1,1,REST,1841,1.841,1155
20260914_141144_206684,1,1,REST,1842,1.842,1156
20260914_141144_206684,1,1,REST,1843,1.843,1152
20260914_141144_206684,1,1,REST,1844,1.844,1148
20260914_141144_206684,1,1,REST,1845,1.845,1150
20260914_141144_206684,1,1,REST,1846,1.846,1146
20260914_141144_206684,1,1,REST,1847,1.847,1139
20260914_141144_206684,1,1,REST,1848,1.848,1134
20260914_141144_206684,1,1,REST,1849,1.849,1132
20260914_141144_206684,1,1,REST,1850,1.85,1135
20260914_141144_206684,1,1,REST,1851,1.851,1138
20260914_141144_206684,1,1,REST,1852,1.852,1115
20260914_141144_206684,1,1,REST,1853,1.853,1121
20260914_141144_206684,1,1,REST,1854,1.854,1152
20260914_141144_206684,1,1,REST,1855,1.855,1134
20260914_141144_206684,1,1,REST,1856,1.856,1136
20260914_141144_206684,1,1,REST,1857,1.857,1137
20260914_141144_206684,1,1,REST,1858,1.858,1150
20260914_141144_206684,1,1,REST,1859,1.859,1151
20260914_141144_206684,1,1,REST,1860,1.86,1143
20260914_141144_206684,1,1,REST,1861,1.861,1153
20260914_141144_206684,1,1,REST,1862,1.862,1157
20260914_141144_206684,1,1,REST,1863,1.863,1152
20260914_141144_206684,1,1,REST,1864,1.864,1154
20260914_141144_206684,1,1,REST,1865,1.865,1153
20260914_141144_206684,1,1,REST,1866,1.866,1139
20260914_141144_206684,1,1,REST,1867,1.867,1132
20260914_141144_206684,1,1,REST,1868,1.868,1125
20260914_141144_206684,1,1,REST,1869,1.869,1088
20260914_141144_206684,1,1,REST,1870,1.87,917
20260914_141144_206684,1,1,REST,1871,1.871,1123
20260914_141144_206684,1,1,REST,1872,1.872,1124
20260914_141144_206684,1,1,REST,1873,1.873,1118
20260914_141144_206684,1,1,REST,1874,1.874,1127
20260914_141144_206684,1,1,REST,1875,1.875,1130
20260914_141144_206684,1,1,REST,1876,1.876,1135
20260914_141144_206684,1,1,REST,1877,1.877,1136
20260914_141144_206684,1,1,REST,1878,1.878,1146
20260914_141144_206684,1,1,REST,1879,1.879,1147
20260914_141144_206684,1,1,REST,1880,1.88,1140
20260914_141144_206684,1,1,REST,1881,1.881,1159
20260914_141144_206684,1,1,REST,1882,1.882,1155
20260914_141144_206684,1,1,REST,1883,1.883,1168
20260914_141144_206684,1,1,REST,1884,1.884,1156
20260914_141144_206684,1,1,REST,1885,1.885,1158
20260914_141144_206684,1,1,REST,1886,1.886,1189
20260914_141144_206684,1,1,REST,1887,1.887,1137
20260914_141144_206684,1,1,REST,1888,1.888,1130
20260914_141144_206684,1,1,REST,1889,1.889,1126
20260914_141144_206684,1,1,REST,1890,1.89,1127
20260914_141144_206684,1,1,REST,1891,1.891,1122
20260914_141144_206684,1,1,REST,1892,1.892,1119
20260914_141144_206684,1,1,REST,1893,1.893,1123
20260914_141144_206684,1,1,REST,1894,1.894,1126
20260914_141144_206684,1,1,REST,1895,1.895,1127
20260914_141144_206684,1,1,REST,1896,1.896,1143
20260914_141144_206684,1,1,REST,1897,1.897,1136
20260914_141144_206684,1,1,REST,1898,1.898,1142
20260914_141144_206684,1,1,REST,1899,1.899,1152
20260914_141144_206684,1,1,REST,1900,1.9,1151
20260914_141144_206684,1,1,REST,1901,1.901,1153
20260914_141144_206684,1,1,REST,1902,1.902,974
20260914_141144_206684,1,1,REST,1903,1.903,1153
20260914_141144_206684,1,1,REST,1904,1.904,1142
20260914_141144_206684,1,1,REST,1905,1.905,1154
20260914_141144_206684,1,1,REST,1906,1.906,1145
20260914_141144_206684,1,1,REST,1907,1.907,1136
20260914_141144_206684,1,1,REST,1908,1.908,1137
20260914_141144_206684,1,1,REST,1909,1.909,1125
20260914_141144_206684,1,1,REST,1910,1.91,1134
20260914_141144_206684,1,1,REST,1911,1.911,1121
20260914_141144_206684,1,1,REST,1912,1.912,1120
20260914_141144_206684,1,1,REST,1913,1.913,1122
20260914_141144_206684,1,1,REST,1914,1.914,1134
20260914_141144_206684,1,1,REST,1915,1.915,1133
20260914_141144_206684,1,1,REST,1916,1.916,1136
20260914_141144_206684,1,1,REST,1917,1.917,1137
20260914_141144_206684,1,1,REST,1918,1.918,1153
20260914_141144_206684,1,1,REST,1919,1.919,1146
20260914_141144_206684,1,1,REST,1920,1.92,1151
20260914_141144_206684,1,1,REST,1921,1.921,1134
20260914_141144_206684,1,1,REST,1922,1.922,1154
20260914_141144_206684,1,1,REST,1923,1.923,1151
20260914_141144_206684,1,1,REST,1924,1.924,1152
20260914_141144_206684,1,1,REST,1925,1.925,1152
20260914_141144_206684,1,1,REST,1926,1.926,1141
20260914_141144_206684,1,1,REST,1927,1.927,1111
20260914_141144_206684,1,1,REST,1928,1.928,1126
20260914_141144_206684,1,1,REST,1929,1.929,1126
20260914_141144_206684,1,1,REST,1930,1.93,1124
20260914_141144_206684,1,1,REST,1931,1.931,1119
20260914_141144_206684,1,1,REST,1932,1.932,1121
20260914_141144_206684,1,1,REST,1933,1.933,1117
20260914_141144_206684,1,1,REST,1934,1.934,1131
20260914_141144_206684,1,1,REST,1935,1.935,1142
20260914_141144_206684,1,1,REST,1936,1.936,1137
20260914_141144_206684,1,1,REST,1937,1.937,1139
20260914_141144_206684,1,1,REST,1938,1.938,1146
20260914_141144_206684,1,1,REST,1939,1.939,1151
20260914_141144_206684,1,1,REST,1940,1.94,1147
20260914_141144_206684,1,1,REST,1941,1.941,1156
20260914_141144_206684,1,1,REST,1942,1.942,1151
20260914_141144_206684,1,1,REST,1943,1.943,1149
20260914_141144_206684,1,1,REST,1944,1.944,1149
20260914_141144_206684,1,1,REST,1945,1.945,1146
20260914_141144_206684,1,1,REST,1946,1.946,1146
20260914_141144_206684,1,1,REST,1947,1.947,1136
20260914_141144_206684,1,1,REST,1948,1.948,1131
20260914_141144_206684,1,1,REST,1949,1.949,1127
20260914_141144_206684,1,1,REST,1950,1.95,1125
20260914_141144_206684,1,1,REST,1951,1.951,1119
20260914_141144_206684,1,1,REST,1952,1.952,1111
20260914_141144_206684,1,1,REST,1953,1.953,1090
20260914_141144_206684,1,1,REST,1954,1.954,1129
20260914_141144_206684,1,1,REST,1955,1.955,1129
20260914_141144_206684,1,1,REST,1956,1.956,1136
20260914_141144_206684,1,1,REST,1957,1.957,1136
20260914_141144_206684,1,1,REST,1958,1.958,1149
20260914_141144_206684,1,1,REST,1959,1.959,1154
20260914_141144_206684,1,1,REST,1960,1.96,1152
20260914_141144_206684,1,1,REST,1961,1.961,1158
20260914_141144_206684,1,1,REST,1962,1.962,1160
20260914_141144_206684,1,1,REST,1963,1.963,1158
20260914_141144_206684,1,1,REST,1964,1.964,1138
20260914_141144_206684,1,1,REST,1965,1.965,1143
20260914_141144_206684,1,1,REST,1966,1.966,1143
20260914_141144_206684,1,1,REST,1967,1.967,1177
20260914_141144_206684,1,1,REST,1968,1.968,1128
20260914_141144_206684,1,1,REST,1969,1.969,1126
20260914_141144_206684,1,1,REST,1970,1.97,1121
20260914_141144_206684,1,1,REST,1971,1.971,1120
20260914_141144_206684,1,1,REST,1972,1.972,1115
20260914_141144_206684,1,1,REST,1973,1.973,1118
20260914_141144_206684,1,1,REST,1974,1.974,1130
20260914_141144_206684,1,1,REST,1975,1.975,1115
20260914_141144_206684,1,1,REST,1976,1.976,1146
20260914_141144_206684,1,1,REST,1977,1.977,1143
20260914_141144_206684,1,1,REST,1978,1.978,1152
20260914_141144_206684,1,1,REST,1979,1.979,1153
20260914_141144_206684,1,1,REST,1980,1.98,1158
20260914_141144_206684,1,1,REST,1981,1.981,1235
20260914_141144_206684,1,1,REST,1982,1.982,1158
20260914_141144_206684,1,1,REST,1983,1.983,1152
20260914_141144_206684,1,1,REST,1984,1.984,1150
20260914_141144_206684,1,1,REST,1985,1.985,1152
20260914_141144_206684,1,1,REST,1986,1.986,1149
20260914_141144_206684,1,1,REST,1987,1.987,1141
20260914_141144_206684,1,1,REST,1988,1.988,1135
20260914_141144_206684,1,1,REST,1989,1.989,1088
20260914_141144_206684,1,1,REST,1990,1.99,1119
20260914_141144_206684,1,1,REST,1991,1.991,1117
20260914_141144_206684,1,1,REST,1992,1.992,1117
20260914_141144_206684,1,1,REST,1993,1.993,1128
20260914_141144_206684,1,1,REST,1994,1.994,1127
20260914_141144_206684,1,1,REST,1995,1.995,1126
20260914_141144_206684,1,1,REST,1996,1.996,1137
20260914_141144_206684,1,1,REST,1997,1.997,1151
20260914_141144_206684,1,1,REST,1998,1.998,1149
20260914_141144_206684,1,1,REST,1999,1.999,1167
20260914_141144_206684,1,1,REST,2000,2.0,1152
20260914_141144_206684,1,1,REST,2001,2.001,1152
20260914_141144_206684,1,1,REST,2002,2.002,1152
20260914_141144_206684,1,1,REST,2003,2.003,1157
20260914_141144_206684,1,1,REST,2004,2.004,1139
20260914_141144_206684,1,1,REST,2005,2.005,1146
20260914_141144_206684,1,1,REST,2006,2.006,1136
20260914_141144_206684,1,1,REST,2007,2.007,1136
20260914_141144_206684,1,1,REST,2008,2.008,1133
20260914_141144_206684,1,1,REST,2009,2.009,1122
20260914_141144_206684,1,1,REST,2010,2.01,1130
20260914_141144_206684,1,1,REST,2011,2.011,1129
20260914_141144_206684,1,1,REST,2012,2.012,1121
20260914_141144_206684,1,1,REST,2013,2.013,1136
20260914_141144_206684,1,1,REST,2014,2.014,1131
20260914_141144_206684,1,1,REST,2015,2.015,1138
20260914_141144_206684,1,1,REST,2016,2.016,1138
20260914_141144_206684,1,1,REST,2017,2.017,1133
20260914_141144_206684,1,1,REST,2018,2.018,1145
20260914_141144_206684,1,1,REST,2019,2.019,1122
20260914_141144_206684,1,1,REST,2020,2.02,1142
20260914_141144_206684,1,1,REST,2021,2.021,1141
20260914_141144_206684,1,1,REST,2022,2.022,1156
20260914_141144_206684,1,1,REST,2023,2.023,1142
20260914_141144_206684,1,1,REST,2024,2.024,1149
20260914_141144_206684,1,1,REST,2025,2.025,1143
20260914_141144_206684,1,1,REST,2026,2.026,1142
20260914_141144_206684,1,1,REST,2027,2.027,1135
20260914_141144_206684,1,1,REST,2028,2.028,1130
20260914_141144_206684,1,1,REST,2029,2.029,1132
20260914_141144_206684,1,1,REST,2030,2.03,1131
20260914_141144_206684,1,1,REST,2031,2.031,1130
20260914_141144_206684,1,1,REST,2032,2.032,1120
20260914_141144_206684,1,1,REST,2033,2.033,1128
20260914_141144_206684,1,1,REST,2034,2.034,1119
20260914_141144_206684,1,1,REST,2035,2.035,1131
20260914_141144_206684,1,1,REST,2036,2.036,1135
20260914_141144_206684,1,1,REST,2037,2.037,1136
20260914_141144_206684,1,1,REST,2038,2.038,1142
20260914_141144_206684,1,1,REST,2039,2.039,1152
20260914_141144_206684,1,1,REST,2040,2.04,1152
20260914_141144_206684,1,1,REST,2041,2.041,1143
20260914_141144_206684,1,1,REST,2042,2.042,1149
20260914_141144_206684,1,1,REST,2043,2.043,1152
20260914_141144_206684,1,1,REST,2044,2.044,1145
20260914_141144_206684,1,1,REST,2045,2.045,1145
20260914_141144_206684,1,1,REST,2046,2.046,1136
20260914_141144_206684,1,1,REST,2047,2.047,1135
20260914_141144_206684,1,1,REST,2048,2.048,1134
20260914_141144_206684,1,1,REST,2049,2.049,1123
20260914_141144_206684,1,1,REST,2050,2.05,1136
20260914_141144_206684,1,1,REST,2051,2.051,1157
20260914_141144_206684,1,1,REST,2052,2.052,1117
20260914_141144_206684,1,1,REST,2053,2.053,1125
20260914_141144_206684,1,1,REST,2054,2.054,1136
20260914_141144_206684,1,1,REST,2055,2.055,1143
20260914_141144_206684,1,1,REST,2056,2.056,1137
20260914_141144_206684,1,1,REST,2057,2.057,1121
20260914_141144_206684,1,1,REST,2058,2.058,1151
20260914_141144_206684,1,1,REST,2059,2.059,1113
20260914_141144_206684,1,1,REST,2060,2.06,1148
20260914_141144_206684,1,1,REST,2061,2.061,1149
20260914_141144_206684,1,1,REST,2062,2.062,1168
20260914_141144_206684,1,1,REST,2063,2.063,1138
20260914_141144_206684,1,1,REST,2064,2.064,1146
20260914_141144_206684,1,1,REST,2065,2.065,1136
20260914_141144_206684,1,1,REST,2066,2.066,1135
20260914_141144_206684,1,1,REST,2067,2.067,1136
20260914_141144_206684,1,1,REST,2068,2.068,1137
20260914_141144_206684,1,1,REST,2069,2.069,1132
20260914_141144_206684,1,1,REST,2070,2.07,1148
20260914_141144_206684,1,1,REST,2071,2.071,1130
20260914_141144_206684,1,1,REST,2072,2.072,1135
20260914_141144_206684,1,1,REST,2073,2.073,1135
20260914_141144_206684,1,1,REST,2074,2.074,1136
20260914_141144_206684,1,1,REST,2075,2.075,1136
20260914_141144_206684,1,1,REST,2076,2.076,1136
20260914_141144_206684,1,1,REST,2077,2.077,1138
20260914_141144_206684,1,1,REST,2078,2.078,1140
20260914_141144_206684,1,1,REST,2079,2.079,1146
20260914_141144_206684,1,1,REST,2080,2.08,1150
20260914_141144_206684,1,1,REST,2081,2.081,1143
20260914_141144_206684,1,1,REST,2082,2.082,1217
20260914_141144_206684,1,1,REST,2083,2.083,1146
20260914_141144_206684,1,1,REST,2084,2.084,1147
20260914_141144_206684,1,1,REST,2085,2.085,1142
20260914_141144_206684,1,1,REST,2086,2.086,1143
20260914_141144_206684,1,1,REST,2087,2.087,1142
20260914_141144_206684,1,1,REST,2088,2.088,1129
20260914_141144_206684,1,1,REST,2089,2.089,1125
20260914_141144_206684,1,1,REST,2090,2.09,1131
20260914_141144_206684,1,1,REST,2091,2.091,1151
20260914_141144_206684,1,1,REST,2092,2.092,1136
20260914_141144_206684,1,1,REST,2093,2.093,1130
20260914_141144_206684,1,1,REST,2094,2.094,1135
20260914_141144_206684,1,1,REST,2095,2.095,1136
20260914_141144_206684,1,1,REST,2096,2.096,1139
20260914_141144_206684,1,1,REST,2097,2.097,1140
20260914_141144_206684,1,1,REST,2098,2.098,1145
20260914_141144_206684,1,1,REST,2099,2.099,1152
20260914_141144_206684,1,1,REST,2100,2.1,1148
20260914_141144_206684,1,1,REST,2101,2.101,1147
20260914_141144_206684,1,1,REST,2102,2.102,1136
20260914_141144_206684,1,1,REST,2103,2.103,1137
20260914_141144_206684,1,1,REST,2104,2.104,1145
20260914_141144_206684,1,1,REST,2105,2.105,1141
20260914_141144_206684,1,1,REST,2106,2.106,1142
20260914_141144_206684,1,1,REST,2107,2.107,1141
20260914_141144_206684,1,1,REST,2108,2.108,1133
20260914_141144_206684,1,1,REST,2109,2.109,1134
20260914_141144_206684,1,1,REST,2110,2.11,1137
20260914_141144_206684,1,1,REST,2111,2.111,1136
20260914_141144_206684,1,1,REST,2112,2.112,1123
20260914_141144_206684,1,1,REST,2113,2.113,1130
20260914_141144_206684,1,1,REST,2114,2.114,1135
20260914_141144_206684,1,1,REST,2115,2.115,1137
20260914_141144_206684,1,1,REST,2116,2.116,1142
20260914_141144_206684,1,1,REST,2117,2.117,1142
20260914_141144_206684,1,1,REST,2118,2.118,1152
20260914_141144_206684,1,1,REST,2119,2.119,1149
20260914_141144_206684,1,1,REST,2120,2.12,1153
20260914_141144_206684,1,1,REST,2121,2.121,1152
20260914_141144_206684,1,1,REST,2122,2.122,1162
20260914_141144_206684,1,1,REST,2123,2.123,1143
20260914_141144_206684,1,1,REST,2124,2.124,1138
20260914_141144_206684,1,1,REST,2125,2.125,1136
20260914_141144_206684,1,1,REST,2126,2.126,1216
20260914_141144_206684,1,1,REST,2127,2.127,1111
20260914_141144_206684,1,1,REST,2128,2.128,1130
20260914_141144_206684,1,1,REST,2129,2.129,1129
20260914_141144_206684,1,1,REST,2130,2.13,1131
20260914_141144_206684,1,1,REST,2131,2.131,1129
20260914_141144_206684,1,1,REST,2132,2.132,1130
20260914_141144_206684,1,1,REST,2133,2.133,1130
20260914_141144_206684,1,1,REST,2134,2.134,1135
20260914_141144_206684,1,1,REST,2135,2.135,1130
20260914_141144_206684,1,1,REST,2136,2.136,1135
20260914_141144_206684,1,1,REST,2137,2.137,1151
20260914_141144_206684,1,1,REST,2138,2.138,1147
20260914_141144_206684,1,1,REST,2139,2.139,1156
20260914_141144_206684,1,1,REST,2140,2.14,1165
20260914_141144_206684,1,1,REST,2141,2.141,1146
20260914_141144_206684,1,1,REST,2142,2.142,1151
20260914_141144_206684,1,1,REST,2143,2.143,1139
20260914_141144_206684,1,1,REST,2144,2.144,1143
20260914_141144_206684,1,1,REST,2145,2.145,1145
20260914_141144_206684,1,1,REST,2146,2.146,1147
20260914_141144_206684,1,1,REST,2147,2.147,1149
20260914_141144_206684,1,1,REST,2148,2.148,1136
20260914_141144_206684,1,1,REST,2149,2.149,1120
20260914_141144_206684,1,1,REST,2150,2.15,1127
20260914_141144_206684,1,1,REST,2151,2.151,1113
20260914_141144_206684,1,1,REST,2152,2.152,1104
20260914_141144_206684,1,1,REST,2153,2.153,1115
20260914_141144_206684,1,1,REST,2154,2.154,1129
20260914_141144_206684,1,1,REST,2155,2.155,1125
20260914_141144_206684,1,1,REST,2156,2.156,1130
20260914_141144_206684,1,1,REST,2157,2.157,1137
20260914_141144_206684,1,1,REST,2158,2.158,1152
20260914_141144_206684,1,1,REST,2159,2.159,1152
20260914_141144_206684,1,1,REST,2160,2.16,1150
20260914_141144_206684,1,1,REST,2161,2.161,1152
20260914_141144_206684,1,1,REST,2162,2.162,1155
20260914_141144_206684,1,1,REST,2163,2.163,1152
20260914_141144_206684,1,1,REST,2164,2.164,1152
20260914_141144_206684,1,1,REST,2165,2.165,1156
20260914_141144_206684,1,1,REST,2166,2.166,1152
20260914_141144_206684,1,1,REST,2167,2.167,1168
20260914_141144_206684,1,1,REST,2168,2.168,1130
20260914_141144_206684,1,1,REST,2169,2.169,1134
20260914_141144_206684,1,1,REST,2170,2.17,1136
20260914_141144_206684,1,1,REST,2171,2.171,1136
20260914_141144_206684,1,1,REST,2172,2.172,1109
20260914_141144_206684,1,1,REST,2173,2.173,1088
20260914_141144_206684,1,1,REST,2174,2.174,1126
20260914_141144_206684,1,1,REST,2175,2.175,1130
20260914_141144_206684,1,1,REST,2176,2.176,1135
20260914_141144_206684,1,1,REST,2177,2.177,1143
20260914_141144_206684,1,1,REST,2178,2.178,1143
20260914_141144_206684,1,1,REST,2179,2.179,1160
20260914_141144_206684,1,1,REST,2180,2.18,1152
20260914_141144_206684,1,1,REST,2181,2.181,1166
20260914_141144_206684,1,1,REST,2182,2.182,1163
20260914_141144_206684,1,1,REST,2183,2.183,1153
20260914_141144_206684,1,1,REST,2184,2.184,1148
20260914_141144_206684,1,1,REST,2185,2.185,1153
20260914_141144_206684,1,1,REST,2186,2.186,1142
20260914_141144_206684,1,1,REST,2187,2.187,1136
20260914_141144_206684,1,1,REST,2188,2.188,1136
20260914_141144_206684,1,1,REST,2189,2.189,1121
20260914_141144_206684,1,1,REST,2190,2.19,1121
20260914_141144_206684,1,1,REST,2191,2.191,1127
20260914_141144_206684,1,1,REST,2192,2.192,1114
20260914_141144_206684,1,1,REST,2193,2.193,1123
20260914_141144_206684,1,1,REST,2194,2.194,1135
20260914_141144_206684,1,1,REST,2195,2.195,1136
20260914_141144_206684,1,1,REST,2196,2.196,1129
20260914_141144_206684,1,1,REST,2197,2.197,1153
20260914_141144_206684,1,1,REST,2198,2.198,1138
20260914_141144_206684,1,1,REST,2199,2.199,1158
20260914_141144_206684,1,1,REST,2200,2.2,1159
20260914_141144_206684,1,1,REST,2201,2.201,1155
20260914_141144_206684,1,1,REST,2202,2.202,1157
20260914_141144_206684,1,1,REST,2203,2.203,1151
20260914_141144_206684,1,1,REST,2204,2.204,1148
20260914_141144_206684,1,1,REST,2205,2.205,1150
20260914_141144_206684,1,1,REST,2206,2.206,1143
20260914_141144_206684,1,1,REST,2207,2.207,1147
20260914_141144_206684,1,1,REST,2208,2.208,1129
20260914_141144_206684,1,1,REST,2209,2.209,1126
20260914_141144_206684,1,1,REST,2210,2.21,1115
20260914_141144_206684,1,1,REST,2211,2.211,1072
20260914_141144_206684,1,1,REST,2212,2.212,1115
20260914_141144_206684,1,1,REST,2213,2.213,1122
20260914_141144_206684,1,1,REST,2214,2.214,1127
20260914_141144_206684,1,1,REST,2215,2.215,1127
20260914_141144_206684,1,1,REST,2216,2.216,1135
20260914_141144_206684,1,1,REST,2217,2.217,1141
20260914_141144_206684,1,1,REST,2218,2.218,1142
20260914_141144_206684,1,1,REST,2219,2.219,1168
20260914_141144_206684,1,1,REST,2220,2.22,1157
20260914_141144_206684,1,1,REST,2221,2.221,1150
20260914_141144_206684,1,1,REST,2222,2.222,1159
20260914_141144_206684,1,1,REST,2223,2.223,1156
20260914_141144_206684,1,1,REST,2224,2.224,1149
20260914_141144_206684,1,1,REST,2225,2.225,1147
20260914_141144_206684,1,1,REST,2226,2.226,1141
20260914_141144_206684,1,1,REST,2227,2.227,1126
20260914_141144_206684,1,1,REST,2228,2.228,1125
20260914_141144_206684,1,1,REST,2229,2.229,1171
20260914_141144_206684,1,1,REST,2230,2.23,1118
20260914_141144_206684,1,1,REST,2231,2.231,1114
20260914_141144_206684,1,1,REST,2232,2.232,1119
20260914_141144_206684,1,1,REST,2233,2.233,1127
20260914_141144_206684,1,1,REST,2234,2.234,1136
20260914_141144_206684,1,1,REST,2235,2.235,1126
20260914_141144_206684,1,1,REST,2236,2.236,1134
20260914_141144_206684,1,1,REST,2237,2.237,1142
20260914_141144_206684,1,1,REST,2238,2.238,1153
20260914_141144_206684,1,1,REST,2239,2.239,1166
20260914_141144_206684,1,1,REST,2240,2.24,1158
20260914_141144_206684,1,1,REST,2241,2.241,1157
20260914_141144_206684,1,1,REST,2242,2.242,1151
20260914_141144_206684,1,1,REST,2243,2.243,1152
20260914_141144_206684,1,1,REST,2244,2.244,1149
20260914_141144_206684,1,1,REST,2245,2.245,1149
20260914_141144_206684,1,1,REST,2246,2.246,1149
20260914_141144_206684,1,1,REST,2247,2.247,1142
20260914_141144_206684,1,1,REST,2248,2.248,1126
20260914_141144_206684,1,1,REST,2249,2.249,1121
20260914_141144_206684,1,1,REST,2250,2.25,1135
20260914_141144_206684,1,1,REST,2251,2.251,1119
20260914_141144_206684,1,1,REST,2252,2.252,1113
20260914_141144_206684,1,1,REST,2253,2.253,1120
20260914_141144_206684,1,1,REST,2254,2.254,1122
20260914_141144_206684,1,1,REST,2255,2.255,1133
20260914_141144_206684,1,1,REST,2256,2.256,1134
20260914_141144_206684,1,1,REST,2257,2.257,1139
20260914_141144_206684,1,1,REST,2258,2.258,1146
20260914_141144_206684,1,1,REST,2259,2.259,1181
20260914_141144_206684,1,1,REST,2260,2.26,1194
20260914_141144_206684,1,1,REST,2261,2.261,1156
20260914_141144_206684,1,1,REST,2262,2.262,1155
20260914_141144_206684,1,1,REST,2263,2.263,1154
20260914_141144_206684,1,1,REST,2264,2.264,1153
20260914_141144_206684,1,1,REST,2265,2.265,1153
20260914_141144_206684,1,1,REST,2266,2.266,1146
20260914_141144_206684,1,1,REST,2267,2.267,1142
20260914_141144_206684,1,1,REST,2268,2.268,1127
20260914_141144_206684,1,1,REST,2269,2.269,1134
20260914_141144_206684,1,1,REST,2270,2.27,1133
20260914_141144_206684,1,1,REST,2271,2.271,1128
20260914_141144_206684,1,1,REST,2272,2.272,1124
20260914_141144_206684,1,1,REST,2273,2.273,1121
20260914_141144_206684,1,1,REST,2274,2.274,1115
20260914_141144_206684,1,1,REST,2275,2.275,1115
20260914_141144_206684,1,1,REST,2276,2.276,1122
20260914_141144_206684,1,1,REST,2277,2.277,1136
20260914_141144_206684,1,1,REST,2278,2.278,1139
20260914_141144_206684,1,1,REST,2279,2.279,1148
20260914_141144_206684,1,1,REST,2280,2.28,1151
20260914_141144_206684,1,1,REST,2281,2.281,1155
20260914_141144_206684,1,1,REST,2282,2.282,1166
20260914_141144_206684,1,1,REST,2283,2.283,1151
20260914_141144_206684,1,1,REST,2284,2.284,1147
20260914_141144_206684,1,1,REST,2285,2.285,1149
20260914_141144_206684,1,1,REST,2286,2.286,1141
20260914_141144_206684,1,1,REST,2287,2.287,1137
20260914_141144_206684,1,1,REST,2288,2.288,1133
20260914_141144_206684,1,1,REST,2289,2.289,1124
20260914_141144_206684,1,1,REST,2290,2.29,1139
20260914_141144_206684,1,1,REST,2291,2.291,1124
20260914_141144_206684,1,1,REST,2292,2.292,1129
20260914_141144_206684,1,1,REST,2293,2.293,1119
20260914_141144_206684,1,1,REST,2294,2.294,1140
20260914_141144_206684,1,1,REST,2295,2.295,1131
20260914_141144_206684,1,1,REST,2296,2.296,1137
20260914_141144_206684,1,1,REST,2297,2.297,1136
20260914_141144_206684,1,1,REST,2298,2.298,1149
20260914_141144_206684,1,1,REST,2299,2.299,1141
20260914_141144_206684,1,1,REST,2300,2.3,1143
20260914_141144_206684,1,1,REST,2301,2.301,1146
20260914_141144_206684,1,1,REST,2302,2.302,1155
20260914_141144_206684,1,1,REST,2303,2.303,1147
20260914_141144_206684,1,1,REST,2304,2.304,1141
20260914_141144_206684,1,1,REST,2305,2.305,1155
20260914_141144_206684,1,1,REST,2306,2.306,1154
20260914_141144_206684,1,1,REST,2307,2.307,1142
20260914_141144_206684,1,1,REST,2308,2.308,1138
20260914_141144_206684,1,1,REST,2309,2.309,1134
20260914_141144_206684,1,1,REST,2310,2.31,1132
20260914_141144_206684,1,1,REST,2311,2.311,1124
20260914_141144_206684,1,1,REST,2312,2.312,1121
20260914_141144_206684,1,1,REST,2313,2.313,1127
20260914_141144_206684,1,1,REST,2314,2.314,1131
20260914_141144_206684,1,1,REST,2315,2.315,1125
20260914_141144_206684,1,1,REST,2316,2.316,1135
20260914_141144_206684,1,1,REST,2317,2.317,1137
20260914_141144_206684,1,1,REST,2318,2.318,1152
20260914_141144_206684,1,1,REST,2319,2.319,1141
20260914_141144_206684,1,1,REST,2320,2.32,1150
20260914_141144_206684,1,1,REST,2321,2.321,1147
20260914_141144_206684,1,1,REST,2322,2.322,1155
20260914_141144_206684,1,1,REST,2323,2.323,1139
20260914_141144_206684,1,1,REST,2324,2.324,1146
20260914_141144_206684,1,1,REST,2325,2.325,1143
20260914_141144_206684,1,1,REST,2326,2.326,1146
20260914_141144_206684,1,1,REST,2327,2.327,1136
20260914_141144_206684,1,1,REST,2328,2.328,1133
20260914_141144_206684,1,1,REST,2329,2.329,1131
20260914_141144_206684,1,1,REST,2330,2.33,1127
20260914_141144_206684,1,1,REST,2331,2.331,1127
20260914_141144_206684,1,1,REST,2332,2.332,1122
20260914_141144_206684,1,1,REST,2333,2.333,1123
20260914_141144_206684,1,1,REST,2334,2.334,1123
20260914_141144_206684,1,1,REST,2335,2.335,1117
20260914_141144_206684,1,1,REST,2336,2.336,1136
20260914_141144_206684,1,1,REST,2337,2.337,1143
20260914_141144_206684,1,1,REST,2338,2.338,1130
20260914_141144_206684,1,1,REST,2339,2.339,1158
20260914_141144_206684,1,1,REST,2340,2.34,1149
20260914_141144_206684,1,1,REST,2341,2.341,1111
20260914_141144_206684,1,1,REST,2342,2.342,1151
20260914_141144_206684,1,1,REST,2343,2.343,1146
20260914_141144_206684,1,1,REST,2344,2.344,1154
20260914_141144_206684,1,1,REST,2345,2.345,1151
20260914_141144_206684,1,1,REST,2346,2.346,1143
20260914_141144_206684,1,1,REST,2347,2.347,1136
20260914_141144_206684,1,1,REST,2348,2.348,1136
20260914_141144_206684,1,1,REST,2349,2.349,1122
20260914_141144_206684,1,1,REST,2350,2.35,1131
20260914_141144_206684,1,1,REST,2351,2.351,1125
20260914_141144_206684,1,1,REST,2352,2.352,1130
20260914_141144_206684,1,1,REST,2353,2.353,1130
20260914_141144_206684,1,1,REST,2354,2.354,1114
20260914_141144_206684,1,1,REST,2355,2.355,1136
20260914_141144_206684,1,1,REST,2356,2.356,1115
20260914_141144_206684,1,1,REST,2357,2.357,1133
20260914_141144_206684,1,1,REST,2358,2.358,1146
20260914_141144_206684,1,1,REST,2359,2.359,1117
20260914_141144_206684,1,1,REST,2360,2.36,1145
20260914_141144_206684,1,1,REST,2361,2.361,1140
20260914_141144_206684,1,1,REST,2362,2.362,1151
20260914_141144_206684,1,1,REST,2363,2.363,1154
20260914_141144_206684,1,1,REST,2364,2.364,1102
20260914_141144_206684,1,1,REST,2365,2.365,1150
20260914_141144_206684,1,1,REST,2366,2.366,1150
20260914_141144_206684,1,1,REST,2367,2.367,1145
20260914_141144_206684,1,1,REST,2368,2.368,1136
20260914_141144_206684,1,1,REST,2369,2.369,1133
20260914_141144_206684,1,1,REST,2370,2.37,1122
20260914_141144_206684,1,1,REST,2371,2.371,1121
20260914_141144_206684,1,1,REST,2372,2.372,1110
20260914_141144_206684,1,1,REST,2373,2.373,1117
20260914_141144_206684,1,1,REST,2374,2.374,1126
20260914_141144_206684,1,1,REST,2375,2.375,1134
20260914_141144_206684,1,1,REST,2376,2.376,1130
20260914_141144_206684,1,1,REST,2377,2.377,1145
20260914_141144_206684,1,1,REST,2378,2.378,1155
20260914_141144_206684,1,1,REST,2379,2.379,1161
20260914_141144_206684,1,1,REST,2380,2.38,1163
20260914_141144_206684,1,1,REST,2381,2.381,1153
20260914_141144_206684,1,1,REST,2382,2.382,1195
20260914_141144_206684,1,1,REST,2383,2.383,1152
20260914_141144_206684,1,1,REST,2384,2.384,1147
20260914_141144_206684,1,1,REST,2385,2.385,1152
20260914_141144_206684,1,1,REST,2386,2.386,1143
20260914_141144_206684,1,1,REST,2387,2.387,1135
20260914_141144_206684,1,1,REST,2388,2.388,1071
20260914_141144_206684,1,1,REST,2389,2.389,1124
20260914_141144_206684,1,1,REST,2390,2.39,1119
20260914_141144_206684,1,1,REST,2391,2.391,1123
20260914_141144_206684,1,1,REST,2392,2.392,1118
20260914_141144_206684,1,1,REST,2393,2.393,1119
20260914_141144_206684,1,1,REST,2394,2.394,1128
20260914_141144_206684,1,1,REST,2395,2.395,1119
20260914_141144_206684,1,1,REST,2396,2.396,1121
20260914_141144_206684,1,1,REST,2397,2.397,1127
20260914_141144_206684,1,1,REST,2398,2.398,1145
20260914_141144_206684,1,1,REST,2399,2.399,1152
20260914_141144_206684,1,1,REST,2400,2.4,1154
20260914_141144_206684,1,1,REST,2401,2.401,1155
20260914_141144_206684,1,1,REST,2402,2.402,1161
20260914_141144_206684,1,1,REST,2403,2.403,1157
20260914_141144_206684,1,1,REST,2404,2.404,1155
20260914_141144_206684,1,1,REST,2405,2.405,1141
20260914_141144_206684,1,1,REST,2406,2.406,1139
20260914_141144_206684,1,1,REST,2407,2.407,1152
20260914_141144_206684,1,1,REST,2408,2.408,1136
20260914_141144_206684,1,1,REST,2409,2.409,1124
20260914_141144_206684,1,1,REST,2410,2.41,1127
20260914_141144_206684,1,1,REST,2411,2.411,1121
20260914_141144_206684,1,1,REST,2412,2.412,1110
20260914_141144_206684,1,1,REST,2413,2.413,1121
20260914_141144_206684,1,1,REST,2414,2.414,1122
20260914_141144_206684,1,1,REST,2415,2.415,1122
20260914_141144_206684,1,1,REST,2416,2.416,1133
20260914_141144_206684,1,1,REST,2417,2.417,1136
20260914_141144_206684,1,1,REST,2418,2.418,1163
20260914_141144_206684,1,1,REST,2419,2.419,1150
20260914_141144_206684,1,1,REST,2420,2.42,1114
20260914_141144_206684,1,1,REST,2421,2.421,1152
20260914_141144_206684,1,1,REST,2422,2.422,1155
20260914_141144_206684,1,1,REST,2423,2.423,1131
20260914_141144_206684,1,1,REST,2424,2.424,1163
20260914_141144_206684,1,1,REST,2425,2.425,1167
20260914_141144_206684,1,1,REST,2426,2.426,1143
20260914_141144_206684,1,1,REST,2427,2.427,1138
20260914_141144_206684,1,1,REST,2428,2.428,1134
20260914_141144_206684,1,1,REST,2429,2.429,1133
20260914_141144_206684,1,1,REST,2430,2.43,1126
20260914_141144_206684,1,1,REST,2431,2.431,1123
20260914_141144_206684,1,1,REST,2432,2.432,1117
20260914_141144_206684,1,1,REST,2433,2.433,1104
20260914_141144_206684,1,1,REST,2434,2.434,1125
20260914_141144_206684,1,1,REST,2435,2.435,1123
20260914_141144_206684,1,1,REST,2436,2.436,1130
20260914_141144_206684,1,1,REST,2437,2.437,1134
20260914_141144_206684,1,1,REST,2438,2.438,1145
20260914_141144_206684,1,1,REST,2439,2.439,1150
20260914_141144_206684,1,1,REST,2440,2.44,1147
20260914_141144_206684,1,1,REST,2441,2.441,1159
20260914_141144_206684,1,1,REST,2442,2.442,1165
20260914_141144_206684,1,1,REST,2443,2.443,1181
20260914_141144_206684,1,1,REST,2444,2.444,1154
20260914_141144_206684,1,1,REST,2445,2.445,1152
20260914_141144_206684,1,1,REST,2446,2.446,1142
20260914_141144_206684,1,1,REST,2447,2.447,1137
20260914_141144_206684,1,1,REST,2448,2.448,1136
20260914_141144_206684,1,1,REST,2449,2.449,1124
20260914_141144_206684,1,1,REST,2450,2.45,1116
20260914_141144_206684,1,1,REST,2451,2.451,1119
20260914_141144_206684,1,1,REST,2452,2.452,1111
20260914_141144_206684,1,1,REST,2453,2.453,1117
20260914_141144_206684,1,1,REST,2454,2.454,1131
20260914_141144_206684,1,1,REST,2455,2.455,1127
20260914_141144_206684,1,1,REST,2456,2.456,1125
20260914_141144_206684,1,1,REST,2457,2.457,1137
20260914_141144_206684,1,1,REST,2458,2.458,1150
20260914_141144_206684,1,1,REST,2459,2.459,1155
20260914_141144_206684,1,1,REST,2460,2.46,1160
20260914_141144_206684,1,1,REST,2461,2.461,1152
20260914_141144_206684,1,1,REST,2462,2.462,1147
20260914_141144_206684,1,1,REST,2463,2.463,1163
20260914_141144_206684,1,1,REST,2464,2.464,1072
20260914_141144_206684,1,1,REST,2465,2.465,1151
20260914_141144_206684,1,1,REST,2466,2.466,1126
20260914_141144_206684,1,1,REST,2467,2.467,1143
20260914_141144_206684,1,1,REST,2468,2.468,1136
20260914_141144_206684,1,1,REST,2469,2.469,1127
20260914_141144_206684,1,1,REST,2470,2.47,1119
20260914_141144_206684,1,1,REST,2471,2.471,1126
20260914_141144_206684,1,1,REST,2472,2.472,1112
20260914_141144_206684,1,1,REST,2473,2.473,1119
20260914_141144_206684,1,1,REST,2474,2.474,1121
20260914_141144_206684,1,1,REST,2475,2.475,1127
20260914_141144_206684,1,1,REST,2476,2.476,1136
20260914_141144_206684,1,1,REST,2477,2.477,1138
20260914_141144_206684,1,1,REST,2478,2.478,1139
20260914_141144_206684,1,1,REST,2479,2.479,1146
20260914_141144_206684,1,1,REST,2480,2.48,1150
20260914_141144_206684,1,1,REST,2481,2.481,1152
20260914_141144_206684,1,1,REST,2482,2.482,1191
20260914_141144_206684,1,1,REST,2483,2.483,1190
20260914_141144_206684,1,1,REST,2484,2.484,1152
20260914_141144_206684,1,1,REST,2485,2.485,1151
20260914_141144_206684,1,1,REST,2486,2.486,1151
20260914_141144_206684,1,1,REST,2487,2.487,1139
20260914_141144_206684,1,1,REST,2488,2.488,1135
20260914_141144_206684,1,1,REST,2489,2.489,1080
20260914_141144_206684,1,1,REST,2490,2.49,1127
20260914_141144_206684,1,1,REST,2491,2.491,1127
20260914_141144_206684,1,1,REST,2492,2.492,1115
20260914_141144_206684,1,1,REST,2493,2.493,1121
20260914_141144_206684,1,1,REST,2494,2.494,1123
20260914_141144_206684,1,1,REST,2495,2.495,1127
20260914_141144_206684,1,1,REST,2496,2.496,1131
20260914_141144_206684,1,1,REST,2497,2.497,1136
20260914_141144_206684,1,1,REST,2498,2.498,1138
20260914_141144_206684,1,1,REST,2499,2.499,1163
20260914_141144_206684,1,1,REST,2500,2.5,1122
20260914_141144_206684,1,1,REST,2501,2.501,1155
20260914_141144_206684,1,1,REST,2502,2.502,1156
20260914_141144_206684,1,1,REST,2503,2.503,1156
20260914_141144_206684,1,1,REST,2504,2.504,1154
20260914_141144_206684,1,1,REST,2505,2.505,1148
20260914_141144_206684,1,1,REST,2506,2.506,1152
20260914_141144_206684,1,1,REST,2507,2.507,1142
20260914_141144_206684,1,1,REST,2508,2.508,1136
20260914_141144_206684,1,1,REST,2509,2.509,1121
20260914_141144_206684,1,1,REST,2510,2.51,1121
20260914_141144_206684,1,1,REST,2511,2.511,1137
20260914_141144_206684,1,1,REST,2512,2.512,1117
20260914_141144_206684,1,1,REST,2513,2.513,1126
20260914_141144_206684,1,1,REST,2514,2.514,1127
20260914_141144_206684,1,1,REST,2515,2.515,1127
20260914_141144_206684,1,1,REST,2516,2.516,1114
20260914_141144_206684,1,1,REST,2517,2.517,1137
20260914_141144_206684,1,1,REST,2518,2.518,1143
20260914_141144_206684,1,1,REST,2519,2.519,1152
20260914_141144_206684,1,1,REST,2520,2.52,1155
20260914_141144_206684,1,1,REST,2521,2.521,1152
20260914_141144_206684,1,1,REST,2522,2.522,1163
20260914_141144_206684,1,1,REST,2523,2.523,1163
20260914_141144_206684,1,1,REST,2524,2.524,1153
20260914_141144_206684,1,1,REST,2525,2.525,1155
20260914_141144_206684,1,1,REST,2526,2.526,1154
20260914_141144_206684,1,1,REST,2527,2.527,1143
20260914_141144_206684,1,1,REST,2528,2.528,1134
20260914_141144_206684,1,1,REST,2529,2.529,1120
20260914_141144_206684,1,1,REST,2530,2.53,1114
20260914_141144_206684,1,1,REST,2531,2.531,1130
20260914_141144_206684,1,1,REST,2532,2.532,1115
20260914_141144_206684,1,1,REST,2533,2.533,1118
20260914_141144_206684,1,1,REST,2534,2.534,1134
20260914_141144_206684,1,1,REST,2535,2.535,1125
20260914_141144_206684,1,1,REST,2536,2.536,1127
20260914_141144_206684,1,1,REST,2537,2.537,1131
20260914_141144_206684,1,1,REST,2538,2.538,1137
20260914_141144_206684,1,1,REST,2539,2.539,1151
20260914_141144_206684,1,1,REST,2540,2.54,1147
20260914_141144_206684,1,1,REST,2541,2.541,1159
20260914_141144_206684,1,1,REST,2542,2.542,1168
20260914_141144_206684,1,1,REST,2543,2.543,1158
20260914_141144_206684,1,1,REST,2544,2.544,1153
20260914_141144_206684,1,1,REST,2545,2.545,1153
20260914_141144_206684,1,1,REST,2546,2.546,1151
20260914_141144_206684,1,1,REST,2547,2.547,1121
20260914_141144_206684,1,1,REST,2548,2.548,1136
20260914_141144_206684,1,1,REST,2549,2.549,1121
20260914_141144_206684,1,1,REST,2550,2.55,1127
20260914_141144_206684,1,1,REST,2551,2.551,1131
20260914_141144_206684,1,1,REST,2552,2.552,1120
20260914_141144_206684,1,1,REST,2553,2.553,1115
20260914_141144_206684,1,1,REST,2554,2.554,1136
20260914_141144_206684,1,1,REST,2555,2.555,1168
20260914_141144_206684,1,1,REST,2556,2.556,1123
20260914_141144_206684,1,1,REST,2557,2.557,1136
20260914_141144_206684,1,1,REST,2558,2.558,1141
20260914_141144_206684,1,1,REST,2559,2.559,1148
20260914_141144_206684,1,1,REST,2560,2.56,1153
20260914_141144_206684,1,1,REST,2561,2.561,1152
20260914_141144_206684,1,1,REST,2562,2.562,1154
20260914_141144_206684,1,1,REST,2563,2.563,1152
20260914_141144_206684,1,1,REST,2564,2.564,1148
20260914_141144_206684,1,1,REST,2565,2.565,1152
20260914_141144_206684,1,1,REST,2566,2.566,1162
20260914_141144_206684,1,1,REST,2567,2.567,1141
20260914_141144_206684,1,1,REST,2568,2.568,1121
20260914_141144_206684,1,1,REST,2569,2.569,1124
20260914_141144_206684,1,1,REST,2570,2.57,1023
20260914_141144_206684,1,1,REST,2571,2.571,1123
20260914_141144_206684,1,1,REST,2572,2.572,1117
20260914_141144_206684,1,1,REST,2573,2.573,1109
20260914_141144_206684,1,1,REST,2574,2.574,1122
20260914_141144_206684,1,1,REST,2575,2.575,1127
20260914_141144_206684,1,1,REST,2576,2.576,1127
20260914_141144_206684,1,1,REST,2577,2.577,1135
20260914_141144_206684,1,1,REST,2578,2.578,1152
20260914_141144_206684,1,1,REST,2579,2.579,1148
20260914_141144_206684,1,1,REST,2580,2.58,1159
20260914_141144_206684,1,1,REST,2581,2.581,1149
20260914_141144_206684,1,1,REST,2582,2.582,1158
20260914_141144_206684,1,1,REST,2583,2.583,1163
20260914_141144_206684,1,1,REST,2584,2.584,1151
20260914_141144_206684,1,1,REST,2585,2.585,1150
20260914_141144_206684,1,1,REST,2586,2.586,1150
20260914_141144_206684,1,1,REST,2587,2.587,1136
20260914_141144_206684,1,1,REST,2588,2.588,1131
20260914_141144_206684,1,1,REST,2589,2.589,1121
20260914_141144_206684,1,1,REST,2590,2.59,1109
20260914_141144_206684,1,1,REST,2591,2.591,1123
20260914_141144_206684,1,1,REST,2592,2.592,1119
20260914_141144_206684,1,1,REST,2593,2.593,1120
20260914_141144_206684,1,1,REST,2594,2.594,1127
20260914_141144_206684,1,1,REST,2595,2.595,1123
20260914_141144_206684,1,1,REST,2596,2.596,1135
20260914_141144_206684,1,1,REST,2597,2.597,1130
20260914_141144_206684,1,1,REST,2598,2.598,1149
20260914_141144_206684,1,1,REST,2599,2.599,1160
20260914_141144_206684,1,1,REST,2600,2.6,1151
20260914_141144_206684,1,1,REST,2601,2.601,1152
20260914_141144_206684,1,1,REST,2602,2.602,1161
20260914_141144_206684,1,1,REST,2603,2.603,1159
20260914_141144_206684,1,1,REST,2604,2.604,1152
20260914_141144_206684,1,1,REST,2605,2.605,1138
20260914_141144_206684,1,1,REST,2606,2.606,1151
20260914_141144_206684,1,1,REST,2607,2.607,1135
20260914_141144_206684,1,1,REST,2608,2.608,1136
20260914_141144_206684,1,1,REST,2609,2.609,1121
20260914_141144_206684,1,1,REST,2610,2.61,1128
20260914_141144_206684,1,1,REST,2611,2.611,1123
20260914_141144_206684,1,1,REST,2612,2.612,1122
20260914_141144_206684,1,1,REST,2613,2.613,1120
20260914_141144_206684,1,1,REST,2614,2.614,1125
20260914_141144_206684,1,1,REST,2615,2.615,1152
20260914_141144_206684,1,1,REST,2616,2.616,1140
20260914_141144_206684,1,1,REST,2617,2.617,1136
20260914_141144_206684,1,1,REST,2618,2.618,1141
20260914_141144_206684,1,1,REST,2619,2.619,1156
20260914_141144_206684,1,1,REST,2620,2.62,1151
20260914_141144_206684,1,1,REST,2621,2.621,1145
20260914_141144_206684,1,1,REST,2622,2.622,1155
20260914_141144_206684,1,1,REST,2623,2.623,1153
20260914_141144_206684,1,1,REST,2624,2.624,1145
20260914_141144_206684,1,1,REST,2625,2.625,1153
20260914_141144_206684,1,1,REST,2626,2.626,1150
20260914_141144_206684,1,1,REST,2627,2.627,1137
20260914_141144_206684,1,1,REST,2628,2.628,1135
20260914_141144_206684,1,1,REST,2629,2.629,1120
20260914_141144_206684,1,1,REST,2630,2.63,1130
20260914_141144_206684,1,1,REST,2631,2.631,1124
20260914_141144_206684,1,1,REST,2632,2.632,1120
20260914_141144_206684,1,1,REST,2633,2.633,1136
20260914_141144_206684,1,1,REST,2634,2.634,1127
20260914_141144_206684,1,1,REST,2635,2.635,1125
20260914_141144_206684,1,1,REST,2636,2.636,1133
20260914_141144_206684,1,1,REST,2637,2.637,1143
20260914_141144_206684,1,1,REST,2638,2.638,1253
20260914_141144_206684,1,1,REST,2639,2.639,1152
20260914_141144_206684,1,1,REST,2640,2.64,1119
20260914_141144_206684,1,1,REST,2641,2.641,1151
20260914_141144_206684,1,1,REST,2642,2.642,1159
20260914_141144_206684,1,1,REST,2643,2.643,1158
20260914_141144_206684,1,1,REST,2644,2.644,1147
20260914_141144_206684,1,1,REST,2645,2.645,1151
20260914_141144_206684,1,1,REST,2646,2.646,1143
20260914_141144_206684,1,1,REST,2647,2.647,1138
20260914_141144_206684,1,1,REST,2648,2.648,1134
20260914_141144_206684,1,1,REST,2649,2.649,1136
20260914_141144_206684,1,1,REST,2650,2.65,1127
20260914_141144_206684,1,1,REST,2651,2.651,1126
20260914_141144_206684,1,1,REST,2652,2.652,1115
20260914_141144_206684,1,1,REST,2653,2.653,1123
20260914_141144_206684,1,1,REST,2654,2.654,1136
20260914_141144_206684,1,1,REST,2655,2.655,923
20260914_141144_206684,1,1,REST,2656,2.656,1139
20260914_141144_206684,1,1,REST,2657,2.657,1139
20260914_141144_206684,1,1,REST,2658,2.658,1143
20260914_141144_206684,1,1,REST,2659,2.659,1145
20260914_141144_206684,1,1,REST,2660,2.66,1152
20260914_141144_206684,1,1,REST,2661,2.661,1138
20260914_141144_206684,1,1,REST,2662,2.662,1158
20260914_141144_206684,1,1,REST,2663,2.663,1155
20260914_141144_206684,1,1,REST,2664,2.664,1152
20260914_141144_206684,1,1,REST,2665,2.665,1149
20260914_141144_206684,1,1,REST,2666,2.666,1137
20260914_141144_206684,1,1,REST,2667,2.667,1137
20260914_141144_206684,1,1,REST,2668,2.668,1130
20260914_141144_206684,1,1,REST,2669,2.669,1123
20260914_141144_206684,1,1,REST,2670,2.67,1136
20260914_141144_206684,1,1,REST,2671,2.671,1127
20260914_141144_206684,1,1,REST,2672,2.672,1115
20260914_141144_206684,1,1,REST,2673,2.673,1119
20260914_141144_206684,1,1,REST,2674,2.674,1136
20260914_141144_206684,1,1,REST,2675,2.675,1136
20260914_141144_206684,1,1,REST,2676,2.676,1133
20260914_141144_206684,1,1,REST,2677,2.677,1139
20260914_141144_206684,1,1,REST,2678,2.678,1145
20260914_141144_206684,1,1,REST,2679,2.679,1150
20260914_141144_206684,1,1,REST,2680,2.68,1150
20260914_141144_206684,1,1,REST,2681,2.681,1152
20260914_141144_206684,1,1,REST,2682,2.682,1156
20260914_141144_206684,1,1,REST,2683,2.683,1157
20260914_141144_206684,1,1,REST,2684,2.684,1152
20260914_141144_206684,1,1,REST,2685,2.685,1148
20260914_141144_206684,1,1,REST,2686,2.686,1143
20260914_141144_206684,1,1,REST,2687,2.687,1136
20260914_141144_206684,1,1,REST,2688,2.688,1134
20260914_141144_206684,1,1,REST,2689,2.689,1121
20260914_141144_206684,1,1,REST,2690,2.69,1120
20260914_141144_206684,1,1,REST,2691,2.691,1133
20260914_141144_206684,1,1,REST,2692,2.692,1125
20260914_141144_206684,1,1,REST,2693,2.693,1124
20260914_141144_206684,1,1,REST,2694,2.694,1147
20260914_141144_206684,1,1,REST,2695,2.695,1127
20260914_141144_206684,1,1,REST,2696,2.696,1136
20260914_141144_206684,1,1,REST,2697,2.697,1136
20260914_141144_206684,1,1,REST,2698,2.698,1143
20260914_141144_206684,1,1,REST,2699,2.699,1150
20260914_141144_206684,1,1,REST,2700,2.7,1161
20260914_141144_206684,1,1,REST,2701,2.701,1154
20260914_141144_206684,1,1,REST,2702,2.702,1157
20260914_141144_206684,1,1,REST,2703,2.703,1152
20260914_141144_206684,1,1,REST,2704,2.704,1143
20260914_141144_206684,1,1,REST,2705,2.705,1148
20260914_141144_206684,1,1,REST,2706,2.706,1114
20260914_141144_206684,1,1,REST,2707,2.707,1131
20260914_141144_206684,1,1,REST,2708,2.708,1131
20260914_141144_206684,1,1,REST,2709,2.709,1118
20260914_141144_206684,1,1,REST,2710,2.71,1149
20260914_141144_206684,1,1,REST,2711,2.711,1127
20260914_141144_206684,1,1,REST,2712,2.712,1117
20260914_141144_206684,1,1,REST,2713,2.713,1123
20260914_141144_206684,1,1,REST,2714,2.714,1133
20260914_141144_206684,1,1,REST,2715,2.715,1134
20260914_141144_206684,1,1,REST,2716,2.716,1129
20260914_141144_206684,1,1,REST,2717,2.717,1136
20260914_141144_206684,1,1,REST,2718,2.718,1137
20260914_141144_206684,1,1,REST,2719,2.719,1150
20260914_141144_206684,1,1,REST,2720,2.72,1161
20260914_141144_206684,1,1,REST,2721,2.721,1152
20260914_141144_206684,1,1,REST,2722,2.722,1161
20260914_141144_206684,1,1,REST,2723,2.723,1158
20260914_141144_206684,1,1,REST,2724,2.724,1158
20260914_141144_206684,1,1,REST,2725,2.725,1143
20260914_141144_206684,1,1,REST,2726,2.726,1151
20260914_141144_206684,1,1,REST,2727,2.727,1142
20260914_141144_206684,1,1,REST,2728,2.728,1134
20260914_141144_206684,1,1,REST,2729,2.729,1122
20260914_141144_206684,1,1,REST,2730,2.73,1126
20260914_141144_206684,1,1,REST,2731,2.731,1127
20260914_141144_206684,1,1,REST,2732,2.732,1120
20260914_141144_206684,1,1,REST,2733,2.733,1126
20260914_141144_206684,1,1,REST,2734,2.734,1127
20260914_141144_206684,1,1,REST,2735,2.735,1134
20260914_141144_206684,1,1,REST,2736,2.736,1126
20260914_141144_206684,1,1,REST,2737,2.737,1139
20260914_141144_206684,1,1,REST,2738,2.738,1135
20260914_141144_206684,1,1,REST,2739,2.739,1148
20260914_141144_206684,1,1,REST,2740,2.74,1148
20260914_141144_206684,1,1,REST,2741,2.741,1146
20260914_141144_206684,1,1,REST,2742,2.742,1157
20260914_141144_206684,1,1,REST,2743,2.743,1157
20260914_141144_206684,1,1,REST,2744,2.744,1151
20260914_141144_206684,1,1,REST,2745,2.745,1139
20260914_141144_206684,1,1,REST,2746,2.746,1135
20260914_141144_206684,1,1,REST,2747,2.747,1131
20260914_141144_206684,1,1,REST,2748,2.748,1142
20260914_141144_206684,1,1,REST,2749,2.749,1122
20260914_141144_206684,1,1,REST,2750,2.75,1142
20260914_141144_206684,1,1,REST,2751,2.751,1130
20260914_141144_206684,1,1,REST,2752,2.752,1123
20260914_141144_206684,1,1,REST,2753,2.753,1130
20260914_141144_206684,1,1,REST,2754,2.754,1132
20260914_141144_206684,1,1,REST,2755,2.755,1136
20260914_141144_206684,1,1,REST,2756,2.756,1136
20260914_141144_206684,1,1,REST,2757,2.757,1138
20260914_141144_206684,1,1,REST,2758,2.758,1143
20260914_141144_206684,1,1,REST,2759,2.759,1147
20260914_141144_206684,1,1,REST,2760,2.76,1136
20260914_141144_206684,1,1,REST,2761,2.761,1139
20260914_141144_206684,1,1,REST,2762,2.762,1148
20260914_141144_206684,1,1,REST,2763,2.763,1146
20260914_141144_206684,1,1,REST,2764,2.764,1146
20260914_141144_206684,1,1,REST,2765,2.765,1138
20260914_141144_206684,1,1,REST,2766,2.766,1143
20260914_141144_206684,1,1,REST,2767,2.767,1137
20260914_141144_206684,1,1,REST,2768,2.768,1121
20260914_141144_206684,1,1,REST,2769,2.769,1131
20260914_141144_206684,1,1,REST,2770,2.77,1133
20260914_141144_206684,1,1,REST,2771,2.771,1136
20260914_141144_206684,1,1,REST,2772,2.772,1119
20260914_141144_206684,1,1,REST,2773,2.773,1115
20260914_141144_206684,1,1,REST,2774,2.774,1127
20260914_141144_206684,1,1,REST,2775,2.775,1130
20260914_141144_206684,1,1,REST,2776,2.776,1139
20260914_141144_206684,1,1,REST,2777,2.777,1143
20260914_141144_206684,1,1,REST,2778,2.778,1150
20260914_141144_206684,1,1,REST,2779,2.779,1148
20260914_141144_206684,1,1,REST,2780,2.78,1146
20260914_141144_206684,1,1,REST,2781,2.781,1153
20260914_141144_206684,1,1,REST,2782,2.782,1156
20260914_141144_206684,1,1,REST,2783,2.783,1157
20260914_141144_206684,1,1,REST,2784,2.784,1150
20260914_141144_206684,1,1,REST,2785,2.785,1147
20260914_141144_206684,1,1,REST,2786,2.786,1147
20260914_141144_206684,1,1,REST,2787,2.787,1139
20260914_141144_206684,1,1,REST,2788,2.788,1130
20260914_141144_206684,1,1,REST,2789,2.789,1127
20260914_141144_206684,1,1,REST,2790,2.79,1119
20260914_141144_206684,1,1,REST,2791,2.791,1129
20260914_141144_206684,1,1,REST,2792,2.792,1110
20260914_141144_206684,1,1,REST,2793,2.793,1119
20260914_141144_206684,1,1,REST,2794,2.794,1131
20260914_141144_206684,1,1,REST,2795,2.795,1138
20260914_141144_206684,1,1,REST,2796,2.796,1128
20260914_141144_206684,1,1,REST,2797,2.797,1132
20260914_141144_206684,1,1,REST,2798,2.798,1148
20260914_141144_206684,1,1,REST,2799,2.799,1136
20260914_141144_206684,1,1,REST,2800,2.8,1139
20260914_141144_206684,1,1,REST,2801,2.801,1149
20260914_141144_206684,1,1,REST,2802,2.802,1152
20260914_141144_206684,1,1,REST,2803,2.803,1153
20260914_141144_206684,1,1,REST,2804,2.804,1151
20260914_141144_206684,1,1,REST,2805,2.805,1149
20260914_141144_206684,1,1,REST,2806,2.806,1143
20260914_141144_206684,1,1,REST,2807,2.807,1139
20260914_141144_206684,1,1,REST,2808,2.808,1133
20260914_141144_206684,1,1,REST,2809,2.809,1125
20260914_141144_206684,1,1,REST,2810,2.81,1136
20260914_141144_206684,1,1,REST,2811,2.811,1127
20260914_141144_206684,1,1,REST,2812,2.812,1110
20260914_141144_206684,1,1,REST,2813,2.813,1122
20260914_141144_206684,1,1,REST,2814,2.814,1127
20260914_141144_206684,1,1,REST,2815,2.815,1110
20260914_141144_206684,1,1,REST,2816,2.816,1129
20260914_141144_206684,1,1,REST,2817,2.817,1139
20260914_141144_206684,1,1,REST,2818,2.818,1136
20260914_141144_206684,1,1,REST,2819,2.819,1159
20260914_141144_206684,1,1,REST,2820,2.82,1153
20260914_141144_206684,1,1,REST,2821,2.821,1153
20260914_141144_206684,1,1,REST,2822,2.822,1155
20260914_141144_206684,1,1,REST,2823,2.823,1155
20260914_141144_206684,1,1,REST,2824,2.824,1154
20260914_141144_206684,1,1,REST,2825,2.825,1152
20260914_141144_206684,1,1,REST,2826,2.826,1136
20260914_141144_206684,1,1,REST,2827,2.827,1140
20260914_141144_206684,1,1,REST,2828,2.828,1136
20260914_141144_206684,1,1,REST,2829,2.829,1136
20260914_141144_206684,1,1,REST,2830,2.83,1114
20260914_141144_206684,1,1,REST,2831,2.831,1130
20260914_141144_206684,1,1,REST,2832,2.832,1121
20260914_141144_206684,1,1,REST,2833,2.833,1124
20260914_141144_206684,1,1,REST,2834,2.834,1134
20260914_141144_206684,1,1,REST,2835,2.835,1131
20260914_141144_206684,1,1,REST,2836,2.836,1136
20260914_141144_206684,1,1,REST,2837,2.837,1136
20260914_141144_206684,1,1,REST,2838,2.838,1126
20260914_141144_206684,1,1,REST,2839,2.839,1151
20260914_141144_206684,1,1,REST,2840,2.84,1142
20260914_141144_206684,1,1,REST,2841,2.841,1047
20260914_141144_206684,1,1,REST,2842,2.842,1158
20260914_141144_206684,1,1,REST,2843,2.843,1153
20260914_141144_206684,1,1,REST,2844,2.844,1152
20260914_141144_206684,1,1,REST,2845,2.845,1213
20260914_141144_206684,1,1,REST,2846,2.846,1150
20260914_141144_206684,1,1,REST,2847,2.847,1136
20260914_141144_206684,1,1,REST,2848,2.848,1161
20260914_141144_206684,1,1,REST,2849,2.849,1125
20260914_141144_206684,1,1,REST,2850,2.85,1095
20260914_141144_206684,1,1,REST,2851,2.851,1130
20260914_141144_206684,1,1,REST,2852,2.852,1119
20260914_141144_206684,1,1,REST,2853,2.853,1136
20260914_141144_206684,1,1,REST,2854,2.854,1141
20260914_141144_206684,1,1,REST,2855,2.855,1142
20260914_141144_206684,1,1,REST,2856,2.856,1136
20260914_141144_206684,1,1,REST,2857,2.857,1138
20260914_141144_206684,1,1,REST,2858,2.858,1146
20260914_141144_206684,1,1,REST,2859,2.859,1154
20260914_141144_206684,1,1,REST,2860,2.86,1153
20260914_141144_206684,1,1,REST,2861,2.861,1155
20260914_141144_206684,1,1,REST,2862,2.862,1155
20260914_141144_206684,1,1,REST,2863,2.863,1157
20260914_141144_206684,1,1,REST,2864,2.864,1152
20260914_141144_206684,1,1,REST,2865,2.865,1153
20260914_141144_206684,1,1,REST,2866,2.866,1152
20260914_141144_206684,1,1,REST,2867,2.867,1139
20260914_141144_206684,1,1,REST,2868,2.868,1134
20260914_141144_206684,1,1,REST,2869,2.869,1094
20260914_141144_206684,1,1,REST,2870,2.87,1121
20260914_141144_206684,1,1,REST,2871,2.871,1129
20260914_141144_206684,1,1,REST,2872,2.872,1123
20260914_141144_206684,1,1,REST,2873,2.873,1120
20260914_141144_206684,1,1,REST,2874,2.874,1127
20260914_141144_206684,1,1,REST,2875,2.875,1127
20260914_141144_206684,1,1,REST,2876,2.876,1134
20260914_141144_206684,1,1,REST,2877,2.877,1136
20260914_141144_206684,1,1,REST,2878,2.878,1145
20260914_141144_206684,1,1,REST,2879,2.879,1151
20260914_141144_206684,1,1,REST,2880,2.88,1152
20260914_141144_206684,1,1,REST,2881,2.881,1164
20260914_141144_206684,1,1,REST,2882,2.882,1158
20260914_141144_206684,1,1,REST,2883,2.883,1166
20260914_141144_206684,1,1,REST,2884,2.884,1143
20260914_141144_206684,1,1,REST,2885,2.885,1157
20260914_141144_206684,1,1,REST,2886,2.886,1148
20260914_141144_206684,1,1,REST,2887,2.887,1147
20260914_141144_206684,1,1,REST,2888,2.888,1135
20260914_141144_206684,1,1,REST,2889,2.889,1151
20260914_141144_206684,1,1,REST,2890,2.89,1125
20260914_141144_206684,1,1,REST,2891,2.891,1127
20260914_141144_206684,1,1,REST,2892,2.892,1121
20260914_141144_206684,1,1,REST,2893,2.893,1117
20260914_141144_206684,1,1,REST,2894,2.894,1126
20260914_141144_206684,1,1,REST,2895,2.895,1142
20260914_141144_206684,1,1,REST,2896,2.896,1131
20260914_141144_206684,1,1,REST,2897,2.897,1136
20260914_141144_206684,1,1,REST,2898,2.898,1139
20260914_141144_206684,1,1,REST,2899,2.899,1150
20260914_141144_206684,1,1,REST,2900,2.9,1153
20260914_141144_206684,1,1,REST,2901,2.901,1140
20260914_141144_206684,1,1,REST,2902,2.902,1162
20260914_141144_206684,1,1,REST,2903,2.903,1158
20260914_141144_206684,1,1,REST,2904,2.904,1152
20260914_141144_206684,1,1,REST,2905,2.905,1152
20260914_141144_206684,1,1,REST,2906,2.906,1152
20260914_141144_206684,1,1,REST,2907,2.907,1138
20260914_141144_206684,1,1,REST,2908,2.908,1132
20260914_141144_206684,1,1,REST,2909,2.909,1121
20260914_141144_206684,1,1,REST,2910,2.91,1125
20260914_141144_206684,1,1,REST,2911,2.911,1131
20260914_141144_206684,1,1,REST,2912,2.912,1119
20260914_141144_206684,1,1,REST,2913,2.913,945
20260914_141144_206684,1,1,REST,2914,2.914,1123
20260914_141144_206684,1,1,REST,2915,2.915,1124
20260914_141144_206684,1,1,REST,2916,2.916,1134
20260914_141144_206684,1,1,REST,2917,2.917,1135
20260914_141144_206684,1,1,REST,2918,2.918,1145
20260914_141144_206684,1,1,REST,2919,2.919,1146
20260914_141144_206684,1,1,REST,2920,2.92,1161
20260914_141144_206684,1,1,REST,2921,2.921,1162
20260914_141144_206684,1,1,REST,2922,2.922,1155
20260914_141144_206684,1,1,REST,2923,2.923,1150
20260914_141144_206684,1,1,REST,2924,2.924,1150
20260914_141144_206684,1,1,REST,2925,2.925,1150
20260914_141144_206684,1,1,REST,2926,2.926,1152
20260914_141144_206684,1,1,REST,2927,2.927,1138
20260914_141144_206684,1,1,REST,2928,2.928,1135
20260914_141144_206684,1,1,REST,2929,2.929,1122
20260914_141144_206684,1,1,REST,2930,2.93,1121
20260914_141144_206684,1,1,REST,2931,2.931,1136
20260914_141144_206684,1,1,REST,2932,2.932,1125
20260914_141144_206684,1,1,REST,2933,2.933,1116
20260914_141144_206684,1,1,REST,2934,2.934,1152
20260914_141144_206684,1,1,REST,2935,2.935,1133
20260914_141144_206684,1,1,REST,2936,2.936,1136
20260914_141144_206684,1,1,REST,2937,2.937,1135
20260914_141144_206684,1,1,REST,2938,2.938,1143
20260914_141144_206684,1,1,REST,2939,2.939,1152
20260914_141144_206684,1,1,REST,2940,2.94,1152
20260914_141144_206684,1,1,REST,2941,2.941,1152
20260914_141144_206684,1,1,REST,2942,2.942,1165
20260914_141144_206684,1,1,REST,2943,2.943,1159
20260914_141144_206684,1,1,REST,2944,2.944,1151
20260914_141144_206684,1,1,REST,2945,2.945,1155
20260914_141144_206684,1,1,REST,2946,2.946,1150
20260914_141144_206684,1,1,REST,2947,2.947,1145
20260914_141144_206684,1,1,REST,2948,2.948,1097
20260914_141144_206684,1,1,REST,2949,2.949,1130
20260914_141144_206684,1,1,REST,2950,2.95,1123
20260914_141144_206684,1,1,REST,2951,2.951,1125
20260914_141144_206684,1,1,REST,2952,2.952,1122
20260914_141144_206684,1,1,REST,2953,2.953,1119
20260914_141144_206684,1,1,REST,2954,2.954,1123
20260914_141144_206684,1,1,REST,2955,2.955,1127
20260914_141144_206684,1,1,REST,2956,2.956,1127
20260914_141144_206684,1,1,REST,2957,2.957,1136
20260914_141144_206684,1,1,REST,2958,2.958,1141
20260914_141144_206684,1,1,REST,2959,2.959,1152
20260914_141144_206684,1,1,REST,2960,2.96,1151
20260914_141144_206684,1,1,REST,2961,2.961,1141
20260914_141144_206684,1,1,REST,2962,2.962,1156
20260914_141144_206684,1,1,REST,2963,2.963,1159
20260914_141144_206684,1,1,REST,2964,2.964,1148
20260914_141144_206684,1,1,REST,2965,2.965,1125
20260914_141144_206684,1,1,REST,2966,2.966,1214
20260914_141144_206684,1,1,REST,2967,2.967,1147
20260914_141144_206684,1,1,REST,2968,2.968,1133
20260914_141144_206684,1,1,REST,2969,2.969,1115
20260914_141144_206684,1,1,REST,2970,2.97,1122
20260914_141144_206684,1,1,REST,2971,2.971,1131
20260914_141144_206684,1,1,REST,2972,2.972,1109
20260914_141144_206684,1,1,REST,2973,2.973,1116
20260914_141144_206684,1,1,REST,2974,2.974,1125
20260914_141144_206684,1,1,REST,2975,2.975,1116
20260914_141144_206684,1,1,REST,2976,2.976,1136
20260914_141144_206684,1,1,REST,2977,2.977,1127
20260914_141144_206684,1,1,REST,2978,2.978,1137
20260914_141144_206684,1,1,REST,2979,2.979,1139
20260914_141144_206684,1,1,REST,2980,2.98,1134
20260914_141144_206684,1,1,REST,2981,2.981,1143
20260914_141144_206684,1,1,REST,2982,2.982,1123
20260914_141144_206684,1,1,REST,2983,2.983,1163
20260914_141144_206684,1,1,REST,2984,2.984,1136
20260914_141144_206684,1,1,REST,2985,2.985,1147
20260914_141144_206684,1,1,REST,2986,2.986,1123
20260914_141144_206684,1,1,REST,2987,2.987,1145
20260914_141144_206684,1,1,REST,2988,2.988,1127
20260914_141144_206684,1,1,REST,2989,2.989,1099
20260914_141144_206684,1,1,REST,2990,2.99,1130
20260914_141144_206684,1,1,REST,2991,2.991,1120
20260914_141144_206684,1,1,REST,2992,2.992,1119
20260914_141144_206684,1,1,REST,2993,2.993,1111
20260914_141144_206684,1,1,REST,2994,2.994,1121
20260914_141144_206684,1,1,REST,2995,2.995,1125
20260914_141144_206684,1,1,REST,2996,2.996,1131
20260914_141144_206684,1,1,REST,2997,2.997,1122
20260914_141144_206684,1,1,REST,2998,2.998,1136
20260914_141144_206684,1,1,REST,2999,2.999,1138
20260914_141144_206684,1,1,REST,3000,3.0,1146
