sample,time_s,adc
0,0.0,882
1,0.001,898
2,0.002,902
3,0.003,939
4,0.004,890
5,0.005,882
6,0.006,886
7,0.007,880
8,0.008,815
9,0.009,877
10,0.01,891
11,0.011,829
12,0.012,880
13,0.013,877
14,0.014,875
15,0.015,893
16,0.016,864
17,0.017,887
18,0.018,843
19,0.019,895
20,0.02,896
21,0.021,896
22,0.022,971
23,0.023,886
24,0.024,880
25,0.025,879
26,0.026,887
27,0.027,825
28,0.028,828
29,0.029,869
30,0.03,873
31,0.031,879
32,0.032,896
33,0.033,895
34,0.034,899
35,0.035,903
36,0.036,877
37,0.037,865
38,0.038,877
39,0.039,766
40,0.04,889
41,0.041,912
42,0.042,880
43,0.043,880
44,0.044,877
45,0.045,896
46,0.046,893
47,0.047,880
48,0.048,886
49,0.049,807
50,0.05,889
51,0.051,847
52,0.052,843
53,0.053,864
54,0.054,859
55,0.055,879
56,0.056,880
57,0.057,886
58,0.058,881
59,0.059,883
60,0.06,882
61,0.061,898
62,0.062,899
63,0.063,897
64,0.064,884
65,0.065,881
66,0.066,880
67,0.067,873
68,0.068,870
69,0.069,803
70,0.07,881
71,0.071,880
72,0.072,880
73,0.073,877
74,0.074,878
75,0.075,848
76,0.076,882
77,0.077,880
78,0.078,886
79,0.079,883
80,0.08,881
81,0.081,882
82,0.082,879
83,0.083,879
84,0.084,880
85,0.085,879
86,0.086,887
87,0.087,898
88,0.088,886
89,0.089,794
90,0.09,880
91,0.091,873
92,0.092,907
93,0.093,880
94,0.094,879
95,0.095,874
96,0.096,886
97,0.097,884
98,0.098,882
99,0.099,886
100,0.1,886
101,0.101,882
102,0.102,898
103,0.103,889
104,0.104,864
105,0.105,907
106,0.106,874
107,0.107,849
108,0.108,870
109,0.109,894
110,0.11,879
111,0.111,886
112,0.112,847
113,0.113,883
114,0.114,876
115,0.115,881
116,0.116,870
117,0.117,866
118,0.118,880
119,0.119,935
120,0.12,903
121,0.121,903
122,0.122,903
123,0.123,886
124,0.124,847
125,0.125,833
126,0.126,872
127,0.127,863
128,0.128,867
129,0.129,861
130,0.13,865
131,0.131,877
132,0.132,874
133,0.133,885
134,0.134,883
135,0.135,885
136,0.136,889
137,0.137,899
138,0.138,886
139,0.139,901
140,0.14,892
141,0.141,902
142,0.142,890
143,0.143,880
144,0.144,880
145,0.145,885
146,0.146,887
147,0.147,874
148,0.148,880
149,0.149,874
150,0.15,875
151,0.151,881
152,0.152,881
153,0.153,873
154,0.154,880
155,0.155,881
156,0.156,883
157,0.157,882
158,0.158,893
159,0.159,880
160,0.16,883
161,0.161,881
162,0.162,890
163,0.163,876
164,0.164,880
165,0.165,896
166,0.166,880
167,0.167,873
168,0.168,883
169,0.169,880
170,0.17,881
171,0.171,880
172,0.172,884
173,0.173,890
174,0.174,891
175,0.175,889
176,0.176,885
177,0.177,875
178,0.178,880
179,0.179,882
180,0.18,880
181,0.181,867
182,0.182,876
183,0.183,880
184,0.184,880
185,0.185,880
186,0.186,883
187,0.187,880
188,0.188,880
189,0.189,847
190,0.19,880
191,0.191,880
192,0.192,875
193,0.193,880
194,0.194,877
195,0.195,877
196,0.196,880
197,0.197,880
198,0.198,885
199,0.199,885
200,0.2,890
201,0.201,886
202,0.202,881
203,0.203,878
204,0.204,877
205,0.205,883
206,0.206,887
207,0.207,871
208,0.208,879
209,0.209,880
210,0.21,871
211,0.211,875
212,0.212,869
213,0.213,899
214,0.214,866
215,0.215,896
216,0.216,880
217,0.217,880
218,0.218,877
219,0.219,879
220,0.22,889
221,0.221,891
222,0.222,886
223,0.223,876
224,0.224,891
225,0.225,887
226,0.226,880
227,0.227,866
228,0.228,885
229,0.229,866
230,0.23,865
231,0.231,874
232,0.232,877
233,0.233,877
234,0.234,802
235,0.235,857
236,0.236,874
237,0.237,887
238,0.238,884
239,0.239,880
240,0.24,884
241,0.241,886
242,0.242,883
243,0.243,929
244,0.244,902
245,0.245,880
246,0.246,871
247,0.247,874
248,0.248,871
249,0.249,867
250,0.25,870
251,0.251,869
252,0.252,873
253,0.253,866
254,0.254,881
255,0.255,876
256,0.256,890
257,0.257,895
258,0.258,917
259,0.259,927
260,0.26,923
261,0.261,906
262,0.262,910
263,0.263,880
264,0.264,817
265,0.265,842
266,0.266,851
267,0.267,860
268,0.268,851
269,0.269,865
270,0.27,861
271,0.271,875
272,0.272,883
273,0.273,882
274,0.274,887
275,0.275,880
276,0.276,885
277,0.277,894
278,0.278,912
279,0.279,915
280,0.28,938
281,0.281,933
282,0.282,918
283,0.283,882
284,0.284,850
285,0.285,839
286,0.286,841
287,0.287,854
288,0.288,851
289,0.289,865
290,0.29,873
291,0.291,870
292,0.292,882
293,0.293,880
294,0.294,883
295,0.295,885
296,0.296,875
297,0.297,881
298,0.298,891
299,0.299,887
300,0.3,887
301,0.301,911
302,0.302,919
303,0.303,882
304,0.304,882
305,0.305,880
306,0.306,880
307,0.307,876
308,0.308,883
309,0.309,883
310,0.31,878
311,0.311,879
312,0.312,880
313,0.313,880
314,0.314,878
315,0.315,883
316,0.316,883
317,0.317,885
318,0.318,895
319,0.319,892
320,0.32,887
321,0.321,897
322,0.322,896
323,0.323,895
324,0.324,886
325,0.325,883
326,0.326,870
327,0.327,861
328,0.328,848
329,0.329,853
330,0.33,867
331,0.331,870
332,0.332,881
333,0.333,1072
334,0.334,880
335,0.335,879
336,0.336,880
337,0.337,877
338,0.338,877
339,0.339,880
340,0.34,890
341,0.341,891
342,0.342,892
343,0.343,881
344,0.344,896
345,0.345,883
346,0.346,883
347,0.347,909
348,0.348,849
349,0.349,885
350,0.35,889
351,0.351,874
352,0.352,893
353,0.353,877
354,0.354,879
355,0.355,881
356,0.356,878
357,0.357,890
358,0.358,881
359,0.359,890
360,0.36,890
361,0.361,885
362,0.362,896
363,0.363,893
364,0.364,880
365,0.365,881
366,0.366,871
367,0.367,879
368,0.368,879
369,0.369,869
370,0.37,867
371,0.371,871
372,0.372,868
373,0.373,878
374,0.374,873
375,0.375,875
376,0.376,889
377,0.377,887
378,0.378,883
379,0.379,886
380,0.38,890
381,0.381,897
382,0.382,881
383,0.383,885
384,0.384,893
385,0.385,887
386,0.386,882
387,0.387,873
388,0.388,875
389,0.389,832
390,0.39,875
391,0.391,881
392,0.392,906
393,0.393,880
394,0.394,881
395,0.395,879
396,0.396,875
397,0.397,883
398,0.398,883
399,0.399,889
400,0.4,897
401,0.401,885
402,0.402,884
403,0.403,880
404,0.404,883
405,0.405,866
406,0.406,881
407,0.407,878
408,0.408,874
409,0.409,879
410,0.41,877
411,0.411,875
412,0.412,880
413,0.413,885
414,0.414,883
415,0.415,881
416,0.416,848
417,0.417,895
418,0.418,883
419,0.419,880
420,0.42,882
421,0.421,880
422,0.422,880
423,0.423,893
424,0.424,893
425,0.425,881
426,0.426,879
427,0.427,881
428,0.428,880
429,0.429,880
430,0.43,872
431,0.431,880
432,0.432,879
433,0.433,893
434,0.434,889
435,0.435,890
436,0.436,874
437,0.437,880
438,0.438,875
439,0.439,871
440,0.44,895
441,0.441,896
442,0.442,881
443,0.443,882
444,0.444,880
445,0.445,880
446,0.446,880
447,0.447,879
448,0.448,879
449,0.449,874
450,0.45,877
451,0.451,865
452,0.452,870
453,0.453,880
454,0.454,876
455,0.455,880
456,0.456,881
457,0.457,891
458,0.458,887
459,0.459,886
460,0.46,912
461,0.461,891
462,0.462,880
463,0.463,893
464,0.464,897
465,0.465,883
466,0.466,880
467,0.467,877
468,0.468,882
469,0.469,897
470,0.47,887
471,0.471,880
472,0.472,868
473,0.473,869
474,0.474,859
475,0.475,861
476,0.476,861
477,0.477,869
478,0.478,882
479,0.479,886
480,0.48,885
481,0.481,880
482,0.482,921
483,0.483,896
484,0.484,892
485,0.485,879
486,0.486,889
487,0.487,877
488,0.488,880
489,0.489,886
490,0.49,880
491,0.491,873
492,0.492,880
493,0.493,923
494,0.494,887
495,0.495,879
496,0.496,876
497,0.497,880
498,0.498,878
499,0.499,880
500,0.5,887
501,0.501,886
502,0.502,884
503,0.503,879
504,0.504,879
505,0.505,902
506,0.506,891
507,0.507,886
508,0.508,886
509,0.509,882
510,0.51,890
511,0.511,880
512,0.512,858
513,0.513,863
514,0.514,848
515,0.515,870
516,0.516,855
517,0.517,879
518,0.518,859
519,0.519,887
520,0.52,891
521,0.521,899
522,0.522,895
523,0.523,881
524,0.524,846
525,0.525,882
526,0.526,880
527,0.527,880
528,0.528,874
529,0.529,868
530,0.53,882
531,0.531,872
532,0.532,873
533,0.533,880
534,0.534,887
535,0.535,880
536,0.536,881
537,0.537,896
538,0.538,884
539,0.539,886
540,0.54,885
541,0.541,896
542,0.542,882
543,0.543,896
544,0.544,880
545,0.545,848
546,0.546,882
547,0.547,821
548,0.548,871
549,0.549,876
550,0.55,877
551,0.551,880
552,0.552,881
553,0.553,879
554,0.554,878
555,0.555,882
556,0.556,880
557,0.557,886
558,0.558,883
559,0.559,891
560,0.56,882
561,0.561,882
562,0.562,894
563,0.563,881
564,0.564,880
565,0.565,867
566,0.566,880
567,0.567,889
568,0.568,880
569,0.569,881
570,0.57,882
571,0.571,871
572,0.572,870
573,0.573,880
574,0.574,877
575,0.575,880
576,0.576,874
577,0.577,896
578,0.578,893
579,0.579,885
580,0.58,877
581,0.581,891
582,0.582,893
583,0.583,891
584,0.584,881
585,0.585,874
586,0.586,880
587,0.587,881
588,0.588,872
589,0.589,881
590,0.59,877
591,0.591,883
592,0.592,877
593,0.593,880
594,0.594,879
595,0.595,899
596,0.596,879
597,0.597,879
598,0.598,875
599,0.599,880
600,0.6,880
601,0.601,892
602,0.602,881
603,0.603,880
604,0.604,883
605,0.605,885
606,0.606,891
607,0.607,967
608,0.608,879
609,0.609,870
610,0.61,874
611,0.611,877
612,0.612,871
613,0.613,880
614,0.614,881
615,0.615,879
616,0.616,885
617,0.617,880
618,0.618,883
619,0.619,886
620,0.62,884
621,0.621,891
622,0.622,880
623,0.623,799
624,0.624,878
625,0.625,885
626,0.626,883
627,0.627,883
628,0.628,880
629,0.629,896
630,0.63,871
631,0.631,867
632,0.632,879
633,0.633,880
634,0.634,882
635,0.635,849
636,0.636,880
637,0.637,883
638,0.638,880
639,0.639,883
640,0.64,895
641,0.641,896
642,0.642,880
643,0.643,877
644,0.644,879
645,0.645,882
646,0.646,883
647,0.647,884
648,0.648,883
649,0.649,863
650,0.65,869
651,0.651,855
652,0.652,897
653,0.653,880
654,0.654,877
655,0.655,875
656,0.656,880
657,0.657,882
658,0.658,905
659,0.659,889
660,0.66,895
661,0.661,880
662,0.662,885
663,0.663,896
664,0.664,883
665,0.665,889
666,0.666,880
667,0.667,867
668,0.668,873
669,0.669,873
670,0.67,882
671,0.671,880
672,0.672,882
673,0.673,870
674,0.674,882
675,0.675,873
676,0.676,880
677,0.677,880
678,0.678,892
679,0.679,883
680,0.68,885
681,0.681,887
682,0.682,890
683,0.683,891
684,0.684,880
685,0.685,870
686,0.686,875
687,0.687,874
688,0.688,885
689,0.689,879
690,0.69,879
691,0.691,874
692,0.692,880
693,0.693,880
694,0.694,883
695,0.695,881
696,0.696,865
697,0.697,897
698,0.698,895
699,0.699,869
700,0.7,893
701,0.701,894
702,0.702,896
703,0.703,899
704,0.704,889
705,0.705,887
706,0.706,891
707,0.707,880
708,0.708,874
709,0.709,880
710,0.71,877
711,0.711,871
712,0.712,874
713,0.713,880
714,0.714,881
715,0.715,867
716,0.716,873
717,0.717,880
718,0.718,889
719,0.719,896
720,0.72,848
721,0.721,883
722,0.722,894
723,0.723,880
724,0.724,881
725,0.725,887
726,0.726,880
727,0.727,869
728,0.728,886
729,0.729,801
730,0.73,874
731,0.731,879
732,0.732,858
733,0.733,862
734,0.734,880
735,0.735,884
736,0.736,883
737,0.737,880
738,0.738,885
739,0.739,880
740,0.74,883
741,0.741,880
742,0.742,893
743,0.743,887
744,0.744,890
745,0.745,878
746,0.746,875
747,0.747,880
748,0.748,864
749,0.749,880
750,0.75,821
751,0.751,868
752,0.752,875
753,0.753,877
754,0.754,878
755,0.755,881
756,0.756,880
757,0.757,880
758,0.758,886
759,0.759,889
760,0.76,887
761,0.761,881
762,0.762,891
763,0.763,895
764,0.764,857
765,0.765,880
766,0.766,880
767,0.767,877
768,0.768,877
769,0.769,871
770,0.77,879
771,0.771,871
772,0.772,879
773,0.773,873
774,0.774,880
775,0.775,877
776,0.776,875
777,0.777,885
778,0.778,891
779,0.779,890
780,0.78,881
781,0.781,891
782,0.782,891
783,0.783,890
784,0.784,891
785,0.785,889
786,0.786,877
787,0.787,874
788,0.788,873
789,0.789,875
790,0.79,872
791,0.791,878
792,0.792,867
793,0.793,874
794,0.794,881
795,0.795,877
796,0.796,877
797,0.797,880
798,0.798,873
799,0.799,889
800,0.8,892
801,0.801,889
802,0.802,886
803,0.803,890
804,0.804,891
805,0.805,884
806,0.806,959
807,0.807,874
808,0.808,881
809,0.809,880
810,0.81,884
811,0.811,880
812,0.812,871
813,0.813,859
814,0.814,864
815,0.815,873
816,0.816,880
817,0.817,883
818,0.818,883
819,0.819,881
820,0.82,883
821,0.821,883
822,0.822,885
823,0.823,883
824,0.824,880
825,0.825,880
826,0.826,885
827,0.827,876
828,0.828,870
829,0.829,867
830,0.83,881
831,0.831,880
832,0.832,871
833,0.833,879
834,0.834,880
835,0.835,882
836,0.836,885
837,0.837,855
838,0.838,880
839,0.839,883
840,0.84,889
841,0.841,883
842,0.842,889
843,0.843,883
844,0.844,874
845,0.845,875
846,0.846,883
847,0.847,879
848,0.848,881
849,0.849,882
850,0.85,883
851,0.851,866
852,0.852,869
853,0.853,869
854,0.854,870
855,0.855,869
856,0.856,878
857,0.857,877
858,0.858,889
859,0.859,883
860,0.86,880
861,0.861,903
862,0.862,882
863,0.863,883
864,0.864,874
865,0.865,891
866,0.866,892
867,0.867,883
868,0.868,880
869,0.869,885
870,0.87,870
871,0.871,918
872,0.872,868
873,0.873,872
874,0.874,880
875,0.875,878
876,0.876,883
877,0.877,889
878,0.878,882
879,0.879,875
880,0.88,869
881,0.881,885
882,0.882,901
883,0.883,891
884,0.884,895
885,0.885,886
886,0.886,891
887,0.887,881
888,0.888,879
889,0.889,870
890,0.89,865
891,0.891,862
892,0.892,871
893,0.893,880
894,0.894,888
895,0.895,887
896,0.896,880
897,0.897,890
898,0.898,886
899,0.899,885
900,0.9,883
901,0.901,886
902,0.902,895
903,0.903,892
904,0.904,883
905,0.905,879
906,0.906,879
907,0.907,889
908,0.908,875
909,0.909,880
910,0.91,877
911,0.911,882
912,0.912,879
913,0.913,870
914,0.914,882
915,0.915,890
916,0.916,876
917,0.917,877
918,0.918,885
919,0.919,891
920,0.92,879
921,0.921,887
922,0.922,895
923,0.923,890
924,0.924,891
925,0.925,881
926,0.926,894
927,0.927,885
928,0.928,871
929,0.929,866
930,0.93,875
931,0.931,870
932,0.932,874
933,0.933,867
934,0.934,866
935,0.935,879
936,0.936,885
937,0.937,883
938,0.938,892
939,0.939,890
940,0.94,881
941,0.941,881
942,0.942,880
943,0.943,880
944,0.944,882
945,0.945,853
946,0.946,881
947,0.947,861
948,0.948,870
949,0.949,879
950,0.95,883
951,0.951,880
952,0.952,875
953,0.953,877
954,0.954,880
955,0.955,874
956,0.956,877
957,0.957,880
958,0.958,887
959,0.959,884
960,0.96,880
961,0.961,883
962,0.962,890
963,0.963,882
964,0.964,880
965,0.965,880
966,0.966,844
967,0.967,879
968,0.968,880
969,0.969,871
970,0.97,880
971,0.971,880
972,0.972,880
973,0.973,873
974,0.974,870
975,0.975,880
976,0.976,875
977,0.977,880
978,0.978,880
979,0.979,885
980,0.98,889
981,0.981,885
982,0.982,891
983,0.983,885
984,0.984,881
985,0.985,886
986,0.986,894
987,0.987,875
988,0.988,883
989,0.989,864
990,0.99,885
991,0.991,875
992,0.992,878
993,0.993,880
994,0.994,867
995,0.995,868
996,0.996,869
997,0.997,879
998,0.998,880
999,0.999,901
1000,1.0,899
1001,1.001,890
1002,1.002,895
1003,1.003,898
1004,1.004,890
1005,1.005,885
1006,1.006,877
1007,1.007,877
1008,1.008,878
1009,1.009,877
1010,1.01,880
1011,1.011,875
1012,1.012,869
1013,1.013,874
1014,1.014,880
1015,1.015,880
1016,1.016,879
1017,1.017,877
1018,1.018,881
1019,1.019,883
1020,1.02,887
1021,1.021,879
1022,1.022,886
1023,1.023,890
1024,1.024,887
1025,1.025,881
1026,1.026,886
1027,1.027,883
1028,1.028,880
1029,1.029,880
1030,1.03,879
1031,1.031,867
1032,1.032,873
1033,1.033,877
1034,1.034,873
1035,1.035,891
1036,1.036,882
1037,1.037,880
1038,1.038,890
1039,1.039,888
1040,1.04,885
1041,1.041,883
1042,1.042,886
1043,1.043,884
1044,1.044,881
1045,1.045,867
1046,1.046,881
1047,1.047,880
1048,1.048,874
1049,1.049,874
1050,1.05,880
1051,1.051,875
1052,1.052,879
1053,1.053,869
1054,1.054,871
1055,1.055,875
1056,1.056,879
1057,1.057,885
1058,1.058,890
1059,1.059,891
1060,1.06,887
1061,1.061,890
1062,1.062,891
1063,1.063,886
1064,1.064,880
1065,1.065,886
1066,1.066,881
1067,1.067,885
1068,1.068,880
1069,1.069,872
1070,1.07,865
1071,1.071,871
1072,1.072,871
1073,1.073,873
1074,1.074,872
1075,1.075,880
1076,1.076,881
1077,1.077,881
1078,1.078,881
1079,1.079,887
1080,1.08,887
1081,1.081,884
1082,1.082,862
1083,1.083,881
1084,1.084,881
1085,1.085,880
1086,1.086,875
1087,1.087,878
1088,1.088,879
1089,1.089,875
1090,1.09,875
1091,1.091,870
1092,1.092,865
1093,1.093,873
1094,1.094,871
1095,1.095,867
1096,1.096,876
1097,1.097,879
1098,1.098,878
1099,1.099,887
1100,1.1,888
1101,1.101,888
1102,1.102,890
1103,1.103,895
1104,1.104,880
1105,1.105,879
1106,1.106,882
1107,1.107,882
1108,1.108,878
1109,1.109,877
1110,1.11,880
1111,1.111,889
1112,1.112,874
1113,1.113,875
1114,1.114,880
1115,1.115,880
1116,1.116,880
1117,1.117,877
1118,1.118,880
1119,1.119,885
1120,1.12,880
1121,1.121,881
1122,1.122,885
1123,1.123,889
1124,1.124,883
1125,1.125,884
1126,1.126,879
1127,1.127,879
1128,1.128,877
1129,1.129,877
1130,1.13,867
1131,1.131,878
1132,1.132,874
1133,1.133,822
1134,1.134,877
1135,1.135,878
1136,1.136,869
1137,1.137,878
1138,1.138,877
1139,1.139,895
1140,1.14,887
1141,1.141,886
1142,1.142,887
1143,1.143,897
1144,1.144,752
1145,1.145,887
1146,1.146,855
1147,1.147,882
1148,1.148,887
1149,1.149,869
1150,1.15,877
1151,1.151,875
1152,1.152,877
1153,1.153,873
1154,1.154,878
1155,1.155,887
1156,1.156,889
1157,1.157,878
1158,1.158,880
1159,1.159,880
1160,1.16,879
1161,1.161,879
1162,1.162,886
1163,1.163,879
1164,1.164,881
1165,1.165,881
1166,1.166,880
1167,1.167,883
1168,1.168,880
1169,1.169,880
1170,1.17,880
1171,1.171,879
1172,1.172,873
1173,1.173,1105
1174,1.174,873
1175,1.175,868
1176,1.176,869
1177,1.177,912
1178,1.178,875
1179,1.179,887
1180,1.18,897
1181,1.181,885
1182,1.182,885
1183,1.183,893
1184,1.184,896
1185,1.185,878
1186,1.186,880
1187,1.187,887
1188,1.188,875
1189,1.189,876
1190,1.19,880
1191,1.191,891
1192,1.192,873
1193,1.193,880
1194,1.194,877
1195,1.195,886
1196,1.196,880
1197,1.197,880
1198,1.198,880
1199,1.199,889
1200,1.2,880
1201,1.201,882
1202,1.202,881
1203,1.203,896
1204,1.204,883
1205,1.205,881
1206,1.206,882
1207,1.207,878
1208,1.208,878
1209,1.209,885
1210,1.21,880
1211,1.211,882
1212,1.212,875
1213,1.213,875
1214,1.214,873
1215,1.215,879
1216,1.216,880
1217,1.217,885
1218,1.218,880
1219,1.219,886
1220,1.22,885
1221,1.221,882
1222,1.222,880
1223,1.223,885
1224,1.224,881
1225,1.225,877
1226,1.226,880
1227,1.227,877
1228,1.228,881
1229,1.229,879
1230,1.23,880
1231,1.231,878
1232,1.232,879
1233,1.233,877
1234,1.234,876
1235,1.235,879
1236,1.236,871
1237,1.237,877
1238,1.238,880
1239,1.239,881
1240,1.24,891
1241,1.241,880
1242,1.242,885
1243,1.243,890
1244,1.244,880
1245,1.245,880
1246,1.246,880
1247,1.247,885
1248,1.248,880
1249,1.249,874
1250,1.25,865
1251,1.251,925
1252,1.252,882
1253,1.253,867
1254,1.254,880
1255,1.255,878
1256,1.256,880
1257,1.257,871
1258,1.258,880
1259,1.259,891
1260,1.26,889
1261,1.261,885
1262,1.262,880
1263,1.263,885
1264,1.264,887
1265,1.265,881
1266,1.266,883
1267,1.267,885
1268,1.268,881
1269,1.269,869
1270,1.27,875
1271,1.271,880
1272,1.272,880
1273,1.273,870
1274,1.274,880
1275,1.275,884
1276,1.276,880
1277,1.277,878
1278,1.278,877
1279,1.279,885
1280,1.28,889
1281,1.281,880
1282,1.282,880
1283,1.283,891
1284,1.284,880
1285,1.285,880
1286,1.286,886
1287,1.287,877
1288,1.288,881
1289,1.289,869
1290,1.29,875
1291,1.291,861
1292,1.292,864
1293,1.293,879
1294,1.294,867
1295,1.295,878
1296,1.296,878
1297,1.297,854
1298,1.298,850
1299,1.299,878
1300,1.3,885
1301,1.301,890
1302,1.302,890
1303,1.303,874
1304,1.304,891
1305,1.305,881
1306,1.306,880
1307,1.307,883
1308,1.308,874
1309,1.309,878
1310,1.31,879
1311,1.311,880
1312,1.312,877
1313,1.313,862
1314,1.314,875
1315,1.315,885
1316,1.316,883
1317,1.317,884
1318,1.318,880
1319,1.319,890
1320,1.32,886
1321,1.321,889
1322,1.322,882
1323,1.323,881
1324,1.324,887
1325,1.325,886
1326,1.326,889
1327,1.327,879
1328,1.328,880
1329,1.329,883
1330,1.33,880
1331,1.331,883
1332,1.332,862
1333,1.333,877
1334,1.334,865
1335,1.335,880
1336,1.336,893
1337,1.337,880
1338,1.338,878
1339,1.339,891
1340,1.34,881
1341,1.341,882
1342,1.342,887
1343,1.343,887
1344,1.344,881
1345,1.345,894
1346,1.346,890
1347,1.347,881
1348,1.348,881
1349,1.349,880
1350,1.35,882
1351,1.351,863
1352,1.352,870
1353,1.353,872
1354,1.354,885
1355,1.355,880
1356,1.356,881
1357,1.357,881
1358,1.358,886
1359,1.359,891
1360,1.36,880
1361,1.361,885
1362,1.362,886
1363,1.363,851
1364,1.364,888
1365,1.365,877
1366,1.366,879
1367,1.367,879
1368,1.368,895
1369,1.369,878
1370,1.37,879
1371,1.371,880
1372,1.372,881
1373,1.373,874
1374,1.374,870
1375,1.375,880
1376,1.376,869
1377,1.377,880
1378,1.378,883
1379,1.379,882
1380,1.38,890
1381,1.381,893
1382,1.382,887
1383,1.383,899
1384,1.384,872
1385,1.385,890
1386,1.386,891
1387,1.387,879
1388,1.388,869
1389,1.389,874
1390,1.39,873
1391,1.391,878
1392,1.392,880
1393,1.393,864
1394,1.394,877
1395,1.395,832
1396,1.396,880
1397,1.397,878
1398,1.398,880
1399,1.399,887
1400,1.4,891
1401,1.401,880
1402,1.402,889
1403,1.403,886
1404,1.404,889
1405,1.405,880
1406,1.406,881
1407,1.407,882
1408,1.408,865
1409,1.409,879
1410,1.41,877
1411,1.411,874
1412,1.412,879
1413,1.413,878
1414,1.414,880
1415,1.415,870
1416,1.416,867
1417,1.417,876
1418,1.418,880
1419,1.419,880
1420,1.42,890
1421,1.421,898
1422,1.422,885
1423,1.423,889
1424,1.424,882
1425,1.425,896
1426,1.426,871
1427,1.427,881
1428,1.428,882
1429,1.429,875
1430,1.43,861
1431,1.431,880
1432,1.432,863
1433,1.433,879
1434,1.434,861
1435,1.435,880
1436,1.436,881
1437,1.437,880
1438,1.438,905
1439,1.439,885
1440,1.44,890
1441,1.441,885
1442,1.442,885
1443,1.443,887
1444,1.444,895
1445,1.445,886
1446,1.446,884
1447,1.447,880
1448,1.448,881
1449,1.449,878
1450,1.45,869
1451,1.451,873
1452,1.452,877
1453,1.453,891
1454,1.454,871
1455,1.455,875
1456,1.456,887
1457,1.457,876
1458,1.458,879
1459,1.459,887
1460,1.46,880
1461,1.461,884
1462,1.462,883
1463,1.463,895
1464,1.464,899
1465,1.465,855
1466,1.466,881
1467,1.467,885
1468,1.468,880
1469,1.469,874
1470,1.47,876
1471,1.471,875
1472,1.472,801
1473,1.473,877
1474,1.474,871
1475,1.475,852
1476,1.476,903
1477,1.477,938
1478,1.478,868
1479,1.479,905
1480,1.48,884
1481,1.481,880
1482,1.482,880
1483,1.483,889
1484,1.484,883
1485,1.485,883
1486,1.486,895
1487,1.487,912
1488,1.488,880
1489,1.489,880
1490,1.49,874
1491,1.491,880
1492,1.492,878
1493,1.493,877
1494,1.494,879
1495,1.495,874
1496,1.496,880
1497,1.497,876
1498,1.498,880
1499,1.499,817
1500,1.5,893
1501,1.501,879
1502,1.502,886
1503,1.503,931
1504,1.504,880
1505,1.505,880
1506,1.506,880
1507,1.507,880
1508,1.508,880
1509,1.509,887
1510,1.51,877
1511,1.511,880
1512,1.512,885
1513,1.513,869
1514,1.514,875
1515,1.515,866
1516,1.516,879
1517,1.517,879
1518,1.518,883
1519,1.519,870
1520,1.52,862
1521,1.521,960
1522,1.522,879
1523,1.523,894
1524,1.524,835
1525,1.525,890
1526,1.526,987
1527,1.527,881
1528,1.528,880
1529,1.529,880
1530,1.53,879
1531,1.531,875
1532,1.532,876
1533,1.533,880
1534,1.534,879
1535,1.535,874
1536,1.536,887
1537,1.537,882
1538,1.538,867
1539,1.539,880
1540,1.54,875
1541,1.541,885
1542,1.542,886
1543,1.543,883
1544,1.544,882
1545,1.545,880
1546,1.546,893
1547,1.547,889
1548,1.548,881
1549,1.549,885
1550,1.55,878
1551,1.551,874
1552,1.552,875
1553,1.553,880
1554,1.554,864
1555,1.555,882
1556,1.556,885
1557,1.557,881
1558,1.558,876
1559,1.559,874
1560,1.56,895
1561,1.561,886
1562,1.562,880
1563,1.563,884
1564,1.564,886
1565,1.565,891
1566,1.566,882
1567,1.567,882
1568,1.568,873
1569,1.569,869
1570,1.57,871
1571,1.571,880
1572,1.572,967
1573,1.573,870
1574,1.574,868
1575,1.575,880
1576,1.576,880
1577,1.577,880
1578,1.578,882
1579,1.579,883
1580,1.58,887
1581,1.581,886
1582,1.582,880
1583,1.583,886
1584,1.584,883
1585,1.585,885
1586,1.586,886
1587,1.587,883
1588,1.588,873
1589,1.589,889
1590,1.59,879
1591,1.591,874
1592,1.592,878
1593,1.593,870
1594,1.594,870
1595,1.595,865
1596,1.596,960
1597,1.597,874
1598,1.598,879
1599,1.599,880
1600,1.6,886
1601,1.601,881
1602,1.602,878
1603,1.603,887
1604,1.604,897
1605,1.605,886
1606,1.606,879
1607,1.607,885
1608,1.608,880
1609,1.609,880
1610,1.61,875
1611,1.611,871
1612,1.612,881
1613,1.613,875
1614,1.614,854
1615,1.615,869
1616,1.616,881
1617,1.617,880
1618,1.618,880
1619,1.619,880
1620,1.62,875
1621,1.621,880
1622,1.622,880
1623,1.623,891
1624,1.624,883
1625,1.625,890
1626,1.626,890
1627,1.627,880
1628,1.628,885
1629,1.629,879
1630,1.63,878
1631,1.631,879
1632,1.632,874
1633,1.633,874
1634,1.634,875
1635,1.635,878
1636,1.636,873
1637,1.637,890
1638,1.638,881
1639,1.639,815
1640,1.64,851
1641,1.641,975
1642,1.642,891
1643,1.643,880
1644,1.644,891
1645,1.645,884
1646,1.646,878
1647,1.647,882
1648,1.648,889
1649,1.649,894
1650,1.65,893
1651,1.651,885
1652,1.652,874
1653,1.653,866
1654,1.654,869
1655,1.655,875
1656,1.656,879
1657,1.657,880
1658,1.658,879
1659,1.659,880
1660,1.66,848
1661,1.661,883
1662,1.662,896
1663,1.663,896
1664,1.664,896
1665,1.665,885
1666,1.666,890
1667,1.667,887
1668,1.668,885
1669,1.669,880
1670,1.67,1055
1671,1.671,869
1672,1.672,875
1673,1.673,876
1674,1.674,868
1675,1.675,870
1676,1.676,873
1677,1.677,875
1678,1.678,880
1679,1.679,881
1680,1.68,881
1681,1.681,887
1682,1.682,884
1683,1.683,892
1684,1.684,889
1685,1.685,885
1686,1.686,885
1687,1.687,881
1688,1.688,884
1689,1.689,886
1690,1.69,879
1691,1.691,877
1692,1.692,875
1693,1.693,880
1694,1.694,854
1695,1.695,878
1696,1.696,873
1697,1.697,880
1698,1.698,871
1699,1.699,881
1700,1.7,880
1701,1.701,880
1702,1.702,892
1703,1.703,881
1704,1.704,889
1705,1.705,826
1706,1.706,880
1707,1.707,880
1708,1.708,885
1709,1.709,881
1710,1.71,879
1711,1.711,870
1712,1.712,880
1713,1.713,912
1714,1.714,848
1715,1.715,880
1716,1.716,880
1717,1.717,880
1718,1.718,878
1719,1.719,880
1720,1.72,885
1721,1.721,889
1722,1.722,890
1723,1.723,882
1724,1.724,899
1725,1.725,877
1726,1.726,878
1727,1.727,880
1728,1.728,883
1729,1.729,874
1730,1.73,866
1731,1.731,892
1732,1.732,871
1733,1.733,878
1734,1.734,867
1735,1.735,878
1736,1.736,875
1737,1.737,876
1738,1.738,874
1739,1.739,885
1740,1.74,891
1741,1.741,886
1742,1.742,880
1743,1.743,886
1744,1.744,890
1745,1.745,883
1746,1.746,880
1747,1.747,880
1748,1.748,883
1749,1.749,875
1750,1.75,871
1751,1.751,870
1752,1.752,869
1753,1.753,880
1754,1.754,880
1755,1.755,879
1756,1.756,877
1757,1.757,876
1758,1.758,875
1759,1.759,842
1760,1.76,870
1761,1.761,885
1762,1.762,885
1763,1.763,883
1764,1.764,895
1765,1.765,882
1766,1.766,881
1767,1.767,881
1768,1.768,880
1769,1.769,880
1770,1.77,869
1771,1.771,873
1772,1.772,870
1773,1.773,882
1774,1.774,880
1775,1.775,890
1776,1.776,869
1777,1.777,880
1778,1.778,892
1779,1.779,879
1780,1.78,880
1781,1.781,880
1782,1.782,905
1783,1.783,882
1784,1.784,884
1785,1.785,894
1786,1.786,886
1787,1.787,880
1788,1.788,887
1789,1.789,882
1790,1.79,874
1791,1.791,874
1792,1.792,863
1793,1.793,871
1794,1.794,867
1795,1.795,848
1796,1.796,887
1797,1.797,880
1798,1.798,880
1799,1.799,884
1800,1.8,880
1801,1.801,912
1802,1.802,882
1803,1.803,884
1804,1.804,880
1805,1.805,886
1806,1.806,895
1807,1.807,880
1808,1.808,880
1809,1.809,879
1810,1.81,877
1811,1.811,871
1812,1.812,869
1813,1.813,875
1814,1.814,870
1815,1.815,869
1816,1.816,880
1817,1.817,876
1818,1.818,877
1819,1.819,879
1820,1.82,895
1821,1.821,880
1822,1.822,881
1823,1.823,889
1824,1.824,883
1825,1.825,890
1826,1.826,893
1827,1.827,880
1828,1.828,880
1829,1.829,885
1830,1.83,880
1831,1.831,877
1832,1.832,880
1833,1.833,873
1834,1.834,871
1835,1.835,874
1836,1.836,880
1837,1.837,871
1838,1.838,874
1839,1.839,881
1840,1.84,892
1841,1.841,901
1842,1.842,894
1843,1.843,884
1844,1.844,889
1845,1.845,879
1846,1.846,887
1847,1.847,875
1848,1.848,889
1849,1.849,884
1850,1.85,870
1851,1.851,867
1852,1.852,879
1853,1.853,896
1854,1.854,874
1855,1.855,867
1856,1.856,880
1857,1.857,883
1858,1.858,896
1859,1.859,880
1860,1.86,893
1861,1.861,888
1862,1.862,887
1863,1.863,887
1864,1.864,896
1865,1.865,897
1866,1.866,880
1867,1.867,885
1868,1.868,877
1869,1.869,879
1870,1.87,880
1871,1.871,871
1872,1.872,880
1873,1.873,878
1874,1.874,870
1875,1.875,882
1876,1.876,886
1877,1.877,867
1878,1.878,881
1879,1.879,881
1880,1.88,886
1881,1.881,889
1882,1.882,887
1883,1.883,878
1884,1.884,897
1885,1.885,885
1886,1.886,878
1887,1.887,887
1888,1.888,885
1889,1.889,880
1890,1.89,881
1891,1.891,871
1892,1.892,877
1893,1.893,881
1894,1.894,874
1895,1.895,875
1896,1.896,874
1897,1.897,885
1898,1.898,880
1899,1.899,883
1900,1.9,881
1901,1.901,883
1902,1.902,885
1903,1.903,880
1904,1.904,881
1905,1.905,886
1906,1.906,884
1907,1.907,878
1908,1.908,893
1909,1.909,892
1910,1.91,880
1911,1.911,875
1912,1.912,880
1913,1.913,874
1914,1.914,869
1915,1.915,875
1916,1.916,877
1917,1.917,880
1918,1.918,880
1919,1.919,884
1920,1.92,881
1921,1.921,881
1922,1.922,895
1923,1.923,887
1924,1.924,893
1925,1.925,894
1926,1.926,883
1927,1.927,878
1928,1.928,880
1929,1.929,878
1930,1.93,880
1931,1.931,870
1932,1.932,867
1933,1.933,883
1934,1.934,874
1935,1.935,883
1936,1.936,891
1937,1.937,876
1938,1.938,874
1939,1.939,885
1940,1.94,878
1941,1.941,893
1942,1.942,880
1943,1.943,879
1944,1.944,884
1945,1.945,881
1946,1.946,877
1947,1.947,879
1948,1.948,894
1949,1.949,890
1950,1.95,874
1951,1.951,879
1952,1.952,876
1953,1.953,875
1954,1.954,863
1955,1.955,870
1956,1.956,880
1957,1.957,967
1958,1.958,877
1959,1.959,880
1960,1.96,893
1961,1.961,893
1962,1.962,889
1963,1.963,882
1964,1.964,894
1965,1.965,890
1966,1.966,880
1967,1.967,884
1968,1.968,875
1969,1.969,887
1970,1.97,874
1971,1.971,871
1972,1.972,870
1973,1.973,879
1974,1.974,875
1975,1.975,870
1976,1.976,871
1977,1.977,882
1978,1.978,880
1979,1.979,883
1980,1.98,807
1981,1.981,896
1982,1.982,885
1983,1.983,887
1984,1.984,892
1985,1.985,880
1986,1.986,889
1987,1.987,887
1988,1.988,883
1989,1.989,880
1990,1.99,886
1991,1.991,886
1992,1.992,880
1993,1.993,874
1994,1.994,880
1995,1.995,860
1996,1.996,871
1997,1.997,871
1998,1.998,877
1999,1.999,880
2000,2.0,889
2001,2.001,886
2002,2.002,892
2003,2.003,889
2004,2.004,887
2005,2.005,896
2006,2.006,883
2007,2.007,883
2008,2.008,890
2009,2.009,883
2010,2.01,880
2011,2.011,871
2012,2.012,871
2013,2.013,879
2014,2.014,869
2015,2.015,871
2016,2.016,881
2017,2.017,877
2018,2.018,878
2019,2.019,880
2020,2.02,880
2021,2.021,885
2022,2.022,877
2023,2.023,887
2024,2.024,896
2025,2.025,886
2026,2.026,886
2027,2.027,880
2028,2.028,880
2029,2.029,881
2030,2.03,878
2031,2.031,880
2032,2.032,871
2033,2.033,870
2034,2.034,863
2035,2.035,880
2036,2.036,871
2037,2.037,903
2038,2.038,880
2039,2.039,881
2040,2.04,939
2041,2.041,890
2042,2.042,891
2043,2.043,882
2044,2.044,889
2045,2.045,882
2046,2.046,886
2047,2.047,880
2048,2.048,889
2049,2.049,880
2050,2.05,881
2051,2.051,876
2052,2.052,877
2053,2.053,877
2054,2.054,880
2055,2.055,877
2056,2.056,875
2057,2.057,880
2058,2.058,877
2059,2.059,833
2060,2.06,881
2061,2.061,886
2062,2.062,882
2063,2.063,895
2064,2.064,894
2065,2.065,901
2066,2.066,880
2067,2.067,884
2068,2.068,882
2069,2.069,881
2070,2.07,886
2071,2.071,785
2072,2.072,873
2073,2.073,880
2074,2.074,871
2075,2.075,875
2076,2.076,879
2077,2.077,880
2078,2.078,883
2079,2.079,879
2080,2.08,884
2081,2.081,897
2082,2.082,880
2083,2.083,871
2084,2.084,882
2085,2.085,883
2086,2.086,894
2087,2.087,885
2088,2.088,890
2089,2.089,896
2090,2.09,877
2091,2.091,873
2092,2.092,885
2093,2.093,890
2094,2.094,872
2095,2.095,871
2096,2.096,878
2097,2.097,880
2098,2.098,878
2099,2.099,885
2100,2.1,883
2101,2.101,856
2102,2.102,894
2103,2.103,882
2104,2.104,876
2105,2.105,896
2106,2.106,885
2107,2.107,883
2108,2.108,883
2109,2.109,885
2110,2.11,881
2111,2.111,874
2112,2.112,876
2113,2.113,875
2114,2.114,878
2115,2.115,874
2116,2.116,880
2117,2.117,879
2118,2.118,895
2119,2.119,880
2120,2.12,880
2121,2.121,885
2122,2.122,895
2123,2.123,887
2124,2.124,893
2125,2.125,886
2126,2.126,891
2127,2.127,881
2128,2.128,881
2129,2.129,881
2130,2.13,880
2131,2.131,871
2132,2.132,881
2133,2.133,887
2134,2.134,867
2135,2.135,877
2136,2.136,874
2137,2.137,869
2138,2.138,877
2139,2.139,877
2140,2.14,880
2141,2.141,880
2142,2.142,882
2143,2.143,880
2144,2.144,883
2145,2.145,883
2146,2.146,886
2147,2.147,893
2148,2.148,867
2149,2.149,883
2150,2.15,847
2151,2.151,861
2152,2.152,858
2153,2.153,877
2154,2.154,880
2155,2.155,874
2156,2.156,879
2157,2.157,878
2158,2.158,874
2159,2.159,877
2160,2.16,880
2161,2.161,882
2162,2.162,887
2163,2.163,881
2164,2.164,884
2165,2.165,886
2166,2.166,880
2167,2.167,883
2168,2.168,891
2169,2.169,887
2170,2.17,880
2171,2.171,880
2172,2.172,869
2173,2.173,880
2174,2.174,867
2175,2.175,865
2176,2.176,878
2177,2.177,879
2178,2.178,868
2179,2.179,879
2180,2.18,880
2181,2.181,891
2182,2.182,885
2183,2.183,884
2184,2.184,880
2185,2.185,890
2186,2.186,883
2187,2.187,882
2188,2.188,881
2189,2.189,880
2190,2.19,880
2191,2.191,866
2192,2.192,880
2193,2.193,880
2194,2.194,871
2195,2.195,871
2196,2.196,878
2197,2.197,880
2198,2.198,880
2199,2.199,880
2200,2.2,881
2201,2.201,894
2202,2.202,926
2203,2.203,881
2204,2.204,880
2205,2.205,895
2206,2.206,892
2207,2.207,880
2208,2.208,877
2209,2.209,880
2210,2.21,880
2211,2.211,875
2212,2.212,865
2213,2.213,878
2214,2.214,875
2215,2.215,867
2216,2.216,880
2217,2.217,878
2218,2.218,877
2219,2.219,928
2220,2.22,876
2221,2.221,889
2222,2.222,880
2223,2.223,884
2224,2.224,891
2225,2.225,893
2226,2.226,882
2227,2.227,874
2228,2.228,879
2229,2.229,880
2230,2.23,878
2231,2.231,873
2232,2.232,879
2233,2.233,875
2234,2.234,869
2235,2.235,873
2236,2.236,865
2237,2.237,883
2238,2.238,867
2239,2.239,875
2240,2.24,872
2241,2.241,880
2242,2.242,837
2243,2.243,880
2244,2.244,883
2245,2.245,890
2246,2.246,887
2247,2.247,881
2248,2.248,882
2249,2.249,885
2250,2.25,876
2251,2.251,871
2252,2.252,877
2253,2.253,879
2254,2.254,875
2255,2.255,878
2256,2.256,870
2257,2.257,881
2258,2.258,881
2259,2.259,876
2260,2.26,880
2261,2.261,875
2262,2.262,891
2263,2.263,875
2264,2.264,880
2265,2.265,884
2266,2.266,881
2267,2.267,891
2268,2.268,882
2269,2.269,881
2270,2.27,880
2271,2.271,873
2272,2.272,858
2273,2.273,882
2274,2.274,869
2275,2.275,867
2276,2.276,866
2277,2.277,875
2278,2.278,879
2279,2.279,875
2280,2.28,883
2281,2.281,879
2282,2.282,894
2283,2.283,887
2284,2.284,894
2285,2.285,895
2286,2.286,880
2287,2.287,887
2288,2.288,880
2289,2.289,882
2290,2.29,910
2291,2.291,880
2292,2.292,871
2293,2.293,861
2294,2.294,865
2295,2.295,876
2296,2.296,868
2297,2.297,877
2298,2.298,880
2299,2.299,873
2300,2.3,877
2301,2.301,885
2302,2.302,884
2303,2.303,880
2304,2.304,884
2305,2.305,890
2306,2.306,887
2307,2.307,881
2308,2.308,880
2309,2.309,875
2310,2.31,875
2311,2.311,882
2312,2.312,882
2313,2.313,870
2314,2.314,874
2315,2.315,896
2316,2.316,879
2317,2.317,880
2318,2.318,868
2319,2.319,890
2320,2.32,891
2321,2.321,885
2322,2.322,874
2323,2.323,880
2324,2.324,894
2325,2.325,891
2326,2.326,882
2327,2.327,897
2328,2.328,885
2329,2.329,882
2330,2.33,885
2331,2.331,893
2332,2.332,883
2333,2.333,879
2334,2.334,880
2335,2.335,882
2336,2.336,878
2337,2.337,883
2338,2.338,897
2339,2.339,881
2340,2.34,877
2341,2.341,887
2342,2.342,886
2343,2.343,882
2344,2.344,920
2345,2.345,883
2346,2.346,886
2347,2.347,885
2348,2.348,883
2349,2.349,891
2350,2.35,883
2351,2.351,880
2352,2.352,877
2353,2.353,882
2354,2.354,879
2355,2.355,875
2356,2.356,883
2357,2.357,877
2358,2.358,882
2359,2.359,880
2360,2.36,883
2361,2.361,882
2362,2.362,892
2363,2.363,813
2364,2.364,879
2365,2.365,880
2366,2.366,867
2367,2.367,879
2368,2.368,887
2369,2.369,880
2370,2.37,878
2371,2.371,869
2372,2.372,871
2373,2.373,875
2374,2.374,878
2375,2.375,870
2376,2.376,880
2377,2.377,874
2378,2.378,875
2379,2.379,876
2380,2.38,884
2381,2.381,881
2382,2.382,880
2383,2.383,885
2384,2.384,883
2385,2.385,892
2386,2.386,880
2387,2.387,890
2388,2.388,880
2389,2.389,881
2390,2.39,880
2391,2.391,877
2392,2.392,878
2393,2.393,832
2394,2.394,874
2395,2.395,868
2396,2.396,871
2397,2.397,876
2398,2.398,877
2399,2.399,871
2400,2.4,883
2401,2.401,882
2402,2.402,889
2403,2.403,883
2404,2.404,883
2405,2.405,885
2406,2.406,881
2407,2.407,879
2408,2.408,889
2409,2.409,870
2410,2.41,890
2411,2.411,867
2412,2.412,882
2413,2.413,881
2414,2.414,879
2415,2.415,878
2416,2.416,895
2417,2.417,880
2418,2.418,880
2419,2.419,880
2420,2.42,875
2421,2.421,885
2422,2.422,882
2423,2.423,882
2424,2.424,880
2425,2.425,888
2426,2.426,882
2427,2.427,883
2428,2.428,882
2429,2.429,880
2430,2.43,880
2431,2.431,877
2432,2.432,877
2433,2.433,879
2434,2.434,878
2435,2.435,874
2436,2.436,880
2437,2.437,865
2438,2.438,886
2439,2.439,883
2440,2.44,895
2441,2.441,880
2442,2.442,903
2443,2.443,897
2444,2.444,885
2445,2.445,871
2446,2.446,879
2447,2.447,869
2448,2.448,867
2449,2.449,867
2450,2.45,855
2451,2.451,861
2452,2.452,855
2453,2.453,863
2454,2.454,893
2455,2.455,925
2456,2.456,960
2457,2.457,957
2458,2.458,955
2459,2.459,917
2460,2.46,855
2461,2.461,841
2462,2.462,835
2463,2.463,832
2464,2.464,882
2465,2.465,922
2466,2.466,914
2467,2.467,881
2468,2.468,864
2469,2.469,811
2470,2.47,767
2471,2.471,806
2472,2.472,821
2473,2.473,790
2474,2.474,824
2475,2.475,910
2476,2.476,964
2477,2.477,989
2478,2.478,973
2479,2.479,906
2480,2.48,835
2481,2.481,768
2482,2.482,750
2483,2.483,814
2484,2.484,881
2485,2.485,946
2486,2.486,976
2487,2.487,957
2488,2.488,928
2489,2.489,937
2490,2.49,879
2491,2.491,846
2492,2.492,851
2493,2.493,855
2494,2.494,833
2495,2.495,767
2496,2.496,782
2497,2.497,850
2498,2.498,910
2499,2.499,946
2500,2.5,957
2501,2.501,951
2502,2.502,915
2503,2.503,896
2504,2.504,911
2505,2.505,880
2506,2.506,847
2507,2.507,839
2508,2.508,833
2509,2.509,832
2510,2.51,784
2511,2.511,707
2512,2.512,723
2513,2.513,784
2514,2.514,816
2515,2.515,822
2516,2.516,891
2517,2.517,1008
2518,2.518,1014
2519,2.519,965
2520,2.52,1018
2521,2.521,1071
2522,2.522,1008
2523,2.523,934
2524,2.524,881
2525,2.525,892
2526,2.526,838
2527,2.527,861
2528,2.528,938
2529,2.529,974
2530,2.53,941
2531,2.531,889
2532,2.532,928
2533,2.533,976
2534,2.534,941
2535,2.535,898
2536,2.536,931
2537,2.537,901
2538,2.538,798
2539,2.539,733
2540,2.54,660
2541,2.541,647
2542,2.542,561
2543,2.543,694
2544,2.544,926
2545,2.545,1010
2546,2.546,1051
2547,2.547,1043
2548,2.548,1075
2549,2.549,1099
2550,2.55,1050
2551,2.551,960
2552,2.552,959
2553,2.553,977
2554,2.554,862
2555,2.555,814
2556,2.556,870
2557,2.557,791
2558,2.558,730
2559,2.559,836
2560,2.56,894
2561,2.561,756
2562,2.562,726
2563,2.563,827
2564,2.564,894
2565,2.565,854
2566,2.566,878
2567,2.567,993
2568,2.568,1047
2569,2.569,997
2570,2.57,1035
2571,2.571,1012
2572,2.572,880
2573,2.573,769
2574,2.574,762
2575,2.575,621
2576,2.576,614
2577,2.577,848
2578,2.578,989
2579,2.579,923
2580,2.58,1002
2581,2.581,994
2582,2.582,903
2583,2.583,898
2584,2.584,929
2585,2.585,906
2586,2.586,807
2587,2.587,817
2588,2.588,919
2589,2.589,1018
2590,2.59,959
2591,2.591,986
2592,2.592,1104
2593,2.593,1151
2594,2.594,1171
2595,2.595,1073
2596,2.596,701
2597,2.597,429
2598,2.598,671
2599,2.599,842
2600,2.6,791
2601,2.601,775
2602,2.602,775
2603,2.603,767
2604,2.604,775
2605,2.605,766
2606,2.606,848
2607,2.607,912
2608,2.608,899
2609,2.609,899
2610,2.61,930
2611,2.611,967
2612,2.612,971
2613,2.613,998
2614,2.614,999
2615,2.615,931
2616,2.616,854
2617,2.617,827
2618,2.618,823
2619,2.619,826
2620,2.62,990
2621,2.621,1075
2622,2.622,1014
2623,2.623,974
2624,2.624,784
2625,2.625,804
2626,2.626,913
2627,2.627,865
2628,2.628,837
2629,2.629,924
2630,2.63,1021
2631,2.631,956
2632,2.632,729
2633,2.633,695
2634,2.634,909
2635,2.635,946
2636,2.636,819
2637,2.637,848
2638,2.638,746
2639,2.639,823
2640,2.64,987
2641,2.641,951
2642,2.642,902
2643,2.643,965
2644,2.644,977
2645,2.645,911
2646,2.646,879
2647,2.647,815
2648,2.648,857
2649,2.649,820
2650,2.65,752
2651,2.651,759
2652,2.652,848
2653,2.653,977
2654,2.654,921
2655,2.655,887
2656,2.656,943
2657,2.657,1002
2658,2.658,962
2659,2.659,929
2660,2.66,925
2661,2.661,859
2662,2.662,806
2663,2.663,785
2664,2.664,773
2665,2.665,739
2666,2.666,743
2667,2.667,909
2668,2.668,985
2669,2.669,1037
2670,2.67,944
2671,2.671,925
2672,2.672,903
2673,2.673,986
2674,2.674,959
2675,2.675,884
2676,2.676,925
2677,2.677,838
2678,2.678,753
2679,2.679,784
2680,2.68,719
2681,2.681,752
2682,2.682,845
2683,2.683,847
2684,2.684,915
2685,2.685,975
2686,2.686,1147
2687,2.687,1093
2688,2.688,885
2689,2.689,784
2690,2.69,787
2691,2.691,853
2692,2.692,863
2693,2.693,883
2694,2.694,949
2695,2.695,902
2696,2.696,837
2697,2.697,868
2698,2.698,902
2699,2.699,917
2700,2.7,848
2701,2.701,808
2702,2.702,773
2703,2.703,854
2704,2.704,896
2705,2.705,960
2706,2.706,960
2707,2.707,898
2708,2.708,813
2709,2.709,835
2710,2.71,902
2711,2.711,944
2712,2.712,922
2713,2.713,912
2714,2.714,1041
2715,2.715,993
2716,2.716,896
2717,2.717,776
2718,2.718,708
2719,2.719,705
2720,2.72,739
2721,2.721,825
2722,2.722,891
2723,2.723,894
2724,2.724,1088
2725,2.725,1063
2726,2.726,945
2727,2.727,919
2728,2.728,896
2729,2.729,931
2730,2.73,903
2731,2.731,810
2732,2.732,752
2733,2.733,797
2734,2.734,1017
2735,2.735,1014
2736,2.736,802
2737,2.737,750
2738,2.738,816
2739,2.739,944
2740,2.74,1007
2741,2.741,1066
2742,2.742,983
2743,2.743,868
2744,2.744,842
2745,2.745,796
2746,2.746,759
2747,2.747,715
2748,2.748,816
2749,2.749,885
2750,2.75,851
2751,2.751,821
2752,2.752,912
2753,2.753,1104
2754,2.754,1102
2755,2.755,896
2756,2.756,901
2757,2.757,947
2758,2.758,926
2759,2.759,787
2760,2.76,624
2761,2.761,700
2762,2.762,912
2763,2.763,1035
2764,2.764,1046
2765,2.765,919
2766,2.766,743
2767,2.767,656
2768,2.768,800
2769,2.769,1020
2770,2.77,961
2771,2.771,938
2772,2.772,758
2773,2.773,760
2774,2.774,991
2775,2.775,955
2776,2.776,855
2777,2.777,864
2778,2.778,923
2779,2.779,896
2780,2.78,880
2781,2.781,919
2782,2.782,905
2783,2.783,866
2784,2.784,869
2785,2.785,869
2786,2.786,912
2787,2.787,951
2788,2.788,944
2789,2.789,908
2790,2.79,869
2791,2.791,825
2792,2.792,787
2793,2.793,761
2794,2.794,810
2795,2.795,911
2796,2.796,909
2797,2.797,904
2798,2.798,929
2799,2.799,960
2800,2.8,983
2801,2.801,1003
2802,2.802,935
2803,2.803,816
2804,2.804,605
2805,2.805,659
2806,2.806,893
2807,2.807,1105
2808,2.808,1266
2809,2.809,1152
2810,2.81,790
2811,2.811,560
2812,2.812,558
2813,2.813,759
2814,2.814,998
2815,2.815,1001
2816,2.816,895
2817,2.817,794
2818,2.818,700
2819,2.819,807
2820,2.82,930
2821,2.821,1007
2822,2.822,1054
2823,2.823,1013
2824,2.824,994
2825,2.825,971
2826,2.826,821
2827,2.827,683
2828,2.828,731
2829,2.829,1127
2830,2.83,1150
2831,2.831,994
2832,2.832,791
2833,2.833,995
2834,2.834,1046
2835,2.835,896
2836,2.836,879
2837,2.837,860
2838,2.838,855
2839,2.839,835
2840,2.84,785
2841,2.841,769
2842,2.842,817
2843,2.843,976
2844,2.844,1061
2845,2.845,1013
2846,2.846,784
2847,2.847,719
2848,2.848,704
2849,2.849,781
2850,2.85,854
2851,2.851,957
2852,2.852,829
2853,2.853,755
2854,2.854,886
2855,2.855,965
2856,2.856,947
2857,2.857,977
2858,2.858,1023
2859,2.859,977
2860,2.86,901
2861,2.861,965
2862,2.862,897
2863,2.863,785
2864,2.864,802
2865,2.865,848
2866,2.866,820
2867,2.867,907
2868,2.868,912
2869,2.869,917
2870,2.87,974
2871,2.871,957
2872,2.872,906
2873,2.873,816
2874,2.874,838
2875,2.875,880
2876,2.876,914
2877,2.877,891
2878,2.878,839
2879,2.879,811
2880,2.88,810
2881,2.881,848
2882,2.882,933
2883,2.883,886
2884,2.884,816
2885,2.885,897
2886,2.886,955
2887,2.887,960
2888,2.888,869
2889,2.889,853
2890,2.89,895
2891,2.891,862
2892,2.892,832
2893,2.893,861
2894,2.894,930
2895,2.895,971
2896,2.896,914
2897,2.897,874
2898,2.898,789
2899,2.899,765
2900,2.9,976
2901,2.901,990
2902,2.902,871
2903,2.903,804
2904,2.904,831
2905,2.905,844
2906,2.906,880
2907,2.907,848
2908,2.908,929
2909,2.909,897
2910,2.91,853
2911,2.911,843
2912,2.912,881
2913,2.913,1040
2914,2.914,886
2915,2.915,813
2916,2.916,859
2917,2.917,821
2918,2.918,816
2919,2.919,933
2920,2.92,891
2921,2.921,832
2922,2.922,934
2923,2.923,875
2924,2.924,896
2925,2.925,881
2926,2.926,983
2927,2.927,1015
2928,2.928,917
2929,2.929,880
2930,2.93,922
2931,2.931,917
2932,2.932,915
2933,2.933,877
2934,2.934,859
2935,2.935,769
2936,2.936,707
2937,2.937,760
2938,2.938,848
2939,2.939,912
2940,2.94,941
2941,2.941,945
2942,2.942,847
2943,2.943,803
2944,2.944,851
2945,2.945,895
2946,2.946,991
2947,2.947,1013
2948,2.948,854
2949,2.949,834
2950,2.95,830
2951,2.951,794
2952,2.952,845
2953,2.953,893
2954,2.954,909
2955,2.955,1023
2956,2.956,1090
2957,2.957,978
2958,2.958,781
2959,2.959,711
2960,2.96,826
2961,2.961,875
2962,2.962,912
2963,2.963,977
2964,2.964,977
2965,2.965,946
2966,2.966,880
2967,2.967,849
2968,2.968,853
2969,2.969,820
2970,2.97,815
2971,2.971,811
2972,2.972,804
2973,2.973,826
2974,2.974,846
2975,2.975,861
2976,2.976,795
2977,2.977,818
2978,2.978,947
2979,2.979,995
2980,2.98,990
2981,2.981,863
2982,2.982,869
2983,2.983,967
2984,2.984,1078
2985,2.985,883
2986,2.986,753
2987,2.987,1113
2988,2.988,1247
2989,2.989,963
2990,2.99,783
2991,2.991,715
2992,2.992,806
2993,2.993,803
2994,2.994,796
2995,2.995,902
2996,2.996,960
2997,2.997,949
2998,2.998,814
2999,2.999,726
3000,3.0,798
3001,3.001,849
3002,3.002,872
3003,3.003,863
3004,3.004,751
3005,3.005,801
3006,3.006,859
3007,3.007,801
3008,3.008,784
3009,3.009,911
3010,3.01,1008
3011,3.011,973
3012,3.012,912
3013,3.013,890
3014,3.014,850
3015,3.015,893
3016,3.016,871
3017,3.017,855
3018,3.018,816
3019,3.019,895
3020,3.02,965
3021,3.021,944
3022,3.022,878
3023,3.023,912
3024,3.024,1023
3025,3.025,986
3026,3.026,873
3027,3.027,766
3028,3.028,829
3029,3.029,851
3030,3.03,826
3031,3.031,811
3032,3.032,803
3033,3.033,842
3034,3.034,915
3035,3.035,964
3036,3.036,989
3037,3.037,912
3038,3.038,843
3039,3.039,843
3040,3.04,845
3041,3.041,887
3042,3.042,886
3043,3.043,887
3044,3.044,881
3045,3.045,891
3046,3.046,864
3047,3.047,850
3048,3.048,880
3049,3.049,859
3050,3.05,776
3051,3.051,754
3052,3.052,769
3053,3.053,892
3054,3.054,990
3055,3.055,1042
3056,3.056,982
3057,3.057,941
3058,3.058,875
3059,3.059,877
3060,3.06,882
3061,3.061,878
3062,3.062,847
3063,3.063,839
3064,3.064,928
3065,3.065,937
3066,3.066,944
3067,3.067,890
3068,3.068,801
3069,3.069,829
3070,3.07,913
3071,3.071,923
3072,3.072,806
3073,3.073,803
3074,3.074,848
3075,3.075,825
3076,3.076,877
3077,3.077,906
3078,3.078,953
3079,3.079,955
3080,3.08,843
3081,3.081,738
3082,3.082,826
3083,3.083,976
3084,3.084,960
3085,3.085,915
3086,3.086,832
3087,3.087,797
3088,3.088,710
3089,3.089,756
3090,3.09,956
3091,3.091,989
3092,3.092,912
3093,3.093,846
3094,3.094,885
3095,3.095,974
3096,3.096,941
3097,3.097,877
3098,3.098,785
3099,3.099,757
3100,3.1,884
3101,3.101,1003
3102,3.102,1044
3103,3.103,881
3104,3.104,826
3105,3.105,880
3106,3.106,815
3107,3.107,714
3108,3.108,816
3109,3.109,961
3110,3.11,1031
3111,3.111,994
3112,3.112,945
3113,3.113,923
3114,3.114,893
3115,3.115,883
3116,3.116,865
3117,3.117,833
3118,3.118,816
3119,3.119,802
3120,3.12,906
3121,3.121,934
3122,3.122,912
3123,3.123,838
3124,3.124,777
3125,3.125,877
3126,3.126,927
3127,3.127,907
3128,3.128,880
3129,3.129,883
3130,3.13,844
3131,3.131,839
3132,3.132,944
3133,3.133,939
3134,3.134,807
3135,3.135,789
3136,3.136,857
3137,3.137,942
3138,3.138,924
3139,3.139,859
3140,3.14,753
3141,3.141,845
3142,3.142,922
3143,3.143,929
3144,3.144,977
3145,3.145,919
3146,3.146,899
3147,3.147,902
3148,3.148,850
3149,3.149,902
3150,3.15,883
3151,3.151,821
3152,3.152,877
3153,3.153,896
3154,3.154,901
3155,3.155,891
3156,3.156,816
3157,3.157,771
3158,3.158,846
3159,3.159,877
3160,3.16,966
3161,3.161,1023
3162,3.162,929
3163,3.163,755
3164,3.164,747
3165,3.165,902
3166,3.166,880
3167,3.167,922
3168,3.168,963
3169,3.169,881
3170,3.17,816
3171,3.171,896
3172,3.172,900
3173,3.173,820
3174,3.174,782
3175,3.175,780
3176,3.176,717
3177,3.177,709
3178,3.178,830
3179,3.179,919
3180,3.18,961
3181,3.181,1023
3182,3.182,1094
3183,3.183,1073
3184,3.184,1017
3185,3.185,938
3186,3.186,880
3187,3.187,806
3188,3.188,812
3189,3.189,815
3190,3.19,813
3191,3.191,870
3192,3.192,896
3193,3.193,918
3194,3.194,778
3195,3.195,652
3196,3.196,772
3197,3.197,978
3198,3.198,1044
3199,3.199,893
3200,3.2,812
3201,3.201,925
3202,3.202,889
3203,3.203,871
3204,3.204,906
3205,3.205,871
3206,3.206,850
3207,3.207,832
3208,3.208,929
3209,3.209,951
3210,3.21,957
3211,3.211,898
3212,3.212,787
3213,3.213,741
3214,3.214,895
3215,3.215,1030
3216,3.216,1055
3217,3.217,943
3218,3.218,866
3219,3.219,831
3220,3.22,845
3221,3.221,823
3222,3.222,761
3223,3.223,849
3224,3.224,965
3225,3.225,981
3226,3.226,957
3227,3.227,859
3228,3.228,880
3229,3.229,929
3230,3.23,894
3231,3.231,803
3232,3.232,819
3233,3.233,955
3234,3.234,818
3235,3.235,848
3236,3.236,816
3237,3.237,865
3238,3.238,891
3239,3.239,898
3240,3.24,881
3241,3.241,939
3242,3.242,848
3243,3.243,846
3244,3.244,863
3245,3.245,911
3246,3.246,807
3247,3.247,721
3248,3.248,810
3249,3.249,949
3250,3.25,1055
3251,3.251,944
3252,3.252,907
3253,3.253,829
3254,3.254,831
3255,3.255,903
3256,3.256,943
3257,3.257,918
3258,3.258,900
3259,3.259,864
3260,3.26,880
3261,3.261,942
3262,3.262,944
3263,3.263,924
3264,3.264,866
3265,3.265,801
3266,3.266,784
3267,3.267,802
3268,3.268,848
3269,3.269,902
3270,3.27,901
3271,3.271,927
3272,3.272,848
3273,3.273,818
3274,3.274,892
3275,3.275,943
3276,3.276,910
3277,3.277,892
3278,3.278,876
3279,3.279,882
3280,3.28,922
3281,3.281,929
3282,3.282,890
3283,3.283,870
3284,3.284,870
3285,3.285,899
3286,3.286,1002
3287,3.287,992
3288,3.288,892
3289,3.289,720
3290,3.29,720
3291,3.291,849
3292,3.292,890
3293,3.293,790
3294,3.294,800
3295,3.295,811
3296,3.296,822
3297,3.297,915
3298,3.298,986
3299,3.299,942
3300,3.3,903
3301,3.301,855
3302,3.302,846
3303,3.303,898
3304,3.304,912
3305,3.305,880
3306,3.306,887
3307,3.307,899
3308,3.308,927
3309,3.309,890
3310,3.31,833
3311,3.311,819
3312,3.312,848
3313,3.313,869
3314,3.314,849
3315,3.315,902
3316,3.316,898
3317,3.317,880
3318,3.318,877
3319,3.319,909
3320,3.32,898
3321,3.321,850
3322,3.322,902
3323,3.323,896
3324,3.324,919
3325,3.325,929
3326,3.326,914
3327,3.327,871
3328,3.328,813
3329,3.329,804
3330,3.33,831
3331,3.331,880
3332,3.332,949
3333,3.333,878
3334,3.334,832
3335,3.335,871
3336,3.336,927
3337,3.337,941
3338,3.338,839
3339,3.339,836
3340,3.34,861
3341,3.341,873
3342,3.342,879
3343,3.343,881
3344,3.344,875
3345,3.345,857
3346,3.346,873
3347,3.347,939
3348,3.348,901
3349,3.349,875
3350,3.35,889
3351,3.351,909
3352,3.352,941
3353,3.353,923
3354,3.354,837
3355,3.355,779
3356,3.356,807
3357,3.357,860
3358,3.358,889
3359,3.359,930
3360,3.36,907
3361,3.361,876
3362,3.362,817
3363,3.363,842
3364,3.364,940
3365,3.365,953
3366,3.366,931
3367,3.367,877
3368,3.368,848
3369,3.369,887
3370,3.37,977
3371,3.371,937
3372,3.372,880
3373,3.373,815
3374,3.374,853
3375,3.375,832
3376,3.376,734
3377,3.377,832
3378,3.378,949
3379,3.379,913
3380,3.38,862
3381,3.381,880
3382,3.382,911
3383,3.383,899
3384,3.384,880
3385,3.385,862
3386,3.386,890
3387,3.387,872
3388,3.388,896
3389,3.389,897
3390,3.39,875
3391,3.391,849
3392,3.392,843
3393,3.393,829
3394,3.394,913
3395,3.395,1019
3396,3.396,961
3397,3.397,810
3398,3.398,848
3399,3.399,879
3400,3.4,816
3401,3.401,889
3402,3.402,939
3403,3.403,913
3404,3.404,924
3405,3.405,838
3406,3.406,861
3407,3.407,870
3408,3.408,880
3409,3.409,930
3410,3.41,876
3411,3.411,891
3412,3.412,901
3413,3.413,871
3414,3.414,898
3415,3.415,870
3416,3.416,896
3417,3.417,884
3418,3.418,880
3419,3.419,863
3420,3.42,829
3421,3.421,877
3422,3.422,889
3423,3.423,854
3424,3.424,859
3425,3.425,878
3426,3.426,902
3427,3.427,929
3428,3.428,915
3429,3.429,933
3430,3.43,863
3431,3.431,848
3432,3.432,810
3433,3.433,848
3434,3.434,836
3435,3.435,847
3436,3.436,904
3437,3.437,902
3438,3.438,887
3439,3.439,888
3440,3.44,880
3441,3.441,891
3442,3.442,871
3443,3.443,832
3444,3.444,832
3445,3.445,852
3446,3.446,972
3447,3.447,959
3448,3.448,910
3449,3.449,905
3450,3.45,887
3451,3.451,845
3452,3.452,855
3453,3.453,903
3454,3.454,906
3455,3.455,867
3456,3.456,862
3457,3.457,877
3458,3.458,880
3459,3.459,880
3460,3.46,894
3461,3.461,878
3462,3.462,875
3463,3.463,885
3464,3.464,895
3465,3.465,911
3466,3.466,887
3467,3.467,863
3468,3.468,880
3469,3.469,942
3470,3.47,976
3471,3.471,961
3472,3.472,850
3473,3.473,714
3474,3.474,730
3475,3.475,810
3476,3.476,912
3477,3.477,995
3478,3.478,977
3479,3.479,918
3480,3.48,842
3481,3.481,827
3482,3.482,834
3483,3.483,848
3484,3.484,880
3485,3.485,891
3486,3.486,894
3487,3.487,880
3488,3.488,880
3489,3.489,880
3490,3.49,894
3491,3.491,874
3492,3.492,869
3493,3.493,912
3494,3.494,933
3495,3.495,937
3496,3.496,877
3497,3.497,819
3498,3.498,764
3499,3.499,816
3500,3.5,912
3501,3.501,947
3502,3.502,886
3503,3.503,880
3504,3.504,880
3505,3.505,858
3506,3.506,883
3507,3.507,890
3508,3.508,874
3509,3.509,879
3510,3.51,897
3511,3.511,906
3512,3.512,895
3513,3.513,865
3514,3.514,858
3515,3.515,859
3516,3.516,848
3517,3.517,837
3518,3.518,863
3519,3.519,949
3520,3.52,958
3521,3.521,882
3522,3.522,816
3523,3.523,862
3524,3.524,902
3525,3.525,865
3526,3.526,858
3527,3.527,880
3528,3.528,892
3529,3.529,917
3530,3.53,902
3531,3.531,889
3532,3.532,880
3533,3.533,880
3534,3.534,869
3535,3.535,874
3536,3.536,864
3537,3.537,868
3538,3.538,849
3539,3.539,853
3540,3.54,865
3541,3.541,896
3542,3.542,923
3543,3.543,864
3544,3.544,873
3545,3.545,860
3546,3.546,880
3547,3.547,911
3548,3.548,928
3549,3.549,902
3550,3.55,874
3551,3.551,847
3552,3.552,828
3553,3.553,923
3554,3.554,891
3555,3.555,905
3556,3.556,910
3557,3.557,862
3558,3.558,818
3559,3.559,866
3560,3.56,870
3561,3.561,874
3562,3.562,946
3563,3.563,984
3564,3.564,976
3565,3.565,848
3566,3.566,726
3567,3.567,735
3568,3.568,886
3569,3.569,1040
3570,3.57,965
3571,3.571,833
3572,3.572,853
3573,3.573,849
3574,3.574,860
3575,3.575,874
3576,3.576,851
3577,3.577,878
3578,3.578,875
3579,3.579,868
3580,3.58,873
3581,3.581,880
3582,3.582,881
3583,3.583,880
3584,3.584,880
3585,3.585,867
3586,3.586,851
3587,3.587,861
3588,3.588,895
3589,3.589,937
3590,3.59,913
3591,3.591,865
3592,3.592,867
3593,3.593,803
3594,3.594,843
3595,3.595,895
3596,3.596,873
3597,3.597,867
3598,3.598,874
3599,3.599,912
3600,3.6,928
3601,3.601,890
3602,3.602,880
3603,3.603,869
3604,3.604,880
3605,3.605,878
3606,3.606,888
3607,3.607,895
3608,3.608,893
3609,3.609,883
3610,3.61,874
3611,3.611,880
3612,3.612,895
3613,3.613,912
3614,3.614,882
3615,3.615,848
3616,3.616,798
3617,3.617,829
3618,3.618,879
3619,3.619,907
3620,3.62,899
3621,3.621,848
3622,3.622,865
3623,3.623,927
3624,3.624,922
3625,3.625,904
3626,3.626,925
3627,3.627,935
3628,3.628,925
3629,3.629,865
3630,3.63,786
3631,3.631,827
3632,3.632,833
3633,3.633,848
3634,3.634,858
3635,3.635,889
3636,3.636,933
3637,3.637,933
3638,3.638,896
3639,3.639,864
3640,3.64,784
3641,3.641,795
3642,3.642,793
3643,3.643,861
3644,3.644,938
3645,3.645,1003
3646,3.646,1031
3647,3.647,912
3648,3.648,817
3649,3.649,859
3650,3.65,871
3651,3.651,879
3652,3.652,866
3653,3.653,877
3654,3.654,899
3655,3.655,891
3656,3.656,884
3657,3.657,876
3658,3.658,871
3659,3.659,862
3660,3.66,879
3661,3.661,880
3662,3.662,875
3663,3.663,883
3664,3.664,882
3665,3.665,880
3666,3.666,875
3667,3.667,880
3668,3.668,899
3669,3.669,898
3670,3.67,875
3671,3.671,874
3672,3.672,881
3673,3.673,892
3674,3.674,884
3675,3.675,869
3676,3.676,880
3677,3.677,863
3678,3.678,855
3679,3.679,874
3680,3.68,886
3681,3.681,880
3682,3.682,893
3683,3.683,894
3684,3.684,889
3685,3.685,885
3686,3.686,874
3687,3.687,875
3688,3.688,883
3689,3.689,880
3690,3.69,882
3691,3.691,912
3692,3.692,883
3693,3.693,863
3694,3.694,861
3695,3.695,867
3696,3.696,845
3697,3.697,806
3698,3.698,864
3699,3.699,880
3700,3.7,875
3701,3.701,878
3702,3.702,893
3703,3.703,912
3704,3.704,891
3705,3.705,934
3706,3.706,928
3707,3.707,877
3708,3.708,886
3709,3.709,898
3710,3.71,900
3711,3.711,849
3712,3.712,860
3713,3.713,891
3714,3.714,884
3715,3.715,880
3716,3.716,866
3717,3.717,878
3718,3.718,875
3719,3.719,877
3720,3.72,880
3721,3.721,880
3722,3.722,896
3723,3.723,885
3724,3.724,878
3725,3.725,922
3726,3.726,960
3727,3.727,970
3728,3.728,900
3729,3.729,805
3730,3.73,814
3731,3.731,849
3732,3.732,876
3733,3.733,863
3734,3.734,835
3735,3.735,864
3736,3.736,864
3737,3.737,873
3738,3.738,834
3739,3.739,870
3740,3.74,878
3741,3.741,889
3742,3.742,882
3743,3.743,886
3744,3.744,887
3745,3.745,865
3746,3.746,863
3747,3.747,859
3748,3.748,878
3749,3.749,927
3750,3.75,918
3751,3.751,896
3752,3.752,879
3753,3.753,876
3754,3.754,875
3755,3.755,878
3756,3.756,877
3757,3.757,861
3758,3.758,849
3759,3.759,874
3760,3.76,878
3761,3.761,878
3762,3.762,879
3763,3.763,879
3764,3.764,880
3765,3.765,895
3766,3.766,885
3767,3.767,890
3768,3.768,880
3769,3.769,886
3770,3.77,880
3771,3.771,881
3772,3.772,880
3773,3.773,886
3774,3.774,877
3775,3.775,897
3776,3.776,881
3777,3.777,865
3778,3.778,870
3779,3.779,871
3780,3.78,862
3781,3.781,859
3782,3.782,849
3783,3.783,861
3784,3.784,859
3785,3.785,880
3786,3.786,915
3787,3.787,925
3788,3.788,913
3789,3.789,915
3790,3.79,898
3791,3.791,877
3792,3.792,880
3793,3.793,889
3794,3.794,889
3795,3.795,907
3796,3.796,930
3797,3.797,971
3798,3.798,893
3799,3.799,848
3800,3.8,835
3801,3.801,850
3802,3.802,897
3803,3.803,897
3804,3.804,768
3805,3.805,729
3806,3.806,787
3807,3.807,865
3808,3.808,884
3809,3.809,895
3810,3.81,957
3811,3.811,945
3812,3.812,896
3813,3.813,863
3814,3.814,837
3815,3.815,837
3816,3.816,906
3817,3.817,967
3818,3.818,963
3819,3.819,906
3820,3.82,819
3821,3.821,827
3822,3.822,894
3823,3.823,897
3824,3.824,848
3825,3.825,818
3826,3.826,827
3827,3.827,914
3828,3.828,985
3829,3.829,944
3830,3.83,896
3831,3.831,832
3832,3.832,838
3833,3.833,857
3834,3.834,849
3835,3.835,881
3836,3.836,912
3837,3.837,791
3838,3.838,854
3839,3.839,885
3840,3.84,925
3841,3.841,944
3842,3.842,880
3843,3.843,843
3844,3.844,844
3845,3.845,848
3846,3.846,880
3847,3.847,875
3848,3.848,875
3849,3.849,905
3850,3.85,880
3851,3.851,890
3852,3.852,960
3853,3.853,950
3854,3.854,866
3855,3.855,769
3856,3.856,726
3857,3.857,807
3858,3.858,854
3859,3.859,915
3860,3.86,925
3861,3.861,935
3862,3.862,944
3863,3.863,897
3864,3.864,887
3865,3.865,862
3866,3.866,838
3867,3.867,831
3868,3.868,767
3869,3.869,755
3870,3.87,770
3871,3.871,803
3872,3.872,832
3873,3.873,955
3874,3.874,1190
3875,3.875,1151
3876,3.876,1045
3877,3.877,923
3878,3.878,749
3879,3.879,798
3880,3.88,839
3881,3.881,871
3882,3.882,877
3883,3.883,821
3884,3.884,807
3885,3.885,851
3886,3.886,917
3887,3.887,981
3888,3.888,969
3889,3.889,945
3890,3.89,869
3891,3.891,845
3892,3.892,819
3893,3.893,877
3894,3.894,848
3895,3.895,830
3896,3.896,873
3897,3.897,935
3898,3.898,918
3899,3.899,846
3900,3.9,818
3901,3.901,851
3902,3.902,885
3903,3.903,947
3904,3.904,911
3905,3.905,866
3906,3.906,900
3907,3.907,924
3908,3.908,953
3909,3.909,910
3910,3.91,898
3911,3.911,828
3912,3.912,784
3913,3.913,807
3914,3.914,845
3915,3.915,870
3916,3.916,944
3917,3.917,951
3918,3.918,867
3919,3.919,847
3920,3.92,838
3921,3.921,855
3922,3.922,899
3923,3.923,903
3924,3.924,885
3925,3.925,844
3926,3.926,851
3927,3.927,880
3928,3.928,889
3929,3.929,885
3930,3.93,853
3931,3.931,912
3932,3.932,961
3933,3.933,961
3934,3.934,921
3935,3.935,877
3936,3.936,795
3937,3.937,746
3938,3.938,830
3939,3.939,896
3940,3.94,925
3941,3.941,921
3942,3.942,911
3943,3.943,900
3944,3.944,880
3945,3.945,870
3946,3.946,814
3947,3.947,834
3948,3.948,914
3949,3.949,890
3950,3.95,848
3951,3.951,814
3952,3.952,794
3953,3.953,864
3954,3.954,937
3955,3.955,938
3956,3.956,873
3957,3.957,879
3958,3.958,921
3959,3.959,909
3960,3.96,915
3961,3.961,892
3962,3.962,832
3963,3.963,835
3964,3.964,845
3965,3.965,899
3966,3.966,933
3967,3.967,907
3968,3.968,875
3969,3.969,881
3970,3.97,864
3971,3.971,832
3972,3.972,817
3973,3.973,842
3974,3.974,940
3975,3.975,972
3976,3.976,915
3977,3.977,881
3978,3.978,862
3979,3.979,827
3980,3.98,864
3981,3.981,915
3982,3.982,882
3983,3.983,868
3984,3.984,875
3985,3.985,879
3986,3.986,896
3987,3.987,896
3988,3.988,899
3989,3.989,929
3990,3.99,889
3991,3.991,887
3992,3.992,912
3993,3.993,854
3994,3.994,833
3995,3.995,803
3996,3.996,838
3997,3.997,832
3998,3.998,859
3999,3.999,941
4000,4.0,897
4001,4.001,866
4002,4.002,778
4003,4.003,757
4004,4.004,912
4005,4.005,979
4006,4.006,983
4007,4.007,947
4008,4.008,891
4009,4.009,893
4010,4.01,922
4011,4.011,921
4012,4.012,896
4013,4.013,886
4014,4.014,902
4015,4.015,882
4016,4.016,853
4017,4.017,845
4018,4.018,878
4019,4.019,914
4020,4.02,868
4021,4.021,854
4022,4.022,867
4023,4.023,846
4024,4.024,843
4025,4.025,823
4026,4.026,816
4027,4.027,912
4028,4.028,996
4029,4.029,1014
4030,4.03,929
4031,4.031,831
4032,4.032,849
4033,4.033,821
4034,4.034,865
4035,4.035,897
4036,4.036,874
4037,4.037,853
4038,4.038,830
4039,4.039,863
4040,4.04,891
4041,4.041,902
4042,4.042,894
4043,4.043,882
4044,4.044,875
4045,4.045,861
4046,4.046,853
4047,4.047,891
4048,4.048,976
4049,4.049,989
4050,4.05,944
4051,4.051,867
4052,4.052,779
4053,4.053,848
4054,4.054,951
4055,4.055,901
4056,4.056,843
4057,4.057,752
4058,4.058,748
4059,4.059,778
4060,4.06,895
4061,4.061,953
4062,4.062,948
4063,4.063,1008
4064,4.064,962
4065,4.065,882
4066,4.066,811
4067,4.067,786
4068,4.068,728
4069,4.069,831
4070,4.07,960
4071,4.071,975
4072,4.072,987
4073,4.073,986
4074,4.074,898
4075,4.075,880
4076,4.076,853
4077,4.077,864
4078,4.078,832
4079,4.079,816
4080,4.08,762
4081,4.081,675
4082,4.082,785
4083,4.083,947
4084,4.084,1088
4085,4.085,1086
4086,4.086,979
4087,4.087,906
4088,4.088,945
4089,4.089,991
4090,4.09,961
4091,4.091,873
4092,4.092,801
4093,4.093,807
4094,4.094,826
4095,4.095,838
4096,4.096,848
4097,4.097,859
4098,4.098,851
4099,4.099,903
4100,4.1,882
4101,4.101,773
4102,4.102,749
4103,4.103,834
4104,4.104,947
4105,4.105,979
4106,4.106,961
4107,4.107,861
4108,4.108,819
4109,4.109,854
4110,4.11,888
4111,4.111,898
4112,4.112,958
4113,4.113,933
4114,4.114,896
4115,4.115,886
4116,4.116,870
4117,4.117,871
4118,4.118,837
4119,4.119,793
4120,4.12,831
4121,4.121,885
4122,4.122,927
4123,4.123,880
4124,4.124,861
4125,4.125,894
4126,4.126,923
4127,4.127,862
4128,4.128,924
4129,4.129,909
4130,4.13,929
4131,4.131,937
4132,4.132,875
4133,4.133,822
4134,4.134,777
4135,4.135,786
4136,4.136,838
4137,4.137,907
4138,4.138,885
4139,4.139,810
4140,4.14,835
4141,4.141,877
4142,4.142,891
4143,4.143,892
4144,4.144,907
4145,4.145,938
4146,4.146,899
4147,4.147,916
4148,4.148,967
4149,4.149,1011
4150,4.15,973
4151,4.151,853
4152,4.152,799
4153,4.153,775
4154,4.154,782
4155,4.155,834
4156,4.156,901
4157,4.157,848
4158,4.158,893
4159,4.159,889
4160,4.16,916
4161,4.161,893
4162,4.162,947
4163,4.163,947
4164,4.164,930
4165,4.165,863
4166,4.166,827
4167,4.167,790
4168,4.168,816
4169,4.169,843
4170,4.17,880
4171,4.171,860
4172,4.172,848
4173,4.173,841
4174,4.174,831
4175,4.175,880
4176,4.176,975
4177,4.177,975
4178,4.178,944
4179,4.179,899
4180,4.18,823
4181,4.181,848
4182,4.182,866
4183,4.183,852
4184,4.184,895
4185,4.185,946
4186,4.186,941
4187,4.187,902
4188,4.188,848
4189,4.189,874
4190,4.19,847
4191,4.191,852
4192,4.192,823
4193,4.193,848
4194,4.194,880
4195,4.195,859
4196,4.196,826
4197,4.197,835
4198,4.198,899
4199,4.199,919
4200,4.2,907
4201,4.201,967
4202,4.202,912
4203,4.203,918
4204,4.204,870
4205,4.205,865
4206,4.206,863
4207,4.207,869
4208,4.208,883
4209,4.209,884
4210,4.21,908
4211,4.211,912
4212,4.212,883
4213,4.213,849
4214,4.214,886
4215,4.215,912
4216,4.216,883
4217,4.217,882
4218,4.218,884
4219,4.219,878
4220,4.22,906
4221,4.221,867
4222,4.222,842
4223,4.223,844
4224,4.224,847
4225,4.225,888
4226,4.226,910
4227,4.227,842
4228,4.228,869
4229,4.229,878
4230,4.23,833
4231,4.231,810
4232,4.232,848
4233,4.233,901
4234,4.234,998
4235,4.235,1008
4236,4.236,978
4237,4.237,900
4238,4.238,884
4239,4.239,815
4240,4.24,758
4241,4.241,745
4242,4.242,727
4243,4.243,829
4244,4.244,971
4245,4.245,1049
4246,4.246,1003
4247,4.247,944
4248,4.248,872
4249,4.249,853
4250,4.25,859
4251,4.251,773
4252,4.252,731
4253,4.253,798
4254,4.254,933
4255,4.255,976
4256,4.256,960
4257,4.257,848
4258,4.258,754
4259,4.259,909
4260,4.26,962
4261,4.261,971
4262,4.262,1015
4263,4.263,970
4264,4.264,836
4265,4.265,834
4266,4.266,835
4267,4.267,756
4268,4.268,930
4269,4.269,1081
4270,4.27,1037
4271,4.271,907
4272,4.272,791
4273,4.273,699
4274,4.274,743
4275,4.275,871
4276,4.276,941
4277,4.277,939
4278,4.278,902
4279,4.279,869
4280,4.28,771
4281,4.281,691
4282,4.282,773
4283,4.283,886
4284,4.284,976
4285,4.285,846
4286,4.286,795
4287,4.287,901
4288,4.288,977
4289,4.289,970
4290,4.29,830
4291,4.291,817
4292,4.292,876
4293,4.293,941
4294,4.294,967
4295,4.295,950
4296,4.296,933
4297,4.297,867
4298,4.298,860
4299,4.299,977
4300,4.3,969
4301,4.301,919
4302,4.302,875
4303,4.303,866
4304,4.304,880
4305,4.305,895
4306,4.306,889
4307,4.307,850
4308,4.308,885
4309,4.309,919
4310,4.31,895
4311,4.311,773
4312,4.312,802
4313,4.313,883
4314,4.314,873
4315,4.315,873
4316,4.316,877
4317,4.317,843
4318,4.318,752
4319,4.319,773
4320,4.32,806
4321,4.321,917
4322,4.322,1013
4323,4.323,891
4324,4.324,882
4325,4.325,905
4326,4.326,929
4327,4.327,939
4328,4.328,916
4329,4.329,869
4330,4.33,865
4331,4.331,826
4332,4.332,933
4333,4.333,990
4334,4.334,943
4335,4.335,905
4336,4.336,927
4337,4.337,847
4338,4.338,893
4339,4.339,819
4340,4.34,715
4341,4.341,562
4342,4.342,769
4343,4.343,1039
4344,4.344,1083
4345,4.345,929
4346,4.346,867
4347,4.347,878
4348,4.348,865
4349,4.349,830
4350,4.35,826
4351,4.351,897
4352,4.352,873
4353,4.353,884
4354,4.354,945
4355,4.355,978
4356,4.356,896
4357,4.357,879
4358,4.358,857
4359,4.359,919
4360,4.36,914
4361,4.361,851
4362,4.362,848
4363,4.363,841
4364,4.364,902
4365,4.365,894
4366,4.366,825
4367,4.367,843
4368,4.368,882
4369,4.369,1043
4370,4.37,929
4371,4.371,814
4372,4.372,838
4373,4.373,889
4374,4.374,905
4375,4.375,911
4376,4.376,875
4377,4.377,883
4378,4.378,869
4379,4.379,823
4380,4.38,832
4381,4.381,893
4382,4.382,890
4383,4.383,921
4384,4.384,960
4385,4.385,870
4386,4.386,832
4387,4.387,865
4388,4.388,899
4389,4.389,882
4390,4.39,851
4391,4.391,875
4392,4.392,864
4393,4.393,802
4394,4.394,798
4395,4.395,887
4396,4.396,955
4397,4.397,937
4398,4.398,911
4399,4.399,887
4400,4.4,894
4401,4.401,882
4402,4.402,880
4403,4.403,859
4404,4.404,839
4405,4.405,841
4406,4.406,831
4407,4.407,881
4408,4.408,931
4409,4.409,933
4410,4.41,941
4411,4.411,881
4412,4.412,889
4413,4.413,912
4414,4.414,905
4415,4.415,878
4416,4.416,839
4417,4.417,817
4418,4.418,817
4419,4.419,863
4420,4.42,873
4421,4.421,897
4422,4.422,911
4423,4.423,879
4424,4.424,848
4425,4.425,853
4426,4.426,867
4427,4.427,876
4428,4.428,896
4429,4.429,896
4430,4.43,983
4431,4.431,923
4432,4.432,890
4433,4.433,889
4434,4.434,943
4435,4.435,923
4436,4.436,915
4437,4.437,875
4438,4.438,829
4439,4.439,816
4440,4.44,895
4441,4.441,862
4442,4.442,854
4443,4.443,864
4444,4.444,848
4445,4.445,894
4446,4.446,907
4447,4.447,822
4448,4.448,880
4449,4.449,912
4450,4.45,863
4451,4.451,803
4452,4.452,802
4453,4.453,854
4454,4.454,914
4455,4.455,919
4456,4.456,935
4457,4.457,853
4458,4.458,861
4459,4.459,857
4460,4.46,814
4461,4.461,857
4462,4.462,953
4463,4.463,1007
4464,4.464,901
4465,4.465,823
4466,4.466,826
4467,4.467,895
4468,4.468,943
4469,4.469,869
4470,4.47,802
4471,4.471,822
4472,4.472,879
4473,4.473,890
4474,4.474,937
4475,4.475,896
4476,4.476,911
4477,4.477,897
4478,4.478,899
4479,4.479,823
4480,4.48,747
4481,4.481,816
4482,4.482,925
4483,4.483,912
4484,4.484,925
4485,4.485,858
4486,4.486,891
4487,4.487,935
4488,4.488,866
4489,4.489,854
4490,4.49,954
4491,4.491,949
4492,4.492,858
4493,4.493,818
4494,4.494,752
4495,4.495,848
4496,4.496,912
4497,4.497,960
4498,4.498,954
4499,4.499,867
4500,4.5,889
4501,4.501,894
4502,4.502,885
4503,4.503,836
4504,4.504,908
4505,4.505,929
4506,4.506,896
4507,4.507,882
4508,4.508,848
4509,4.509,859
4510,4.51,863
4511,4.511,848
4512,4.512,883
4513,4.513,869
4514,4.514,880
4515,4.515,912
4516,4.516,947
4517,4.517,964
4518,4.518,856
4519,4.519,865
4520,4.52,875
4521,4.521,863
4522,4.522,826
4523,4.523,829
4524,4.524,890
4525,4.525,893
4526,4.526,784
4527,4.527,811
4528,4.528,851
4529,4.529,907
4530,4.53,929
4531,4.531,895
4532,4.532,843
4533,4.533,883
4534,4.534,948
4535,4.535,902
4536,4.536,857
4537,4.537,803
4538,4.538,870
4539,4.539,917
4540,4.54,947
4541,4.541,895
4542,4.542,802
4543,4.543,809
4544,4.544,928
4545,4.545,893
4546,4.546,880
4547,4.547,832
4548,4.548,829
4549,4.549,883
4550,4.55,939
4551,4.551,873
4552,4.552,890
4553,4.553,900
4554,4.554,928
4555,4.555,951
4556,4.556,842
4557,4.557,799
4558,4.558,832
4559,4.559,903
4560,4.56,912
4561,4.561,854
4562,4.562,885
4563,4.563,891
4564,4.564,909
4565,4.565,896
4566,4.566,879
4567,4.567,877
4568,4.568,886
4569,4.569,879
4570,4.57,880
4571,4.571,866
4572,4.572,818
4573,4.573,781
4574,4.574,793
4575,4.575,901
4576,4.576,967
4577,4.577,941
4578,4.578,913
4579,4.579,901
4580,4.58,944
4581,4.581,902
4582,4.582,819
4583,4.583,770
4584,4.584,810
4585,4.585,850
4586,4.586,851
4587,4.587,993
4588,4.588,958
4589,4.589,924
4590,4.59,867
4591,4.591,820
4592,4.592,878
4593,4.593,891
4594,4.594,911
4595,4.595,951
4596,4.596,886
4597,4.597,838
4598,4.598,882
4599,4.599,901
4600,4.6,896
4601,4.601,925
4602,4.602,942
4603,4.603,942
4604,4.604,880
4605,4.605,790
4606,4.606,850
4607,4.607,842
4608,4.608,823
4609,4.609,757
4610,4.61,846
4611,4.611,906
4612,4.612,948
4613,4.613,910
4614,4.614,794
4615,4.615,784
4616,4.616,892
4617,4.617,938
4618,4.618,895
4619,4.619,859
4620,4.62,880
4621,4.621,907
4622,4.622,912
4623,4.623,889
4624,4.624,883
4625,4.625,863
4626,4.626,861
4627,4.627,847
4628,4.628,874
4629,4.629,947
4630,4.63,989
4631,4.631,976
4632,4.632,889
4633,4.633,784
4634,4.634,764
4635,4.635,890
4636,4.636,946
4637,4.637,896
4638,4.638,913
4639,4.639,951
4640,4.64,829
4641,4.641,838
4642,4.642,878
4643,4.643,880
4644,4.644,882
4645,4.645,871
4646,4.646,805
4647,4.647,819
4648,4.648,830
4649,4.649,903
4650,4.65,961
4651,4.651,960
4652,4.652,832
4653,4.653,838
4654,4.654,1001
4655,4.655,1008
4656,4.656,905
4657,4.657,858
4658,4.658,813
4659,4.659,787
4660,4.66,784
4661,4.661,887
4662,4.662,928
4663,4.663,884
4664,4.664,803
4665,4.665,802
4666,4.666,880
4667,4.667,962
4668,4.668,912
4669,4.669,838
4670,4.67,880
4671,4.671,866
4672,4.672,934
4673,4.673,934
4674,4.674,1037
4675,4.675,907
4676,4.676,774
4677,4.677,795
4678,4.678,762
4679,4.679,807
4680,4.68,870
4681,4.681,975
4682,4.682,1040
4683,4.683,927
4684,4.684,867
4685,4.685,860
4686,4.686,905
4687,4.687,925
4688,4.688,952
4689,4.689,991
4690,4.69,976
4691,4.691,837
4692,4.692,795
4693,4.693,796
4694,4.694,816
4695,4.695,829
4696,4.696,867
4697,4.697,912
4698,4.698,882
4699,4.699,835
4700,4.7,825
4701,4.701,849
4702,4.702,866
4703,4.703,903
4704,4.704,908
4705,4.705,855
4706,4.706,871
4707,4.707,901
4708,4.708,930
4709,4.709,944
4710,4.71,958
4711,4.711,1023
4712,4.712,976
4713,4.713,756
4714,4.714,763
4715,4.715,789
4716,4.716,797
4717,4.717,862
4718,4.718,916
4719,4.719,960
4720,4.72,944
4721,4.721,879
4722,4.722,917
4723,4.723,894
4724,4.724,815
4725,4.725,842
4726,4.726,870
4727,4.727,876
4728,4.728,880
4729,4.729,903
4730,4.73,951
4731,4.731,892
4732,4.732,864
4733,4.733,907
4734,4.734,803
4735,4.735,781
4736,4.736,879
4737,4.737,955
4738,4.738,986
4739,4.739,887
4740,4.74,880
4741,4.741,898
4742,4.742,835
4743,4.743,803
4744,4.744,850
4745,4.745,934
4746,4.746,987
4747,4.747,970
4748,4.748,876
4749,4.749,880
4750,4.75,947
4751,4.751,879
4752,4.752,739
4753,4.753,784
4754,4.754,902
4755,4.755,944
4756,4.756,850
4757,4.757,730
4758,4.758,821
4759,4.759,791
4760,4.76,877
4761,4.761,974
4762,4.762,977
4763,4.763,918
4764,4.764,912
4765,4.765,905
4766,4.766,848
4767,4.767,869
4768,4.768,887
4769,4.769,887
4770,4.77,875
4771,4.771,811
4772,4.772,887
4773,4.773,880
4774,4.774,834
4775,4.775,902
4776,4.776,947
4777,4.777,901
4778,4.778,852
4779,4.779,877
4780,4.78,915
4781,4.781,914
4782,4.782,832
4783,4.783,802
4784,4.784,848
4785,4.785,854
4786,4.786,801
4787,4.787,831
4788,4.788,969
4789,4.789,934
4790,4.79,857
4791,4.791,891
4792,4.792,1008
4793,4.793,1008
4794,4.794,893
4795,4.795,774
4796,4.796,752
4797,4.797,822
4798,4.798,972
4799,4.799,927
4800,4.8,866
4801,4.801,849
4802,4.802,891
4803,4.803,925
4804,4.804,883
4805,4.805,864
4806,4.806,861
4807,4.807,838
4808,4.808,861
4809,4.809,880
4810,4.81,845
4811,4.811,935
4812,4.812,891
4813,4.813,893
4814,4.814,884
4815,4.815,854
4816,4.816,831
4817,4.817,817
4818,4.818,874
4819,4.819,897
4820,4.82,901
4821,4.821,877
4822,4.822,874
4823,4.823,914
4824,4.824,916
4825,4.825,864
4826,4.826,879
4827,4.827,840
4828,4.828,842
4829,4.829,939
4830,4.83,966
4831,4.831,914
4832,4.832,820
4833,4.833,759
4834,4.834,893
4835,4.835,974
4836,4.836,891
4837,4.837,835
4838,4.838,861
4839,4.839,815
4840,4.84,793
4841,4.841,882
4842,4.842,976
4843,4.843,1052
4844,4.844,976
4845,4.845,918
4846,4.846,851
4847,4.847,827
4848,4.848,880
4849,4.849,878
4850,4.85,869
4851,4.851,837
4852,4.852,843
4853,4.853,871
4854,4.854,880
4855,4.855,879
4856,4.856,937
4857,4.857,958
4858,4.858,978
4859,4.859,944
4860,4.86,831
4861,4.861,790
4862,4.862,802
4863,4.863,857
4864,4.864,956
4865,4.865,899
4866,4.866,824
4867,4.867,807
4868,4.868,843
4869,4.869,863
4870,4.87,868
4871,4.871,863
4872,4.872,880
4873,4.873,887
4874,4.874,790
4875,4.875,678
4876,4.876,824
4877,4.877,1013
4878,4.878,1099
4879,4.879,981
4880,4.88,919
4881,4.881,886
4882,4.882,834
4883,4.883,839
4884,4.884,902
4885,4.885,930
4886,4.886,944
4887,4.887,930
4888,4.888,880
4889,4.889,858
4890,4.89,845
4891,4.891,857
4892,4.892,871
4893,4.893,884
4894,4.894,912
4895,4.895,884
4896,4.896,925
4897,4.897,895
4898,4.898,811
4899,4.899,823
4900,4.9,906
4901,4.901,848
4902,4.902,729
4903,4.903,747
4904,4.904,969
4905,4.905,1022
4906,4.906,999
4907,4.907,902
4908,4.908,845
4909,4.909,918
4910,4.91,912
4911,4.911,819
4912,4.912,793
4913,4.913,781
4914,4.914,861
4915,4.915,911
4916,4.916,851
4917,4.917,883
4918,4.918,834
4919,4.919,801
4920,4.92,781
4921,4.921,737
4922,4.922,807
4923,4.923,904
4924,4.924,961
4925,4.925,951
4926,4.926,1039
4927,4.927,1075
4928,4.928,974
4929,4.929,959
4930,4.93,891
4931,4.931,838
4932,4.932,841
4933,4.933,850
4934,4.934,879
4935,4.935,870
4936,4.936,848
4937,4.937,776
4938,4.938,719
4939,4.939,786
4940,4.94,976
4941,4.941,970
4942,4.942,951
4943,4.943,979
4944,4.944,977
4945,4.945,907
4946,4.946,842
4947,4.947,778
4948,4.948,861
4949,4.949,912
4950,4.95,945
4951,4.951,910
4952,4.952,865
4953,4.953,865
4954,4.954,859
4955,4.955,797
4956,4.956,772
4957,4.957,799
4958,4.958,851
4959,4.959,1007
4960,4.96,1031
4961,4.961,906
4962,4.962,869
4963,4.963,896
4964,4.964,886
4965,4.965,880
4966,4.966,887
4967,4.967,882
4968,4.968,854
4969,4.969,789
4970,4.97,865
4971,4.971,921
4972,4.972,896
4973,4.973,848
4974,4.974,911
4975,4.975,1013
4976,4.976,895
4977,4.977,847
4978,4.978,878
4979,4.979,834
4980,4.98,827
4981,4.981,857
4982,4.982,879
4983,4.983,851
4984,4.984,910
4985,4.985,833
4986,4.986,833
4987,4.987,832
4988,4.988,849
4989,4.989,911
4990,4.99,972
4991,4.991,931
4992,4.992,925
4993,4.993,883
4994,4.994,875
4995,4.995,801
4996,4.996,850
4997,4.997,925
4998,4.998,958
4999,4.999,915
5000,5.0,867
5001,5.001,862
5002,5.002,944
5003,5.003,932
5004,5.004,852
5005,5.005,819
5006,5.006,766
5007,5.007,784
5008,5.008,863
5009,5.009,927
5010,5.01,880
5011,5.011,853
5012,5.012,896
5013,5.013,945
5014,5.014,929
5015,5.015,931
5016,5.016,906
5017,5.017,874
5018,5.018,835
5019,5.019,791
5020,5.02,848
5021,5.021,925
5022,5.022,1010
5023,5.023,976
5024,5.024,895
5025,5.025,880
5026,5.026,832
5027,5.027,836
5028,5.028,833
5029,5.029,882
5030,5.03,931
5031,5.031,898
5032,5.032,880
5033,5.033,863
5034,5.034,902
5035,5.035,902
5036,5.036,882
5037,5.037,801
5038,5.038,764
5039,5.039,849
5040,5.04,912
5041,5.041,999
5042,5.042,863
5043,5.043,944
5044,5.044,999
5045,5.045,956
5046,5.046,887
5047,5.047,800
5048,5.048,790
5049,5.049,797
5050,5.05,784
5051,5.051,827
5052,5.052,832
5053,5.053,866
5054,5.054,885
5055,5.055,896
5056,5.056,941
5057,5.057,945
5058,5.058,900
5059,5.059,797
5060,5.06,773
5061,5.061,840
5062,5.062,892
5063,5.063,861
5064,5.064,866
5065,5.065,880
5066,5.066,964
5067,5.067,989
5068,5.068,907
5069,5.069,857
5070,5.07,862
5071,5.071,860
5072,5.072,866
5073,5.073,927
5074,5.074,945
5075,5.075,918
5076,5.076,827
5077,5.077,765
5078,5.078,847
5079,5.079,889
5080,5.08,847
5081,5.081,783
5082,5.082,911
5083,5.083,945
5084,5.084,1003
5085,5.085,1046
5086,5.086,944
5087,5.087,913
5088,5.088,912
5089,5.089,878
5090,5.09,842
5091,5.091,838
5092,5.092,908
5093,5.093,926
5094,5.094,832
5095,5.095,825
5096,5.096,866
5097,5.097,841
5098,5.098,858
5099,5.099,842
5100,5.1,797
5101,5.101,787
5102,5.102,759
5103,5.103,880
5104,5.104,1076
5105,5.105,1022
5106,5.106,891
5107,5.107,836
5108,5.108,827
5109,5.109,831
5110,5.11,896
5111,5.111,961
5112,5.112,912
5113,5.113,881
5114,5.114,879
5115,5.115,931
5116,5.116,863
5117,5.117,863
5118,5.118,877
5119,5.119,897
5120,5.12,867
5121,5.121,851
5122,5.122,794
5123,5.123,897
5124,5.124,861
5125,5.125,896
5126,5.126,964
5127,5.127,895
5128,5.128,877
5129,5.129,893
5130,5.13,848
5131,5.131,843
5132,5.132,859
5133,5.133,878
5134,5.134,811
5135,5.135,767
5136,5.136,765
5137,5.137,871
5138,5.138,944
5139,5.139,846
5140,5.14,866
5141,5.141,912
5142,5.142,1008
5143,5.143,922
5144,5.144,847
5145,5.145,867
5146,5.146,899
5147,5.147,927
5148,5.148,920
5149,5.149,823
5150,5.15,829
5151,5.151,899
5152,5.152,889
5153,5.153,883
5154,5.154,903
5155,5.155,902
5156,5.156,931
5157,5.157,862
5158,5.158,858
5159,5.159,853
5160,5.16,857
5161,5.161,889
5162,5.162,921
5163,5.163,886
5164,5.164,866
5165,5.165,880
5166,5.166,862
5167,5.167,895
5168,5.168,887
5169,5.169,816
5170,5.17,831
5171,5.171,859
5172,5.172,851
5173,5.173,863
5174,5.174,897
5175,5.175,851
5176,5.176,810
5177,5.177,806
5178,5.178,898
5179,5.179,1011
5180,5.18,985
5181,5.181,925
5182,5.182,912
5183,5.183,916
5184,5.184,881
5185,5.185,825
5186,5.186,850
5187,5.187,876
5188,5.188,871
5189,5.189,869
5190,5.19,890
5191,5.191,839
5192,5.192,846
5193,5.193,914
5194,5.194,925
5195,5.195,894
5196,5.196,901
5197,5.197,871
5198,5.198,864
5199,5.199,838
5200,5.2,821
5201,5.201,886
5202,5.202,944
5203,5.203,899
5204,5.204,857
5205,5.205,855
5206,5.206,902
5207,5.207,946
5208,5.208,887
5209,5.209,870
5210,5.21,886
5211,5.211,869
5212,5.212,878
5213,5.213,878
5214,5.214,882
5215,5.215,902
5216,5.216,891
5217,5.217,853
5218,5.218,849
5219,5.219,899
5220,5.22,903
5221,5.221,889
5222,5.222,834
5223,5.223,734
5224,5.224,770
5225,5.225,875
5226,5.226,986
5227,5.227,989
5228,5.228,927
5229,5.229,907
5230,5.23,969
5231,5.231,966
5232,5.232,912
5233,5.233,819
5234,5.234,751
5235,5.235,765
5236,5.236,768
5237,5.237,825
5238,5.238,883
5239,5.239,869
5240,5.24,912
5241,5.241,967
5242,5.242,912
5243,5.243,901
5244,5.244,906
5245,5.245,903
5246,5.246,850
5247,5.247,846
5248,5.248,915
5249,5.249,914
5250,5.25,890
5251,5.251,859
5252,5.252,881
5253,5.253,895
5254,5.254,935
5255,5.255,880
5256,5.256,816
5257,5.257,841
5258,5.258,883
5259,5.259,913
5260,5.26,939
5261,5.261,953
5262,5.262,889
5263,5.263,815
5264,5.264,813
5265,5.265,815
5266,5.266,885
5267,5.267,926
5268,5.268,914
5269,5.269,899
5270,5.27,847
5271,5.271,851
5272,5.272,909
5273,5.273,933
5274,5.274,928
5275,5.275,919
5276,5.276,871
5277,5.277,939
5278,5.278,895
5279,5.279,816
5280,5.28,821
5281,5.281,784
5282,5.282,839
5283,5.283,944
5284,5.284,995
5285,5.285,994
5286,5.286,962
5287,5.287,836
5288,5.288,849
5289,5.289,880
5290,5.29,844
5291,5.291,847
5292,5.292,848
5293,5.293,884
5294,5.294,946
5295,5.295,958
5296,5.296,909
5297,5.297,863
5298,5.298,833
5299,5.299,791
5300,5.3,742
5301,5.301,831
5302,5.302,899
5303,5.303,875
5304,5.304,752
5305,5.305,729
5306,5.306,883
5307,5.307,894
5308,5.308,861
5309,5.309,888
5310,5.31,898
5311,5.311,969
5312,5.312,1008
5313,5.313,965
5314,5.314,871
5315,5.315,835
5316,5.316,960
5317,5.317,965
5318,5.318,837
5319,5.319,816
5320,5.32,918
5321,5.321,976
5322,5.322,970
5323,5.323,860
5324,5.324,773
5325,5.325,777
5326,5.326,834
5327,5.327,880
5328,5.328,858
5329,5.329,865
5330,5.33,859
5331,5.331,838
5332,5.332,845
5333,5.333,899
5334,5.334,1023
5335,5.335,1082
5336,5.336,1040
5337,5.337,862
5338,5.338,687
5339,5.339,688
5340,5.34,797
5341,5.341,845
5342,5.342,871
5343,5.343,880
5344,5.344,849
5345,5.345,838
5346,5.346,858
5347,5.347,881
5348,5.348,923
5349,5.349,919
5350,5.35,912
5351,5.351,940
5352,5.352,943
5353,5.353,887
5354,5.354,848
5355,5.355,885
5356,5.356,907
5357,5.357,881
5358,5.358,950
5359,5.359,945
5360,5.36,878
5361,5.361,795
5362,5.362,817
5363,5.363,867
5364,5.364,841
5365,5.365,842
5366,5.366,875
5367,5.367,874
5368,5.368,863
5369,5.369,823
5370,5.37,834
5371,5.371,865
5372,5.372,864
5373,5.373,848
5374,5.374,881
5375,5.375,919
5376,5.376,937
5377,5.377,880
5378,5.378,841
5379,5.379,875
5380,5.38,851
5381,5.381,922
5382,5.382,907
5383,5.383,859
5384,5.384,880
5385,5.385,875
5386,5.386,912
5387,5.387,959
5388,5.388,987
5389,5.389,946
5390,5.39,895
5391,5.391,845
5392,5.392,816
5393,5.393,822
5394,5.394,833
5395,5.395,891
5396,5.396,944
5397,5.397,1015
5398,5.398,999
5399,5.399,897
5400,5.4,765
5401,5.401,714
5402,5.402,719
5403,5.403,863
5404,5.404,925
5405,5.405,897
5406,5.406,905
5407,5.407,853
5408,5.408,880
5409,5.409,879
5410,5.41,950
5411,5.411,960
5412,5.412,919
5413,5.413,880
5414,5.414,895
5415,5.415,930
5416,5.416,873
5417,5.417,742
5418,5.418,618
5419,5.419,704
5420,5.42,965
5421,5.421,1019
5422,5.422,961
5423,5.423,901
5424,5.424,853
5425,5.425,833
5426,5.426,858
5427,5.427,915
5428,5.428,960
5429,5.429,929
5430,5.43,894
5431,5.431,983
5432,5.432,1049
5433,5.433,1020
5434,5.434,890
5435,5.435,797
5436,5.436,748
5437,5.437,726
5438,5.438,784
5439,5.439,810
5440,5.44,799
5441,5.441,839
5442,5.442,963
5443,5.443,1032
5444,5.444,1052
5445,5.445,930
5446,5.446,770
5447,5.447,747
5448,5.448,813
5449,5.449,880
5450,5.45,827
5451,5.451,813
5452,5.452,849
5453,5.453,882
5454,5.454,919
5455,5.455,912
5456,5.456,944
5457,5.457,886
5458,5.458,923
5459,5.459,894
5460,5.46,874
5461,5.461,910
5462,5.462,922
5463,5.463,937
5464,5.464,902
5465,5.465,912
5466,5.466,809
5467,5.467,807
5468,5.468,768
5469,5.469,864
5470,5.47,1008
5471,5.471,1010
5472,5.472,958
5473,5.473,910
5474,5.474,969
5475,5.475,819
5476,5.476,747
5477,5.477,743
5478,5.478,798
5479,5.479,825
5480,5.48,759
5481,5.481,795
5482,5.482,909
5483,5.483,925
5484,5.484,877
5485,5.485,892
5486,5.486,929
5487,5.487,900
5488,5.488,907
5489,5.489,912
5490,5.49,855
5491,5.491,894
5492,5.492,915
5493,5.493,928
5494,5.494,893
5495,5.495,799
5496,5.496,833
5497,5.497,865
5498,5.498,874
5499,5.499,878
5500,5.5,881
5501,5.501,847
5502,5.502,832
5503,5.503,864
5504,5.504,879
5505,5.505,889
5506,5.506,883
5507,5.507,896
5508,5.508,919
5509,5.509,923
5510,5.51,883
5511,5.511,833
5512,5.512,862
5513,5.513,881
5514,5.514,899
5515,5.515,953
5516,5.516,1011
5517,5.517,1020
5518,5.518,979
5519,5.519,791
5520,5.52,731
5521,5.521,737
5522,5.522,752
5523,5.523,816
5524,5.524,912
5525,5.525,927
5526,5.526,906
5527,5.527,850
5528,5.528,850
5529,5.529,848
5530,5.53,873
5531,5.531,889
5532,5.532,909
5533,5.533,934
5534,5.534,957
5535,5.535,931
5536,5.536,881
5537,5.537,815
5538,5.538,890
5539,5.539,912
5540,5.54,851
5541,5.541,835
5542,5.542,773
5543,5.543,851
5544,5.544,869
5545,5.545,930
5546,5.546,1013
5547,5.547,1009
5548,5.548,906
5549,5.549,813
5550,5.55,737
5551,5.551,688
5552,5.552,839
5553,5.553,1023
5554,5.554,1008
5555,5.555,897
5556,5.556,837
5557,5.557,874
5558,5.558,858
5559,5.559,850
5560,5.56,847
5561,5.561,866
5562,5.562,880
5563,5.563,894
5564,5.564,944
5565,5.565,959
5566,5.566,912
5567,5.567,803
5568,5.568,831
5569,5.569,883
5570,5.57,863
5571,5.571,835
5572,5.572,937
5573,5.573,931
5574,5.574,931
5575,5.575,890
5576,5.576,875
5577,5.577,848
5578,5.578,842
5579,5.579,871
5580,5.58,895
5581,5.581,883
5582,5.582,843
5583,5.583,784
5584,5.584,832
5585,5.585,849
5586,5.586,881
5587,5.587,895
5588,5.588,915
5589,5.589,991
5590,5.59,976
5591,5.591,895
5592,5.592,830
5593,5.593,869
5594,5.594,919
5595,5.595,886
5596,5.596,948
5597,5.597,950
5598,5.598,941
5599,5.599,807
5600,5.6,823
5601,5.601,880
5602,5.602,819
5603,5.603,810
5604,5.604,755
5605,5.605,786
5606,5.606,835
5607,5.607,903
5608,5.608,956
5609,5.609,956
5610,5.61,911
5611,5.611,951
5612,5.612,1023
5613,5.613,943
5614,5.614,851
5615,5.615,849
5616,5.616,784
5617,5.617,797
5618,5.618,941
5619,5.619,939
5620,5.62,986
5621,5.621,897
5622,5.622,970
5623,5.623,880
5624,5.624,783
5625,5.625,783
5626,5.626,815
5627,5.627,865
5628,5.628,951
5629,5.629,979
5630,5.63,1005
5631,5.631,933
5632,5.632,848
5633,5.633,722
5634,5.634,763
5635,5.635,825
5636,5.636,825
5637,5.637,854
5638,5.638,870
5639,5.639,848
5640,5.64,802
5641,5.641,907
5642,5.642,974
5643,5.643,1014
5644,5.644,1013
5645,5.645,937
5646,5.646,848
5647,5.647,853
5648,5.648,752
5649,5.649,722
5650,5.65,822
5651,5.651,880
5652,5.652,895
5653,5.653,896
5654,5.654,935
5655,5.655,919
5656,5.656,902
5657,5.657,896
5658,5.658,907
5659,5.659,971
5660,5.66,962
5661,5.661,837
5662,5.662,802
5663,5.663,871
5664,5.664,919
5665,5.665,917
5666,5.666,846
5667,5.667,841
5668,5.668,798
5669,5.669,757
5670,5.67,855
5671,5.671,912
5672,5.672,903
5673,5.673,909
5674,5.674,917
5675,5.675,937
5676,5.676,926
5677,5.677,892
5678,5.678,816
5679,5.679,757
5680,5.68,802
5681,5.681,883
5682,5.682,937
5683,5.683,975
5684,5.684,882
5685,5.685,816
5686,5.686,785
5687,5.687,871
5688,5.688,1055
5689,5.689,1039
5690,5.69,896
5691,5.691,896
5692,5.692,971
5693,5.693,880
5694,5.694,720
5695,5.695,609
5696,5.696,832
5697,5.697,912
5698,5.698,895
5699,5.699,944
5700,5.7,963
5701,5.701,1008
5702,5.702,916
5703,5.703,748
5704,5.704,719
5705,5.705,828
5706,5.706,1045
5707,5.707,1079
5708,5.708,899
5709,5.709,671
5710,5.71,733
5711,5.711,807
5712,5.712,873
5713,5.713,928
5714,5.714,928
5715,5.715,881
5716,5.716,849
5717,5.717,816
5718,5.718,835
5719,5.719,858
5720,5.72,880
5721,5.721,919
5722,5.722,911
5723,5.723,918
5724,5.724,923
5725,5.725,990
5726,5.726,973
5727,5.727,858
5728,5.728,755
5729,5.729,743
5730,5.73,805
5731,5.731,884
5732,5.732,949
5733,5.733,947
5734,5.734,916
5735,5.735,903
5736,5.736,1008
5737,5.737,910
5738,5.738,890
5739,5.739,879
5740,5.74,891
5741,5.741,847
5742,5.742,829
5743,5.743,929
5744,5.744,922
5745,5.745,885
5746,5.746,788
5747,5.747,774
5748,5.748,899
5749,5.749,878
5750,5.75,866
5751,5.751,883
5752,5.752,906
5753,5.753,891
5754,5.754,829
5755,5.755,870
5756,5.756,907
5757,5.757,994
5758,5.758,991
5759,5.759,896
5760,5.76,759
5761,5.761,784
5762,5.762,813
5763,5.763,837
5764,5.764,862
5765,5.765,888
5766,5.766,893
5767,5.767,866
5768,5.768,784
5769,5.769,832
5770,5.77,922
5771,5.771,941
5772,5.772,917
5773,5.773,877
5774,5.774,901
5775,5.775,925
5776,5.776,946
5777,5.777,923
5778,5.778,903
5779,5.779,786
5780,5.78,926
5781,5.781,953
5782,5.782,864
5783,5.783,785
5784,5.784,778
5785,5.785,871
5786,5.786,887
5787,5.787,879
5788,5.788,869
5789,5.789,825
5790,5.79,875
5791,5.791,951
5792,5.792,947
5793,5.793,878
5794,5.794,823
5795,5.795,889
5796,5.796,881
5797,5.797,891
5798,5.798,843
5799,5.799,847
5800,5.8,827
5801,5.801,859
5802,5.802,919
5803,5.803,880
5804,5.804,875
5805,5.805,837
5806,5.806,822
5807,5.807,839
5808,5.808,915
5809,5.809,894
5810,5.81,842
5811,5.811,883
5812,5.812,906
5813,5.813,946
5814,5.814,924
5815,5.815,918
5816,5.816,880
5817,5.817,848
5818,5.818,866
5819,5.819,863
5820,5.82,838
5821,5.821,833
5822,5.822,862
5823,5.823,852
5824,5.824,856
5825,5.825,898
5826,5.826,894
5827,5.827,924
5828,5.828,927
5829,5.829,914
5830,5.83,910
5831,5.831,906
5832,5.832,896
5833,5.833,887
5834,5.834,885
5835,5.835,887
5836,5.836,869
5837,5.837,878
5838,5.838,847
5839,5.839,831
5840,5.84,866
5841,5.841,895
5842,5.842,907
5843,5.843,869
5844,5.844,857
5845,5.845,801
5846,5.846,823
5847,5.847,863
5848,5.848,942
5849,5.849,942
5850,5.85,880
5851,5.851,855
5852,5.852,862
5853,5.853,885
5854,5.854,926
5855,5.855,941
5856,5.856,899
5857,5.857,880
5858,5.858,853
5859,5.859,865
5860,5.86,848
5861,5.861,835
5862,5.862,842
5863,5.863,848
5864,5.864,879
5865,5.865,955
5866,5.866,1038
5867,5.867,1043
5868,5.868,998
5869,5.869,853
5870,5.87,751
5871,5.871,721
5872,5.872,832
5873,5.873,880
5874,5.874,897
5875,5.875,912
5876,5.876,875
5877,5.877,819
5878,5.878,829
5879,5.879,844
5880,5.88,842
5881,5.881,864
5882,5.882,831
5883,5.883,871
5884,5.884,898
5885,5.885,926
5886,5.886,922
5887,5.887,915
5888,5.888,906
5889,5.889,870
5890,5.89,834
5891,5.891,795
5892,5.892,835
5893,5.893,877
5894,5.894,912
5895,5.895,929
5896,5.896,902
5897,5.897,890
5898,5.898,886
5899,5.899,871
5900,5.9,883
5901,5.901,755
5902,5.902,880
5903,5.903,873
5904,5.904,850
5905,5.905,880
5906,5.906,915
5907,5.907,967
5908,5.908,944
5909,5.909,881
5910,5.91,808
5911,5.911,761
5912,5.912,801
5913,5.913,886
5914,5.914,943
5915,5.915,975
5916,5.916,1008
5917,5.917,976
5918,5.918,869
5919,5.919,768
5920,5.92,808
5921,5.921,807
5922,5.922,843
5923,5.923,840
5924,5.924,838
5925,5.925,830
5926,5.926,853
5927,5.927,991
5928,5.928,1042
5929,5.929,922
5930,5.93,848
5931,5.931,785
5932,5.932,826
5933,5.933,867
5934,5.934,815
5935,5.935,800
5936,5.936,896
5937,5.937,919
5938,5.938,841
5939,5.939,869
5940,5.94,688
5941,5.941,903
5942,5.942,891
5943,5.943,900
5944,5.944,853
5945,5.945,790
5946,5.946,863
5947,5.947,912
5948,5.948,914
5949,5.949,942
5950,5.95,933
5951,5.951,819
5952,5.952,816
5953,5.953,830
5954,5.954,895
5955,5.955,965
5956,5.956,945
5957,5.957,880
5958,5.958,863
5959,5.959,831
5960,5.96,817
5961,5.961,820
5962,5.962,852
5963,5.963,943
5964,5.964,1011
5965,5.965,1023
5966,5.966,990
5967,5.967,819
5968,5.968,805
5969,5.969,866
5970,5.97,915
5971,5.971,848
5972,5.972,769
5973,5.973,866
5974,5.974,878
5975,5.975,848
5976,5.976,871
5977,5.977,802
5978,5.978,774
5979,5.979,1041
5980,5.98,931
5981,5.981,943
5982,5.982,941
5983,5.983,943
5984,5.984,936
5985,5.985,848
5986,5.986,768
5987,5.987,853
5988,5.988,859
5989,5.989,903
5990,5.99,890
5991,5.991,848
5992,5.992,900
5993,5.993,860
5994,5.994,820
5995,5.995,882
5996,5.996,947
5997,5.997,963
5998,5.998,944
5999,5.999,912
6000,6.0,862
6001,6.001,877
6002,6.002,838
6003,6.003,853
6004,6.004,870
6005,6.005,922
6006,6.006,911
6007,6.007,842
6008,6.008,797
6009,6.009,848
6010,6.01,978
6011,6.011,961
6012,6.012,816
6013,6.013,678
6014,6.014,848
6015,6.015,820
6016,6.016,876
6017,6.017,970
6018,6.018,971
6019,6.019,855
6020,6.02,867
6021,6.021,834
6022,6.022,889
6023,6.023,911
6024,6.024,912
6025,6.025,848
6026,6.026,742
6027,6.027,813
6028,6.028,911
6029,6.029,935
6030,6.03,915
6031,6.031,873
6032,6.032,865
6033,6.033,903
6034,6.034,948
6035,6.035,973
6036,6.036,953
6037,6.037,861
6038,6.038,816
6039,6.039,847
6040,6.04,879
6041,6.041,843
6042,6.042,878
6043,6.043,945
6044,6.044,1009
6045,6.045,1009
6046,6.046,914
6047,6.047,848
6048,6.048,798
6049,6.049,771
6050,6.05,846
6051,6.051,883
6052,6.052,838
6053,6.053,771
6054,6.054,816
6055,6.055,929
6056,6.056,967
6057,6.057,954
6058,6.058,893
6059,6.059,946
6060,6.06,897
6061,6.061,851
6062,6.062,814
6063,6.063,845
6064,6.064,827
6065,6.065,771
6066,6.066,863
6067,6.067,944
6068,6.068,1050
6069,6.069,940
6070,6.07,849
6071,6.071,880
6072,6.072,917
6073,6.073,891
6074,6.074,861
6075,6.075,821
6076,6.076,842
6077,6.077,881
6078,6.078,907
6079,6.079,930
6080,6.08,923
6081,6.081,913
6082,6.082,848
6083,6.083,846
6084,6.084,912
6085,6.085,976
6086,6.086,931
6087,6.087,795
6088,6.088,703
6089,6.089,767
6090,6.09,855
6091,6.091,875
6092,6.092,894
6093,6.093,919
6094,6.094,893
6095,6.095,961
6096,6.096,1008
6097,6.097,929
6098,6.098,801
6099,6.099,746
6100,6.1,793
6101,6.101,898
6102,6.102,941
6103,6.103,931
6104,6.104,939
6105,6.105,882
6106,6.106,905
6107,6.107,925
6108,6.108,885
6109,6.109,798
6110,6.11,784
6111,6.111,832
6112,6.112,895
6113,6.113,913
6114,6.114,899
6115,6.115,915
6116,6.116,915
6117,6.117,922
6118,6.118,927
6119,6.119,867
6120,6.12,830
6121,6.121,810
6122,6.122,769
6123,6.123,789
6124,6.124,839
6125,6.125,991
6126,6.126,1079
6127,6.127,1023
6128,6.128,901
6129,6.129,906
6130,6.13,925
6131,6.131,912
6132,6.132,809
6133,6.133,803
6134,6.134,819
6135,6.135,860
6136,6.136,867
6137,6.137,862
6138,6.138,848
6139,6.139,880
6140,6.14,901
6141,6.141,851
6142,6.142,864
6143,6.143,893
6144,6.144,815
6145,6.145,789
6146,6.146,825
6147,6.147,847
6148,6.148,871
6149,6.149,943
6150,6.15,1006
6151,6.151,1036
6152,6.152,897
6153,6.153,821
6154,6.154,821
6155,6.155,826
6156,6.156,896
6157,6.157,922
6158,6.158,921
6159,6.159,912
6160,6.16,950
6161,6.161,935
6162,6.162,914
6163,6.163,882
6164,6.164,886
6165,6.165,865
6166,6.166,834
6167,6.167,847
6168,6.168,864
6169,6.169,820
6170,6.17,771
6171,6.171,794
6172,6.172,875
6173,6.173,912
6174,6.174,950
6175,6.175,897
6176,6.176,866
6177,6.177,865
6178,6.178,853
6179,6.179,846
6180,6.18,839
6181,6.181,866
6182,6.182,907
6183,6.183,969
6184,6.184,975
6185,6.185,898
6186,6.186,845
6187,6.187,854
6188,6.188,899
6189,6.189,867
6190,6.19,897
6191,6.191,851
6192,6.192,915
6193,6.193,930
6194,6.194,851
6195,6.195,829
6196,6.196,815
6197,6.197,920
6198,6.198,973
6199,6.199,896
6200,6.2,898
6201,6.201,891
6202,6.202,848
6203,6.203,808
6204,6.204,827
6205,6.205,874
6206,6.206,880
6207,6.207,901
6208,6.208,912
6209,6.209,878
6210,6.21,817
6211,6.211,819
6212,6.212,811
6213,6.213,817
6214,6.214,883
6215,6.215,961
6216,6.216,979
6217,6.217,939
6218,6.218,882
6219,6.219,957
6220,6.22,1046
6221,6.221,951
6222,6.222,798
6223,6.223,721
6224,6.224,784
6225,6.225,838
6226,6.226,870
6227,6.227,874
6228,6.228,862
6229,6.229,900
6230,6.23,895
6231,6.231,928
6232,6.232,973
6233,6.233,960
6234,6.234,896
6235,6.235,816
6236,6.236,802
6237,6.237,784
6238,6.238,832
6239,6.239,848
6240,6.24,865
6241,6.241,944
6242,6.242,976
6243,6.243,913
6244,6.244,817
6245,6.245,741
6246,6.246,751
6247,6.247,802
6248,6.248,869
6249,6.249,1005
6250,6.25,1070
6251,6.251,973
6252,6.252,865
6253,6.253,819
6254,6.254,855
6255,6.255,925
6256,6.256,933
6257,6.257,926
6258,6.258,893
6259,6.259,880
6260,6.26,855
6261,6.261,830
6262,6.262,864
6263,6.263,859
6264,6.264,878
6265,6.265,865
6266,6.266,842
6267,6.267,852
6268,6.268,861
6269,6.269,868
6270,6.27,912
6271,6.271,901
6272,6.272,929
6273,6.273,867
6274,6.274,878
6275,6.275,978
6276,6.276,855
6277,6.277,816
6278,6.278,800
6279,6.279,931
6280,6.28,991
6281,6.281,912
6282,6.282,831
6283,6.283,837
6284,6.284,874
6285,6.285,894
6286,6.286,937
6287,6.287,941
6288,6.288,880
6289,6.289,802
6290,6.29,844
6291,6.291,877
6292,6.292,818
6293,6.293,815
6294,6.294,851
6295,6.295,915
6296,6.296,959
6297,6.297,966
6298,6.298,914
6299,6.299,865
6300,6.3,914
6301,6.301,907
6302,6.302,862
6303,6.303,842
6304,6.304,879
6305,6.305,880
6306,6.306,861
6307,6.307,880
6308,6.308,880
6309,6.309,906
6310,6.31,901
6311,6.311,944
6312,6.312,843
6313,6.313,705
6314,6.314,769
6315,6.315,915
6316,6.316,882
6317,6.317,818
6318,6.318,879
6319,6.319,878
6320,6.32,894
6321,6.321,884
6322,6.322,917
6323,6.323,1015
6324,6.324,990
6325,6.325,907
6326,6.326,815
6327,6.327,768
6328,6.328,835
6329,6.329,908
6330,6.33,944
6331,6.331,923
6332,6.332,842
6333,6.333,879
6334,6.334,857
6335,6.335,859
6336,6.336,882
6337,6.337,875
6338,6.338,843
6339,6.339,862
6340,6.34,876
6341,6.341,864
6342,6.342,881
6343,6.343,906
6344,6.344,948
6345,6.345,957
6346,6.346,934
6347,6.347,839
6348,6.348,813
6349,6.349,855
6350,6.35,909
6351,6.351,930
6352,6.352,914
6353,6.353,894
6354,6.354,871
6355,6.355,839
6356,6.356,807
6357,6.357,821
6358,6.358,880
6359,6.359,884
6360,6.36,858
6361,6.361,879
6362,6.362,896
6363,6.363,851
6364,6.364,823
6365,6.365,827
6366,6.366,813
6367,6.367,850
6368,6.368,935
6369,6.369,966
6370,6.37,916
6371,6.371,884
6372,6.372,887
6373,6.373,930
6374,6.374,990
6375,6.375,929
6376,6.376,864
6377,6.377,892
6378,6.378,910
6379,6.379,869
6380,6.38,828
6381,6.381,802
6382,6.382,803
6383,6.383,867
6384,6.384,933
6385,6.385,955
6386,6.386,914
6387,6.387,818
6388,6.388,752
6389,6.389,829
6390,6.39,929
6391,6.391,881
6392,6.392,808
6393,6.393,869
6394,6.394,880
6395,6.395,998
6396,6.396,1038
6397,6.397,993
6398,6.398,937
6399,6.399,799
6400,6.4,819
6401,6.401,847
6402,6.402,859
6403,6.403,843
6404,6.404,866
6405,6.405,848
6406,6.406,842
6407,6.407,887
6408,6.408,877
6409,6.409,926
6410,6.41,848
6411,6.411,812
6412,6.412,846
6413,6.413,848
6414,6.414,893
6415,6.415,935
6416,6.416,928
6417,6.417,894
6418,6.418,902
6419,6.419,929
6420,6.42,959
6421,6.421,929
6422,6.422,857
6423,6.423,771
6424,6.424,807
6425,6.425,944
6426,6.426,986
6427,6.427,919
6428,6.428,771
6429,6.429,780
6430,6.43,899
6431,6.431,892
6432,6.432,853
6433,6.433,874
6434,6.434,889
6435,6.435,928
6436,6.436,931
6437,6.437,871
6438,6.438,864
6439,6.439,867
6440,6.44,880
6441,6.441,922
6442,6.442,893
6443,6.443,839
6444,6.444,846
6445,6.445,837
6446,6.446,844
6447,6.447,859
6448,6.448,892
6449,6.449,894
6450,6.45,867
6451,6.451,848
6452,6.452,817
6453,6.453,900
6454,6.454,935
6455,6.455,912
6456,6.456,878
6457,6.457,904
6458,6.458,949
6459,6.459,959
6460,6.46,894
6461,6.461,826
6462,6.462,835
6463,6.463,850
6464,6.464,839
6465,6.465,831
6466,6.466,871
6467,6.467,904
6468,6.468,894
6469,6.469,892
6470,6.47,885
6471,6.471,891
6472,6.472,899
6473,6.473,854
6474,6.474,826
6475,6.475,879
6476,6.476,894
6477,6.477,912
6478,6.478,896
6479,6.479,919
6480,6.48,944
6481,6.481,991
6482,6.482,1010
6483,6.483,841
6484,6.484,729
6485,6.485,774
6486,6.486,783
6487,6.487,805
6488,6.488,886
6489,6.489,960
6490,6.49,1008
6491,6.491,996
6492,6.492,913
6493,6.493,848
6494,6.494,816
6495,6.495,822
6496,6.496,839
6497,6.497,827
6498,6.498,821
6499,6.499,890
6500,6.5,890
6501,6.501,848
6502,6.502,777
6503,6.503,811
6504,6.504,879
6505,6.505,950
6506,6.506,961
6507,6.507,904
6508,6.508,918
6509,6.509,943
6510,6.51,973
6511,6.511,912
6512,6.512,857
6513,6.513,845
6514,6.514,898
6515,6.515,975
6516,6.516,906
6517,6.517,853
6518,6.518,746
6519,6.519,834
6520,6.52,845
6521,6.521,799
6522,6.522,820
6523,6.523,878
6524,6.524,908
6525,6.525,913
6526,6.526,922
6527,6.527,863
6528,6.528,873
6529,6.529,909
6530,6.53,875
6531,6.531,870
6532,6.532,882
6533,6.533,883
6534,6.534,921
6535,6.535,927
6536,6.536,891
6537,6.537,863
6538,6.538,868
6539,6.539,882
6540,6.54,883
6541,6.541,788
6542,6.542,839
6543,6.543,918
6544,6.544,937
6545,6.545,880
6546,6.546,774
6547,6.547,804
6548,6.548,869
6549,6.549,822
6550,6.55,793
6551,6.551,786
6552,6.552,921
6553,6.553,1034
6554,6.554,1101
6555,6.555,1021
6556,6.556,866
6557,6.557,797
6558,6.558,802
6559,6.559,885
6560,6.56,869
6561,6.561,871
6562,6.562,880
6563,6.563,880
6564,6.564,875
6565,6.565,869
6566,6.566,852
6567,6.567,873
6568,6.568,890
6569,6.569,890
6570,6.57,923
6571,6.571,982
6572,6.572,965
6573,6.573,907
6574,6.574,765
6575,6.575,783
6576,6.576,915
6577,6.577,955
6578,6.578,903
6579,6.579,707
6580,6.58,630
6581,6.581,770
6582,6.582,919
6583,6.583,1010
6584,6.584,975
6585,6.585,928
6586,6.586,911
6587,6.587,863
6588,6.588,858
6589,6.589,935
6590,6.59,1008
6591,6.591,973
6592,6.592,853
6593,6.593,708
6594,6.594,725
6595,6.595,835
6596,6.596,851
6597,6.597,959
6598,6.598,1009
6599,6.599,1004
6600,6.6,974
6601,6.601,871
6602,6.602,814
6603,6.603,800
6604,6.604,838
6605,6.605,875
6606,6.606,873
6607,6.607,879
6608,6.608,943
6609,6.609,956
6610,6.61,896
6611,6.611,859
6612,6.612,720
6613,6.613,651
6614,6.614,753
6615,6.615,938
6616,6.616,953
6617,6.617,970
6618,6.618,946
6619,6.619,917
6620,6.62,857
6621,6.621,899
6622,6.622,918
6623,6.623,877
6624,6.624,878
6625,6.625,816
6626,6.626,814
6627,6.627,782
6628,6.628,857
6629,6.629,933
6630,6.63,961
6631,6.631,909
6632,6.632,848
6633,6.633,843
6634,6.634,938
6635,6.635,1019
6636,6.636,1057
6637,6.637,961
6638,6.638,828
6639,6.639,775
6640,6.64,825
6641,6.641,866
6642,6.642,881
6643,6.643,845
6644,6.644,818
6645,6.645,845
6646,6.646,887
6647,6.647,877
6648,6.648,831
6649,6.649,819
6650,6.65,874
6651,6.651,930
6652,6.652,937
6653,6.653,922
6654,6.654,974
6655,6.655,963
6656,6.656,848
6657,6.657,801
6658,6.658,843
6659,6.659,858
6660,6.66,851
6661,6.661,879
6662,6.662,878
6663,6.663,874
6664,6.664,875
6665,6.665,876
6666,6.666,859
6667,6.667,875
6668,6.668,850
6669,6.669,845
6670,6.67,916
6671,6.671,987
6672,6.672,960
6673,6.673,862
6674,6.674,767
6675,6.675,753
6676,6.676,858
6677,6.677,912
6678,6.678,959
6679,6.679,898
6680,6.68,887
6681,6.681,880
6682,6.682,861
6683,6.683,883
6684,6.684,899
6685,6.685,917
6686,6.686,895
6687,6.687,880
6688,6.688,898
6689,6.689,866
6690,6.69,887
6691,6.691,880
6692,6.692,870
6693,6.693,849
6694,6.694,879
6695,6.695,915
6696,6.696,929
6697,6.697,870
6698,6.698,838
6699,6.699,867
6700,6.7,882
6701,6.701,819
6702,6.702,820
6703,6.703,846
6704,6.704,873
6705,6.705,927
6706,6.706,884
6707,6.707,887
6708,6.708,935
6709,6.709,930
6710,6.71,871
6711,6.711,827
6712,6.712,832
6713,6.713,868
6714,6.714,871
6715,6.715,849
6716,6.716,849
6717,6.717,879
6718,6.718,894
6719,6.719,877
6720,6.72,854
6721,6.721,901
6722,6.722,913
6723,6.723,905
6724,6.724,890
6725,6.725,878
6726,6.726,880
6727,6.727,901
6728,6.728,880
6729,6.729,851
6730,6.73,838
6731,6.731,783
6732,6.732,808
6733,6.733,878
6734,6.734,958
6735,6.735,959
6736,6.736,912
6737,6.737,862
6738,6.738,827
6739,6.739,822
6740,6.74,912
6741,6.741,997
6742,6.742,950
6743,6.743,914
6744,6.744,901
6745,6.745,924
6746,6.746,897
6747,6.747,821
6748,6.748,836
6749,6.749,783
6750,6.75,760
6751,6.751,763
6752,6.752,756
6753,6.753,897
6754,6.754,1046
6755,6.755,982
6756,6.756,896
6757,6.757,871
6758,6.758,866
6759,6.759,817
6760,6.76,797
6761,6.761,866
6762,6.762,946
6763,6.763,907
6764,6.764,879
6765,6.765,983
6766,6.766,974
6767,6.767,890
6768,6.768,819
6769,6.769,801
6770,6.77,747
6771,6.771,804
6772,6.772,903
6773,6.773,933
6774,6.774,947
6775,6.775,928
6776,6.776,947
6777,6.777,945
6778,6.778,862
6779,6.779,847
6780,6.78,909
6781,6.781,990
6782,6.782,990
6783,6.783,959
6784,6.784,827
6785,6.785,803
6786,6.786,853
6787,6.787,848
6788,6.788,920
6789,6.789,912
6790,6.79,893
6791,6.791,847
6792,6.792,816
6793,6.793,816
6794,6.794,811
6795,6.795,833
6796,6.796,860
6797,6.797,880
6798,6.798,917
6799,6.799,851
6800,6.8,890
6801,6.801,928
6802,6.802,848
6803,6.803,899
6804,6.804,885
6805,6.805,895
6806,6.806,912
6807,6.807,966
6808,6.808,881
6809,6.809,839
6810,6.81,781
6811,6.811,788
6812,6.812,821
6813,6.813,893
6814,6.814,913
6815,6.815,849
6816,6.816,816
6817,6.817,875
6818,6.818,976
6819,6.819,980
6820,6.82,858
6821,6.821,850
6822,6.822,810
6823,6.823,837
6824,6.824,799
6825,6.825,877
6826,6.826,948
6827,6.827,1037
6828,6.828,954
6829,6.829,896
6830,6.83,862
6831,6.831,849
6832,6.832,876
6833,6.833,912
6834,6.834,912
6835,6.835,895
6836,6.836,880
6837,6.837,882
6838,6.838,865
6839,6.839,901
6840,6.84,888
6841,6.841,842
6842,6.842,853
6843,6.843,865
6844,6.844,859
6845,6.845,848
6846,6.846,798
6847,6.847,848
6848,6.848,891
6849,6.849,898
6850,6.85,905
6851,6.851,894
6852,6.852,938
6853,6.853,848
6854,6.854,871
6855,6.855,846
6856,6.856,879
6857,6.857,897
6858,6.858,826
6859,6.859,799
6860,6.86,848
6861,6.861,897
6862,6.862,902
6863,6.863,803
6864,6.864,791
6865,6.865,939
6866,6.866,1047
6867,6.867,1066
6868,6.868,1088
6869,6.869,1036
6870,6.87,789
6871,6.871,641
6872,6.872,784
6873,6.873,815
6874,6.874,848
6875,6.875,880
6876,6.876,886
6877,6.877,907
6878,6.878,880
6879,6.879,874
6880,6.88,816
6881,6.881,823
6882,6.882,850
6883,6.883,925
6884,6.884,911
6885,6.885,859
6886,6.886,895
6887,6.887,911
6888,6.888,912
6889,6.889,897
6890,6.89,849
6891,6.891,881
6892,6.892,909
6893,6.893,878
6894,6.894,835
6895,6.895,823
6896,6.896,882
6897,6.897,969
6898,6.898,961
6899,6.899,850
6900,6.9,807
6901,6.901,838
6902,6.902,892
6903,6.903,967
6904,6.904,967
6905,6.905,934
6906,6.906,839
6907,6.907,796
6908,6.908,811
6909,6.909,863
6910,6.91,862
6911,6.911,973
6912,6.912,1089
6913,6.913,960
6914,6.914,848
6915,6.915,825
6916,6.916,814
6917,6.917,882
6918,6.918,896
6919,6.919,880
6920,6.92,898
6921,6.921,874
6922,6.922,828
6923,6.923,783
6924,6.924,773
6925,6.925,822
6926,6.926,873
6927,6.927,898
6928,6.928,909
6929,6.929,896
6930,6.93,923
6931,6.931,938
6932,6.932,912
6933,6.933,848
6934,6.934,816
6935,6.935,855
6936,6.936,849
6937,6.937,863
6938,6.938,941
6939,6.939,873
6940,6.94,805
6941,6.941,845
6942,6.942,893
6943,6.943,895
6944,6.944,861
6945,6.945,890
6946,6.946,945
6947,6.947,989
6948,6.948,983
6949,6.949,946
6950,6.95,912
6951,6.951,899
6952,6.952,908
6953,6.953,846
6954,6.954,805
6955,6.955,726
6956,6.956,785
6957,6.957,867
6958,6.958,886
6959,6.959,898
6960,6.96,877
6961,6.961,822
6962,6.962,802
6963,6.963,859
6964,6.964,895
6965,6.965,891
6966,6.966,962
6967,6.967,927
6968,6.968,894
6969,6.969,819
6970,6.97,801
6971,6.971,821
6972,6.972,816
6973,6.973,841
6974,6.974,899
6975,6.975,1019
6976,6.976,945
6977,6.977,854
6978,6.978,871
6979,6.979,896
6980,6.98,890
6981,6.981,838
6982,6.982,845
6983,6.983,883
6984,6.984,909
6985,6.985,874
6986,6.986,891
6987,6.987,930
6988,6.988,969
6989,6.989,962
6990,6.99,967
6991,6.991,944
6992,6.992,810
6993,6.993,750
6994,6.994,784
6995,6.995,846
6996,6.996,890
6997,6.997,948
6998,6.998,944
6999,6.999,944
7000,7.0,914
7001,7.001,865
7002,7.002,899
7003,7.003,919
7004,7.004,857
7005,7.005,790
7006,7.006,765
7007,7.007,775
7008,7.008,822
7009,7.009,831
7010,7.01,899
7011,7.011,944
7012,7.012,947
7013,7.013,939
7014,7.014,929
7015,7.015,848
7016,7.016,865
7017,7.017,846
7018,7.018,775
7019,7.019,785
7020,7.02,897
7021,7.021,955
7022,7.022,912
7023,7.023,917
7024,7.024,949
7025,7.025,917
7026,7.026,854
7027,7.027,818
7028,7.028,785
7029,7.029,927
7030,7.03,934
7031,7.031,907
7032,7.032,854
7033,7.033,819
7034,7.034,838
7035,7.035,873
7036,7.036,933
7037,7.037,931
7038,7.038,951
7039,7.039,960
7040,7.04,960
7041,7.041,897
7042,7.042,874
7043,7.043,832
7044,7.044,859
7045,7.045,848
7046,7.046,897
7047,7.047,826
7048,7.048,763
7049,7.049,754
7050,7.05,787
7051,7.051,832
7052,7.052,815
7053,7.053,915
7054,7.054,991
7055,7.055,982
7056,7.056,907
7057,7.057,902
7058,7.058,917
7059,7.059,906
7060,7.06,848
7061,7.061,860
7062,7.062,882
7063,7.063,877
7064,7.064,867
7065,7.065,863
7066,7.066,794
7067,7.067,769
7068,7.068,806
7069,7.069,893
7070,7.07,899
7071,7.071,923
7072,7.072,918
7073,7.073,967
7074,7.074,1000
7075,7.075,918
7076,7.076,869
7077,7.077,862
7078,7.078,848
7079,7.079,857
7080,7.08,899
7081,7.081,956
7082,7.082,976
7083,7.083,944
7084,7.084,854
7085,7.085,827
7086,7.086,829
7087,7.087,827
7088,7.088,832
7089,7.089,830
7090,7.09,945
7091,7.091,1051
7092,7.092,810
7093,7.093,752
7094,7.094,901
7095,7.095,887
7096,7.096,864
7097,7.097,839
7098,7.098,812
7099,7.099,811
7100,7.1,877
7101,7.101,917
7102,7.102,1022
7103,7.103,1040
7104,7.104,982
7105,7.105,880
7106,7.106,741
7107,7.107,739
7108,7.108,741
7109,7.109,766
7110,7.11,869
7111,7.111,934
7112,7.112,979
7113,7.113,959
7114,7.114,891
7115,7.115,871
7116,7.116,856
7117,7.117,896
7118,7.118,938
7119,7.119,945
7120,7.12,981
7121,7.121,976
7122,7.122,955
7123,7.123,933
7124,7.124,861
7125,7.125,723
7126,7.126,644
7127,7.127,689
7128,7.128,831
7129,7.129,1097
7130,7.13,1046
7131,7.131,847
7132,7.132,800
7133,7.133,885
7134,7.134,871
7135,7.135,897
7136,7.136,896
7137,7.137,901
7138,7.138,915
7139,7.139,875
7140,7.14,868
7141,7.141,974
7142,7.142,1013
7143,7.143,1017
7144,7.144,704
7145,7.145,706
7146,7.146,862
7147,7.147,880
7148,7.148,908
7149,7.149,897
7150,7.15,902
7151,7.151,879
7152,7.152,861
7153,7.153,887
7154,7.154,897
7155,7.155,871
7156,7.156,837
7157,7.157,843
7158,7.158,891
7159,7.159,972
7160,7.16,944
7161,7.161,869
7162,7.162,861
7163,7.163,898
7164,7.164,832
7165,7.165,814
7166,7.166,806
7167,7.167,808
7168,7.168,848
7169,7.169,851
7170,7.17,912
7171,7.171,1114
7172,7.172,1138
7173,7.173,977
7174,7.174,793
7175,7.175,725
7176,7.176,646
7177,7.177,719
7178,7.178,805
7179,7.179,864
7180,7.18,803
7181,7.181,847
7182,7.182,843
7183,7.183,938
7184,7.184,906
7185,7.185,857
7186,7.186,886
7187,7.187,897
7188,7.188,879
7189,7.189,950
7190,7.19,986
7191,7.191,1019
7192,7.192,1050
7193,7.193,947
7194,7.194,886
7195,7.195,893
7196,7.196,887
7197,7.197,871
7198,7.198,943
7199,7.199,883
7200,7.2,770
7201,7.201,690
7202,7.202,659
7203,7.203,816
7204,7.204,1050
7205,7.205,1011
7206,7.206,832
7207,7.207,815
7208,7.208,896
7209,7.209,854
7210,7.21,803
7211,7.211,720
7212,7.212,853
7213,7.213,1101
7214,7.214,1235
7215,7.215,1157
7216,7.216,977
7217,7.217,833
7218,7.218,648
7219,7.219,542
7220,7.22,614
7221,7.221,735
7222,7.222,947
7223,7.223,1072
7224,7.224,977
7225,7.225,962
7226,7.226,1071
7227,7.227,1066
7228,7.228,991
7229,7.229,865
7230,7.23,768
7231,7.231,808
7232,7.232,909
7233,7.233,964
7234,7.234,944
7235,7.235,823
7236,7.236,705
7237,7.237,784
7238,7.238,899
7239,7.239,958
7240,7.24,927
7241,7.241,871
7242,7.242,844
7243,7.243,845
7244,7.244,867
7245,7.245,950
7246,7.246,1032
7247,7.247,1035
7248,7.248,908
7249,7.249,848
7250,7.25,875
7251,7.251,911
7252,7.252,896
7253,7.253,909
7254,7.254,896
7255,7.255,881
7256,7.256,868
7257,7.257,849
7258,7.258,875
7259,7.259,847
7260,7.26,854
7261,7.261,907
7262,7.262,899
7263,7.263,832
7264,7.264,788
7265,7.265,674
7266,7.266,752
7267,7.267,880
7268,7.268,954
7269,7.269,963
7270,7.27,929
7271,7.271,957
7272,7.272,1013
7273,7.273,1003
7274,7.274,885
7275,7.275,912
7276,7.276,922
7277,7.277,848
7278,7.278,871
7279,7.279,852
7280,7.28,830
7281,7.281,826
7282,7.282,809
7283,7.283,765
7284,7.284,811
7285,7.285,944
7286,7.286,922
7287,7.287,897
7288,7.288,912
7289,7.289,938
7290,7.29,903
7291,7.291,862
7292,7.292,909
7293,7.293,925
7294,7.294,912
7295,7.295,880
7296,7.296,802
7297,7.297,809
7298,7.298,811
7299,7.299,890
7300,7.3,970
7301,7.301,944
7302,7.302,927
7303,7.303,912
7304,7.304,875
7305,7.305,848
7306,7.306,845
7307,7.307,885
7308,7.308,880
7309,7.309,875
7310,7.31,822
7311,7.311,849
7312,7.312,870
7313,7.313,910
7314,7.314,880
7315,7.315,803
7316,7.316,798
7317,7.317,861
7318,7.318,922
7319,7.319,922
7320,7.32,897
7321,7.321,912
7322,7.322,883
7323,7.323,898
7324,7.324,880
7325,7.325,840
7326,7.326,832
7327,7.327,935
7328,7.328,941
7329,7.329,881
7330,7.33,843
7331,7.331,866
7332,7.332,893
7333,7.333,871
7334,7.334,842
7335,7.335,848
7336,7.336,879
7337,7.337,870
7338,7.338,865
7339,7.339,896
7340,7.34,912
7341,7.341,881
7342,7.342,844
7343,7.343,865
7344,7.344,895
7345,7.345,907
7346,7.346,880
7347,7.347,863
7348,7.348,867
7349,7.349,841
7350,7.35,860
7351,7.351,870
7352,7.352,880
7353,7.353,899
7354,7.354,897
7355,7.355,880
7356,7.356,880
7357,7.357,880
7358,7.358,880
7359,7.359,882
7360,7.36,876
7361,7.361,835
7362,7.362,822
7363,7.363,875
7364,7.364,885
7365,7.365,898
7366,7.366,885
7367,7.367,851
7368,7.368,847
7369,7.369,867
7370,7.37,913
7371,7.371,912
7372,7.372,901
7373,7.373,893
7374,7.374,905
7375,7.375,895
7376,7.376,890
7377,7.377,870
7378,7.378,878
7379,7.379,871
7380,7.38,886
7381,7.381,875
7382,7.382,862
7383,7.383,863
7384,7.384,795
7385,7.385,867
7386,7.386,870
7387,7.387,871
7388,7.388,870
7389,7.389,841
7390,7.39,876
7391,7.391,871
7392,7.392,901
7393,7.393,912
7394,7.394,850
7395,7.395,885
7396,7.396,893
7397,7.397,883
7398,7.398,880
7399,7.399,881
7400,7.4,875
7401,7.401,879
7402,7.402,879
7403,7.403,895
7404,7.404,890
7405,7.405,880
7406,7.406,862
7407,7.407,871
7408,7.408,898
7409,7.409,912
7410,7.41,894
7411,7.411,890
7412,7.412,826
7413,7.413,847
7414,7.414,866
7415,7.415,875
7416,7.416,847
7417,7.417,910
7418,7.418,867
7419,7.419,870
7420,7.42,866
7421,7.421,877
7422,7.422,865
7423,7.423,819
7424,7.424,861
7425,7.425,871
7426,7.426,864
7427,7.427,848
7428,7.428,870
7429,7.429,871
7430,7.43,809
7431,7.431,883
7432,7.432,886
7433,7.433,890
7434,7.434,881
7435,7.435,893
7436,7.436,893
7437,7.437,883
7438,7.438,880
7439,7.439,864
7440,7.44,865
7441,7.441,875
7442,7.442,873
7443,7.443,865
7444,7.444,875
7445,7.445,864
7446,7.446,838
7447,7.447,867
7448,7.448,868
7449,7.449,860
7450,7.45,895
7451,7.451,884
7452,7.452,880
7453,7.453,885
7454,7.454,879
7455,7.455,890
7456,7.456,898
7457,7.457,902
7458,7.458,902
7459,7.459,880
7460,7.46,886
7461,7.461,865
7462,7.462,859
7463,7.463,852
7464,7.464,845
7465,7.465,880
7466,7.466,907
7467,7.467,915
7468,7.468,897
7469,7.469,880
7470,7.47,832
7471,7.471,843
7472,7.472,870
7473,7.473,871
7474,7.474,967
7475,7.475,891
7476,7.476,880
7477,7.477,879
7478,7.478,882
7479,7.479,873
7480,7.48,885
7481,7.481,881
7482,7.482,868
7483,7.483,880
7484,7.484,865
7485,7.485,864
7486,7.486,870
7487,7.487,880
7488,7.488,896
7489,7.489,884
7490,7.49,875
7491,7.491,879
7492,7.492,894
7493,7.493,896
7494,7.494,875
7495,7.495,889
7496,7.496,909
7497,7.497,912
7498,7.498,892
7499,7.499,888
7500,7.5,856
7501,7.501,855
7502,7.502,850
7503,7.503,869
7504,7.504,870
7505,7.505,867
7506,7.506,864
7507,7.507,864
7508,7.508,877
7509,7.509,835
7510,7.51,879
7511,7.511,879
7512,7.512,883
7513,7.513,881
7514,7.514,891
7515,7.515,886
7516,7.516,897
7517,7.517,878
7518,7.518,875
7519,7.519,887
7520,7.52,874
7521,7.521,869
7522,7.522,867
7523,7.523,869
7524,7.524,864
7525,7.525,862
7526,7.526,867
7527,7.527,896
7528,7.528,886
7529,7.529,885
7530,7.53,898
7531,7.531,881
7532,7.532,887
7533,7.533,883
7534,7.534,879
7535,7.535,882
7536,7.536,892
7537,7.537,883
7538,7.538,880
7539,7.539,880
7540,7.54,878
7541,7.541,870
7542,7.542,832
7543,7.543,866
7544,7.544,866
7545,7.545,874
7546,7.546,861
7547,7.547,878
7548,7.548,879
7549,7.549,878
7550,7.55,875
7551,7.551,880
7552,7.552,880
7553,7.553,885
7554,7.554,882
7555,7.555,880
7556,7.556,883
7557,7.557,875
7558,7.558,879
7559,7.559,882
7560,7.56,869
7561,7.561,879
7562,7.562,866
7563,7.563,865
7564,7.564,879
7565,7.565,871
7566,7.566,863
7567,7.567,880
7568,7.568,882
7569,7.569,891
7570,7.57,880
7571,7.571,873
7572,7.572,821
7573,7.573,881
7574,7.574,866
7575,7.575,880
7576,7.576,880
7577,7.577,881
7578,7.578,863
7579,7.579,880
7580,7.58,875
7581,7.581,878
7582,7.582,913
7583,7.583,870
7584,7.584,870
7585,7.585,866
7586,7.586,875
7587,7.587,866
7588,7.588,873
7589,7.589,867
7590,7.59,867
7591,7.591,879
7592,7.592,895
7593,7.593,891
7594,7.594,935
7595,7.595,871
7596,7.596,882
7597,7.597,895
7598,7.598,882
7599,7.599,881
7600,7.6,885
7601,7.601,880
7602,7.602,879
7603,7.603,877
7604,7.604,874
7605,7.605,879
7606,7.606,876
7607,7.607,875
7608,7.608,882
7609,7.609,871
7610,7.61,874
7611,7.611,884
7612,7.612,896
7613,7.613,893
7614,7.614,883
7615,7.615,877
7616,7.616,887
7617,7.617,896
7618,7.618,889
7619,7.619,892
7620,7.62,871
7621,7.621,893
7622,7.622,873
7623,7.623,867
7624,7.624,875
7625,7.625,880
7626,7.626,873
7627,7.627,877
7628,7.628,879
7629,7.629,870
7630,7.63,880
7631,7.631,912
7632,7.632,926
7633,7.633,930
7634,7.634,928
7635,7.635,895
7636,7.636,853
7637,7.637,864
7638,7.638,877
7639,7.639,870
7640,7.64,871
7641,7.641,864
7642,7.642,839
7643,7.643,787
7644,7.644,824
7645,7.645,842
7646,7.646,876
7647,7.647,886
7648,7.648,891
7649,7.649,887
7650,7.65,890
7651,7.651,890
7652,7.652,890
7653,7.653,897
7654,7.654,912
7655,7.655,887
7656,7.656,896
7657,7.657,885
7658,7.658,885
7659,7.659,882
7660,7.66,883
7661,7.661,880
7662,7.662,899
7663,7.663,869
7664,7.664,869
7665,7.665,880
7666,7.666,864
7667,7.667,879
7668,7.668,875
7669,7.669,883
7670,7.67,883
7671,7.671,880
7672,7.672,882
7673,7.673,890
7674,7.674,886
7675,7.675,885
7676,7.676,881
7677,7.677,885
7678,7.678,884
7679,7.679,880
7680,7.68,930
7681,7.681,881
7682,7.682,875
7683,7.683,866
7684,7.684,880
7685,7.685,875
7686,7.686,865
7687,7.687,874
7688,7.688,875
7689,7.689,880
7690,7.69,874
7691,7.691,884
7692,7.692,880
7693,7.693,880
7694,7.694,879
7695,7.695,865
7696,7.696,879
7697,7.697,893
7698,7.698,880
7699,7.699,883
7700,7.7,889
7701,7.701,875
7702,7.702,884
7703,7.703,869
7704,7.704,882
7705,7.705,889
7706,7.706,886
7707,7.707,908
7708,7.708,945
7709,7.709,976
7710,7.71,985
7711,7.711,991
7712,7.712,973
7713,7.713,899
7714,7.714,824
7715,7.715,784
7716,7.716,795
7717,7.717,791
7718,7.718,781
7719,7.719,846
7720,7.72,861
7721,7.721,826
7722,7.722,798
7723,7.723,820
7724,7.724,815
7725,7.725,859
7726,7.726,859
7727,7.727,870
7728,7.728,876
7729,7.729,881
7730,7.73,886
7731,7.731,889
7732,7.732,899
7733,7.733,886
7734,7.734,910
7735,7.735,932
7736,7.736,918
7737,7.737,915
7738,7.738,912
7739,7.739,960
7740,7.74,1050
7741,7.741,1089
7742,7.742,1072
7743,7.743,991
7744,7.744,817
7745,7.745,698
7746,7.746,737
7747,7.747,753
7748,7.748,758
7749,7.749,771
7750,7.75,778
7751,7.751,821
7752,7.752,870
7753,7.753,887
7754,7.754,890
7755,7.755,889
7756,7.756,894
7757,7.757,896
7758,7.758,901
7759,7.759,887
7760,7.76,903
7761,7.761,895
7762,7.762,887
7763,7.763,886
7764,7.764,886
7765,7.765,883
7766,7.766,880
7767,7.767,880
7768,7.768,887
7769,7.769,887
7770,7.77,880
7771,7.771,896
7772,7.772,891
7773,7.773,896
7774,7.774,896
7775,7.775,883
7776,7.776,885
7777,7.777,883
7778,7.778,883
7779,7.779,886
7780,7.78,881
7781,7.781,879
7782,7.782,870
7783,7.783,869
7784,7.784,879
7785,7.785,865
7786,7.786,875
7787,7.787,873
7788,7.788,880
7789,7.789,877
7790,7.79,881
7791,7.791,875
7792,7.792,875
7793,7.793,880
7794,7.794,878
7795,7.795,877
7796,7.796,885
7797,7.797,883
7798,7.798,886
7799,7.799,882
7800,7.8,879
7801,7.801,879
7802,7.802,880
7803,7.803,878
7804,7.804,874
7805,7.805,870
7806,7.806,880
7807,7.807,879
7808,7.808,881
7809,7.809,886
7810,7.81,885
7811,7.811,867
7812,7.812,839
7813,7.813,852
7814,7.814,871
7815,7.815,879
7816,7.816,879
7817,7.817,873
7818,7.818,851
7819,7.819,881
7820,7.82,889
7821,7.821,890
7822,7.822,893
7823,7.823,896
7824,7.824,882
7825,7.825,899
7826,7.826,903
7827,7.827,891
7828,7.828,895
7829,7.829,873
7830,7.83,819
7831,7.831,816
7832,7.832,862
7833,7.833,863
7834,7.834,869
7835,7.835,868
7836,7.836,879
7837,7.837,886
7838,7.838,881
7839,7.839,889
7840,7.84,885
7841,7.841,880
7842,7.842,887
7843,7.843,880
7844,7.844,885
7845,7.845,878
7846,7.846,874
7847,7.847,868
7848,7.848,880
7849,7.849,878
7850,7.85,882
7851,7.851,881
7852,7.852,885
7853,7.853,895
7854,7.854,880
7855,7.855,884
7856,7.856,882
7857,7.857,893
7858,7.858,880
7859,7.859,870
7860,7.86,889
7861,7.861,882
7862,7.862,870
7863,7.863,880
7864,7.864,877
7865,7.865,878
7866,7.866,869
7867,7.867,877
7868,7.868,892
7869,7.869,881
7870,7.87,910
7871,7.871,884
7872,7.872,887
7873,7.873,872
7874,7.874,874
7875,7.875,874
7876,7.876,871
7877,7.877,880
7878,7.878,880
7879,7.879,912
7880,7.88,878
7881,7.881,880
7882,7.882,880
7883,7.883,863
7884,7.884,877
7885,7.885,874
7886,7.886,867
7887,7.887,871
7888,7.888,887
7889,7.889,891
7890,7.89,875
7891,7.891,893
7892,7.892,885
7893,7.893,924
7894,7.894,919
7895,7.895,925
7896,7.896,941
7897,7.897,935
7898,7.898,903
7899,7.899,832
7900,7.9,819
7901,7.901,848
7902,7.902,854
7903,7.903,844
7904,7.904,861
7905,7.905,867
7906,7.906,878
7907,7.907,879
7908,7.908,897
7909,7.909,884
7910,7.91,879
7911,7.911,885
7912,7.912,896
7913,7.913,898
7914,7.914,880
7915,7.915,887
7916,7.916,891
7917,7.917,896
7918,7.918,895
7919,7.919,881
7920,7.92,880
7921,7.921,885
7922,7.922,889
7923,7.923,879
7924,7.924,870
7925,7.925,881
7926,7.926,876
7927,7.927,871
7928,7.928,889
7929,7.929,886
7930,7.93,882
7931,7.931,883
7932,7.932,878
7933,7.933,890
7934,7.934,881
7935,7.935,880
7936,7.936,881
7937,7.937,881
7938,7.938,885
7939,7.939,881
7940,7.94,887
7941,7.941,882
7942,7.942,884
7943,7.943,872
7944,7.944,874
7945,7.945,873
7946,7.946,866
7947,7.947,869
7948,7.948,879
7949,7.949,883
7950,7.95,881
7951,7.951,889
7952,7.952,887
7953,7.953,876
7954,7.954,880
7955,7.955,880
7956,7.956,866
7957,7.957,862
7958,7.958,871
7959,7.959,885
7960,7.96,880
7961,7.961,882
7962,7.962,880
7963,7.963,867
7964,7.964,880
7965,7.965,871
7966,7.966,870
7967,7.967,865
7968,7.968,871
7969,7.969,882
7970,7.97,889
7971,7.971,882
7972,7.972,912
7973,7.973,883
7974,7.974,886
7975,7.975,875
7976,7.976,886
7977,7.977,891
7978,7.978,879
7979,7.979,880
7980,7.98,883
7981,7.981,882
7982,7.982,880
7983,7.983,881
7984,7.984,870
7985,7.985,879
7986,7.986,874
7987,7.987,880
7988,7.988,869
7989,7.989,878
7990,7.99,877
7991,7.991,865
7992,7.992,878
7993,7.993,893
7994,7.994,879
7995,7.995,879
7996,7.996,890
7997,7.997,887
7998,7.998,889
7999,7.999,891
8000,8.0,882
8001,8.001,879
8002,8.002,875
8003,8.003,867
8004,8.004,866
8005,8.005,873
8006,8.006,874
8007,8.007,857
8008,8.008,862
8009,8.009,880
8010,8.01,881
8011,8.011,875
8012,8.012,882
8013,8.013,883
8014,8.014,894
8015,8.015,896
8016,8.016,897
8017,8.017,892
8018,8.018,887
8019,8.019,894
8020,8.02,883
8021,8.021,871
8022,8.022,880
8023,8.023,870
8024,8.024,865
8025,8.025,857
8026,8.026,863
8027,8.027,866
8028,8.028,865
8029,8.029,879
8030,8.03,880
8031,8.031,874
8032,8.032,880
8033,8.033,886
8034,8.034,881
8035,8.035,880
8036,8.036,857
8037,8.037,891
8038,8.038,890
8039,8.039,909
8040,8.04,917
8041,8.041,917
8042,8.042,898
8043,8.043,879
8044,8.044,830
8045,8.045,819
8046,8.046,843
8047,8.047,863
8048,8.048,894
8049,8.049,867
8050,8.05,880
8051,8.051,881
8052,8.052,884
8053,8.053,894
8054,8.054,886
8055,8.055,899
8056,8.056,905
8057,8.057,887
8058,8.058,896
8059,8.059,889
8060,8.06,883
8061,8.061,880
8062,8.062,800
8063,8.063,879
8064,8.064,875
8065,8.065,870
8066,8.066,880
8067,8.067,871
8068,8.068,870
8069,8.069,880
8070,8.07,880
8071,8.071,883
8072,8.072,881
8073,8.073,895
8074,8.074,882
8075,8.075,883
8076,8.076,893
8077,8.077,890
8078,8.078,881
8079,8.079,880
8080,8.08,880
8081,8.081,880
8082,8.082,850
8083,8.083,894
8084,8.084,860
8085,8.085,894
8086,8.086,867
8087,8.087,873
8088,8.088,853
8089,8.089,867
8090,8.09,869
8091,8.091,880
8092,8.092,884
8093,8.093,899
8094,8.094,887
8095,8.095,881
8096,8.096,814
8097,8.097,892
8098,8.098,883
8099,8.099,880
8100,8.1,877
8101,8.101,879
8102,8.102,880
8103,8.103,878
8104,8.104,866
8105,8.105,868
8106,8.106,870
8107,8.107,866
8108,8.108,880
8109,8.109,870
8110,8.11,875
8111,8.111,866
8112,8.112,876
8113,8.113,878
8114,8.114,890
8115,8.115,883
8116,8.116,893
8117,8.117,891
8118,8.118,882
8119,8.119,884
8120,8.12,913
8121,8.121,942
8122,8.122,885
8123,8.123,880
8124,8.124,880
8125,8.125,880
8126,8.126,880
8127,8.127,867
8128,8.128,880
8129,8.129,880
8130,8.13,869
8131,8.131,864
8132,8.132,848
8133,8.133,866
8134,8.134,880
8135,8.135,799
8136,8.136,880
8137,8.137,887
8138,8.138,889
8139,8.139,885
8140,8.14,880
8141,8.141,851
8142,8.142,882
8143,8.143,883
8144,8.144,874
8145,8.145,871
8146,8.146,865
8147,8.147,865
8148,8.148,869
8149,8.149,895
8150,8.15,881
8151,8.151,883
8152,8.152,892
8153,8.153,893
8154,8.154,902
8155,8.155,895
8156,8.156,886
8157,8.157,873
8158,8.158,884
8159,8.159,882
8160,8.16,884
8161,8.161,880
8162,8.162,874
8163,8.163,863
8164,8.164,855
8165,8.165,859
8166,8.166,861
8167,8.167,864
8168,8.168,876
8169,8.169,875
8170,8.17,883
8171,8.171,883
8172,8.172,892
8173,8.173,890
8174,8.174,993
8175,8.175,881
8176,8.176,878
8177,8.177,889
8178,8.178,895
8179,8.179,907
8180,8.18,902
8181,8.181,907
8182,8.182,898
8183,8.183,864
8184,8.184,846
8185,8.185,861
8186,8.186,858
8187,8.187,867
8188,8.188,869
8189,8.189,869
8190,8.19,873
8191,8.191,878
8192,8.192,883
8193,8.193,882
8194,8.194,882
8195,8.195,883
8196,8.196,887
8197,8.197,891
8198,8.198,892
8199,8.199,880
8200,8.2,880
8201,8.201,891
8202,8.202,889
8203,8.203,877
8204,8.204,879
8205,8.205,881
8206,8.206,873
8207,8.207,882
8208,8.208,866
8209,8.209,887
8210,8.21,866
8211,8.211,878
8212,8.212,881
8213,8.213,878
8214,8.214,894
8215,8.215,880
8216,8.216,885
8217,8.217,880
8218,8.218,880
8219,8.219,890
8220,8.22,881
8221,8.221,882
8222,8.222,887
8223,8.223,880
8224,8.224,878
8225,8.225,873
8226,8.226,855
8227,8.227,862
8228,8.228,864
8229,8.229,863
8230,8.23,864
8231,8.231,875
8232,8.232,880
8233,8.233,887
8234,8.234,890
8235,8.235,882
8236,8.236,895
8237,8.237,896
8238,8.238,885
8239,8.239,883
8240,8.24,879
8241,8.241,866
8242,8.242,870
8243,8.243,864
8244,8.244,865
8245,8.245,870
8246,8.246,875
8247,8.247,871
8248,8.248,867
8249,8.249,910
8250,8.25,880
8251,8.251,881
8252,8.252,880
8253,8.253,880
8254,8.254,863
8255,8.255,880
8256,8.256,881
8257,8.257,893
8258,8.258,884
8259,8.259,890
8260,8.26,883
8261,8.261,884
8262,8.262,880
8263,8.263,880
8264,8.264,875
8265,8.265,863
8266,8.266,880
8267,8.267,879
8268,8.268,875
8269,8.269,878
8270,8.27,880
8271,8.271,880
8272,8.272,902
8273,8.273,880
8274,8.274,891
8275,8.275,893
8276,8.276,883
8277,8.277,889
8278,8.278,880
8279,8.279,880
8280,8.28,876
8281,8.281,878
8282,8.282,880
8283,8.283,880
8284,8.284,872
8285,8.285,875
8286,8.286,873
8287,8.287,862
8288,8.288,870
8289,8.289,876
8290,8.29,879
8291,8.291,890
8292,8.292,882
8293,8.293,887
8294,8.294,849
8295,8.295,858
8296,8.296,882
8297,8.297,897
8298,8.298,896
8299,8.299,880
8300,8.3,859
8301,8.301,863
8302,8.302,870
8303,8.303,871
8304,8.304,873
8305,8.305,880
8306,8.306,883
8307,8.307,884
8308,8.308,891
8309,8.309,883
8310,8.31,889
8311,8.311,880
8312,8.312,874
8313,8.313,880
8314,8.314,877
8315,8.315,863
8316,8.316,882
8317,8.317,868
8318,8.318,882
8319,8.319,868
8320,8.32,881
8321,8.321,878
8322,8.322,880
8323,8.323,832
8324,8.324,868
8325,8.325,871
8326,8.326,879
8327,8.327,870
8328,8.328,876
8329,8.329,880
8330,8.33,879
8331,8.331,881
8332,8.332,881
8333,8.333,880
8334,8.334,886
8335,8.335,881
8336,8.336,896
8337,8.337,892
8338,8.338,880
8339,8.339,880
8340,8.34,882
8341,8.341,880
8342,8.342,884
8343,8.343,880
8344,8.344,879
8345,8.345,875
8346,8.346,879
8347,8.347,868
8348,8.348,871
8349,8.349,878
8350,8.35,880
8351,8.351,877
8352,8.352,879
8353,8.353,886
8354,8.354,885
8355,8.355,891
8356,8.356,896
8357,8.357,874
8358,8.358,875
8359,8.359,882
8360,8.36,873
8361,8.361,882
8362,8.362,880
8363,8.363,874
8364,8.364,880
8365,8.365,878
8366,8.366,880
8367,8.367,861
8368,8.368,870
8369,8.369,874
8370,8.37,879
8371,8.371,885
8372,8.372,880
8373,8.373,879
8374,8.374,874
8375,8.375,871
8376,8.376,869
8377,8.377,882
8378,8.378,890
8379,8.379,880
8380,8.38,880
8381,8.381,875
8382,8.382,882
8383,8.383,873
8384,8.384,877
8385,8.385,864
8386,8.386,880
8387,8.387,869
8388,8.388,870
8389,8.389,877
8390,8.39,871
8391,8.391,880
8392,8.392,880
8393,8.393,880
8394,8.394,894
8395,8.395,894
8396,8.396,880
8397,8.397,883
8398,8.398,893
8399,8.399,895
8400,8.4,874
8401,8.401,890
8402,8.402,885
8403,8.403,868
8404,8.404,863
8405,8.405,866
8406,8.406,851
8407,8.407,843
8408,8.408,855
8409,8.409,851
8410,8.41,857
8411,8.411,894
8412,8.412,879
8413,8.413,879
8414,8.414,881
8415,8.415,887
8416,8.416,877
8417,8.417,894
8418,8.418,890
8419,8.419,894
8420,8.42,891
8421,8.421,890
8422,8.422,882
8423,8.423,883
8424,8.424,873
8425,8.425,876
8426,8.426,879
8427,8.427,873
8428,8.428,880
8429,8.429,866
8430,8.43,875
8431,8.431,879
8432,8.432,880
8433,8.433,880
8434,8.434,886
8435,8.435,881
8436,8.436,883
8437,8.437,887
8438,8.438,877
8439,8.439,899
8440,8.44,890
8441,8.441,860
8442,8.442,880
8443,8.443,879
8444,8.444,863
8445,8.445,870
8446,8.446,862
8447,8.447,853
8448,8.448,868
8449,8.449,869
8450,8.45,879
8451,8.451,864
8452,8.452,876
8453,8.453,880
8454,8.454,896
8455,8.455,883
8456,8.456,877
8457,8.457,889
8458,8.458,881
8459,8.459,881
8460,8.46,885
8461,8.461,880
8462,8.462,873
8463,8.463,887
8464,8.464,867
8465,8.465,875
8466,8.466,855
8467,8.467,874
8468,8.468,864
8469,8.469,858
8470,8.47,863
8471,8.471,866
8472,8.472,869
8473,8.473,880
8474,8.474,879
8475,8.475,886
8476,8.476,871
8477,8.477,885
8478,8.478,889
8479,8.479,886
8480,8.48,882
8481,8.481,891
8482,8.482,880
8483,8.483,880
8484,8.484,875
8485,8.485,864
8486,8.486,816
8487,8.487,873
8488,8.488,870
8489,8.489,871
8490,8.49,895
8491,8.491,872
8492,8.492,878
8493,8.493,879
8494,8.494,892
8495,8.495,883
8496,8.496,882
8497,8.497,886
8498,8.498,899
8499,8.499,890
8500,8.5,885
8501,8.501,885
8502,8.502,880
8503,8.503,871
8504,8.504,933
8505,8.505,871
8506,8.506,866
8507,8.507,868
8508,8.508,871
8509,8.509,871
8510,8.51,877
8511,8.511,881
8512,8.512,878
8513,8.513,832
8514,8.514,882
8515,8.515,882
8516,8.516,884
8517,8.517,879
8518,8.518,905
8519,8.519,883
8520,8.52,878
8521,8.521,880
8522,8.522,873
8523,8.523,880
8524,8.524,875
8525,8.525,880
8526,8.526,872
8527,8.527,878
8528,8.528,879
8529,8.529,880
8530,8.53,861
8531,8.531,874
8532,8.532,880
8533,8.533,876
8534,8.534,885
8535,8.535,894
8536,8.536,893
8537,8.537,886
8538,8.538,885
8539,8.539,858
8540,8.54,880
8541,8.541,880
8542,8.542,882
8543,8.543,879
8544,8.544,869
8545,8.545,873
8546,8.546,874
8547,8.547,874
8548,8.548,875
8549,8.549,880
8550,8.55,873
8551,8.551,874
8552,8.552,874
8553,8.553,881
8554,8.554,883
8555,8.555,893
8556,8.556,882
8557,8.557,880
8558,8.558,889
8559,8.559,886
8560,8.56,886
8561,8.561,893
8562,8.562,882
8563,8.563,889
8564,8.564,863
8565,8.565,876
8566,8.566,877
8567,8.567,872
8568,8.568,877
8569,8.569,874
8570,8.57,892
8571,8.571,869
8572,8.572,879
8573,8.573,863
8574,8.574,895
8575,8.575,883
8576,8.576,882
8577,8.577,894
8578,8.578,896
8579,8.579,889
8580,8.58,889
8581,8.581,869
8582,8.582,877
8583,8.583,887
8584,8.584,690
8585,8.585,869
8586,8.586,866
8587,8.587,877
8588,8.588,873
8589,8.589,871
8590,8.59,877
8591,8.591,872
8592,8.592,870
8593,8.593,885
8594,8.594,882
8595,8.595,894
8596,8.596,887
8597,8.597,895
8598,8.598,901
8599,8.599,903
8600,8.6,877
8601,8.601,879
8602,8.602,866
8603,8.603,850
8604,8.604,867
8605,8.605,874
8606,8.606,877
8607,8.607,880
8608,8.608,879
8609,8.609,874
8610,8.61,886
8611,8.611,882
8612,8.612,878
8613,8.613,858
8614,8.614,864
8615,8.615,877
8616,8.616,883
8617,8.617,880
8618,8.618,879
8619,8.619,887
8620,8.62,880
8621,8.621,879
8622,8.622,879
8623,8.623,882
8624,8.624,881
8625,8.625,883
8626,8.626,888
8627,8.627,880
8628,8.628,864
8629,8.629,868
8630,8.63,879
8631,8.631,881
8632,8.632,879
8633,8.633,880
8634,8.634,879
8635,8.635,881
8636,8.636,880
8637,8.637,883
8638,8.638,889
8639,8.639,888
8640,8.64,887
8641,8.641,890
8642,8.642,881
8643,8.643,871
8644,8.644,868
8645,8.645,870
8646,8.646,869
8647,8.647,880
8648,8.648,877
8649,8.649,877
8650,8.65,877
8651,8.651,874
8652,8.652,880
8653,8.653,880
8654,8.654,922
8655,8.655,882
8656,8.656,881
8657,8.657,888
8658,8.658,887
8659,8.659,887
8660,8.66,885
8661,8.661,880
8662,8.662,880
8663,8.663,881
8664,8.664,878
8665,8.665,866
8666,8.666,881
8667,8.667,874
8668,8.668,877
8669,8.669,877
8670,8.67,880
8671,8.671,878
8672,8.672,887
8673,8.673,865
8674,8.674,878
8675,8.675,880
8676,8.676,880
8677,8.677,880
8678,8.678,882
8679,8.679,887
8680,8.68,915
8681,8.681,881
8682,8.682,887
8683,8.683,887
8684,8.684,877
8685,8.685,871
8686,8.686,880
8687,8.687,880
8688,8.688,869
8689,8.689,875
8690,8.69,869
8691,8.691,878
8692,8.692,889
8693,8.693,882
8694,8.694,881
8695,8.695,875
8696,8.696,883
8697,8.697,886
8698,8.698,889
8699,8.699,882
8700,8.7,884
8701,8.701,880
8702,8.702,887
8703,8.703,871
8704,8.704,863
8705,8.705,867
8706,8.706,881
8707,8.707,878
8708,8.708,871
8709,8.709,864
8710,8.71,871
8711,8.711,879
8712,8.712,879
8713,8.713,882
8714,8.714,880
8715,8.715,884
8716,8.716,879
8717,8.717,883
8718,8.718,889
8719,8.719,885
8720,8.72,878
8721,8.721,887
8722,8.722,887
8723,8.723,887
8724,8.724,870
8725,8.725,893
8726,8.726,897
8727,8.727,879
8728,8.728,863
8729,8.729,863
8730,8.73,879
8731,8.731,877
8732,8.732,827
8733,8.733,880
8734,8.734,883
8735,8.735,890
8736,8.736,890
8737,8.737,883
8738,8.738,885
8739,8.739,882
8740,8.74,887
8741,8.741,887
8742,8.742,883
8743,8.743,875
8744,8.744,879
8745,8.745,875
8746,8.746,875
8747,8.747,901
8748,8.748,875
8749,8.749,875
8750,8.75,875
8751,8.751,880
8752,8.752,877
8753,8.753,889
8754,8.754,848
8755,8.755,885
8756,8.756,874
8757,8.757,884
8758,8.758,895
8759,8.759,864
8760,8.76,836
8761,8.761,891
8762,8.762,880
8763,8.763,858
8764,8.764,876
8765,8.765,874
8766,8.766,880
8767,8.767,880
8768,8.768,874
8769,8.769,768
8770,8.77,887
8771,8.771,878
8772,8.772,880
8773,8.773,846
8774,8.774,863
8775,8.775,881
8776,8.776,874
8777,8.777,871
8778,8.778,887
8779,8.779,880
8780,8.78,881
8781,8.781,880
8782,8.782,887
8783,8.783,886
8784,8.784,879
8785,8.785,874
8786,8.786,870
8787,8.787,870
8788,8.788,866
8789,8.789,898
8790,8.79,866
8791,8.791,878
8792,8.792,870
8793,8.793,882
8794,8.794,887
8795,8.795,883
8796,8.796,882
8797,8.797,884
8798,8.798,885
8799,8.799,885
8800,8.8,889
8801,8.801,882
8802,8.802,881
8803,8.803,886
8804,8.804,880
8805,8.805,880
8806,8.806,877
8807,8.807,874
8808,8.808,874
8809,8.809,859
8810,8.81,878
8811,8.811,877
8812,8.812,869
8813,8.813,875
8814,8.814,877
8815,8.815,888
8816,8.816,885
8817,8.817,881
8818,8.818,894
8819,8.819,895
8820,8.82,883
8821,8.821,886
8822,8.822,880
8823,8.823,875
8824,8.824,853
8825,8.825,862
8826,8.826,865
8827,8.827,880
8828,8.828,862
8829,8.829,887
8830,8.83,864
8831,8.831,877
8832,8.832,879
8833,8.833,879
8834,8.834,871
8835,8.835,887
8836,8.836,890
8837,8.837,885
8838,8.838,890
8839,8.839,880
8840,8.84,805
8841,8.841,900
8842,8.842,875
8843,8.843,880
8844,8.844,867
8845,8.845,867
8846,8.846,867
8847,8.847,866
8848,8.848,865
8849,8.849,870
8850,8.85,864
8851,8.851,885
8852,8.852,882
8853,8.853,875
8854,8.854,880
8855,8.855,892
8856,8.856,883
8857,8.857,880
8858,8.858,877
8859,8.859,884
8860,8.86,881
8861,8.861,886
8862,8.862,885
8863,8.863,880
8864,8.864,880
8865,8.865,871
8866,8.866,871
8867,8.867,877
8868,8.868,865
8869,8.869,895
8870,8.87,873
8871,8.871,875
8872,8.872,879
8873,8.873,874
8874,8.874,878
8875,8.875,880
8876,8.876,885
8877,8.877,891
8878,8.878,883
8879,8.879,912
8880,8.88,882
8881,8.881,882
8882,8.882,885
8883,8.883,886
8884,8.884,924
8885,8.885,893
8886,8.886,855
8887,8.887,875
8888,8.888,869
8889,8.889,864
8890,8.89,874
8891,8.891,874
8892,8.892,875
8893,8.893,880
8894,8.894,874
8895,8.895,891
8896,8.896,881
8897,8.897,894
8898,8.898,907
8899,8.899,893
8900,8.9,882
8901,8.901,883
8902,8.902,880
8903,8.903,877
8904,8.904,880
8905,8.905,878
8906,8.906,917
8907,8.907,879
8908,8.908,863
8909,8.909,880
8910,8.91,875
8911,8.911,885
8912,8.912,878
8913,8.913,881
8914,8.914,881
8915,8.915,891
8916,8.916,881
8917,8.917,885
8918,8.918,886
8919,8.919,882
8920,8.92,886
8921,8.921,882
8922,8.922,890
8923,8.923,880
8924,8.924,877
8925,8.925,880
8926,8.926,882
8927,8.927,877
8928,8.928,855
8929,8.929,919
8930,8.93,811
8931,8.931,871
8932,8.932,876
8933,8.933,842
8934,8.934,882
8935,8.935,886
8936,8.936,881
8937,8.937,887
8938,8.938,886
8939,8.939,892
8940,8.94,881
8941,8.941,901
8942,8.942,880
8943,8.943,883
8944,8.944,885
8945,8.945,885
8946,8.946,885
8947,8.947,887
8948,8.948,880
8949,8.949,848
8950,8.95,869
8951,8.951,874
8952,8.952,870
8953,8.953,877
8954,8.954,873
8955,8.955,883
8956,8.956,880
8957,8.957,887
8958,8.958,889
8959,8.959,886
8960,8.96,883
8961,8.961,887
8962,8.962,882
8963,8.963,873
8964,8.964,861
8965,8.965,891
8966,8.966,875
8967,8.967,848
8968,8.968,867
8969,8.969,871
8970,8.97,877
8971,8.971,873
8972,8.972,876
8973,8.973,880
8974,8.974,875
8975,8.975,879
8976,8.976,868
8977,8.977,896
8978,8.978,895
8979,8.979,890
8980,8.98,864
8981,8.981,877
8982,8.982,891
8983,8.983,874
8984,8.984,880
8985,8.985,875
8986,8.986,881
8987,8.987,871
8988,8.988,875
8989,8.989,874
8990,8.99,874
8991,8.991,859
8992,8.992,848
8993,8.993,882
8994,8.994,879
8995,8.995,887
8996,8.996,882
8997,8.997,882
8998,8.998,886
8999,8.999,883
9000,9.0,894
9001,9.001,909
9002,9.002,890
9003,9.003,883
9004,9.004,885
9005,9.005,877
9006,9.006,886
9007,9.007,883
9008,9.008,886
9009,9.009,879
9010,9.01,864
9011,9.011,848
9012,9.012,865
9013,9.013,878
9014,9.014,869
9015,9.015,879
9016,9.016,873
9017,9.017,883
9018,9.018,890
9019,9.019,901
9020,9.02,895
9021,9.021,894
9022,9.022,917
9023,9.023,882
9024,9.024,878
9025,9.025,866
9026,9.026,871
9027,9.027,881
9028,9.028,877
9029,9.029,863
9030,9.03,875
9031,9.031,871
9032,9.032,901
9033,9.033,939
9034,9.034,893
9035,9.035,880
9036,9.036,881
9037,9.037,962
9038,9.038,887
9039,9.039,880
9040,9.04,865
9041,9.041,878
9042,9.042,803
9043,9.043,898
9044,9.044,883
9045,9.045,881
9046,9.046,862
9047,9.047,880
9048,9.048,861
9049,9.049,855
9050,9.05,873
9051,9.051,869
9052,9.052,876
9053,9.053,886
9054,9.054,882
9055,9.055,878
9056,9.056,894
9057,9.057,888
9058,9.058,882
9059,9.059,880
9060,9.06,880
9061,9.061,885
9062,9.062,880
9063,9.063,891
9064,9.064,878
9065,9.065,879
9066,9.066,864
9067,9.067,880
9068,9.068,866
9069,9.069,851
9070,9.07,857
9071,9.071,884
9072,9.072,870
9073,9.073,870
9074,9.074,865
9075,9.075,881
9076,9.076,895
9077,9.077,881
9078,9.078,899
9079,9.079,879
9080,9.08,886
9081,9.081,891
9082,9.082,912
9083,9.083,892
9084,9.084,882
9085,9.085,877
9086,9.086,866
9087,9.087,863
9088,9.088,880
9089,9.089,870
9090,9.09,873
9091,9.091,868
9092,9.092,868
9093,9.093,858
9094,9.094,883
9095,9.095,875
9096,9.096,880
9097,9.097,879
9098,9.098,857
9099,9.099,881
9100,9.1,886
9101,9.101,882
9102,9.102,896
9103,9.103,880
9104,9.104,857
9105,9.105,869
9106,9.106,869
9107,9.107,893
9108,9.108,879
9109,9.109,871
9110,9.11,876
9111,9.111,866
9112,9.112,874
9113,9.113,877
9114,9.114,883
9115,9.115,884
9116,9.116,885
9117,9.117,880
9118,9.118,881
9119,9.119,897
9120,9.12,884
9121,9.121,892
9122,9.122,880
9123,9.123,896
9124,9.124,887
9125,9.125,896
9126,9.126,880
9127,9.127,875
9128,9.128,880
9129,9.129,880
9130,9.13,878
9131,9.131,897
9132,9.132,880
9133,9.133,880
9134,9.134,870
9135,9.135,891
9136,9.136,890
9137,9.137,883
9138,9.138,881
9139,9.139,893
9140,9.14,879
9141,9.141,879
9142,9.142,831
9143,9.143,892
9144,9.144,890
9145,9.145,880
9146,9.146,880
9147,9.147,852
9148,9.148,861
9149,9.149,852
9150,9.15,862
9151,9.151,853
9152,9.152,877
9153,9.153,880
9154,9.154,880
9155,9.155,891
9156,9.156,888
9157,9.157,890
9158,9.158,893
9159,9.159,896
9160,9.16,895
9161,9.161,894
9162,9.162,881
9163,9.163,865
9164,9.164,911
9165,9.165,859
9166,9.166,855
9167,9.167,869
9168,9.168,862
9169,9.169,880
9170,9.17,873
9171,9.171,872
9172,9.172,868
9173,9.173,875
9174,9.174,874
9175,9.175,880
9176,9.176,887
9177,9.177,885
9178,9.178,898
9179,9.179,891
9180,9.18,884
9181,9.181,887
9182,9.182,864
9183,9.183,890
9184,9.184,884
9185,9.185,880
9186,9.186,864
9187,9.187,867
9188,9.188,865
9189,9.189,867
9190,9.19,873
9191,9.191,878
9192,9.192,885
9193,9.193,886
9194,9.194,877
9195,9.195,880
9196,9.196,880
9197,9.197,908
9198,9.198,880
9199,9.199,883
9200,9.2,887
9201,9.201,890
9202,9.202,886
9203,9.203,880
9204,9.204,880
9205,9.205,869
9206,9.206,867
9207,9.207,875
9208,9.208,819
9209,9.209,864
9210,9.21,874
9211,9.211,870
9212,9.212,870
9213,9.213,864
9214,9.214,880
9215,9.215,893
9216,9.216,889
9217,9.217,890
9218,9.218,894
9219,9.219,896
9220,9.22,875
9221,9.221,894
9222,9.222,874
9223,9.223,886
9224,9.224,880
9225,9.225,867
9226,9.226,878
9227,9.227,877
9228,9.228,877
9229,9.229,865
9230,9.23,855
9231,9.231,874
9232,9.232,879
9233,9.233,879
9234,9.234,879
9235,9.235,881
9236,9.236,880
9237,9.237,879
9238,9.238,880
9239,9.239,881
9240,9.24,880
9241,9.241,883
9242,9.242,885
9243,9.243,871
9244,9.244,867
9245,9.245,878
9246,9.246,868
9247,9.247,866
9248,9.248,880
9249,9.249,881
9250,9.25,866
9251,9.251,880
9252,9.252,869
9253,9.253,878
9254,9.254,871
9255,9.255,880
9256,9.256,885
9257,9.257,885
9258,9.258,887
9259,9.259,897
9260,9.26,891
9261,9.261,880
9262,9.262,872
9263,9.263,875
9264,9.264,861
9265,9.265,864
9266,9.266,879
9267,9.267,871
9268,9.268,880
9269,9.269,866
9270,9.27,871
9271,9.271,869
9272,9.272,873
9273,9.273,886
9274,9.274,874
9275,9.275,885
9276,9.276,882
9277,9.277,881
9278,9.278,890
9279,9.279,881
9280,9.28,891
9281,9.281,880
9282,9.282,880
9283,9.283,880
9284,9.284,875
9285,9.285,873
9286,9.286,867
9287,9.287,873
9288,9.288,888
9289,9.289,879
9290,9.29,873
9291,9.291,898
9292,9.292,877
9293,9.293,875
9294,9.294,880
9295,9.295,880
9296,9.296,884
9297,9.297,890
9298,9.298,882
9299,9.299,881
9300,9.3,880
9301,9.301,880
9302,9.302,885
9303,9.303,879
9304,9.304,878
9305,9.305,882
9306,9.306,874
9307,9.307,899
9308,9.308,874
9309,9.309,866
9310,9.31,873
9311,9.311,885
9312,9.312,882
9313,9.313,875
9314,9.314,862
9315,9.315,861
9316,9.316,879
9317,9.317,875
9318,9.318,879
9319,9.319,875
9320,9.32,887
9321,9.321,882
9322,9.322,880
9323,9.323,885
9324,9.324,893
9325,9.325,870
9326,9.326,866
9327,9.327,875
9328,9.328,867
9329,9.329,866
9330,9.33,866
9331,9.331,880
9332,9.332,869
9333,9.333,866
9334,9.334,878
9335,9.335,881
9336,9.336,896
9337,9.337,826
9338,9.338,890
9339,9.339,906
9340,9.34,886
9341,9.341,885
9342,9.342,881
9343,9.343,887
9344,9.344,879
9345,9.345,878
9346,9.346,879
9347,9.347,880
9348,9.348,879
9349,9.349,871
9350,9.35,874
9351,9.351,875
9352,9.352,883
9353,9.353,878
9354,9.354,881
9355,9.355,880
9356,9.356,885
9357,9.357,882
9358,9.358,880
9359,9.359,883
9360,9.36,897
9361,9.361,887
9362,9.362,861
9363,9.363,858
9364,9.364,851
9365,9.365,867
9366,9.366,874
9367,9.367,881
9368,9.368,882
9369,9.369,882
9370,9.37,869
9371,9.371,881
9372,9.372,885
9373,9.373,880
9374,9.374,874
9375,9.375,870
9376,9.376,886
9377,9.377,878
9378,9.378,880
9379,9.379,907
9380,9.38,885
9381,9.381,883
9382,9.382,878
9383,9.383,880
9384,9.384,880
9385,9.385,877
9386,9.386,871
9387,9.387,875
9388,9.388,869
9389,9.389,862
9390,9.39,868
9391,9.391,881
9392,9.392,879
9393,9.393,865
9394,9.394,880
9395,9.395,884
9396,9.396,893
9397,9.397,880
9398,9.398,890
9399,9.399,884
9400,9.4,898
9401,9.401,882
9402,9.402,882
9403,9.403,881
9404,9.404,880
9405,9.405,870
9406,9.406,873
9407,9.407,875
9408,9.408,869
9409,9.409,870
9410,9.41,871
9411,9.411,868
9412,9.412,880
9413,9.413,870
9414,9.414,882
9415,9.415,878
9416,9.416,879
9417,9.417,895
9418,9.418,890
9419,9.419,894
9420,9.42,895
9421,9.421,887
9422,9.422,883
9423,9.423,880
9424,9.424,899
9425,9.425,874
9426,9.426,875
9427,9.427,865
9428,9.428,868
9429,9.429,881
9430,9.43,875
9431,9.431,886
9432,9.432,890
9433,9.433,879
9434,9.434,861
9435,9.435,859
9436,9.436,880
9437,9.437,880
9438,9.438,883
9439,9.439,878
9440,9.44,888
9441,9.441,880
9442,9.442,884
9443,9.443,886
9444,9.444,880
9445,9.445,879
9446,9.446,884
9447,9.447,865
9448,9.448,861
9449,9.449,857
9450,9.45,862
9451,9.451,877
9452,9.452,871
9453,9.453,875
9454,9.454,876
9455,9.455,893
9456,9.456,896
9457,9.457,891
9458,9.458,879
9459,9.459,879
9460,9.46,885
9461,9.461,889
9462,9.462,887
9463,9.463,874
9464,9.464,890
9465,9.465,879
9466,9.466,886
9467,9.467,869
9468,9.468,865
9469,9.469,880
9470,9.47,881
9471,9.471,867
9472,9.472,877
9473,9.473,869
9474,9.474,866
9475,9.475,883
9476,9.476,886
9477,9.477,895
9478,9.478,886
9479,9.479,880
9480,9.48,885
9481,9.481,875
9482,9.482,885
9483,9.483,873
9484,9.484,886
9485,9.485,874
9486,9.486,837
9487,9.487,873
9488,9.488,880
9489,9.489,865
9490,9.49,857
9491,9.491,859
9492,9.492,863
9493,9.493,866
9494,9.494,880
9495,9.495,887
9496,9.496,897
9497,9.497,898
9498,9.498,903
9499,9.499,882
9500,9.5,881
9501,9.501,874
9502,9.502,943
9503,9.503,868
9504,9.504,871
9505,9.505,873
9506,9.506,875
9507,9.507,869
9508,9.508,879
9509,9.509,879
9510,9.51,848
9511,9.511,875
9512,9.512,874
9513,9.513,879
9514,9.514,816
9515,9.515,883
9516,9.516,881
9517,9.517,879
9518,9.518,885
9519,9.519,889
9520,9.52,884
9521,9.521,896
9522,9.522,893
9523,9.523,880
9524,9.524,874
9525,9.525,881
9526,9.526,880
9527,9.527,858
9528,9.528,882
9529,9.529,868
9530,9.53,875
9531,9.531,880
9532,9.532,879
9533,9.533,875
9534,9.534,914
9535,9.535,883
9536,9.536,893
9537,9.537,885
9538,9.538,883
9539,9.539,885
9540,9.54,882
9541,9.541,887
9542,9.542,880
9543,9.543,889
9544,9.544,885
9545,9.545,881
9546,9.546,874
9547,9.547,879
9548,9.548,878
9549,9.549,878
9550,9.55,866
9551,9.551,859
9552,9.552,867
9553,9.553,860
9554,9.554,869
9555,9.555,877
9556,9.556,893
9557,9.557,884
9558,9.558,881
9559,9.559,884
9560,9.56,887
9561,9.561,880
9562,9.562,883
9563,9.563,893
9564,9.564,883
9565,9.565,880
9566,9.566,880
9567,9.567,869
9568,9.568,863
9569,9.569,867
9570,9.57,865
9571,9.571,871
9572,9.572,880
9573,9.573,882
9574,9.574,880
9575,9.575,880
9576,9.576,885
9577,9.577,883
9578,9.578,881
9579,9.579,887
9580,9.58,889
9581,9.581,885
9582,9.582,879
9583,9.583,886
9584,9.584,873
9585,9.585,871
9586,9.586,874
9587,9.587,879
9588,9.588,887
9589,9.589,886
9590,9.59,886
9591,9.591,883
9592,9.592,889
9593,9.593,885
9594,9.594,881
9595,9.595,865
9596,9.596,867
9597,9.597,879
9598,9.598,876
9599,9.599,878
9600,9.6,880
9601,9.601,880
9602,9.602,867
9603,9.603,886
9604,9.604,886
9605,9.605,886
9606,9.606,879
9607,9.607,889
9608,9.608,882
9609,9.609,862
9610,9.61,857
9611,9.611,873
9612,9.612,903
9613,9.613,878
9614,9.614,874
9615,9.615,873
9616,9.616,880
9617,9.617,885
9618,9.618,886
9619,9.619,883
9620,9.62,890
9621,9.621,880
9622,9.622,880
9623,9.623,880
9624,9.624,893
9625,9.625,874
9626,9.626,871
9627,9.627,871
9628,9.628,875
9629,9.629,866
9630,9.63,864
9631,9.631,879
9632,9.632,864
9633,9.633,879
9634,9.634,879
9635,9.635,878
9636,9.636,880
9637,9.637,887
9638,9.638,886
9639,9.639,900
9640,9.64,893
9641,9.641,882
9642,9.642,880
9643,9.643,891
9644,9.644,880
9645,9.645,867
9646,9.646,887
9647,9.647,881
9648,9.648,876
9649,9.649,866
9650,9.65,871
9651,9.651,866
9652,9.652,866
9653,9.653,883
9654,9.654,877
9655,9.655,880
9656,9.656,883
9657,9.657,881
9658,9.658,881
9659,9.659,882
9660,9.66,891
9661,9.661,883
9662,9.662,880
9663,9.663,877
9664,9.664,876
9665,9.665,873
9666,9.666,879
9667,9.667,848
9668,9.668,877
9669,9.669,875
9670,9.67,870
9671,9.671,871
9672,9.672,879
9673,9.673,877
9674,9.674,882
9675,9.675,886
9676,9.676,893
9677,9.677,891
9678,9.678,891
9679,9.679,891
9680,9.68,880
9681,9.681,876
9682,9.682,875
9683,9.683,873
9684,9.684,879
9685,9.685,878
9686,9.686,865
9687,9.687,875
9688,9.688,882
9689,9.689,875
9690,9.69,875
9691,9.691,880
9692,9.692,880
9693,9.693,858
9694,9.694,870
9695,9.695,880
9696,9.696,884
9697,9.697,880
9698,9.698,876
9699,9.699,877
9700,9.7,893
9701,9.701,902
9702,9.702,889
9703,9.703,883
9704,9.704,886
9705,9.705,879
9706,9.706,876
9707,9.707,872
9708,9.708,878
9709,9.709,873
9710,9.71,878
9711,9.711,874
9712,9.712,873
9713,9.713,880
9714,9.714,879
9715,9.715,958
9716,9.716,879
9717,9.717,876
9718,9.718,883
9719,9.719,879
9720,9.72,885
9721,9.721,892
9722,9.722,892
9723,9.723,876
9724,9.724,883
9725,9.725,880
9726,9.726,878
9727,9.727,879
9728,9.728,876
9729,9.729,879
9730,9.73,874
9731,9.731,859
9732,9.732,873
9733,9.733,874
9734,9.734,875
9735,9.735,880
9736,9.736,880
9737,9.737,880
9738,9.738,891
9739,9.739,893
9740,9.74,888
9741,9.741,884
9742,9.742,896
9743,9.743,880
9744,9.744,885
9745,9.745,889
9746,9.746,873
9747,9.747,908
9748,9.748,869
9749,9.749,879
9750,9.75,880
9751,9.751,875
9752,9.752,879
9753,9.753,882
9754,9.754,877
9755,9.755,886
9756,9.756,880
9757,9.757,894
9758,9.758,881
9759,9.759,880
9760,9.76,880
9761,9.761,877
9762,9.762,875
9763,9.763,874
9764,9.764,878
9765,9.765,879
9766,9.766,876
9767,9.767,867
9768,9.768,876
9769,9.769,877
9770,9.77,874
9771,9.771,865
9772,9.772,869
9773,9.773,873
9774,9.774,867
9775,9.775,887
9776,9.776,895
9777,9.777,896
9778,9.778,883
9779,9.779,889
9780,9.78,878
9781,9.781,880
9782,9.782,869
9783,9.783,873
9784,9.784,882
9785,9.785,877
9786,9.786,885
9787,9.787,879
9788,9.788,871
9789,9.789,891
9790,9.79,871
9791,9.791,871
9792,9.792,797
9793,9.793,873
9794,9.794,880
9795,9.795,880
9796,9.796,880
9797,9.797,881
9798,9.798,880
9799,9.799,886
9800,9.8,891
9801,9.801,887
9802,9.802,884
9803,9.803,889
9804,9.804,894
9805,9.805,890
9806,9.806,880
9807,9.807,882
9808,9.808,869
9809,9.809,870
9810,9.81,865
9811,9.811,863
9812,9.812,884
9813,9.813,881
9814,9.814,876
9815,9.815,871
9816,9.816,886
9817,9.817,879
9818,9.818,880
9819,9.819,875
9820,9.82,973
9821,9.821,882
9822,9.822,880
9823,9.823,880
9824,9.824,878
9825,9.825,881
9826,9.826,874
9827,9.827,875
9828,9.828,874
9829,9.829,870
9830,9.83,880
9831,9.831,880
9832,9.832,870
9833,9.833,869
9834,9.834,864
9835,9.835,869
9836,9.836,880
9837,9.837,897
9838,9.838,892
9839,9.839,897
9840,9.84,892
9841,9.841,895
9842,9.842,880
9843,9.843,882
9844,9.844,879
9845,9.845,876
9846,9.846,878
9847,9.847,877
9848,9.848,871
9849,9.849,874
9850,9.85,869
9851,9.851,868
9852,9.852,878
9853,9.853,869
9854,9.854,875
9855,9.855,879
9856,9.856,879
9857,9.857,878
9858,9.858,880
9859,9.859,881
9860,9.86,880
9861,9.861,885
9862,9.862,880
9863,9.863,880
9864,9.864,881
9865,9.865,886
9866,9.866,874
9867,9.867,870
9868,9.868,869
9869,9.869,880
9870,9.87,866
9871,9.871,870
9872,9.872,880
9873,9.873,867
9874,9.874,880
9875,9.875,879
9876,9.876,887
9877,9.877,879
9878,9.878,880
9879,9.879,914
9880,9.88,855
9881,9.881,893
9882,9.882,880
9883,9.883,876
9884,9.884,874
9885,9.885,880
9886,9.886,876
9887,9.887,868
9888,9.888,880
9889,9.889,883
9890,9.89,869
9891,9.891,892
9892,9.892,871
9893,9.893,855
9894,9.894,866
9895,9.895,877
9896,9.896,884
9897,9.897,891
9898,9.898,883
9899,9.899,884
9900,9.9,894
9901,9.901,890
9902,9.902,880
9903,9.903,880
9904,9.904,884
9905,9.905,874
9906,9.906,867
9907,9.907,879
9908,9.908,875
9909,9.909,879
9910,9.91,875
9911,9.911,875
9912,9.912,877
9913,9.913,885
9914,9.914,877
9915,9.915,880
9916,9.916,883
9917,9.917,885
9918,9.918,882
9919,9.919,880
9920,9.92,832
9921,9.921,884
9922,9.922,880
9923,9.923,880
9924,9.924,880
9925,9.925,887
9926,9.926,876
9927,9.927,866
9928,9.928,861
9929,9.929,877
9930,9.93,878
9931,9.931,865
9932,9.932,867
9933,9.933,880
9934,9.934,878
9935,9.935,876
9936,9.936,877
9937,9.937,723
9938,9.938,880
9939,9.939,879
9940,9.94,879
9941,9.941,880
9942,9.942,875
9943,9.943,890
9944,9.944,877
9945,9.945,875
9946,9.946,869
9947,9.947,867
9948,9.948,871
9949,9.949,880
9950,9.95,879
9951,9.951,869
9952,9.952,883
9953,9.953,869
9954,9.954,881
9955,9.955,876
9956,9.956,886
9957,9.957,881
9958,9.958,883
9959,9.959,807
9960,9.96,895
9961,9.961,890
9962,9.962,878
9963,9.963,875
9964,9.964,895
9965,9.965,874
9966,9.966,879
9967,9.967,877
9968,9.968,867
9969,9.969,871
9970,9.97,858
9971,9.971,874
9972,9.972,879
9973,9.973,880
9974,9.974,875
9975,9.975,865
9976,9.976,885
9977,9.977,889
9978,9.978,892
9979,9.979,880
9980,9.98,883
9981,9.981,884
9982,9.982,890
9983,9.983,880
9984,9.984,880
9985,9.985,880
9986,9.986,877
9987,9.987,866
9988,9.988,875
9989,9.989,870
9990,9.99,905
9991,9.991,867
9992,9.992,880
9993,9.993,876
9994,9.994,880
9995,9.995,886
9996,9.996,887
9997,9.997,886
9998,9.998,891
9999,9.999,871
10000,10.0,878
10001,10.001,887
10002,10.002,881
10003,10.003,885
10004,10.004,868
10005,10.005,885
10006,10.006,865
10007,10.007,871
10008,10.008,877
10009,10.009,849
10010,10.01,880
10011,10.011,877
10012,10.012,864
10013,10.013,854
10014,10.014,870
10015,10.015,875
10016,10.016,880
10017,10.017,887
10018,10.018,884
10019,10.019,887
10020,10.02,881
10021,10.021,883
10022,10.022,885
10023,10.023,877
10024,10.024,878
10025,10.025,896
10026,10.026,850
10027,10.027,877
10028,10.028,876
10029,10.029,902
10030,10.03,866
10031,10.031,868
10032,10.032,867
10033,10.033,880
10034,10.034,873
10035,10.035,880
10036,10.036,893
10037,10.037,889
10038,10.038,891
10039,10.039,881
10040,10.04,875
10041,10.041,870
10042,10.042,880
10043,10.043,877
10044,10.044,875
10045,10.045,878
10046,10.046,874
10047,10.047,874
10048,10.048,874
10049,10.049,871
10050,10.05,873
10051,10.051,867
10052,10.052,867
10053,10.053,877
10054,10.054,879
10055,10.055,879
10056,10.056,881
10057,10.057,887
10058,10.058,883
10059,10.059,878
10060,10.06,886
10061,10.061,894
10062,10.062,895
10063,10.063,887
10064,10.064,893
10065,10.065,877
10066,10.066,864
10067,10.067,852
10068,10.068,862
10069,10.069,864
10070,10.07,868
10071,10.071,871
10072,10.072,893
10073,10.073,893
10074,10.074,897
10075,10.075,901
10076,10.076,878
10077,10.077,863
10078,10.078,871
10079,10.079,869
10080,10.08,863
10081,10.081,869
10082,10.082,870
10083,10.083,874
10084,10.084,883
10085,10.085,882
10086,10.086,882
10087,10.087,878
10088,10.088,867
10089,10.089,878
10090,10.09,876
10091,10.091,864
10092,10.092,879
10093,10.093,879
10094,10.094,893
10095,10.095,919
10096,10.096,941
10097,10.097,950
10098,10.098,944
10099,10.099,896
10100,10.1,831
10101,10.101,788
10102,10.102,823
10103,10.103,838
10104,10.104,849
10105,10.105,848
10106,10.106,870
10107,10.107,874
10108,10.108,870
10109,10.109,929
10110,10.11,880
10111,10.111,880
10112,10.112,907
10113,10.113,875
10114,10.114,882
10115,10.115,880
10116,10.116,880
10117,10.117,880
10118,10.118,886
10119,10.119,896
10120,10.12,896
10121,10.121,890
10122,10.122,887
10123,10.123,891
10124,10.124,880
10125,10.125,880
10126,10.126,883
10127,10.127,878
10128,10.128,871
10129,10.129,874
10130,10.13,874
10131,10.131,875
10132,10.132,882
10133,10.133,869
10134,10.134,882
10135,10.135,882
10136,10.136,880
10137,10.137,881
10138,10.138,890
10139,10.139,879
10140,10.14,886
10141,10.141,893
10142,10.142,880
10143,10.143,883
10144,10.144,882
10145,10.145,880
10146,10.146,879
10147,10.147,880
10148,10.148,881
10149,10.149,870
10150,10.15,871
10151,10.151,871
10152,10.152,875
10153,10.153,887
10154,10.154,880
10155,10.155,878
10156,10.156,880
10157,10.157,887
10158,10.158,886
10159,10.159,880
10160,10.16,883
10161,10.161,887
10162,10.162,882
10163,10.163,879
10164,10.164,893
10165,10.165,883
10166,10.166,881
10167,10.167,869
10168,10.168,864
10169,10.169,866
10170,10.17,867
10171,10.171,871
10172,10.172,880
10173,10.173,879
10174,10.174,876
10175,10.175,875
10176,10.176,879
10177,10.177,866
10178,10.178,890
10179,10.179,892
10180,10.18,890
10181,10.181,897
10182,10.182,887
10183,10.183,880
10184,10.184,876
10185,10.185,871
10186,10.186,878
10187,10.187,880
10188,10.188,871
10189,10.189,885
10190,10.19,907
10191,10.191,880
10192,10.192,884
10193,10.193,879
10194,10.194,879
10195,10.195,877
10196,10.196,886
10197,10.197,880
10198,10.198,895
10199,10.199,898
10200,10.2,893
10201,10.201,895
10202,10.202,875
10203,10.203,874
10204,10.204,880
10205,10.205,880
10206,10.206,863
10207,10.207,880
10208,10.208,848
10209,10.209,836
10210,10.21,902
10211,10.211,879
10212,10.212,878
10213,10.213,865
10214,10.214,880
10215,10.215,874
10216,10.216,878
10217,10.217,880
10218,10.218,854
10219,10.219,883
10220,10.22,881
10221,10.221,901
10222,10.222,887
10223,10.223,875
10224,10.224,887
10225,10.225,883
10226,10.226,869
10227,10.227,873
10228,10.228,882
10229,10.229,879
10230,10.23,869
10231,10.231,870
10232,10.232,875
10233,10.233,880
10234,10.234,818
10235,10.235,887
10236,10.236,884
10237,10.237,883
10238,10.238,877
10239,10.239,880
10240,10.24,884
10241,10.241,879
10242,10.242,880
10243,10.243,885
10244,10.244,880
10245,10.245,880
10246,10.246,883
10247,10.247,875
10248,10.248,866
10249,10.249,880
10250,10.25,880
10251,10.251,870
10252,10.252,818
10253,10.253,864
10254,10.254,864
10255,10.255,881
10256,10.256,877
10257,10.257,879
10258,10.258,866
10259,10.259,887
10260,10.26,880
10261,10.261,869
10262,10.262,866
10263,10.263,876
10264,10.264,885
10265,10.265,885
10266,10.266,884
10267,10.267,878
10268,10.268,880
10269,10.269,878
10270,10.27,874
10271,10.271,865
10272,10.272,871
10273,10.273,869
10274,10.274,875
10275,10.275,883
10276,10.276,885
10277,10.277,893
10278,10.278,899
10279,10.279,894
10280,10.28,880
10281,10.281,873
10282,10.282,887
10283,10.283,879
10284,10.284,881
10285,10.285,886
10286,10.286,884
10287,10.287,874
10288,10.288,869
10289,10.289,866
10290,10.29,880
10291,10.291,869
10292,10.292,851
10293,10.293,864
10294,10.294,866
10295,10.295,880
10296,10.296,883
10297,10.297,880
10298,10.298,891
10299,10.299,900
10300,10.3,890
10301,10.301,899
10302,10.302,886
10303,10.303,882
10304,10.304,882
10305,10.305,879
10306,10.306,877
10307,10.307,884
10308,10.308,878
10309,10.309,877
10310,10.31,879
10311,10.311,874
10312,10.312,874
10313,10.313,870
10314,10.314,877
10315,10.315,878
10316,10.316,873
10317,10.317,910
10318,10.318,869
10319,10.319,874
10320,10.32,879
10321,10.321,887
10322,10.322,880
10323,10.323,882
10324,10.324,880
10325,10.325,874
10326,10.326,890
10327,10.327,889
10328,10.328,880
10329,10.329,879
10330,10.33,865
10331,10.331,862
10332,10.332,876
10333,10.333,875
10334,10.334,874
10335,10.335,851
10336,10.336,884
10337,10.337,881
10338,10.338,870
10339,10.339,885
10340,10.34,880
10341,10.341,873
10342,10.342,878
10343,10.343,878
10344,10.344,902
10345,10.345,886
10346,10.346,880
10347,10.347,876
10348,10.348,867
10349,10.349,880
10350,10.35,849
10351,10.351,866
10352,10.352,873
10353,10.353,871
10354,10.354,878
10355,10.355,896
10356,10.356,879
10357,10.357,960
10358,10.358,890
10359,10.359,970
10360,10.36,882
10361,10.361,887
10362,10.362,884
10363,10.363,880
10364,10.364,903
10365,10.365,880
10366,10.366,875
10367,10.367,877
10368,10.368,880
10369,10.369,816
10370,10.37,880
10371,10.371,912
10372,10.372,865
10373,10.373,863
10374,10.374,869
10375,10.375,865
10376,10.376,878
10377,10.377,880
10378,10.378,880
10379,10.379,962
10380,10.38,880
10381,10.381,881
10382,10.382,891
10383,10.383,886
10384,10.384,883
10385,10.385,880
10386,10.386,880
10387,10.387,861
10388,10.388,898
10389,10.389,880
10390,10.39,881
10391,10.391,868
10392,10.392,871
10393,10.393,875
10394,10.394,866
10395,10.395,881
10396,10.396,878
10397,10.397,880
10398,10.398,882
10399,10.399,883
10400,10.4,882
10401,10.401,889
10402,10.402,873
10403,10.403,882
10404,10.404,881
10405,10.405,878
10406,10.406,880
10407,10.407,873
10408,10.408,880
10409,10.409,875
10410,10.41,878
10411,10.411,869
10412,10.412,869
10413,10.413,875
10414,10.414,862
10415,10.415,877
10416,10.416,880
10417,10.417,925
10418,10.418,887
10419,10.419,893
10420,10.42,880
10421,10.421,896
10422,10.422,917
10423,10.423,885
10424,10.424,877
10425,10.425,886
10426,10.426,880
10427,10.427,880
10428,10.428,869
10429,10.429,900
10430,10.43,863
10431,10.431,863
10432,10.432,880
10433,10.433,888
10434,10.434,885
10435,10.435,879
10436,10.436,882
10437,10.437,889
10438,10.438,886
10439,10.439,889
10440,10.44,880
10441,10.441,883
10442,10.442,883
10443,10.443,881
10444,10.444,879
10445,10.445,880
10446,10.446,890
10447,10.447,881
10448,10.448,877
10449,10.449,822
10450,10.45,870
10451,10.451,806
10452,10.452,863
10453,10.453,874
10454,10.454,861
10455,10.455,864
10456,10.456,918
10457,10.457,875
10458,10.458,882
10459,10.459,880
10460,10.46,882
10461,10.461,885
10462,10.462,882
10463,10.463,876
10464,10.464,880
10465,10.465,879
10466,10.466,883
10467,10.467,885
10468,10.468,972
10469,10.469,880
10470,10.47,873
10471,10.471,851
10472,10.472,853
10473,10.473,864
10474,10.474,832
10475,10.475,877
10476,10.476,869
10477,10.477,881
10478,10.478,882
10479,10.479,883
10480,10.48,889
10481,10.481,887
10482,10.482,894
10483,10.483,886
10484,10.484,880
10485,10.485,880
10486,10.486,880
10487,10.487,876
10488,10.488,882
10489,10.489,849
10490,10.49,875
10491,10.491,860
10492,10.492,866
10493,10.493,849
10494,10.494,886
10495,10.495,880
10496,10.496,880
10497,10.497,875
10498,10.498,878
10499,10.499,871
10500,10.5,873
10501,10.501,882
10502,10.502,887
10503,10.503,882
10504,10.504,880
10505,10.505,880
10506,10.506,885
10507,10.507,880
10508,10.508,870
10509,10.509,871
10510,10.51,862
10511,10.511,863
10512,10.512,878
10513,10.513,876
10514,10.514,878
10515,10.515,871
10516,10.516,887
10517,10.517,880
10518,10.518,886
10519,10.519,889
10520,10.52,881
10521,10.521,884
10522,10.522,883
10523,10.523,883
10524,10.524,881
10525,10.525,881
10526,10.526,882
10527,10.527,871
10528,10.528,880
10529,10.529,870
10530,10.53,881
10531,10.531,880
10532,10.532,870
10533,10.533,875
10534,10.534,866
10535,10.535,869
10536,10.536,887
10537,10.537,879
10538,10.538,877
10539,10.539,879
10540,10.54,877
10541,10.541,903
10542,10.542,893
10543,10.543,866
10544,10.544,881
10545,10.545,881
10546,10.546,881
10547,10.547,878
10548,10.548,875
10549,10.549,876
10550,10.55,873
10551,10.551,874
10552,10.552,871
10553,10.553,796
10554,10.554,875
10555,10.555,893
10556,10.556,871
10557,10.557,880
10558,10.558,886
10559,10.559,879
10560,10.56,887
10561,10.561,880
10562,10.562,894
10563,10.563,885
10564,10.564,852
10565,10.565,877
10566,10.566,930
10567,10.567,879
10568,10.568,818
10569,10.569,875
10570,10.57,867
10571,10.571,867
10572,10.572,778
10573,10.573,880
10574,10.574,871
10575,10.575,870
10576,10.576,879
10577,10.577,881
10578,10.578,896
10579,10.579,881
10580,10.58,889
10581,10.581,880
10582,10.582,887
10583,10.583,886
10584,10.584,881
10585,10.585,887
10586,10.586,882
10587,10.587,881
10588,10.588,880
10589,10.589,881
10590,10.59,878
10591,10.591,864
10592,10.592,885
10593,10.593,869
10594,10.594,874
10595,10.595,871
10596,10.596,880
10597,10.597,880
10598,10.598,889
10599,10.599,893
10600,10.6,881
10601,10.601,897
10602,10.602,887
10603,10.603,878
10604,10.604,878
10605,10.605,867
10606,10.606,884
10607,10.607,875
10608,10.608,959
10609,10.609,878
10610,10.61,867
10611,10.611,858
10612,10.612,864
10613,10.613,868
10614,10.614,874
10615,10.615,869
10616,10.616,879
10617,10.617,881
10618,10.618,880
10619,10.619,886
10620,10.62,875
10621,10.621,880
10622,10.622,833
10623,10.623,880
10624,10.624,895
10625,10.625,880
10626,10.626,878
10627,10.627,882
10628,10.628,880
10629,10.629,870
10630,10.63,880
10631,10.631,875
10632,10.632,863
10633,10.633,867
10634,10.634,874
10635,10.635,867
10636,10.636,878
10637,10.637,863
10638,10.638,912
10639,10.639,879
10640,10.64,871
10641,10.641,870
10642,10.642,883
10643,10.643,887
10644,10.644,905
10645,10.645,892
10646,10.646,879
10647,10.647,880
10648,10.648,867
10649,10.649,871
10650,10.65,855
10651,10.651,860
10652,10.652,875
10653,10.653,880
10654,10.654,880
10655,10.655,882
10656,10.656,881
10657,10.657,877
10658,10.658,890
10659,10.659,902
10660,10.66,882
10661,10.661,897
10662,10.662,883
10663,10.663,881
10664,10.664,880
10665,10.665,849
10666,10.666,880
10667,10.667,873
10668,10.668,870
10669,10.669,863
10670,10.67,868
10671,10.671,879
10672,10.672,869
10673,10.673,960
10674,10.674,875
10675,10.675,874
10676,10.676,879
10677,10.677,879
10678,10.678,889
10679,10.679,881
10680,10.68,900
10681,10.681,895
10682,10.682,896
10683,10.683,879
10684,10.684,880
10685,10.685,867
10686,10.686,862
10687,10.687,874
10688,10.688,869
10689,10.689,862
10690,10.69,867
10691,10.691,873
10692,10.692,864
10693,10.693,879
10694,10.694,880
10695,10.695,883
10696,10.696,880
10697,10.697,877
10698,10.698,885
10699,10.699,889
10700,10.7,801
10701,10.701,891
10702,10.702,885
10703,10.703,880
10704,10.704,894
10705,10.705,894
10706,10.706,896
10707,10.707,898
10708,10.708,883
10709,10.709,832
10710,10.71,848
10711,10.711,865
10712,10.712,867
10713,10.713,865
10714,10.714,874
10715,10.715,880
10716,10.716,868
10717,10.717,880
10718,10.718,880
10719,10.719,888
10720,10.72,889
10721,10.721,880
10722,10.722,887
10723,10.723,879
10724,10.724,880
10725,10.725,880
10726,10.726,873
10727,10.727,879
10728,10.728,875
10729,10.729,869
10730,10.73,871
10731,10.731,865
10732,10.732,870
10733,10.733,874
10734,10.734,877
10735,10.735,880
10736,10.736,878
10737,10.737,881
10738,10.738,895
10739,10.739,891
10740,10.74,893
10741,10.741,887
10742,10.742,897
10743,10.743,894
10744,10.744,891
10745,10.745,882
10746,10.746,881
10747,10.747,888
10748,10.748,906
10749,10.749,902
10750,10.75,902
10751,10.751,890
10752,10.752,850
10753,10.753,869
10754,10.754,844
10755,10.755,834
10756,10.756,852
10757,10.757,879
10758,10.758,894
10759,10.759,893
10760,10.76,897
10761,10.761,892
10762,10.762,871
10763,10.763,850
10764,10.764,886
10765,10.765,894
10766,10.766,884
10767,10.767,880
10768,10.768,880
10769,10.769,871
10770,10.77,835
10771,10.771,867
10772,10.772,854
10773,10.773,858
10774,10.774,871
10775,10.775,889
10776,10.776,871
10777,10.777,887
10778,10.778,880
10779,10.779,880
10780,10.78,880
10781,10.781,875
10782,10.782,887
10783,10.783,890
10784,10.784,882
10785,10.785,880
10786,10.786,890
10787,10.787,881
10788,10.788,879
10789,10.789,881
10790,10.79,873
10791,10.791,880
10792,10.792,867
10793,10.793,877
10794,10.794,878
10795,10.795,877
10796,10.796,869
10797,10.797,874
10798,10.798,906
10799,10.799,896
10800,10.8,886
10801,10.801,887
10802,10.802,882
10803,10.803,881
10804,10.804,879
10805,10.805,822
10806,10.806,887
10807,10.807,880
10808,10.808,880
10809,10.809,879
10810,10.81,863
10811,10.811,859
10812,10.812,855
10813,10.813,867
10814,10.814,870
10815,10.815,874
10816,10.816,870
10817,10.817,883
10818,10.818,879
10819,10.819,884
10820,10.82,896
10821,10.821,897
10822,10.822,894
10823,10.823,896
10824,10.824,880
10825,10.825,889
10826,10.826,883
10827,10.827,887
10828,10.828,884
10829,10.829,863
10830,10.83,871
10831,10.831,883
10832,10.832,871
10833,10.833,878
10834,10.834,863
10835,10.835,871
10836,10.836,862
10837,10.837,871
10838,10.838,892
10839,10.839,880
10840,10.84,890
10841,10.841,895
10842,10.842,893
10843,10.843,880
10844,10.844,879
10845,10.845,880
10846,10.846,883
10847,10.847,880
10848,10.848,887
10849,10.849,880
10850,10.85,874
10851,10.851,863
10852,10.852,848
10853,10.853,869
10854,10.854,866
10855,10.855,872
10856,10.856,875
10857,10.857,867
10858,10.858,895
10859,10.859,871
10860,10.86,874
10861,10.861,873
10862,10.862,893
10863,10.863,884
10864,10.864,881
10865,10.865,879
10866,10.866,880
10867,10.867,880
10868,10.868,882
10869,10.869,870
10870,10.87,875
10871,10.871,879
10872,10.872,880
10873,10.873,880
10874,10.874,882
10875,10.875,891
10876,10.876,890
10877,10.877,880
10878,10.878,909
10879,10.879,895
10880,10.88,880
10881,10.881,880
10882,10.882,903
10883,10.883,912
10884,10.884,887
10885,10.885,862
10886,10.886,846
10887,10.887,837
10888,10.888,848
10889,10.889,850
10890,10.89,859
10891,10.891,861
10892,10.892,857
10893,10.893,877
10894,10.894,880
10895,10.895,882
10896,10.896,875
10897,10.897,870
10898,10.898,885
10899,10.899,883
10900,10.9,887
10901,10.901,897
10902,10.902,891
10903,10.903,897
10904,10.904,892
10905,10.905,882
10906,10.906,880
10907,10.907,885
10908,10.908,881
10909,10.909,880
10910,10.91,877
10911,10.911,879
10912,10.912,867
10913,10.913,862
10914,10.914,880
10915,10.915,876
10916,10.916,877
10917,10.917,875
10918,10.918,878
10919,10.919,879
10920,10.92,877
10921,10.921,881
10922,10.922,882
10923,10.923,898
10924,10.924,899
10925,10.925,898
10926,10.926,890
10927,10.927,890
10928,10.928,864
10929,10.929,863
10930,10.93,866
10931,10.931,878
10932,10.932,858
10933,10.933,867
10934,10.934,864
10935,10.935,875
10936,10.936,870
10937,10.937,893
10938,10.938,896
10939,10.939,873
10940,10.94,862
10941,10.941,880
10942,10.942,886
10943,10.943,889
10944,10.944,892
10945,10.945,880
10946,10.946,879
10947,10.947,882
10948,10.948,877
10949,10.949,876
10950,10.95,878
10951,10.951,880
10952,10.952,876
10953,10.953,874
10954,10.954,880
10955,10.955,881
10956,10.956,880
10957,10.957,879
10958,10.958,877
10959,10.959,885
10960,10.96,881
10961,10.961,880
10962,10.962,880
10963,10.963,887
10964,10.964,884
10965,10.965,880
10966,10.966,882
10967,10.967,881
10968,10.968,881
10969,10.969,870
10970,10.97,921
10971,10.971,884
10972,10.972,866
10973,10.973,865
10974,10.974,866
10975,10.975,877
10976,10.976,875
10977,10.977,877
10978,10.978,879
10979,10.979,912
10980,10.98,891
10981,10.981,880
10982,10.982,846
10983,10.983,879
10984,10.984,880
10985,10.985,891
10986,10.986,881
10987,10.987,881
10988,10.988,876
10989,10.989,878
10990,10.99,871
10991,10.991,875
10992,10.992,866
10993,10.993,865
10994,10.994,878
10995,10.995,878
10996,10.996,879
10997,10.997,871
10998,10.998,880
10999,10.999,887
11000,11.0,884
11001,11.001,887
11002,11.002,879
11003,11.003,890
11004,11.004,896
11005,11.005,896
11006,11.006,897
11007,11.007,882
11008,11.008,868
11009,11.009,849
11010,11.01,848
11011,11.011,857
11012,11.012,866
11013,11.013,865
11014,11.014,878
11015,11.015,886
11016,11.016,873
11017,11.017,880
11018,11.018,885
11019,11.019,882
11020,11.02,890
11021,11.021,886
11022,11.022,882
11023,11.023,891
11024,11.024,886
11025,11.025,894
11026,11.026,886
11027,11.027,880
11028,11.028,880
11029,11.029,871
11030,11.03,871
11031,11.031,874
11032,11.032,874
11033,11.033,871
11034,11.034,869
11035,11.035,876
11036,11.036,869
11037,11.037,880
11038,11.038,880
11039,11.039,880
11040,11.04,883
11041,11.041,882
11042,11.042,883
11043,11.043,890
11044,11.044,891
11045,11.045,881
11046,11.046,876
11047,11.047,878
11048,11.048,880
11049,11.049,875
11050,11.05,880
11051,11.051,879
11052,11.052,880
11053,11.053,880
11054,11.054,877
11055,11.055,862
11056,11.056,858
11057,11.057,867
11058,11.058,864
11059,11.059,883
11060,11.06,886
11061,11.061,881
11062,11.062,880
11063,11.063,894
11064,11.064,871
11065,11.065,883
11066,11.066,880
11067,11.067,875
11068,11.068,884
11069,11.069,866
11070,11.07,877
11071,11.071,875
11072,11.072,877
11073,11.073,869
11074,11.074,874
11075,11.075,871
11076,11.076,880
11077,11.077,877
11078,11.078,879
11079,11.079,882
11080,11.08,889
11081,11.081,880
11082,11.082,898
11083,11.083,890
11084,11.084,883
11085,11.085,882
11086,11.086,878
11087,11.087,866
11088,11.088,879
11089,11.089,873
11090,11.09,869
11091,11.091,878
11092,11.092,879
11093,11.093,877
11094,11.094,880
11095,11.095,873
11096,11.096,851
11097,11.097,854
11098,11.098,866
11099,11.099,879
11100,11.1,880
11101,11.101,881
11102,11.102,882
11103,11.103,889
11104,11.104,891
11105,11.105,890
11106,11.106,880
11107,11.107,887
11108,11.108,879
11109,11.109,867
11110,11.11,870
11111,11.111,871
11112,11.112,870
11113,11.113,875
11114,11.114,886
11115,11.115,879
11116,11.116,878
11117,11.117,877
11118,11.118,878
11119,11.119,883
11120,11.12,887
11121,11.121,883
11122,11.122,883
11123,11.123,877
11124,11.124,882
11125,11.125,884
11126,11.126,890
11127,11.127,882
11128,11.128,881
11129,11.129,880
11130,11.13,877
11131,11.131,875
11132,11.132,863
11133,11.133,855
11134,11.134,878
11135,11.135,883
11136,11.136,869
11137,11.137,877
11138,11.138,880
11139,11.139,887
11140,11.14,903
11141,11.141,895
11142,11.142,880
11143,11.143,889
11144,11.144,894
11145,11.145,891
11146,11.146,884
11147,11.147,880
11148,11.148,880
11149,11.149,874
11150,11.15,868
11151,11.151,857
11152,11.152,853
11153,11.153,857
11154,11.154,862
11155,11.155,883
11156,11.156,880
11157,11.157,880
11158,11.158,878
11159,11.159,877
11160,11.16,881
11161,11.161,887
11162,11.162,883
11163,11.163,895
11164,11.164,880
11165,11.165,880
11166,11.166,868
11167,11.167,875
11168,11.168,869
11169,11.169,867
11170,11.17,878
11171,11.171,870
11172,11.172,867
11173,11.173,875
11174,11.174,880
11175,11.175,877
11176,11.176,882
11177,11.177,877
11178,11.178,889
11179,11.179,886
11180,11.18,881
11181,11.181,869
11182,11.182,864
11183,11.183,880
11184,11.184,880
11185,11.185,880
11186,11.186,877
11187,11.187,880
11188,11.188,879
11189,11.189,880
11190,11.19,881
11191,11.191,867
11192,11.192,887
11193,11.193,877
11194,11.194,849
11195,11.195,882
11196,11.196,866
11197,11.197,880
11198,11.198,894
11199,11.199,895
11200,11.2,885
11201,11.201,874
11202,11.202,886
11203,11.203,874
11204,11.204,881
11205,11.205,895
11206,11.206,882
11207,11.207,889
11208,11.208,878
11209,11.209,886
11210,11.21,880
11211,11.211,869
11212,11.212,871
11213,11.213,896
11214,11.214,877
11215,11.215,854
11216,11.216,872
11217,11.217,895
11218,11.218,848
11219,11.219,896
11220,11.22,893
11221,11.221,885
11222,11.222,890
11223,11.223,884
11224,11.224,889
11225,11.225,895
11226,11.226,879
11227,11.227,880
11228,11.228,880
11229,11.229,877
11230,11.23,906
11231,11.231,865
11232,11.232,858
11233,11.233,877
11234,11.234,864
11235,11.235,880
11236,11.236,870
11237,11.237,881
11238,11.238,869
11239,11.239,889
11240,11.24,880
11241,11.241,881
11242,11.242,890
11243,11.243,880
11244,11.244,893
11245,11.245,891
11246,11.246,880
11247,11.247,894
11248,11.248,885
11249,11.249,894
11250,11.25,875
11251,11.251,871
11252,11.252,869
11253,11.253,870
11254,11.254,867
11255,11.255,877
11256,11.256,882
11257,11.257,875
11258,11.258,894
11259,11.259,882
11260,11.26,893
11261,11.261,892
11262,11.262,880
11263,11.263,880
11264,11.264,881
11265,11.265,875
11266,11.266,880
11267,11.267,886
11268,11.268,879
11269,11.269,869
11270,11.27,871
11271,11.271,859
11272,11.272,866
11273,11.273,864
11274,11.274,869
11275,11.275,875
11276,11.276,844
11277,11.277,882
11278,11.278,871
11279,11.279,882
11280,11.28,885
11281,11.281,880
11282,11.282,880
11283,11.283,881
11284,11.284,891
11285,11.285,879
11286,11.286,882
11287,11.287,882
11288,11.288,880
11289,11.289,876
11290,11.29,866
11291,11.291,871
11292,11.292,882
11293,11.293,871
11294,11.294,869
11295,11.295,873
11296,11.296,878
11297,11.297,875
11298,11.298,871
11299,11.299,886
11300,11.3,892
11301,11.301,883
11302,11.302,882
11303,11.303,880
11304,11.304,885
11305,11.305,880
11306,11.306,879
11307,11.307,878
11308,11.308,881
11309,11.309,880
11310,11.31,866
11311,11.311,867
11312,11.312,876
11313,11.313,870
11314,11.314,880
11315,11.315,874
11316,11.316,877
11317,11.317,880
11318,11.318,881
11319,11.319,880
11320,11.32,894
11321,11.321,885
11322,11.322,882
11323,11.323,883
11324,11.324,889
11325,11.325,878
11326,11.326,884
11327,11.327,880
11328,11.328,881
11329,11.329,882
11330,11.33,881
11331,11.331,880
11332,11.332,874
11333,11.333,861
11334,11.334,870
11335,11.335,869
11336,11.336,879
11337,11.337,877
11338,11.338,883
11339,11.339,885
11340,11.34,883
11341,11.341,893
11342,11.342,883
11343,11.343,887
11344,11.344,893
11345,11.345,882
11346,11.346,885
11347,11.347,890
11348,11.348,875
11349,11.349,868
11350,11.35,866
11351,11.351,873
11352,11.352,871
11353,11.353,870
11354,11.354,869
11355,11.355,881
11356,11.356,874
11357,11.357,882
11358,11.358,877
11359,11.359,884
11360,11.36,879
11361,11.361,917
11362,11.362,890
11363,11.363,893
11364,11.364,882
11365,11.365,895
11366,11.366,885
11367,11.367,884
11368,11.368,871
11369,11.369,879
11370,11.37,868
11371,11.371,871
11372,11.372,880
11373,11.373,878
11374,11.374,871
11375,11.375,876
11376,11.376,876
11377,11.377,869
11378,11.378,877
11379,11.379,880
11380,11.38,887
11381,11.381,885
11382,11.382,893
11383,11.383,880
11384,11.384,906
11385,11.385,881
11386,11.386,880
11387,11.387,896
11388,11.388,887
11389,11.389,890
11390,11.39,886
11391,11.391,870
11392,11.392,869
11393,11.393,862
11394,11.394,877
11395,11.395,880
11396,11.396,874
11397,11.397,891
11398,11.398,879
11399,11.399,881
11400,11.4,880
11401,11.401,894
11402,11.402,885
11403,11.403,896
11404,11.404,885
11405,11.405,885
11406,11.406,886
11407,11.407,880
11408,11.408,887
11409,11.409,880
11410,11.41,880
11411,11.411,878
11412,11.412,879
11413,11.413,885
11414,11.414,889
11415,11.415,880
11416,11.416,871
11417,11.417,883
11418,11.418,875
11419,11.419,886
11420,11.42,895
11421,11.421,881
11422,11.422,894
11423,11.423,884
11424,11.424,880
11425,11.425,915
11426,11.426,887
11427,11.427,889
11428,11.428,912
11429,11.429,883
11430,11.43,880
11431,11.431,895
11432,11.432,875
11433,11.433,850
11434,11.434,869
11435,11.435,876
11436,11.436,874
11437,11.437,871
11438,11.438,874
11439,11.439,880
11440,11.44,880
11441,11.441,882
11442,11.442,881
11443,11.443,887
11444,11.444,880
11445,11.445,880
11446,11.446,891
11447,11.447,883
11448,11.448,893
11449,11.449,877
11450,11.45,878
11451,11.451,881
11452,11.452,880
11453,11.453,867
11454,11.454,871
11455,11.455,881
11456,11.456,882
11457,11.457,875
11458,11.458,880
11459,11.459,879
11460,11.46,880
11461,11.461,880
11462,11.462,887
11463,11.463,887
11464,11.464,895
11465,11.465,879
11466,11.466,880
11467,11.467,881
11468,11.468,875
11469,11.469,877
11470,11.47,874
11471,11.471,880
11472,11.472,871
11473,11.473,871
11474,11.474,877
11475,11.475,871
11476,11.476,884
11477,11.477,879
11478,11.478,874
11479,11.479,877
11480,11.48,879
11481,11.481,843
11482,11.482,883
11483,11.483,880
11484,11.484,879
11485,11.485,881
11486,11.486,885
11487,11.487,879
11488,11.488,885
11489,11.489,861
11490,11.49,861
11491,11.491,861
11492,11.492,880
11493,11.493,870
11494,11.494,875
11495,11.495,873
11496,11.496,869
11497,11.497,880
11498,11.498,880
11499,11.499,880
11500,11.5,874
11501,11.501,901
11502,11.502,881
11503,11.503,880
11504,11.504,877
11505,11.505,886
11506,11.506,881
11507,11.507,880
11508,11.508,876
11509,11.509,877
11510,11.51,878
11511,11.511,878
11512,11.512,878
11513,11.513,841
11514,11.514,876
11515,11.515,880
11516,11.516,880
11517,11.517,870
11518,11.518,877
11519,11.519,890
11520,11.52,895
11521,11.521,897
11522,11.522,895
11523,11.523,916
11524,11.524,890
11525,11.525,863
11526,11.526,878
11527,11.527,910
11528,11.528,880
11529,11.529,865
11530,11.53,882
11531,11.531,864
11532,11.532,874
11533,11.533,858
11534,11.534,874
11535,11.535,878
11536,11.536,869
11537,11.537,877
11538,11.538,871
11539,11.539,877
11540,11.54,875
11541,11.541,880
11542,11.542,884
11543,11.543,890
11544,11.544,887
11545,11.545,880
11546,11.546,880
11547,11.547,880
11548,11.548,882
11549,11.549,877
11550,11.55,863
11551,11.551,879
11552,11.552,876
11553,11.553,869
11554,11.554,878
11555,11.555,864
11556,11.556,869
11557,11.557,879
11558,11.558,871
11559,11.559,871
11560,11.56,882
11561,11.561,946
11562,11.562,885
11563,11.563,882
11564,11.564,896
11565,11.565,877
11566,11.566,892
11567,11.567,886
11568,11.568,880
11569,11.569,874
11570,11.57,895
11571,11.571,864
11572,11.572,872
11573,11.573,879
11574,11.574,871
11575,11.575,881
11576,11.576,880
11577,11.577,885
11578,11.578,880
11579,11.579,880
11580,11.58,896
11581,11.581,895
11582,11.582,880
11583,11.583,870
11584,11.584,889
11585,11.585,858
11586,11.586,877
11587,11.587,876
11588,11.588,879
11589,11.589,878
11590,11.59,871
11591,11.591,871
11592,11.592,880
11593,11.593,865
11594,11.594,871
11595,11.595,874
11596,11.596,871
11597,11.597,873
11598,11.598,880
11599,11.599,877
11600,11.6,880
11601,11.601,881
11602,11.602,885
11603,11.603,880
11604,11.604,880
11605,11.605,894
11606,11.606,838
11607,11.607,873
11608,11.608,848
11609,11.609,877
11610,11.61,871
11611,11.611,858
11612,11.612,860
11613,11.613,875
11614,11.614,867
11615,11.615,880
11616,11.616,866
11617,11.617,861
11618,11.618,877
11619,11.619,870
11620,11.62,877
11621,11.621,883
11622,11.622,884
11623,11.623,885
11624,11.624,891
11625,11.625,879
11626,11.626,890
11627,11.627,883
11628,11.628,887
11629,11.629,880
11630,11.63,874
11631,11.631,877
11632,11.632,880
11633,11.633,875
11634,11.634,874
11635,11.635,873
11636,11.636,880
11637,11.637,874
11638,11.638,880
11639,11.639,880
11640,11.64,916
11641,11.641,865
11642,11.642,876
11643,11.643,887
11644,11.644,963
11645,11.645,881
11646,11.646,881
11647,11.647,880
11648,11.648,877
11649,11.649,880
11650,11.65,874
11651,11.651,873
11652,11.652,867
11653,11.653,871
11654,11.654,876
11655,11.655,875
11656,11.656,874
11657,11.657,871
11658,11.658,879
11659,11.659,880
11660,11.66,896
11661,11.661,883
11662,11.662,880
11663,11.663,882
11664,11.664,880
11665,11.665,883
11666,11.666,882
11667,11.667,891
11668,11.668,883
11669,11.669,880
11670,11.67,873
11671,11.671,880
11672,11.672,865
11673,11.673,876
11674,11.674,871
11675,11.675,873
11676,11.676,863
11677,11.677,857
11678,11.678,871
11679,11.679,883
11680,11.68,883
11681,11.681,887
11682,11.682,879
11683,11.683,881
11684,11.684,880
11685,11.685,887
11686,11.686,893
11687,11.687,878
11688,11.688,880
11689,11.689,881
11690,11.69,869
11691,11.691,874
11692,11.692,879
11693,11.693,873
11694,11.694,864
11695,11.695,867
11696,11.696,877
11697,11.697,882
11698,11.698,878
11699,11.699,854
11700,11.7,886
11701,11.701,899
11702,11.702,880
11703,11.703,881
11704,11.704,886
11705,11.705,887
11706,11.706,884
11707,11.707,887
11708,11.708,885
11709,11.709,879
11710,11.71,877
11711,11.711,866
11712,11.712,870
11713,11.713,881
11714,11.714,869
11715,11.715,877
11716,11.716,880
11717,11.717,882
11718,11.718,873
11719,11.719,855
11720,11.72,873
11721,11.721,882
11722,11.722,879
11723,11.723,875
11724,11.724,880
11725,11.725,881
11726,11.726,880
11727,11.727,873
11728,11.728,880
11729,11.729,873
11730,11.73,879
11731,11.731,880
11732,11.732,865
11733,11.733,857
11734,11.734,866
11735,11.735,874
11736,11.736,869
11737,11.737,870
11738,11.738,869
11739,11.739,880
11740,11.74,883
11741,11.741,889
11742,11.742,886
11743,11.743,883
11744,11.744,894
11745,11.745,877
11746,11.746,927
11747,11.747,880
11748,11.748,879
11749,11.749,885
11750,11.75,867
11751,11.751,863
11752,11.752,882
11753,11.753,859
11754,11.754,870
11755,11.755,878
11756,11.756,877
11757,11.757,866
11758,11.758,883
11759,11.759,883
11760,11.76,884
11761,11.761,878
11762,11.762,883
11763,11.763,890
11764,11.764,894
11765,11.765,880
11766,11.766,880
11767,11.767,884
11768,11.768,875
11769,11.769,867
11770,11.77,875
11771,11.771,863
11772,11.772,869
11773,11.773,863
11774,11.774,886
11775,11.775,879
11776,11.776,867
11777,11.777,875
11778,11.778,880
11779,11.779,880
11780,11.78,884
11781,11.781,883
11782,11.782,880
11783,11.783,886
11784,11.784,879
11785,11.785,878
11786,11.786,881
11787,11.787,894
11788,11.788,878
11789,11.789,886
11790,11.79,880
11791,11.791,882
11792,11.792,887
11793,11.793,883
11794,11.794,873
11795,11.795,852
11796,11.796,867
11797,11.797,870
11798,11.798,878
11799,11.799,727
11800,11.8,870
11801,11.801,880
11802,11.802,889
11803,11.803,857
11804,11.804,894
11805,11.805,896
11806,11.806,977
11807,11.807,880
11808,11.808,876
11809,11.809,875
11810,11.81,861
11811,11.811,879
11812,11.812,871
11813,11.813,878
11814,11.814,858
11815,11.815,871
11816,11.816,869
11817,11.817,881
11818,11.818,880
11819,11.819,811
11820,11.82,879
11821,11.821,879
11822,11.822,887
11823,11.823,888
11824,11.824,882
11825,11.825,881
11826,11.826,837
11827,11.827,894
11828,11.828,880
11829,11.829,883
11830,11.83,879
11831,11.831,873
11832,11.832,875
11833,11.833,874
11834,11.834,848
11835,11.835,877
11836,11.836,880
11837,11.837,875
11838,11.838,875
11839,11.839,874
11840,11.84,875
11841,11.841,898
11842,11.842,896
11843,11.843,887
11844,11.844,897
11845,11.845,885
11846,11.846,886
11847,11.847,886
11848,11.848,883
11849,11.849,880
11850,11.85,866
11851,11.851,864
11852,11.852,939
11853,11.853,867
11854,11.854,841
11855,11.855,807
11856,11.856,870
11857,11.857,897
11858,11.858,871
11859,11.859,881
11860,11.86,926
11861,11.861,884
11862,11.862,880
11863,11.863,880
11864,11.864,887
11865,11.865,891
11866,11.866,900
11867,11.867,878
11868,11.868,877
11869,11.869,905
11870,11.87,871
11871,11.871,1089
11872,11.872,863
11873,11.873,861
11874,11.874,870
11875,11.875,869
11876,11.876,871
11877,11.877,899
11878,11.878,882
11879,11.879,884
11880,11.88,847
11881,11.881,877
11882,11.882,880
11883,11.883,877
11884,11.884,874
11885,11.885,881
11886,11.886,896
11887,11.887,880
11888,11.888,881
11889,11.889,887
11890,11.89,891
11891,11.891,890
11892,11.892,870
11893,11.893,871
11894,11.894,862
11895,11.895,864
11896,11.896,851
11897,11.897,860
11898,11.898,867
11899,11.899,848
11900,11.9,876
11901,11.901,880
11902,11.902,878
11903,11.903,873
11904,11.904,880
11905,11.905,932
11906,11.906,879
11907,11.907,887
11908,11.908,890
11909,11.909,907
11910,11.91,874
11911,11.911,879
11912,11.912,881
11913,11.913,881
11914,11.914,853
11915,11.915,887
11916,11.916,875
11917,11.917,867
11918,11.918,880
11919,11.919,890
11920,11.92,878
11921,11.921,818
11922,11.922,880
11923,11.923,896
11924,11.924,900
11925,11.925,881
11926,11.926,868
11927,11.927,875
11928,11.928,881
11929,11.929,937
11930,11.93,878
11931,11.931,866
11932,11.932,876
11933,11.933,869
11934,11.934,883
11935,11.935,870
11936,11.936,874
11937,11.937,877
11938,11.938,879
11939,11.939,884
11940,11.94,874
11941,11.941,889
11942,11.942,965
11943,11.943,889
11944,11.944,886
11945,11.945,887
11946,11.946,884
11947,11.947,911
11948,11.948,841
11949,11.949,864
11950,11.95,881
11951,11.951,873
11952,11.952,870
11953,11.953,894
11954,11.954,870
11955,11.955,874
11956,11.956,864
11957,11.957,875
11958,11.958,880
11959,11.959,891
11960,11.96,881
11961,11.961,881
11962,11.962,882
11963,11.963,882
11964,11.964,866
11965,11.965,884
11966,11.966,887
11967,11.967,887
11968,11.968,896
11969,11.969,888
11970,11.97,861
11971,11.971,878
11972,11.972,880
11973,11.973,851
11974,11.974,867
11975,11.975,878
11976,11.976,869
11977,11.977,870
11978,11.978,878
11979,11.979,870
11980,11.98,878
11981,11.981,891
11982,11.982,866
11983,11.983,885
11984,11.984,878
11985,11.985,889
11986,11.986,889
11987,11.987,883
11988,11.988,878
11989,11.989,882
11990,11.99,865
11991,11.991,869
11992,11.992,880
11993,11.993,853
11994,11.994,869
11995,11.995,906
11996,11.996,876
11997,11.997,870
11998,11.998,877
11999,11.999,879
12000,12.0,833
12001,12.001,871
12002,12.002,882
12003,12.003,893
12004,12.004,879
12005,12.005,895
12006,12.006,882
12007,12.007,880
12008,12.008,885
12009,12.009,879
12010,12.01,877
12011,12.011,867
12012,12.012,874
12013,12.013,875
12014,12.014,879
12015,12.015,873
12016,12.016,871
12017,12.017,879
12018,12.018,875
12019,12.019,863
12020,12.02,872
12021,12.021,858
12022,12.022,885
12023,12.023,889
12024,12.024,881
12025,12.025,898
12026,12.026,875
12027,12.027,884
12028,12.028,880
12029,12.029,878
12030,12.03,877
12031,12.031,875
12032,12.032,875
12033,12.033,916
12034,12.034,871
12035,12.035,871
12036,12.036,871
12037,12.037,895
12038,12.038,891
12039,12.039,882
12040,12.04,875
12041,12.041,880
12042,12.042,891
12043,12.043,885
12044,12.044,881
12045,12.045,889
12046,12.046,885
12047,12.047,873
12048,12.048,862
12049,12.049,880
12050,12.05,875
12051,12.051,913
12052,12.052,867
12053,12.053,863
12054,12.054,863
12055,12.055,875
12056,12.056,863
12057,12.057,873
12058,12.058,875
12059,12.059,870
12060,12.06,866
12061,12.061,970
12062,12.062,882
12063,12.063,880
12064,12.064,883
12065,12.065,880
12066,12.066,880
12067,12.067,871
12068,12.068,839
12069,12.069,879
12070,12.07,880
12071,12.071,880
12072,12.072,874
12073,12.073,871
12074,12.074,864
12075,12.075,876
12076,12.076,869
12077,12.077,881
12078,12.078,877
12079,12.079,880
12080,12.08,874
12081,12.081,885
12082,12.082,892
12083,12.083,881
12084,12.084,884
12085,12.085,887
12086,12.086,886
12087,12.087,880
12088,12.088,889
12089,12.089,880
12090,12.09,798
12091,12.091,855
12092,12.092,859
12093,12.093,870
12094,12.094,902
12095,12.095,871
12096,12.096,869
12097,12.097,878
12098,12.098,879
12099,12.099,880
12100,12.1,880
12101,12.101,874
12102,12.102,886
12103,12.103,885
12104,12.104,881
12105,12.105,888
12106,12.106,880
12107,12.107,882
12108,12.108,881
12109,12.109,882
12110,12.11,880
12111,12.111,877
12112,12.112,875
12113,12.113,864
12114,12.114,877
12115,12.115,871
12116,12.116,880
12117,12.117,886
12118,12.118,851
12119,12.119,871
12120,12.12,879
12121,12.121,883
12122,12.122,890
12123,12.123,880
12124,12.124,881
12125,12.125,896
12126,12.126,893
12127,12.127,893
12128,12.128,870
12129,12.129,876
12130,12.13,880
12131,12.131,871
12132,12.132,873
12133,12.133,880
12134,12.134,864
12135,12.135,869
12136,12.136,871
12137,12.137,875
12138,12.138,786
12139,12.139,871
12140,12.14,875
12141,12.141,885
12142,12.142,875
12143,12.143,877
12144,12.144,881
12145,12.145,881
12146,12.146,880
12147,12.147,880
12148,12.148,873
12149,12.149,882
12150,12.15,880
12151,12.151,880
12152,12.152,891
12153,12.153,871
12154,12.154,877
12155,12.155,875
12156,12.156,887
12157,12.157,871
12158,12.158,886
12159,12.159,880
12160,12.16,880
12161,12.161,880
12162,12.162,889
12163,12.163,887
12164,12.164,890
12165,12.165,891
12166,12.166,884
12167,12.167,889
12168,12.168,878
12169,12.169,871
12170,12.17,880
12171,12.171,870
12172,12.172,871
12173,12.173,879
12174,12.174,870
12175,12.175,864
12176,12.176,869
12177,12.177,875
12178,12.178,879
12179,12.179,880
12180,12.18,874
12181,12.181,879
12182,12.182,885
12183,12.183,880
12184,12.184,881
12185,12.185,883
12186,12.186,891
12187,12.187,880
12188,12.188,878
12189,12.189,880
12190,12.19,878
12191,12.191,877
12192,12.192,871
12193,12.193,868
12194,12.194,876
12195,12.195,867
12196,12.196,864
12197,12.197,885
12198,12.198,880
12199,12.199,870
12200,12.2,880
12201,12.201,880
12202,12.202,889
12203,12.203,884
12204,12.204,893
12205,12.205,890
12206,12.206,889
12207,12.207,882
12208,12.208,883
12209,12.209,874
12210,12.21,870
12211,12.211,876
12212,12.212,861
12213,12.213,875
12214,12.214,878
12215,12.215,869
12216,12.216,863
12217,12.217,869
12218,12.218,882
12219,12.219,880
12220,12.22,884
12221,12.221,881
12222,12.222,882
12223,12.223,884
12224,12.224,889
12225,12.225,882
12226,12.226,971
12227,12.227,886
12228,12.228,879
12229,12.229,879
12230,12.23,877
12231,12.231,875
12232,12.232,868
12233,12.233,874
12234,12.234,869
12235,12.235,871
12236,12.236,886
12237,12.237,880
12238,12.238,842
12239,12.239,877
12240,12.24,880
12241,12.241,880
12242,12.242,883
12243,12.243,889
12244,12.244,881
12245,12.245,894
12246,12.246,886
12247,12.247,887
12248,12.248,882
12249,12.249,873
12250,12.25,884
12251,12.251,890
12252,12.252,873
12253,12.253,880
12254,12.254,874
12255,12.255,870
12256,12.256,874
12257,12.257,871
12258,12.258,880
12259,12.259,876
12260,12.26,880
12261,12.261,880
12262,12.262,884
12263,12.263,881
12264,12.264,880
12265,12.265,882
12266,12.266,882
12267,12.267,885
12268,12.268,891
12269,12.269,881
12270,12.27,896
12271,12.271,884
12272,12.272,878
12273,12.273,852
12274,12.274,879
12275,12.275,848
12276,12.276,875
12277,12.277,871
12278,12.278,880
12279,12.279,880
12280,12.28,880
12281,12.281,887
12282,12.282,890
12283,12.283,881
12284,12.284,884
12285,12.285,882
12286,12.286,885
12287,12.287,875
12288,12.288,879
12289,12.289,883
12290,12.29,882
12291,12.291,877
12292,12.292,873
12293,12.293,875
12294,12.294,879
12295,12.295,869
12296,12.296,874
12297,12.297,876
12298,12.298,880
12299,12.299,880
12300,12.3,874
12301,12.301,873
12302,12.302,886
12303,12.303,820
12304,12.304,885
12305,12.305,889
12306,12.306,890
12307,12.307,880
12308,12.308,880
12309,12.309,885
12310,12.31,880
12311,12.311,869
12312,12.312,879
12313,12.313,879
12314,12.314,880
12315,12.315,880
12316,12.316,870
12317,12.317,881
12318,12.318,871
12319,12.319,867
12320,12.32,878
12321,12.321,880
12322,12.322,882
12323,12.323,875
12324,12.324,880
12325,12.325,891
12326,12.326,885
12327,12.327,883
12328,12.328,879
12329,12.329,879
12330,12.33,882
12331,12.331,880
12332,12.332,868
12333,12.333,870
12334,12.334,875
12335,12.335,869
12336,12.336,876
12337,12.337,874
12338,12.338,883
12339,12.339,879
12340,12.34,881
12341,12.341,878
12342,12.342,878
12343,12.343,880
12344,12.344,877
12345,12.345,889
12346,12.346,871
12347,12.347,881
12348,12.348,880
12349,12.349,880
12350,12.35,880
12351,12.351,879
12352,12.352,882
12353,12.353,879
12354,12.354,874
12355,12.355,875
12356,12.356,863
12357,12.357,865
12358,12.358,869
12359,12.359,879
12360,12.36,879
12361,12.361,879
12362,12.362,893
12363,12.363,887
12364,12.364,880
12365,12.365,886
12366,12.366,879
12367,12.367,881
12368,12.368,887
12369,12.369,879
12370,12.37,880
12371,12.371,875
12372,12.372,865
12373,12.373,867
12374,12.374,880
12375,12.375,875
12376,12.376,871
12377,12.377,865
12378,12.378,869
12379,12.379,869
12380,12.38,880
12381,12.381,880
12382,12.382,885
12383,12.383,882
12384,12.384,883
12385,12.385,882
12386,12.386,885
12387,12.387,889
12388,12.388,881
12389,12.389,875
12390,12.39,867
12391,12.391,879
12392,12.392,877
12393,12.393,880
12394,12.394,899
12395,12.395,864
12396,12.396,870
12397,12.397,878
12398,12.398,873
12399,12.399,869
12400,12.4,878
12401,12.401,876
12402,12.402,880
12403,12.403,880
12404,12.404,886
12405,12.405,893
12406,12.406,890
12407,12.407,881
12408,12.408,882
12409,12.409,882
12410,12.41,887
12411,12.411,883
12412,12.412,859
12413,12.413,873
12414,12.414,879
12415,12.415,869
12416,12.416,836
12417,12.417,887
12418,12.418,880
12419,12.419,870
12420,12.42,877
12421,12.421,877
12422,12.422,915
12423,12.423,885
12424,12.424,878
12425,12.425,884
12426,12.426,886
12427,12.427,874
12428,12.428,886
12429,12.429,877
12430,12.43,886
12431,12.431,880
12432,12.432,880
12433,12.433,883
12434,12.434,891
12435,12.435,886
12436,12.436,886
12437,12.437,877
12438,12.438,878
12439,12.439,866
12440,12.44,880
12441,12.441,879
12442,12.442,880
12443,12.443,880
12444,12.444,890
12445,12.445,886
12446,12.446,881
12447,12.447,884
12448,12.448,883
12449,12.449,886
12450,12.45,881
12451,12.451,871
12452,12.452,874
12453,12.453,872
12454,12.454,873
12455,12.455,879
12456,12.456,871
12457,12.457,865
12458,12.458,874
12459,12.459,866
12460,12.46,869
12461,12.461,881
12462,12.462,875
12463,12.463,880
12464,12.464,874
12465,12.465,887
12466,12.466,887
12467,12.467,890
12468,12.468,886
12469,12.469,886
12470,12.47,879
12471,12.471,876
12472,12.472,871
12473,12.473,876
12474,12.474,870
12475,12.475,867
12476,12.476,848
12477,12.477,879
12478,12.478,878
12479,12.479,867
12480,12.48,875
12481,12.481,883
12482,12.482,881
12483,12.483,880
12484,12.484,880
12485,12.485,889
12486,12.486,883
12487,12.487,883
12488,12.488,881
12489,12.489,880
12490,12.49,881
12491,12.491,878
12492,12.492,878
12493,12.493,866
12494,12.494,871
12495,12.495,872
12496,12.496,874
12497,12.497,864
12498,12.498,874
12499,12.499,875
12500,12.5,873
12501,12.501,880
12502,12.502,881
12503,12.503,875
12504,12.504,874
12505,12.505,877
12506,12.506,858
12507,12.507,893
12508,12.508,890
12509,12.509,880
12510,12.51,878
12511,12.511,871
12512,12.512,879
12513,12.513,875
12514,12.514,874
12515,12.515,875
12516,12.516,882
12517,12.517,871
12518,12.518,879
12519,12.519,880
12520,12.52,881
12521,12.521,877
12522,12.522,878
12523,12.523,880
12524,12.524,880
12525,12.525,891
12526,12.526,889
12527,12.527,880
12528,12.528,880
12529,12.529,885
12530,12.53,880
12531,12.531,880
12532,12.532,874
12533,12.533,879
12534,12.534,880
12535,12.535,879
12536,12.536,871
12537,12.537,876
12538,12.538,877
12539,12.539,878
12540,12.54,868
12541,12.541,890
12542,12.542,887
12543,12.543,880
12544,12.544,889
12545,12.545,887
12546,12.546,884
12547,12.547,880
12548,12.548,876
12549,12.549,883
12550,12.55,873
12551,12.551,878
12552,12.552,870
12553,12.553,879
12554,12.554,871
12555,12.555,862
12556,12.556,873
12557,12.557,877
12558,12.558,874
12559,12.559,879
12560,12.56,879
12561,12.561,878
12562,12.562,882
12563,12.563,882
12564,12.564,880
12565,12.565,887
12566,12.566,891
12567,12.567,889
12568,12.568,880
12569,12.569,865
12570,12.57,869
12571,12.571,963
12572,12.572,869
12573,12.573,877
12574,12.574,875
12575,12.575,874
12576,12.576,883
12577,12.577,867
12578,12.578,871
12579,12.579,881
12580,12.58,882
12581,12.581,880
12582,12.582,882
12583,12.583,878
12584,12.584,881
12585,12.585,910
12586,12.586,880
12587,12.587,886
12588,12.588,881
12589,12.589,878
12590,12.59,880
12591,12.591,877
12592,12.592,898
12593,12.593,871
12594,12.594,877
12595,12.595,878
12596,12.596,873
12597,12.597,871
12598,12.598,878
12599,12.599,875
12600,12.6,879
12601,12.601,880
12602,12.602,879
12603,12.603,886
12604,12.604,885
12605,12.605,882
12606,12.606,880
12607,12.607,891
12608,12.608,882
12609,12.609,881
12610,12.61,883
12611,12.611,873
12612,12.612,868
12613,12.613,880
12614,12.614,865
12615,12.615,869
12616,12.616,880
12617,12.617,868
12618,12.618,879
12619,12.619,877
12620,12.62,871
12621,12.621,880
12622,12.622,880
12623,12.623,885
12624,12.624,880
12625,12.625,881
12626,12.626,887
12627,12.627,887
12628,12.628,930
12629,12.629,880
12630,12.63,878
12631,12.631,883
12632,12.632,869
12633,12.633,869
12634,12.634,880
12635,12.635,867
12636,12.636,874
12637,12.637,877
12638,12.638,870
12639,12.639,878
12640,12.64,868
12641,12.641,880
12642,12.642,883
12643,12.643,886
12644,12.644,880
12645,12.645,880
12646,12.646,866
12647,12.647,875
12648,12.648,883
12649,12.649,880
12650,12.65,886
12651,12.651,873
12652,12.652,878
12653,12.653,866
12654,12.654,879
12655,12.655,870
12656,12.656,870
12657,12.657,871
12658,12.658,880
12659,12.659,880
12660,12.66,885
12661,12.661,890
12662,12.662,897
12663,12.663,881
12664,12.664,880
12665,12.665,887
12666,12.666,890
12667,12.667,885
12668,12.668,879
12669,12.669,881
12670,12.67,880
12671,12.671,880
12672,12.672,867
12673,12.673,869
12674,12.674,871
12675,12.675,870
12676,12.676,865
12677,12.677,880
12678,12.678,885
12679,12.679,879
12680,12.68,876
12681,12.681,879
12682,12.682,880
12683,12.683,870
12684,12.684,883
12685,12.685,880
12686,12.686,885
12687,12.687,886
12688,12.688,882
12689,12.689,881
12690,12.69,881
12691,12.691,878
12692,12.692,870
12693,12.693,874
12694,12.694,880
12695,12.695,879
12696,12.696,871
12697,12.697,855
12698,12.698,835
12699,12.699,876
12700,12.7,877
12701,12.701,886
12702,12.702,883
12703,12.703,886
12704,12.704,886
12705,12.705,880
12706,12.706,873
12707,12.707,877
12708,12.708,878
12709,12.709,884
12710,12.71,880
12711,12.711,876
12712,12.712,866
12713,12.713,862
12714,12.714,869
12715,12.715,874
12716,12.716,866
12717,12.717,887
12718,12.718,897
12719,12.719,898
12720,12.72,916
12721,12.721,899
12722,12.722,889
12723,12.723,871
12724,12.724,848
12725,12.725,846
12726,12.726,863
12727,12.727,873
12728,12.728,849
12729,12.729,819
12730,12.73,819
12731,12.731,830
12732,12.732,861
12733,12.733,887
12734,12.734,893
12735,12.735,931
12736,12.736,918
12737,12.737,928
12738,12.738,927
12739,12.739,913
12740,12.74,905
12741,12.741,861
12742,12.742,827
12743,12.743,827
12744,12.744,850
12745,12.745,907
12746,12.746,927
12747,12.747,912
12748,12.748,870
12749,12.749,878
12750,12.75,847
12751,12.751,828
12752,12.752,866
12753,12.753,865
12754,12.754,869
12755,12.755,888
12756,12.756,848
12757,12.757,814
12758,12.758,809
12759,12.759,815
12760,12.76,835
12761,12.761,893
12762,12.762,930
12763,12.763,960
12764,12.764,945
12765,12.765,912
12766,12.766,880
12767,12.767,857
12768,12.768,840
12769,12.769,881
12770,12.77,909
12771,12.771,916
12772,12.772,915
12773,12.773,884
12774,12.774,805
12775,12.775,782
12776,12.776,835
12777,12.777,909
12778,12.778,915
12779,12.779,921
12780,12.78,972
12781,12.781,972
12782,12.782,903
12783,12.783,842
12784,12.784,804
12785,12.785,774
12786,12.786,769
12787,12.787,843
12788,12.788,912
12789,12.789,924
12790,12.79,848
12791,12.791,774
12792,12.792,752
12793,12.793,752
12794,12.794,709
12795,12.795,774
12796,12.796,894
12797,12.797,1015
12798,12.798,1047
12799,12.799,1039
12800,12.8,1117
12801,12.801,1077
12802,12.802,922
12803,12.803,857
12804,12.804,831
12805,12.805,754
12806,12.806,706
12807,12.807,801
12808,12.808,915
12809,12.809,972
12810,12.81,1008
12811,12.811,987
12812,12.812,979
12813,12.813,914
12814,12.814,843
12815,12.815,833
12816,12.816,885
12817,12.817,880
12818,12.818,848
12819,12.819,879
12820,12.82,933
12821,12.821,789
12822,12.822,697
12823,12.823,831
12824,12.824,950
12825,12.825,931
12826,12.826,931
12827,12.827,976
12828,12.828,965
12829,12.829,843
12830,12.83,926
12831,12.831,1023
12832,12.832,968
12833,12.833,832
12834,12.834,739
12835,12.835,763
12836,12.836,812
12837,12.837,774
12838,12.838,803
12839,12.839,847
12840,12.84,869
12841,12.841,944
12842,12.842,1013
12843,12.843,1107
12844,12.844,1078
12845,12.845,989
12846,12.846,863
12847,12.847,779
12848,12.848,741
12849,12.849,878
12850,12.85,958
12851,12.851,820
12852,12.852,766
12853,12.853,880
12854,12.854,974
12855,12.855,989
12856,12.856,940
12857,12.857,891
12858,12.858,815
12859,12.859,913
12860,12.86,960
12861,12.861,845
12862,12.862,700
12863,12.863,606
12864,12.864,731
12865,12.865,841
12866,12.866,816
12867,12.867,886
12868,12.868,912
12869,12.869,959
12870,12.87,999
12871,12.871,1084
12872,12.872,981
12873,12.873,845
12874,12.874,844
12875,12.875,871
12876,12.876,863
12877,12.877,802
12878,12.878,806
12879,12.879,731
12880,12.88,870
12881,12.881,1091
12882,12.882,954
12883,12.883,870
12884,12.884,896
12885,12.885,855
12886,12.886,901
12887,12.887,896
12888,12.888,878
12889,12.889,889
12890,12.89,909
12891,12.891,1035
12892,12.892,1011
12893,12.893,965
12894,12.894,973
12895,12.895,869
12896,12.896,763
12897,12.897,816
12898,12.898,773
12899,12.899,681
12900,12.9,763
12901,12.901,880
12902,12.902,881
12903,12.903,998
12904,12.904,976
12905,12.905,935
12906,12.906,993
12907,12.907,873
12908,12.908,766
12909,12.909,800
12910,12.91,758
12911,12.911,869
12912,12.912,1022
12913,12.913,976
12914,12.914,895
12915,12.915,846
12916,12.916,842
12917,12.917,771
12918,12.918,833
12919,12.919,870
12920,12.92,887
12921,12.921,849
12922,12.922,883
12923,12.923,975
12924,12.924,971
12925,12.925,786
12926,12.926,646
12927,12.927,814
12928,12.928,1051
12929,12.929,1267
12930,12.93,1296
12931,12.931,1037
12932,12.932,707
12933,12.933,624
12934,12.934,790
12935,12.935,898
12936,12.936,1004
12937,12.937,1023
12938,12.938,834
12939,12.939,695
12940,12.94,679
12941,12.941,735
12942,12.942,773
12943,12.943,846
12944,12.944,944
12945,12.945,979
12946,12.946,1023
12947,12.947,940
12948,12.948,892
12949,12.949,931
12950,12.95,1009
12951,12.951,963
12952,12.952,839
12953,12.953,770
12954,12.954,880
12955,12.955,976
12956,12.956,891
12957,12.957,815
12958,12.958,848
12959,12.959,881
12960,12.96,864
12961,12.961,835
12962,12.962,861
12963,12.963,863
12964,12.964,844
12965,12.965,892
12966,12.966,912
12967,12.967,951
12968,12.968,853
12969,12.969,848
12970,12.97,890
12971,12.971,880
12972,12.972,863
12973,12.973,881
12974,12.974,919
12975,12.975,989
12976,12.976,902
12977,12.977,796
12978,12.978,763
12979,12.979,775
12980,12.98,821
12981,12.981,919
12982,12.982,990
12983,12.983,986
12984,12.984,990
12985,12.985,870
12986,12.986,848
12987,12.987,900
12988,12.988,922
12989,12.989,901
12990,12.99,842
12991,12.991,803
12992,12.992,783
12993,12.993,816
12994,12.994,866
12995,12.995,798
12996,12.996,864
12997,12.997,1021
12998,12.998,1022
12999,12.999,999
13000,13.0,861
13001,13.001,808
13002,13.002,816
13003,13.003,860
13004,13.004,880
13005,13.005,842
13006,13.006,933
13007,13.007,933
13008,13.008,899
13009,13.009,869
13010,13.01,869
13011,13.011,829
13012,13.012,826
13013,13.013,931
13014,13.014,822
13015,13.015,880
13016,13.016,889
13017,13.017,799
13018,13.018,720
13019,13.019,784
13020,13.02,903
13021,13.021,953
13022,13.022,1110
13023,13.023,1066
13024,13.024,929
13025,13.025,779
13026,13.026,832
13027,13.027,928
13028,13.028,899
13029,13.029,865
13030,13.03,852
13031,13.031,937
13032,13.032,951
13033,13.033,959
13034,13.034,903
13035,13.035,794
13036,13.036,775
13037,13.037,686
13038,13.038,780
13039,13.039,909
13040,13.04,834
13041,13.041,867
13042,13.042,945
13043,13.043,989
13044,13.044,964
13045,13.045,849
13046,13.046,835
13047,13.047,862
13048,13.048,867
13049,13.049,869
13050,13.05,865
13051,13.051,858
13052,13.052,953
13053,13.053,939
13054,13.054,917
13055,13.055,830
13056,13.056,771
13057,13.057,859
13058,13.058,899
13059,13.059,855
13060,13.06,854
13061,13.061,819
13062,13.062,901
13063,13.063,937
13064,13.064,906
13065,13.065,947
13066,13.066,1006
13067,13.067,965
13068,13.068,976
13069,13.069,837
13070,13.07,832
13071,13.071,867
13072,13.072,767
13073,13.073,807
13074,13.074,887
13075,13.075,887
13076,13.076,856
13077,13.077,832
13078,13.078,850
13079,13.079,883
13080,13.08,905
13081,13.081,905
13082,13.082,864
13083,13.083,858
13084,13.084,970
13085,13.085,916
13086,13.086,903
13087,13.087,796
13088,13.088,800
13089,13.089,880
13090,13.09,1035
13091,13.091,964
13092,13.092,821
13093,13.093,794
13094,13.094,842
13095,13.095,903
13096,13.096,879
13097,13.097,858
13098,13.098,841
13099,13.099,767
13100,13.1,798
13101,13.101,905
13102,13.102,909
13103,13.103,874
13104,13.104,896
13105,13.105,896
13106,13.106,927
13107,13.107,929
13108,13.108,911
13109,13.109,874
13110,13.11,926
13111,13.111,882
13112,13.112,925
13113,13.113,885
13114,13.114,914
13115,13.115,919
13116,13.116,870
13117,13.117,718
13118,13.118,683
13119,13.119,798
13120,13.12,1020
13121,13.121,1074
13122,13.122,874
13123,13.123,866
13124,13.124,867
13125,13.125,831
13126,13.126,857
13127,13.127,882
13128,13.128,995
13129,13.129,1011
13130,13.13,944
13131,13.131,798
13132,13.132,721
13133,13.133,814
13134,13.134,1009
13135,13.135,1152
13136,13.136,1180
13137,13.137,922
13138,13.138,624
13139,13.139,717
13140,13.14,810
13141,13.141,798
13142,13.142,795
13143,13.143,890
13144,13.144,974
13145,13.145,989
13146,13.146,977
13147,13.147,969
13148,13.148,884
13149,13.149,816
13150,13.15,796
13151,13.151,834
13152,13.152,819
13153,13.153,848
13154,13.154,802
13155,13.155,825
13156,13.156,918
13157,13.157,940
13158,13.158,848
13159,13.159,827
13160,13.16,854
13161,13.161,928
13162,13.162,896
13163,13.163,940
13164,13.164,853
13165,13.165,753
13166,13.166,865
13167,13.167,934
13168,13.168,926
13169,13.169,901
13170,13.17,867
13171,13.171,818
13172,13.172,765
13173,13.173,809
13174,13.174,963
13175,13.175,1006
13176,13.176,974
13177,13.177,917
13178,13.178,912
13179,13.179,891
13180,13.18,869
13181,13.181,903
13182,13.182,898
13183,13.183,833
13184,13.184,833
13185,13.185,881
13186,13.186,867
13187,13.187,858
13188,13.188,853
13189,13.189,896
13190,13.19,891
13191,13.191,848
13192,13.192,827
13193,13.193,864
13194,13.194,944
13195,13.195,979
13196,13.196,1005
13197,13.197,918
13198,13.198,816
13199,13.199,822
13200,13.2,883
13201,13.201,792
13202,13.202,723
13203,13.203,715
13204,13.204,763
13205,13.205,902
13206,13.206,1008
13207,13.207,1072
13208,13.208,977
13209,13.209,897
13210,13.21,832
13211,13.211,819
13212,13.212,874
13213,13.213,961
13214,13.214,997
13215,13.215,832
13216,13.216,778
13217,13.217,784
13218,13.218,784
13219,13.219,865
13220,13.22,933
13221,13.221,871
13222,13.222,883
13223,13.223,922
13224,13.224,923
13225,13.225,891
13226,13.226,896
13227,13.227,895
13228,13.228,864
13229,13.229,954
13230,13.23,863
13231,13.231,827
13232,13.232,826
13233,13.233,865
13234,13.234,859
13235,13.235,817
13236,13.236,899
13237,13.237,928
13238,13.238,946
13239,13.239,925
13240,13.24,832
13241,13.241,767
13242,13.242,832
13243,13.243,863
13244,13.244,1035
13245,13.245,990
13246,13.246,819
13247,13.247,750
13248,13.248,784
13249,13.249,885
13250,13.25,978
13251,13.251,999
13252,13.252,976
13253,13.253,923
13254,13.254,867
13255,13.255,791
13256,13.256,773
13257,13.257,854
13258,13.258,819
13259,13.259,901
13260,13.26,974
13261,13.261,969
13262,13.262,794
13263,13.263,720
13264,13.264,781
13265,13.265,811
13266,13.266,880
13267,13.267,909
13268,13.268,983
13269,13.269,899
13270,13.27,914
13271,13.271,850
13272,13.272,893
13273,13.273,894
13274,13.274,885
13275,13.275,916
13276,13.276,930
13277,13.277,951
13278,13.278,912
13279,13.279,817
13280,13.28,816
13281,13.281,823
13282,13.282,833
13283,13.283,836
13284,13.284,881
13285,13.285,890
13286,13.286,893
13287,13.287,851
13288,13.288,919
13289,13.289,930
13290,13.29,870
13291,13.291,851
13292,13.292,893
13293,13.293,864
13294,13.294,802
13295,13.295,866
13296,13.296,944
13297,13.297,895
13298,13.298,846
13299,13.299,826
13300,13.3,903
13301,13.301,942
13302,13.302,905
13303,13.303,927
13304,13.304,901
13305,13.305,891
13306,13.306,865
13307,13.307,822
13308,13.308,767
13309,13.309,813
13310,13.31,938
13311,13.311,986
13312,13.312,950
13313,13.313,874
13314,13.314,880
13315,13.315,915
13316,13.316,810
13317,13.317,724
13318,13.318,779
13319,13.319,865
13320,13.32,940
13321,13.321,940
13322,13.322,911
13323,13.323,914
13324,13.324,968
13325,13.325,877
13326,13.326,865
13327,13.327,870
13328,13.328,857
13329,13.329,866
13330,13.33,873
13331,13.331,861
13332,13.332,818
13333,13.333,857
13334,13.334,893
13335,13.335,890
13336,13.336,807
13337,13.337,733
13338,13.338,797
13339,13.339,943
13340,13.34,1102
13341,13.341,1017
13342,13.342,989
13343,13.343,948
13344,13.344,851
13345,13.345,855
13346,13.346,823
13347,13.347,816
13348,13.348,849
13349,13.349,833
13350,13.35,850
13351,13.351,882
13352,13.352,909
13353,13.353,879
13354,13.354,879
13355,13.355,862
13356,13.356,781
13357,13.357,848
13358,13.358,865
13359,13.359,897
13360,13.36,887
13361,13.361,851
13362,13.362,848
13363,13.363,859
13364,13.364,913
13365,13.365,928
13366,13.366,950
13367,13.367,881
13368,13.368,803
13369,13.369,849
13370,13.37,846
13371,13.371,817
13372,13.372,881
13373,13.373,902
13374,13.374,944
13375,13.375,944
13376,13.376,888
13377,13.377,834
13378,13.378,832
13379,13.379,862
13380,13.38,881
13381,13.381,855
13382,13.382,815
13383,13.383,868
13384,13.384,957
13385,13.385,1008
13386,13.386,1008
13387,13.387,923
13388,13.388,834
13389,13.389,811
13390,13.39,790
13391,13.391,822
13392,13.392,844
13393,13.393,874
13394,13.394,896
13395,13.395,910
13396,13.396,887
13397,13.397,903
13398,13.398,900
13399,13.399,871
13400,13.4,854
13401,13.401,854
13402,13.402,877
13403,13.403,893
13404,13.404,887
13405,13.405,877
13406,13.406,843
13407,13.407,850
13408,13.408,848
13409,13.409,843
13410,13.41,874
13411,13.411,926
13412,13.412,944
13413,13.413,982
13414,13.414,894
13415,13.415,978
13416,13.416,853
13417,13.417,841
13418,13.418,894
13419,13.419,798
13420,13.42,726
13421,13.421,720
13422,13.422,757
13423,13.423,881
13424,13.424,979
13425,13.425,942
13426,13.426,947
13427,13.427,935
13428,13.428,931
13429,13.429,960
13430,13.43,955
13431,13.431,890
13432,13.432,807
13433,13.433,842
13434,13.434,864
13435,13.435,878
13436,13.436,892
13437,13.437,934
13438,13.438,923
13439,13.439,864
13440,13.44,811
13441,13.441,790
13442,13.442,826
13443,13.443,848
13444,13.444,883
13445,13.445,900
13446,13.446,878
13447,13.447,882
13448,13.448,909
13449,13.449,921
13450,13.45,903
13451,13.451,881
13452,13.452,900
13453,13.453,879
13454,13.454,878
13455,13.455,868
13456,13.456,861
13457,13.457,813
13458,13.458,826
13459,13.459,874
13460,13.46,923
13461,13.461,947
13462,13.462,941
13463,13.463,906
13464,13.464,829
13465,13.465,824
13466,13.466,851
13467,13.467,874
13468,13.468,914
13469,13.469,902
13470,13.47,907
13471,13.471,907
13472,13.472,879
13473,13.473,887
13474,13.474,890
13475,13.475,842
13476,13.476,849
13477,13.477,834
13478,13.478,831
13479,13.479,848
13480,13.48,887
13481,13.481,913
13482,13.482,919
13483,13.483,898
13484,13.484,869
13485,13.485,851
13486,13.486,828
13487,13.487,923
13488,13.488,912
13489,13.489,906
13490,13.49,887
13491,13.491,837
13492,13.492,825
13493,13.493,855
13494,13.494,860
13495,13.495,914
13496,13.496,931
13497,13.497,946
13498,13.498,922
13499,13.499,811
13500,13.5,839
13501,13.501,857
13502,13.502,844
13503,13.503,896
13504,13.504,854
13505,13.505,874
13506,13.506,846
13507,13.507,881
13508,13.508,916
13509,13.509,885
13510,13.51,863
13511,13.511,883
13512,13.512,891
13513,13.513,882
13514,13.514,879
13515,13.515,865
13516,13.516,865
13517,13.517,883
13518,13.518,880
13519,13.519,870
13520,13.52,853
13521,13.521,855
13522,13.522,845
13523,13.523,931
13524,13.524,880
13525,13.525,835
13526,13.526,861
13527,13.527,868
13528,13.528,893
13529,13.529,939
13530,13.53,897
13531,13.531,877
13532,13.532,870
13533,13.533,927
13534,13.534,895
13535,13.535,829
13536,13.536,802
13537,13.537,833
13538,13.538,912
13539,13.539,932
13540,13.54,810
13541,13.541,830
13542,13.542,839
13543,13.543,830
13544,13.544,880
13545,13.545,880
13546,13.546,870
13547,13.547,816
13548,13.548,804
13549,13.549,878
13550,13.55,993
13551,13.551,995
13552,13.552,925
13553,13.553,885
13554,13.554,831
13555,13.555,816
13556,13.556,817
13557,13.557,848
13558,13.558,880
13559,13.559,944
13560,13.56,989
13561,13.561,943
13562,13.562,909
13563,13.563,844
13564,13.564,847
13565,13.565,870
13566,13.566,874
13567,13.567,867
13568,13.568,850
13569,13.569,825
13570,13.57,842
13571,13.571,855
13572,13.572,876
13573,13.573,912
13574,13.574,947
13575,13.575,947
13576,13.576,935
13577,13.577,855
13578,13.578,815
13579,13.579,850
13580,13.58,892
13581,13.581,896
13582,13.582,878
13583,13.583,881
13584,13.584,800
13585,13.585,794
13586,13.586,822
13587,13.587,848
13588,13.588,819
13589,13.589,791
13590,13.59,896
13591,13.591,975
13592,13.592,974
13593,13.593,898
13594,13.594,837
13595,13.595,885
13596,13.596,909
13597,13.597,938
13598,13.598,892
13599,13.599,863
13600,13.6,880
13601,13.601,897
13602,13.602,908
13603,13.603,885
13604,13.604,866
13605,13.605,865
13606,13.606,820
13607,13.607,833
13608,13.608,885
13609,13.609,944
13610,13.61,976
13611,13.611,981
13612,13.612,946
13613,13.613,850
13614,13.614,803
13615,13.615,828
13616,13.616,867
13617,13.617,847
13618,13.618,775
13619,13.619,759
13620,13.62,862
13621,13.621,918
13622,13.622,899
13623,13.623,949
13624,13.624,900
13625,13.625,843
13626,13.626,848
13627,13.627,848
13628,13.628,880
13629,13.629,833
13630,13.63,749
13631,13.631,734
13632,13.632,817
13633,13.633,1008
13634,13.634,1043
13635,13.635,992
13636,13.636,937
13637,13.637,882
13638,13.638,849
13639,13.639,848
13640,13.64,880
13641,13.641,912
13642,13.642,985
13643,13.643,1062
13644,13.644,1070
13645,13.645,946
13646,13.646,715
13647,13.647,645
13648,13.648,799
13649,13.649,832
13650,13.65,869
13651,13.651,896
13652,13.652,858
13653,13.653,864
13654,13.654,854
13655,13.655,870
13656,13.656,835
13657,13.657,850
13658,13.658,861
13659,13.659,859
13660,13.66,863
13661,13.661,865
13662,13.662,848
13663,13.663,877
13664,13.664,912
13665,13.665,910
13666,13.666,886
13667,13.667,835
13668,13.668,897
13669,13.669,951
13670,13.67,954
13671,13.671,960
13672,13.672,891
13673,13.673,817
13674,13.674,807
13675,13.675,880
13676,13.676,896
13677,13.677,845
13678,13.678,844
13679,13.679,912
13680,13.68,923
13681,13.681,874
13682,13.682,836
13683,13.683,831
13684,13.684,859
13685,13.685,906
13686,13.686,943
13687,13.687,933
13688,13.688,939
13689,13.689,987
13690,13.69,918
13691,13.691,839
13692,13.692,794
13693,13.693,778
13694,13.694,828
13695,13.695,889
13696,13.696,923
13697,13.697,883
13698,13.698,832
13699,13.699,849
13700,13.7,777
13701,13.701,762
13702,13.702,834
13703,13.703,950
13704,13.704,1021
13705,13.705,999
13706,13.706,895
13707,13.707,874
13708,13.708,754
13709,13.709,782
13710,13.71,931
13711,13.711,951
13712,13.712,905
13713,13.713,891
13714,13.714,866
13715,13.715,854
13716,13.716,850
13717,13.717,911
13718,13.718,959
13719,13.719,957
13720,13.72,976
13721,13.721,909
13722,13.722,816
13723,13.723,799
13724,13.724,774
13725,13.725,816
13726,13.726,850
13727,13.727,924
13728,13.728,1058
13729,13.729,1085
13730,13.73,1006
13731,13.731,845
13732,13.732,742
13733,13.733,780
13734,13.734,787
13735,13.735,789
13736,13.736,789
13737,13.737,880
13738,13.738,960
13739,13.739,927
13740,13.74,864
13741,13.741,906
13742,13.742,908
13743,13.743,787
13744,13.744,786
13745,13.745,893
13746,13.746,943
13747,13.747,971
13748,13.748,953
13749,13.749,912
13750,13.75,848
13751,13.751,833
13752,13.752,888
13753,13.753,853
13754,13.754,835
13755,13.755,799
13756,13.756,896
13757,13.757,917
13758,13.758,886
13759,13.759,783
13760,13.76,822
13761,13.761,919
13762,13.762,1015
13763,13.763,903
13764,13.764,799
13765,13.765,823
13766,13.766,944
13767,13.767,1040
13768,13.768,978
13769,13.769,845
13770,13.77,848
13771,13.771,867
13772,13.772,907
13773,13.773,943
13774,13.774,906
13775,13.775,806
13776,13.776,756
13777,13.777,798
13778,13.778,798
13779,13.779,819
13780,13.78,891
13781,13.781,893
13782,13.782,883
13783,13.783,857
13784,13.784,869
13785,13.785,822
13786,13.786,752
13787,13.787,823
13788,13.788,995
13789,13.789,1103
13790,13.79,1072
13791,13.791,967
13792,13.792,767
13793,13.793,801
13794,13.794,875
13795,13.795,881
13796,13.796,927
13797,13.797,832
13798,13.798,753
13799,13.799,791
13800,13.8,912
13801,13.801,1054
13802,13.802,1088
13803,13.803,924
13804,13.804,767
13805,13.805,789
13806,13.806,953
13807,13.807,971
13808,13.808,870
13809,13.809,805
13810,13.81,805
13811,13.811,849
13812,13.812,842
13813,13.813,865
13814,13.814,901
13815,13.815,867
13816,13.816,912
13817,13.817,945
13818,13.818,950
13819,13.819,861
13820,13.82,693
13821,13.821,701
13822,13.822,794
13823,13.823,958
13824,13.824,955
13825,13.825,928
13826,13.826,881
13827,13.827,900
13828,13.828,942
13829,13.829,899
13830,13.83,866
13831,13.831,887
13832,13.832,896
13833,13.833,873
13834,13.834,922
13835,13.835,899
13836,13.836,962
13837,13.837,960
13838,13.838,944
13839,13.839,790
13840,13.84,687
13841,13.841,753
13842,13.842,889
13843,13.843,992
13844,13.844,1013
13845,13.845,944
13846,13.846,895
13847,13.847,832
13848,13.848,783
13849,13.849,798
13850,13.85,811
13851,13.851,833
13852,13.852,882
13853,13.853,920
13854,13.854,945
13855,13.855,973
13856,13.856,975
13857,13.857,908
13858,13.858,837
13859,13.859,707
13860,13.86,688
13861,13.861,782
13862,13.862,847
13863,13.863,900
13864,13.864,918
13865,13.865,1040
13866,13.866,1063
13867,13.867,982
13868,13.868,960
13869,13.869,909
13870,13.87,899
13871,13.871,830
13872,13.872,815
13873,13.873,833
13874,13.874,831
13875,13.875,839
13876,13.876,848
13877,13.877,902
13878,13.878,1007
13879,13.879,1006
13880,13.88,925
13881,13.881,829
13882,13.882,794
13883,13.883,730
13884,13.884,698
13885,13.885,817
13886,13.886,905
13887,13.887,909
13888,13.888,938
13889,13.889,925
13890,13.89,940
13891,13.891,928
13892,13.892,919
13893,13.893,862
13894,13.894,781
13895,13.895,815
13896,13.896,816
13897,13.897,816
13898,13.898,881
13899,13.899,965
13900,13.9,987
13901,13.901,884
13902,13.902,822
13903,13.903,828
13904,13.904,855
13905,13.905,841
13906,13.906,858
13907,13.907,899
13908,13.908,975
13909,13.909,851
13910,13.91,817
13911,13.911,836
13912,13.912,848
13913,13.913,919
13914,13.914,1053
13915,13.915,989
13916,13.916,831
13917,13.917,806
13918,13.918,923
13919,13.919,977
13920,13.92,898
13921,13.921,757
13922,13.922,827
13923,13.923,880
13924,13.924,943
13925,13.925,910
13926,13.926,896
13927,13.927,899
13928,13.928,1041
13929,13.929,900
13930,13.93,847
13931,13.931,818
13932,13.932,899
13933,13.933,893
13934,13.934,816
13935,13.935,847
13936,13.936,873
13937,13.937,841
13938,13.938,851
13939,13.939,879
13940,13.94,853
13941,13.941,816
13942,13.942,784
13943,13.943,830
13944,13.944,882
13945,13.945,912
13946,13.946,964
13947,13.947,945
13948,13.948,889
13949,13.949,881
13950,13.95,913
13951,13.951,942
13952,13.952,993
13953,13.953,959
13954,13.954,922
13955,13.955,821
13956,13.956,762
13957,13.957,770
13958,13.958,779
13959,13.959,836
13960,13.96,887
13961,13.961,884
13962,13.962,875
13963,13.963,888
13964,13.964,893
13965,13.965,896
13966,13.966,901
13967,13.967,923
13968,13.968,899
13969,13.969,867
13970,13.97,926
13971,13.971,909
13972,13.972,833
13973,13.973,789
13974,13.974,746
13975,13.975,843
13976,13.976,905
13977,13.977,960
13978,13.978,960
13979,13.979,889
13980,13.98,880
13981,13.981,914
13982,13.982,869
13983,13.983,854
13984,13.984,849
13985,13.985,816
13986,13.986,847
13987,13.987,896
13988,13.988,879
13989,13.989,851
13990,13.99,861
13991,13.991,942
13992,13.992,1040
13993,13.993,1039
13994,13.994,944
13995,13.995,715
13996,13.996,747
13997,13.997,784
13998,13.998,859
13999,13.999,965
14000,14.0,980
14001,14.001,891
14002,14.002,762
14003,14.003,659
14004,14.004,751
14005,14.005,935
14006,14.006,1008
14007,14.007,1019
14008,14.008,1023
14009,14.009,897
14010,14.01,807
14011,14.011,848
14012,14.012,942
14013,14.013,1040
14014,14.014,1017
14015,14.015,915
14016,14.016,781
14017,14.017,697
14018,14.018,775
14019,14.019,954
14020,14.02,935
14021,14.021,847
14022,14.022,843
14023,14.023,816
14024,14.024,769
14025,14.025,776
14026,14.026,858
14027,14.027,890
14028,14.028,894
14029,14.029,899
14030,14.03,915
14031,14.031,949
14032,14.032,938
14033,14.033,880
14034,14.034,875
14035,14.035,896
14036,14.036,962
14037,14.037,923
14038,14.038,862
14039,14.039,823
14040,14.04,871
14041,14.041,899
14042,14.042,813
14043,14.043,813
14044,14.044,865
14045,14.045,895
14046,14.046,867
14047,14.047,864
14048,14.048,867
14049,14.049,880
14050,14.05,898
14051,14.051,922
14052,14.052,911
14053,14.053,883
14054,14.054,857
14055,14.055,891
14056,14.056,903
14057,14.057,885
14058,14.058,896
14059,14.059,849
14060,14.06,866
14061,14.061,910
14062,14.062,878
14063,14.063,848
14064,14.064,830
14065,14.065,838
14066,14.066,839
14067,14.067,861
14068,14.068,912
14069,14.069,909
14070,14.07,874
14071,14.071,894
14072,14.072,884
14073,14.073,931
14074,14.074,1003
14075,14.075,927
14076,14.076,879
14077,14.077,764
14078,14.078,727
14079,14.079,791
14080,14.08,854
14081,14.081,833
14082,14.082,781
14083,14.083,809
14084,14.084,821
14085,14.085,915
14086,14.086,996
14087,14.087,1005
14088,14.088,996
14089,14.089,957
14090,14.09,846
14091,14.091,834
14092,14.092,879
14093,14.093,939
14094,14.094,965
14095,14.095,894
14096,14.096,832
14097,14.097,852
14098,14.098,847
14099,14.099,827
14100,14.1,838
14101,14.101,895
14102,14.102,850
14103,14.103,767
14104,14.104,847
14105,14.105,955
14106,14.106,917
14107,14.107,822
14108,14.108,728
14109,14.109,769
14110,14.11,891
14111,14.111,1062
14112,14.112,1005
14113,14.113,900
14114,14.114,886
14115,14.115,913
14116,14.116,912
14117,14.117,898
14118,14.118,879
14119,14.119,885
14120,14.12,883
14121,14.121,871
14122,14.122,827
14123,14.123,864
14124,14.124,880
14125,14.125,834
14126,14.126,778
14127,14.127,816
14128,14.128,891
14129,14.129,864
14130,14.13,882
14131,14.131,906
14132,14.132,861
14133,14.133,855
14134,14.134,910
14135,14.135,1003
14136,14.136,1095
14137,14.137,1007
14138,14.138,933
14139,14.139,878
14140,14.14,832
14141,14.141,772
14142,14.142,774
14143,14.143,853
14144,14.144,886
14145,14.145,832
14146,14.146,844
14147,14.147,864
14148,14.148,915
14149,14.149,875
14150,14.15,878
14151,14.151,879
14152,14.152,852
14153,14.153,847
14154,14.154,889
14155,14.155,851
14156,14.156,883
14157,14.157,896
14158,14.158,974
14159,14.159,896
14160,14.16,876
14161,14.161,944
14162,14.162,858
14163,14.163,768
14164,14.164,831
14165,14.165,938
14166,14.166,959
14167,14.167,909
14168,14.168,846
14169,14.169,875
14170,14.17,848
14171,14.171,819
14172,14.172,826
14173,14.173,858
14174,14.174,905
14175,14.175,880
14176,14.176,846
14177,14.177,890
14178,14.178,981
14179,14.179,961
14180,14.18,913
14181,14.181,865
14182,14.182,873
14183,14.183,881
14184,14.184,816
14185,14.185,832
14186,14.186,885
14187,14.187,869
14188,14.188,905
14189,14.189,921
14190,14.19,908
14191,14.191,883
14192,14.192,830
14193,14.193,796
14194,14.194,834
14195,14.195,896
14196,14.196,890
14197,14.197,849
14198,14.198,884
14199,14.199,925
14200,14.2,848
14201,14.201,801
14202,14.202,875
14203,14.203,940
14204,14.204,939
14205,14.205,885
14206,14.206,878
14207,14.207,898
14208,14.208,911
14209,14.209,867
14210,14.21,854
14211,14.211,917
14212,14.212,935
14213,14.213,901
14214,14.214,871
14215,14.215,816
14216,14.216,848
14217,14.217,861
14218,14.218,828
14219,14.219,785
14220,14.22,801
14221,14.221,843
14222,14.222,899
14223,14.223,930
14224,14.224,929
14225,14.225,908
14226,14.226,894
14227,14.227,897
14228,14.228,880
14229,14.229,842
14230,14.23,864
14231,14.231,912
14232,14.232,908
14233,14.233,911
14234,14.234,878
14235,14.235,830
14236,14.236,743
14237,14.237,784
14238,14.238,897
14239,14.239,898
14240,14.24,883
14241,14.241,861
14242,14.242,944
14243,14.243,962
14244,14.244,948
14245,14.245,930
14246,14.246,961
14247,14.247,919
14248,14.248,863
14249,14.249,866
14250,14.25,843
14251,14.251,862
14252,14.252,879
14253,14.253,911
14254,14.254,912
14255,14.255,811
14256,14.256,773
14257,14.257,838
14258,14.258,861
14259,14.259,849
14260,14.26,898
14261,14.261,1129
14262,14.262,930
14263,14.263,890
14264,14.264,875
14265,14.265,871
14266,14.266,851
14267,14.267,816
14268,14.268,801
14269,14.269,843
14270,14.27,839
14271,14.271,843
14272,14.272,848
14273,14.273,883
14274,14.274,887
14275,14.275,875
14276,14.276,848
14277,14.277,850
14278,14.278,870
14279,14.279,907
14280,14.28,973
14281,14.281,949
14282,14.282,937
14283,14.283,884
14284,14.284,817
14285,14.285,837
14286,14.286,874
14287,14.287,901
14288,14.288,896
14289,14.289,901
14290,14.29,915
14291,14.291,903
14292,14.292,898
14293,14.293,859
14294,14.294,809
14295,14.295,804
14296,14.296,867
14297,14.297,884
14298,14.298,916
14299,14.299,921
14300,14.3,936
14301,14.301,854
14302,14.302,816
14303,14.303,809
14304,14.304,904
14305,14.305,898
14306,14.306,871
14307,14.307,865
14308,14.308,873
14309,14.309,879
14310,14.31,874
14311,14.311,887
14312,14.312,893
14313,14.313,853
14314,14.314,825
14315,14.315,849
14316,14.316,907
14317,14.317,905
14318,14.318,881
14319,14.319,829
14320,14.32,824
14321,14.321,873
14322,14.322,867
14323,14.323,862
14324,14.324,897
14325,14.325,973
14326,14.326,1003
14327,14.327,957
14328,14.328,837
14329,14.329,814
14330,14.33,787
14331,14.331,735
14332,14.332,825
14333,14.333,935
14334,14.334,938
14335,14.335,905
14336,14.336,912
14337,14.337,927
14338,14.338,926
14339,14.339,877
14340,14.34,802
14341,14.341,752
14342,14.342,768
14343,14.343,803
14344,14.344,894
14345,14.345,962
14346,14.346,966
14347,14.347,983
14348,14.348,976
14349,14.349,885
14350,14.35,816
14351,14.351,846
14352,14.352,858
14353,14.353,864
14354,14.354,869
14355,14.355,853
14356,14.356,874
14357,14.357,880
14358,14.358,853
14359,14.359,847
14360,14.36,861
14361,14.361,899
14362,14.362,911
14363,14.363,945
14364,14.364,944
14365,14.365,933
14366,14.366,1007
14367,14.367,955
14368,14.368,693
14369,14.369,684
14370,14.37,839
14371,14.371,803
14372,14.372,775
14373,14.373,851
14374,14.374,921
14375,14.375,927
14376,14.376,928
14377,14.377,923
14378,14.378,867
14379,14.379,835
14380,14.38,853
14381,14.381,867
14382,14.382,945
14383,14.383,912
14384,14.384,848
14385,14.385,909
14386,14.386,914
14387,14.387,937
14388,14.388,960
14389,14.389,938
14390,14.39,816
14391,14.391,775
14392,14.392,738
14393,14.393,785
14394,14.394,880
14395,14.395,954
14396,14.396,969
14397,14.397,962
14398,14.398,971
14399,14.399,879
14400,14.4,821
14401,14.401,701
14402,14.402,694
14403,14.403,820
14404,14.404,898
14405,14.405,923
14406,14.406,966
14407,14.407,947
14408,14.408,960
14409,14.409,914
14410,14.41,897
14411,14.411,887
14412,14.412,900
14413,14.413,953
14414,14.414,958
14415,14.415,880
14416,14.416,737
14417,14.417,822
14418,14.418,863
14419,14.419,848
14420,14.42,807
14421,14.421,794
14422,14.422,859
14423,14.423,907
14424,14.424,899
14425,14.425,879
14426,14.426,915
14427,14.427,908
14428,14.428,912
14429,14.429,913
14430,14.43,891
14431,14.431,901
14432,14.432,878
14433,14.433,874
14434,14.434,865
14435,14.435,867
14436,14.436,880
14437,14.437,877
14438,14.438,875
14439,14.439,858
14440,14.44,868
14441,14.441,937
14442,14.442,917
14443,14.443,812
14444,14.444,898
14445,14.445,878
14446,14.446,778
14447,14.447,805
14448,14.448,880
14449,14.449,960
14450,14.45,974
14451,14.451,915
14452,14.452,796
14453,14.453,853
14454,14.454,897
14455,14.455,915
14456,14.456,937
14457,14.457,880
14458,14.458,847
14459,14.459,855
14460,14.46,886
14461,14.461,882
14462,14.462,848
14463,14.463,791
14464,14.464,797
14465,14.465,879
14466,14.466,921
14467,14.467,881
14468,14.468,795
14469,14.469,826
14470,14.47,859
14471,14.471,859
14472,14.472,851
14473,14.473,880
14474,14.474,896
14475,14.475,915
14476,14.476,943
14477,14.477,951
14478,14.478,911
14479,14.479,895
14480,14.48,832
14481,14.481,765
14482,14.482,782
14483,14.483,863
14484,14.484,894
14485,14.485,851
14486,14.486,845
14487,14.487,835
14488,14.488,842
14489,14.489,933
14490,14.49,1008
14491,14.491,1034
14492,14.492,955
14493,14.493,949
14494,14.494,969
14495,14.495,990
14496,14.496,843
14497,14.497,803
14498,14.498,773
14499,14.499,774
14500,14.5,795
14501,14.501,823
14502,14.502,817
14503,14.503,866
14504,14.504,866
14505,14.505,880
14506,14.506,908
14507,14.507,912
14508,14.508,855
14509,14.509,814
14510,14.51,809
14511,14.511,881
14512,14.512,1040
14513,14.513,887
14514,14.514,832
14515,14.515,811
14516,14.516,835
14517,14.517,876
14518,14.518,933
14519,14.519,829
14520,14.52,808
14521,14.521,833
14522,14.522,929
14523,14.523,970
14524,14.524,959
14525,14.525,983
14526,14.526,927
14527,14.527,876
14528,14.528,895
14529,14.529,867
14530,14.53,899
14531,14.531,950
14532,14.532,1007
14533,14.533,914
14534,14.534,848
14535,14.535,789
14536,14.536,741
14537,14.537,726
14538,14.538,790
14539,14.539,875
14540,14.54,868
14541,14.541,859
14542,14.542,848
14543,14.543,890
14544,14.544,994
14545,14.545,1002
14546,14.546,913
14547,14.547,809
14548,14.548,770
14549,14.549,866
14550,14.55,883
14551,14.551,857
14552,14.552,880
14553,14.553,947
14554,14.554,981
14555,14.555,945
14556,14.556,859
14557,14.557,847
14558,14.558,848
14559,14.559,851
14560,14.56,863
14561,14.561,843
14562,14.562,816
14563,14.563,850
14564,14.564,879
14565,14.565,887
14566,14.566,838
14567,14.567,752
14568,14.568,784
14569,14.569,870
14570,14.57,956
14571,14.571,951
14572,14.572,955
14573,14.573,985
14574,14.574,912
14575,14.575,850
14576,14.576,879
14577,14.577,864
14578,14.578,877
14579,14.579,880
14580,14.58,854
14581,14.581,858
14582,14.582,861
14583,14.583,816
14584,14.584,870
14585,14.585,852
14586,14.586,886
14587,14.587,947
14588,14.588,937
14589,14.589,874
14590,14.59,830
14591,14.591,887
14592,14.592,887
14593,14.593,847
14594,14.594,823
14595,14.595,901
14596,14.596,902
14597,14.597,899
14598,14.598,901
14599,14.599,917
14600,14.6,944
14601,14.601,935
14602,14.602,929
14603,14.603,802
14604,14.604,778
14605,14.605,755
14606,14.606,757
14607,14.607,839
14608,14.608,912
14609,14.609,957
14610,14.61,955
14611,14.611,941
14612,14.612,902
14613,14.613,865
14614,14.614,863
14615,14.615,891
14616,14.616,848
14617,14.617,817
14618,14.618,848
14619,14.619,905
14620,14.62,941
14621,14.621,850
14622,14.622,826
14623,14.623,883
14624,14.624,918
14625,14.625,899
14626,14.626,941
14627,14.627,906
14628,14.628,880
14629,14.629,891
14630,14.63,929
14631,14.631,912
14632,14.632,818
14633,14.633,743
14634,14.634,672
14635,14.635,790
14636,14.636,963
14637,14.637,1023
14638,14.638,987
14639,14.639,880
14640,14.64,879
14641,14.641,863
14642,14.642,865
14643,14.643,848
14644,14.644,848
14645,14.645,854
14646,14.646,900
14647,14.647,933
14648,14.648,986
14649,14.649,983
14650,14.65,865
14651,14.651,698
14652,14.652,774
14653,14.653,912
14654,14.654,962
14655,14.655,880
14656,14.656,747
14657,14.657,767
14658,14.658,835
14659,14.659,846
14660,14.66,912
14661,14.661,895
14662,14.662,840
14663,14.663,786
14664,14.664,832
14665,14.665,923
14666,14.666,981
14667,14.667,983
14668,14.668,972
14669,14.669,929
14670,14.67,930
14671,14.671,949
14672,14.672,869
14673,14.673,818
14674,14.674,880
14675,14.675,876
14676,14.676,798
14677,14.677,816
14678,14.678,816
14679,14.679,851
14680,14.68,848
14681,14.681,833
14682,14.682,869
14683,14.683,881
14684,14.684,890
14685,14.685,886
14686,14.686,911
14687,14.687,907
14688,14.688,848
14689,14.689,832
14690,14.69,966
14691,14.691,931
14692,14.692,935
14693,14.693,850
14694,14.694,838
14695,14.695,906
14696,14.696,958
14697,14.697,883
14698,14.698,853
14699,14.699,870
14700,14.7,962
14701,14.701,878
14702,14.702,780
14703,14.703,802
14704,14.704,819
14705,14.705,880
14706,14.706,908
14707,14.707,885
14708,14.708,868
14709,14.709,861
14710,14.71,879
14711,14.711,897
14712,14.712,869
14713,14.713,870
14714,14.714,875
14715,14.715,907
14716,14.716,896
14717,14.717,911
14718,14.718,873
14719,14.719,784
14720,14.72,858
14721,14.721,832
14722,14.722,840
14723,14.723,880
14724,14.724,928
14725,14.725,944
14726,14.726,946
14727,14.727,907
14728,14.728,912
14729,14.729,895
14730,14.73,806
14731,14.731,807
14732,14.732,830
14733,14.733,784
14734,14.734,817
14735,14.735,836
14736,14.736,899
14737,14.737,891
14738,14.738,875
14739,14.739,874
14740,14.74,889
14741,14.741,911
14742,14.742,887
14743,14.743,896
14744,14.744,871
14745,14.745,885
14746,14.746,900
14747,14.747,871
14748,14.748,887
14749,14.749,878
14750,14.75,863
14751,14.751,858
14752,14.752,781
14753,14.753,818
14754,14.754,887
14755,14.755,912
14756,14.756,912
14757,14.757,879
14758,14.758,873
14759,14.759,865
14760,14.76,871
14761,14.761,889
14762,14.762,894
14763,14.763,881
14764,14.764,869
14765,14.765,860
14766,14.766,893
14767,14.767,922
14768,14.768,926
14769,14.769,880
14770,14.77,859
14771,14.771,858
14772,14.772,859
14773,14.773,870
14774,14.774,885
14775,14.775,880
14776,14.776,902
14777,14.777,917
14778,14.778,896
14779,14.779,847
14780,14.78,859
14781,14.781,913
14782,14.782,924
14783,14.783,859
14784,14.784,782
14785,14.785,817
14786,14.786,860
14787,14.787,873
14788,14.788,903
14789,14.789,880
14790,14.79,880
14791,14.791,869
14792,14.792,880
14793,14.793,887
14794,14.794,879
14795,14.795,876
14796,14.796,865
14797,14.797,860
14798,14.798,818
14799,14.799,871
14800,14.8,887
14801,14.801,891
14802,14.802,890
14803,14.803,880
14804,14.804,938
14805,14.805,900
14806,14.806,821
14807,14.807,831
14808,14.808,862
14809,14.809,939
14810,14.81,896
14811,14.811,678
14812,14.812,997
14813,14.813,950
14814,14.814,1018
14815,14.815,883
14816,14.816,819
14817,14.817,851
14818,14.818,839
14819,14.819,821
14820,14.82,793
14821,14.821,848
14822,14.822,896
14823,14.823,887
14824,14.824,884
14825,14.825,877
14826,14.826,881
14827,14.827,887
14828,14.828,867
14829,14.829,918
14830,14.83,929
14831,14.831,905
14832,14.832,866
14833,14.833,863
14834,14.834,871
14835,14.835,837
14836,14.836,893
14837,14.837,868
14838,14.838,835
14839,14.839,821
14840,14.84,1119
14841,14.841,912
14842,14.842,915
14843,14.843,866
14844,14.844,887
14845,14.845,877
14846,14.846,880
14847,14.847,937
14848,14.848,976
14849,14.849,931
14850,14.85,940
14851,14.851,883
14852,14.852,789
14853,14.853,761
14854,14.854,813
14855,14.855,863
14856,14.856,823
14857,14.857,816
14858,14.858,896
14859,14.859,871
14860,14.86,883
14861,14.861,859
14862,14.862,857
14863,14.863,893
14864,14.864,865
14865,14.865,899
14866,14.866,859
14867,14.867,855
14868,14.868,883
14869,14.869,896
14870,14.87,891
14871,14.871,939
14872,14.872,923
14873,14.873,925
14874,14.874,927
14875,14.875,951
14876,14.876,846
14877,14.877,869
14878,14.878,900
14879,14.879,836
14880,14.88,861
14881,14.881,855
14882,14.882,877
14883,14.883,864
14884,14.884,889
14885,14.885,873
14886,14.886,877
14887,14.887,877
14888,14.888,861
14889,14.889,853
14890,14.89,866
14891,14.891,996
14892,14.892,850
14893,14.893,927
14894,14.894,912
14895,14.895,933
14896,14.896,926
14897,14.897,844
14898,14.898,815
14899,14.899,841
14900,14.9,878
14901,14.901,896
14902,14.902,926
14903,14.903,999
14904,14.904,976
14905,14.905,831
14906,14.906,830
14907,14.907,849
14908,14.908,880
14909,14.909,816
14910,14.91,757
14911,14.911,814
14912,14.912,876
14913,14.913,896
14914,14.914,881
14915,14.915,881
14916,14.916,880
14917,14.917,875
14918,14.918,806
14919,14.919,877
14920,14.92,877
14921,14.921,907
14922,14.922,927
14923,14.923,926
14924,14.924,871
14925,14.925,849
14926,14.926,880
14927,14.927,1007
14928,14.928,820
14929,14.929,831
14930,14.93,822
14931,14.931,769
14932,14.932,825
14933,14.933,926
14934,14.934,954
14935,14.935,974
14936,14.936,959
14937,14.937,898
14938,14.938,894
14939,14.939,880
14940,14.94,865
14941,14.941,827
14942,14.942,858
14943,14.943,857
14944,14.944,862
14945,14.945,960
14946,14.946,995
14947,14.947,878
14948,14.948,802
14949,14.949,832
14950,14.95,866
14951,14.951,902
14952,14.952,880
14953,14.953,816
14954,14.954,877
14955,14.955,925
14956,14.956,946
14957,14.957,866
14958,14.958,845
14959,14.959,752
14960,14.96,837
14961,14.961,880
14962,14.962,901
14963,14.963,762
14964,14.964,848
14965,14.965,854
14966,14.966,873
14967,14.967,887
14968,14.968,896
14969,14.969,894
14970,14.97,912
14971,14.971,845
14972,14.972,833
14973,14.973,912
14974,14.974,899
14975,14.975,903
14976,14.976,862
14977,14.977,875
14978,14.978,865
14979,14.979,879
14980,14.98,847
14981,14.981,862
14982,14.982,865
14983,14.983,956
14984,14.984,908
14985,14.985,1053
14986,14.986,951
14987,14.987,911
14988,14.988,819
14989,14.989,858
14990,14.99,829
14991,14.991,851
14992,14.992,888
14993,14.993,933
14994,14.994,919
14995,14.995,901
14996,14.996,880
14997,14.997,859
14998,14.998,867
14999,14.999,860
15000,15.0,853
15001,15.001,846
15002,15.002,862
15003,15.003,881
15004,15.004,880
15005,15.005,877
15006,15.006,832
15007,15.007,872
15008,15.008,905
15009,15.009,866
15010,15.01,914
15011,15.011,960
15012,15.012,1066
15013,15.013,964
15014,15.014,879
15015,15.015,867
15016,15.016,825
15017,15.017,813
15018,15.018,829
15019,15.019,850
15020,15.02,868
15021,15.021,864
15022,15.022,887
15023,15.023,896
15024,15.024,891
15025,15.025,861
15026,15.026,866
15027,15.027,880
15028,15.028,878
15029,15.029,875
15030,15.03,825
15031,15.031,827
15032,15.032,837
15033,15.033,880
15034,15.034,889
15035,15.035,885
15036,15.036,878
15037,15.037,890
15038,15.038,958
15039,15.039,821
15040,15.04,799
15041,15.041,853
15042,15.042,869
15043,15.043,877
15044,15.044,864
15045,15.045,858
15046,15.046,867
15047,15.047,883
15048,15.048,896
15049,15.049,889
15050,15.05,940
15051,15.051,912
15052,15.052,890
15053,15.053,842
15054,15.054,865
15055,15.055,818
15056,15.056,777
15057,15.057,791
15058,15.058,908
15059,15.059,986
15060,15.06,943
15061,15.061,891
15062,15.062,891
15063,15.063,903
15064,15.064,928
15065,15.065,942
15066,15.066,960
15067,15.067,921
15068,15.068,848
15069,15.069,816
15070,15.07,832
15071,15.071,881
15072,15.072,894
15073,15.073,832
15074,15.074,747
15075,15.075,838
15076,15.076,832
15077,15.077,929
15078,15.078,999
15079,15.079,887
15080,15.08,830
15081,15.081,830
15082,15.082,866
15083,15.083,867
15084,15.084,866
15085,15.085,854
15086,15.086,903
15087,15.087,944
15088,15.088,950
15089,15.089,915
15090,15.09,863
15091,15.091,780
15092,15.092,848
15093,15.093,908
15094,15.094,848
15095,15.095,835
15096,15.096,816
15097,15.097,819
15098,15.098,880
15099,15.099,855
15100,15.1,834
15101,15.101,810
15102,15.102,880
15103,15.103,971
15104,15.104,963
15105,15.105,939
15106,15.106,837
15107,15.107,847
15108,15.108,816
15109,15.109,859
15110,15.11,895
15111,15.111,881
15112,15.112,874
15113,15.113,895
15114,15.114,951
15115,15.115,930
15116,15.116,880
15117,15.117,853
15118,15.118,847
15119,15.119,838
15120,15.12,871
15121,15.121,853
15122,15.122,817
15123,15.123,849
15124,15.124,973
15125,15.125,946
15126,15.126,933
15127,15.127,909
15128,15.128,870
15129,15.129,862
15130,15.13,855
15131,15.131,874
15132,15.132,883
15133,15.133,896
15134,15.134,903
15135,15.135,856
15136,15.136,826
15137,15.137,815
15138,15.138,823
15139,15.139,893
15140,15.14,886
15141,15.141,865
15142,15.142,848
15143,15.143,880
15144,15.144,880
15145,15.145,887
15146,15.146,892
15147,15.147,877
15148,15.148,871
15149,15.149,867
15150,15.15,874
15151,15.151,896
15152,15.152,919
15153,15.153,903
15154,15.154,903
15155,15.155,934
15156,15.156,914
15157,15.157,880
15158,15.158,801
15159,15.159,821
15160,15.16,808
15161,15.161,840
15162,15.162,879
15163,15.163,966
15164,15.164,938
15165,15.165,839
15166,15.166,818
15167,15.167,848
15168,15.168,885
15169,15.169,896
15170,15.17,890
15171,15.171,895
15172,15.172,897
15173,15.173,891
15174,15.174,871
15175,15.175,834
15176,15.176,804
15177,15.177,876
15178,15.178,921
15179,15.179,919
15180,15.18,831
15181,15.181,816
15182,15.182,874
15183,15.183,843
15184,15.184,849
15185,15.185,817
15186,15.186,853
15187,15.187,880
15188,15.188,889
15189,15.189,902
15190,15.19,912
15191,15.191,946
15192,15.192,938
15193,15.193,885
15194,15.194,882
15195,15.195,912
15196,15.196,912
15197,15.197,957
15198,15.198,955
15199,15.199,906
15200,15.2,826
15201,15.201,752
15202,15.202,771
15203,15.203,763
15204,15.204,803
15205,15.205,913
15206,15.206,945
15207,15.207,962
15208,15.208,912
15209,15.209,935
15210,15.21,906
15211,15.211,907
15212,15.212,861
15213,15.213,841
15214,15.214,864
15215,15.215,879
15216,15.216,879
15217,15.217,832
15218,15.218,816
15219,15.219,844
15220,15.22,895
15221,15.221,910
15222,15.222,917
15223,15.223,911
15224,15.224,900
15225,15.225,870
15226,15.226,808
15227,15.227,814
15228,15.228,851
15229,15.229,862
15230,15.23,966
15231,15.231,892
15232,15.232,893
15233,15.233,901
15234,15.234,905
15235,15.235,882
15236,15.236,886
15237,15.237,898
15238,15.238,857
15239,15.239,821
15240,15.24,853
15241,15.241,890
15242,15.242,865
15243,15.243,863
15244,15.244,912
15245,15.245,959
15246,15.246,933
15247,15.247,848
15248,15.248,829
15249,15.249,855
15250,15.25,870
15251,15.251,819
15252,15.252,813
15253,15.253,810
15254,15.254,852
15255,15.255,903
15256,15.256,866
15257,15.257,902
15258,15.258,954
15259,15.259,982
15260,15.26,930
15261,15.261,846
15262,15.262,874
15263,15.263,848
15264,15.264,814
15265,15.265,849
15266,15.266,867
15267,15.267,883
15268,15.268,876
15269,15.269,811
15270,15.27,789
15271,15.271,896
15272,15.272,997
15273,15.273,1054
15274,15.274,961
15275,15.275,885
15276,15.276,848
15277,15.277,813
15278,15.278,821
15279,15.279,843
15280,15.28,863
15281,15.281,877
15282,15.282,851
15283,15.283,825
15284,15.284,829
15285,15.285,876
15286,15.286,914
15287,15.287,946
15288,15.288,887
15289,15.289,842
15290,15.29,875
15291,15.291,929
15292,15.292,900
15293,15.293,905
15294,15.294,903
15295,15.295,870
15296,15.296,870
15297,15.297,871
15298,15.298,911
15299,15.299,922
15300,15.3,896
15301,15.301,813
15302,15.302,813
15303,15.303,838
15304,15.304,848
15305,15.305,892
15306,15.306,869
15307,15.307,852
15308,15.308,886
15309,15.309,924
15310,15.31,901
15311,15.311,901
15312,15.312,895
15313,15.313,884
15314,15.314,868
15315,15.315,821
15316,15.316,823
15317,15.317,865
15318,15.318,939
15319,15.319,943
15320,15.32,893
15321,15.321,848
15322,15.322,860
15323,15.323,860
15324,15.324,872
15325,15.325,874
15326,15.326,847
15327,15.327,875
15328,15.328,894
15329,15.329,903
15330,15.33,877
15331,15.331,799
15332,15.332,790
15333,15.333,819
15334,15.334,841
15335,15.335,932
15336,15.336,925
15337,15.337,991
15338,15.338,1038
15339,15.339,893
15340,15.34,799
15341,15.341,789
15342,15.342,813
15343,15.343,811
15344,15.344,861
15345,15.345,929
15346,15.346,965
15347,15.347,897
15348,15.348,822
15349,15.349,716
15350,15.35,704
15351,15.351,679
15352,15.352,855
15353,15.353,1082
15354,15.354,1072
15355,15.355,885
15356,15.356,819
15357,15.357,903
15358,15.358,1018
15359,15.359,1040
15360,15.36,957
15361,15.361,898
15362,15.362,814
15363,15.363,820
15364,15.364,866
15365,15.365,913
15366,15.366,880
15367,15.367,947
15368,15.368,1063
15369,15.369,965
15370,15.37,822
15371,15.371,528
15372,15.372,547
15373,15.373,766
15374,15.374,910
15375,15.375,1008
15376,15.376,994
15377,15.377,912
15378,15.378,875
15379,15.379,874
15380,15.38,849
15381,15.381,848
15382,15.382,874
15383,15.383,919
15384,15.384,942
15385,15.385,944
15386,15.386,913
15387,15.387,878
15388,15.388,944
15389,15.389,903
15390,15.39,791
15391,15.391,783
15392,15.392,837
15393,15.393,896
15394,15.394,893
15395,15.395,816
15396,15.396,781
15397,15.397,837
15398,15.398,1005
15399,15.399,1071
15400,15.4,960
15401,15.401,928
15402,15.402,976
15403,15.403,957
15404,15.404,898
15405,15.405,835
15406,15.406,746
15407,15.407,766
15408,15.408,863
15409,15.409,884
15410,15.41,870
15411,15.411,855
15412,15.412,918
15413,15.413,912
15414,15.414,894
15415,15.415,839
15416,15.416,729
15417,15.417,779
15418,15.418,846
15419,15.419,931
15420,15.42,917
15421,15.421,880
15422,15.422,886
15423,15.423,927
15424,15.424,935
15425,15.425,973
15426,15.426,1004
15427,15.427,864
15428,15.428,834
15429,15.429,789
15430,15.43,689
15431,15.431,757
15432,15.432,878
15433,15.433,912
15434,15.434,930
15435,15.435,940
15436,15.436,965
15437,15.437,1094
15438,15.438,1122
15439,15.439,951
15440,15.44,674
15441,15.441,528
15442,15.442,656
15443,15.443,846
15444,15.444,965
15445,15.445,944
15446,15.446,849
15447,15.447,842
15448,15.448,999
15449,15.449,1054
15450,15.45,1005
15451,15.451,896
15452,15.452,902
15453,15.453,848
15454,15.454,762
15455,15.455,739
15456,15.456,815
15457,15.457,867
15458,15.458,943
15459,15.459,942
15460,15.46,915
15461,15.461,881
15462,15.462,896
15463,15.463,850
15464,15.464,855
15465,15.465,855
15466,15.466,873
15467,15.467,961
15468,15.468,918
15469,15.469,912
15470,15.47,886
15471,15.471,841
15472,15.472,861
15473,15.473,852
15474,15.474,784
15475,15.475,819
15476,15.476,931
15477,15.477,915
15478,15.478,893
15479,15.479,881
15480,15.48,907
15481,15.481,903
15482,15.482,930
15483,15.483,816
15484,15.484,803
15485,15.485,866
15486,15.486,891
15487,15.487,915
15488,15.488,907
15489,15.489,890
15490,15.49,860
15491,15.491,836
15492,15.492,846
15493,15.493,899
15494,15.494,930
15495,15.495,944
15496,15.496,902
15497,15.497,784
15498,15.498,759
15499,15.499,768
15500,15.5,798
15501,15.501,880
15502,15.502,980
15503,15.503,1002
15504,15.504,963
15505,15.505,899
15506,15.506,817
15507,15.507,828
15508,15.508,849
15509,15.509,823
15510,15.51,783
15511,15.511,816
15512,15.512,938
15513,15.513,1008
15514,15.514,993
15515,15.515,938
15516,15.516,887
15517,15.517,859
15518,15.518,784
15519,15.519,795
15520,15.52,885
15521,15.521,972
15522,15.522,954
15523,15.523,880
15524,15.524,865
15525,15.525,926
15526,15.526,976
15527,15.527,913
15528,15.528,875
15529,15.529,835
15530,15.53,716
15531,15.531,730
15532,15.532,857
15533,15.533,976
15534,15.534,980
15535,15.535,944
15536,15.536,953
15537,15.537,955
15538,15.538,912
15539,15.539,816
15540,15.54,822
15541,15.541,803
15542,15.542,831
15543,15.543,762
15544,15.544,886
15545,15.545,919
15546,15.546,827
15547,15.547,787
15548,15.548,822
15549,15.549,883
15550,15.55,929
15551,15.551,944
15552,15.552,918
15553,15.553,877
15554,15.554,869
15555,15.555,906
15556,15.556,919
15557,15.557,813
15558,15.558,723
15559,15.559,752
15560,15.56,894
15561,15.561,911
15562,15.562,909
15563,15.563,893
15564,15.564,953
15565,15.565,957
15566,15.566,996
15567,15.567,988
15568,15.568,964
15569,15.569,897
15570,15.57,803
15571,15.571,720
15572,15.572,709
15573,15.573,816
15574,15.574,914
15575,15.575,979
15576,15.576,999
15577,15.577,965
15578,15.578,895
15579,15.579,813
15580,15.58,859
15581,15.581,913
15582,15.582,845
15583,15.583,770
15584,15.584,763
15585,15.585,913
15586,15.586,955
15587,15.587,907
15588,15.588,848
15589,15.589,784
15590,15.59,856
15591,15.591,845
15592,15.592,772
15593,15.593,758
15594,15.594,908
15595,15.595,1074
15596,15.596,1033
15597,15.597,899
15598,15.598,854
15599,15.599,870
15600,15.6,860
15601,15.601,880
15602,15.602,961
15603,15.603,983
15604,15.604,903
15605,15.605,700
15606,15.606,663
15607,15.607,810
15608,15.608,954
15609,15.609,941
15610,15.61,897
15611,15.611,908
15612,15.612,973
15613,15.613,919
15614,15.614,832
15615,15.615,846
15616,15.616,897
15617,15.617,949
15618,15.618,976
15619,15.619,939
15620,15.62,863
15621,15.621,817
15622,15.622,843
15623,15.623,802
15624,15.624,772
15625,15.625,733
15626,15.626,785
15627,15.627,865
15628,15.628,848
15629,15.629,976
15630,15.63,1041
15631,15.631,976
15632,15.632,870
15633,15.633,769
15634,15.634,816
15635,15.635,841
15636,15.636,825
15637,15.637,830
15638,15.638,848
15639,15.639,737
15640,15.64,746
15641,15.641,853
15642,15.642,1061
15643,15.643,1200
15644,15.644,1099
15645,15.645,976
15646,15.646,932
15647,15.647,912
15648,15.648,836
15649,15.649,804
15650,15.65,832
15651,15.651,855
15652,15.652,846
15653,15.653,882
15654,15.654,863
15655,15.655,832
15656,15.656,816
15657,15.657,873
15658,15.658,859
15659,15.659,846
15660,15.66,869
15661,15.661,899
15662,15.662,885
15663,15.663,878
15664,15.664,880
15665,15.665,875
15666,15.666,879
15667,15.667,907
15668,15.668,906
15669,15.669,880
15670,15.67,906
15671,15.671,913
15672,15.672,918
15673,15.673,882
15674,15.674,887
15675,15.675,841
15676,15.676,837
15677,15.677,863
15678,15.678,855
15679,15.679,881
15680,15.68,929
15681,15.681,951
15682,15.682,826
15683,15.683,754
15684,15.684,751
15685,15.685,858
15686,15.686,947
15687,15.687,923
15688,15.688,859
15689,15.689,817
15690,15.69,864
15691,15.691,986
15692,15.692,1105
15693,15.693,1005
15694,15.694,866
15695,15.695,789
15696,15.696,848
15697,15.697,768
15698,15.698,775
15699,15.699,833
15700,15.7,881
15701,15.701,785
15702,15.702,785
15703,15.703,910
15704,15.704,1008
15705,15.705,1038
15706,15.706,992
15707,15.707,879
15708,15.708,751
15709,15.709,786
15710,15.71,912
15711,15.711,883
15712,15.712,806
15713,15.713,790
15714,15.714,825
15715,15.715,889
15716,15.716,848
15717,15.717,877
15718,15.718,907
15719,15.719,961
15720,15.72,965
15721,15.721,879
15722,15.722,868
15723,15.723,911
15724,15.724,938
15725,15.725,944
15726,15.726,869
15727,15.727,816
15728,15.728,775
15729,15.729,850
15730,15.73,883
15731,15.731,911
15732,15.732,914
15733,15.733,914
15734,15.734,843
15735,15.735,845
15736,15.736,895
15737,15.737,895
15738,15.738,875
15739,15.739,861
15740,15.74,865
15741,15.741,867
15742,15.742,895
15743,15.743,944
15744,15.744,897
15745,15.745,801
15746,15.746,797
15747,15.747,811
15748,15.748,784
15749,15.749,907
15750,15.75,983
15751,15.751,963
15752,15.752,912
15753,15.753,882
15754,15.754,851
15755,15.755,800
15756,15.756,801
15757,15.757,832
15758,15.758,899
15759,15.759,938
15760,15.76,904
15761,15.761,875
15762,15.762,867
15763,15.763,856
15764,15.764,859
15765,15.765,881
15766,15.766,877
15767,15.767,858
15768,15.768,843
15769,15.769,895
15770,15.77,912
15771,15.771,955
15772,15.772,976
15773,15.773,942
15774,15.774,889
15775,15.775,800
15776,15.776,817
15777,15.777,850
15778,15.778,830
15779,15.779,851
15780,15.78,879
15781,15.781,921
15782,15.782,895
15783,15.783,879
15784,15.784,879
15785,15.785,891
15786,15.786,917
15787,15.787,926
15788,15.788,826
15789,15.789,768
15790,15.79,761
15791,15.791,839
15792,15.792,946
15793,15.793,1040
15794,15.794,960
15795,15.795,861
15796,15.796,911
15797,15.797,924
15798,15.798,885
15799,15.799,845
15800,15.8,838
15801,15.801,849
15802,15.802,882
15803,15.803,877
15804,15.804,893
15805,15.805,866
15806,15.806,802
15807,15.807,801
15808,15.808,832
15809,15.809,885
15810,15.81,915
15811,15.811,891
15812,15.812,760
15813,15.813,795
15814,15.814,912
15815,15.815,970
15816,15.816,1014
15817,15.817,1002
15818,15.818,912
15819,15.819,877
15820,15.82,940
15821,15.821,883
15822,15.822,793
15823,15.823,754
15824,15.824,861
15825,15.825,896
15826,15.826,871
15827,15.827,831
15828,15.828,830
15829,15.829,862
15830,15.83,929
15831,15.831,910
15832,15.832,885
15833,15.833,865
15834,15.834,870
15835,15.835,880
15836,15.836,879
15837,15.837,839
15838,15.838,833
15839,15.839,865
15840,15.84,941
15841,15.841,999
15842,15.842,978
15843,15.843,848
15844,15.844,804
15845,15.845,821
15846,15.846,915
15847,15.847,961
15848,15.848,845
15849,15.849,769
15850,15.85,785
15851,15.851,857
15852,15.852,838
15853,15.853,864
15854,15.854,881
15855,15.855,883
15856,15.856,898
15857,15.857,899
15858,15.858,879
15859,15.859,901
15860,15.86,914
15861,15.861,905
15862,15.862,902
15863,15.863,852
15864,15.864,777
15865,15.865,739
15866,15.866,816
15867,15.867,875
15868,15.868,939
15869,15.869,974
15870,15.87,943
15871,15.871,868
15872,15.872,839
15873,15.873,889
15874,15.874,955
15875,15.875,937
15876,15.876,874
15877,15.877,859
15878,15.878,764
15879,15.879,790
15880,15.88,881
15881,15.881,985
15882,15.882,962
15883,15.883,870
15884,15.884,822
15885,15.885,848
15886,15.886,839
15887,15.887,849
15888,15.888,855
15889,15.889,859
15890,15.89,903
15891,15.891,983
15892,15.892,928
15893,15.893,861
15894,15.894,844
15895,15.895,870
15896,15.896,817
15897,15.897,769
15898,15.898,848
15899,15.899,891
15900,15.9,828
15901,15.901,801
15902,15.902,812
15903,15.903,891
15904,15.904,902
15905,15.905,926
15906,15.906,884
15907,15.907,812
15908,15.908,858
15909,15.909,944
15910,15.91,951
15911,15.911,865
15912,15.912,846
15913,15.913,880
15914,15.914,880
15915,15.915,830
15916,15.916,875
15917,15.917,941
15918,15.918,944
15919,15.919,854
15920,15.92,879
15921,15.921,946
15922,15.922,945
15923,15.923,841
15924,15.924,823
15925,15.925,909
15926,15.926,978
15927,15.927,914
15928,15.928,821
15929,15.929,766
15930,15.93,854
15931,15.931,923
15932,15.932,954
15933,15.933,890
15934,15.934,849
15935,15.935,863
15936,15.936,886
15937,15.937,846
15938,15.938,782
15939,15.939,829
15940,15.94,903
15941,15.941,929
15942,15.942,894
15943,15.943,811
15944,15.944,803
15945,15.945,805
15946,15.946,834
15947,15.947,893
15948,15.948,926
15949,15.949,918
15950,15.95,918
15951,15.951,907
15952,15.952,927
15953,15.953,994
15954,15.954,945
15955,15.955,919
15956,15.956,815
15957,15.957,850
15958,15.958,842
15959,15.959,766
15960,15.96,784
15961,15.961,828
15962,15.962,833
15963,15.963,822
15964,15.964,816
15965,15.965,845
15966,15.966,899
15967,15.967,982
15968,15.968,1041
15969,15.969,1010
15970,15.97,833
15971,15.971,737
15972,15.972,785
15973,15.973,924
15974,15.974,1135
15975,15.975,1074
15976,15.976,751
15977,15.977,755
15978,15.978,744
15979,15.979,816
15980,15.98,926
15981,15.981,906
15982,15.982,843
15983,15.983,849
15984,15.984,831
15985,15.985,815
15986,15.986,832
15987,15.987,975
15988,15.988,1037
15989,15.989,944
15990,15.99,798
15991,15.991,752
15992,15.992,816
15993,15.993,854
15994,15.994,821
15995,15.995,880
15996,15.996,936
15997,15.997,818
15998,15.998,709
15999,15.999,802
16000,16.0,1007
16001,16.001,1067
16002,16.002,1014
16003,16.003,991
16004,16.004,923
16005,16.005,895
16006,16.006,848
16007,16.007,855
16008,16.008,905
16009,16.009,864
16010,16.01,870
16011,16.011,880
16012,16.012,890
16013,16.013,866
16014,16.014,819
16015,16.015,817
16016,16.016,845
16017,16.017,955
16018,16.018,951
16019,16.019,849
16020,16.02,812
16021,16.021,833
16022,16.022,886
16023,16.023,884
16024,16.024,877
16025,16.025,893
16026,16.026,881
16027,16.027,944
16028,16.028,973
16029,16.029,952
16030,16.03,784
16031,16.031,752
16032,16.032,899
16033,16.033,955
16034,16.034,930
16035,16.035,771
16036,16.036,731
16037,16.037,793
16038,16.038,876
16039,16.039,944
16040,16.04,903
16041,16.041,880
16042,16.042,867
16043,16.043,940
16044,16.044,923
16045,16.045,929
16046,16.046,833
16047,16.047,825
16048,16.048,833
16049,16.049,827
16050,16.05,880
16051,16.051,882
16052,16.052,870
16053,16.053,925
16054,16.054,899
16055,16.055,837
16056,16.056,731
16057,16.057,789
16058,16.058,943
16059,16.059,1040
16060,16.06,944
16061,16.061,899
16062,16.062,795
16063,16.063,772
16064,16.064,875
16065,16.065,944
16066,16.066,896
16067,16.067,859
16068,16.068,878
16069,16.069,902
16070,16.07,913
16071,16.071,918
16072,16.072,901
16073,16.073,863
16074,16.074,871
16075,16.075,847
16076,16.076,864
16077,16.077,864
16078,16.078,887
16079,16.079,868
16080,16.08,812
16081,16.081,822
16082,16.082,886
16083,16.083,880
16084,16.084,935
16085,16.085,927
16086,16.086,831
16087,16.087,834
16088,16.088,893
16089,16.089,912
16090,16.09,912
16091,16.091,909
16092,16.092,848
16093,16.093,839
16094,16.094,887
16095,16.095,905
16096,16.096,942
16097,16.097,898
16098,16.098,950
16099,16.099,955
16100,16.1,779
16101,16.101,681
16102,16.102,675
16103,16.103,775
16104,16.104,848
16105,16.105,950
16106,16.106,955
16107,16.107,916
16108,16.108,897
16109,16.109,893
16110,16.11,896
16111,16.111,887
16112,16.112,880
16113,16.113,896
16114,16.114,891
16115,16.115,909
16116,16.116,911
16117,16.117,882
16118,16.118,947
16119,16.119,944
16120,16.12,842
16121,16.121,838
16122,16.122,866
16123,16.123,821
16124,16.124,743
16125,16.125,753
16126,16.126,816
16127,16.127,873
16128,16.128,879
16129,16.129,934
16130,16.13,967
16131,16.131,912
16132,16.132,912
16133,16.133,929
16134,16.134,929
16135,16.135,918
16136,16.136,915
16137,16.137,892
16138,16.138,850
16139,16.139,784
16140,16.14,728
16141,16.141,795
16142,16.142,900
16143,16.143,993
16144,16.144,951
16145,16.145,900
16146,16.146,853
16147,16.147,827
16148,16.148,864
16149,16.149,922
16150,16.15,900
16151,16.151,895
16152,16.152,903
16153,16.153,899
16154,16.154,835
16155,16.155,819
16156,16.156,849
16157,16.157,895
16158,16.158,928
16159,16.159,924
16160,16.16,947
16161,16.161,891
16162,16.162,775
16163,16.163,784
16164,16.164,797
16165,16.165,864
16166,16.166,896
16167,16.167,928
16168,16.168,921
16169,16.169,880
16170,16.17,832
16171,16.171,895
16172,16.172,917
16173,16.173,911
16174,16.174,880
16175,16.175,831
16176,16.176,853
16177,16.177,930
16178,16.178,880
16179,16.179,833
16180,16.18,874
16181,16.181,909
16182,16.182,874
16183,16.183,800
16184,16.184,784
16185,16.185,859
16186,16.186,967
16187,16.187,1008
16188,16.188,974
16189,16.189,869
16190,16.19,807
16191,16.191,807
16192,16.192,837
16193,16.193,875
16194,16.194,858
16195,16.195,879
16196,16.196,880
16197,16.197,871
16198,16.198,882
16199,16.199,876
16200,16.2,839
16201,16.201,862
16202,16.202,922
16203,16.203,896
16204,16.204,858
16205,16.205,826
16206,16.206,819
16207,16.207,896
16208,16.208,879
16209,16.209,875
16210,16.21,830
16211,16.211,817
16212,16.212,898
16213,16.213,964
16214,16.214,938
16215,16.215,917
16216,16.216,955
16217,16.217,1049
16218,16.218,977
16219,16.219,816
16220,16.22,769
16221,16.221,778
16222,16.222,794
16223,16.223,793
16224,16.224,805
16225,16.225,813
16226,16.226,885
16227,16.227,931
16228,16.228,1002
16229,16.229,965
16230,16.23,869
16231,16.231,859
16232,16.232,865
16233,16.233,865
16234,16.234,891
16235,16.235,922
16236,16.236,939
16237,16.237,941
16238,16.238,858
16239,16.239,845
16240,16.24,829
16241,16.241,868
16242,16.242,894
16243,16.243,877
16244,16.244,849
16245,16.245,795
16246,16.246,819
16247,16.247,835
16248,16.248,837
16249,16.249,848
16250,16.25,902
16251,16.251,929
16252,16.252,914
16253,16.253,923
16254,16.254,903
16255,16.255,912
16256,16.256,862
16257,16.257,842
16258,16.258,846
16259,16.259,848
16260,16.26,874
16261,16.261,928
16262,16.262,919
16263,16.263,911
16264,16.264,891
16265,16.265,889
16266,16.266,882
16267,16.267,816
16268,16.268,788
16269,16.269,743
16270,16.27,848
16271,16.271,864
16272,16.272,938
16273,16.273,918
16274,16.274,895
16275,16.275,898
16276,16.276,960
16277,16.277,956
16278,16.278,922
16279,16.279,867
16280,16.28,842
16281,16.281,859
16282,16.282,871
16283,16.283,833
16284,16.284,850
16285,16.285,928
16286,16.286,975
16287,16.287,919
16288,16.288,867
16289,16.289,800
16290,16.29,816
16291,16.291,801
16292,16.292,833
16293,16.293,896
16294,16.294,902
16295,16.295,950
16296,16.296,957
16297,16.297,858
16298,16.298,784
16299,16.299,832
16300,16.3,875
16301,16.301,880
16302,16.302,862
16303,16.303,939
16304,16.304,877
16305,16.305,905
16306,16.306,851
16307,16.307,910
16308,16.308,918
16309,16.309,870
16310,16.31,832
16311,16.311,835
16312,16.312,859
16313,16.313,855
16314,16.314,868
16315,16.315,912
16316,16.316,945
16317,16.317,901
16318,16.318,854
16319,16.319,819
16320,16.32,831
16321,16.321,877
16322,16.322,902
16323,16.323,944
16324,16.324,923
16325,16.325,899
16326,16.326,880
16327,16.327,880
16328,16.328,877
16329,16.329,886
16330,16.33,880
16331,16.331,865
16332,16.332,814
16333,16.333,855
16334,16.334,918
16335,16.335,941
16336,16.336,921
16337,16.337,853
16338,16.338,863
16339,16.339,894
16340,16.34,914
16341,16.341,907
16342,16.342,871
16343,16.343,818
16344,16.344,816
16345,16.345,784
16346,16.346,816
16347,16.347,838
16348,16.348,827
16349,16.349,829
16350,16.35,847
16351,16.351,923
16352,16.352,902
16353,16.353,898
16354,16.354,897
16355,16.355,923
16356,16.356,912
16357,16.357,927
16358,16.358,868
16359,16.359,855
16360,16.36,848
16361,16.361,846
16362,16.362,829
16363,16.363,849
16364,16.364,943
16365,16.365,967
16366,16.366,899
16367,16.367,880
16368,16.368,873
16369,16.369,881
16370,16.37,880
16371,16.371,865
16372,16.372,892
16373,16.373,904
16374,16.374,889
16375,16.375,854
16376,16.376,829
16377,16.377,805
16378,16.378,877
16379,16.379,944
16380,16.38,939
16381,16.381,807
16382,16.382,799
16383,16.383,878
16384,16.384,878
16385,16.385,887
16386,16.386,882
16387,16.387,902
16388,16.388,885
16389,16.389,885
16390,16.39,880
16391,16.391,897
16392,16.392,905
16393,16.393,885
16394,16.394,875
16395,16.395,838
16396,16.396,809
16397,16.397,796
16398,16.398,859
16399,16.399,898
16400,16.4,975
16401,16.401,1074
16402,16.402,1035
16403,16.403,960
16404,16.404,846
16405,16.405,790
16406,16.406,784
16407,16.407,835
16408,16.408,734
16409,16.409,730
16410,16.41,864
16411,16.411,943
16412,16.412,930
16413,16.413,861
16414,16.414,882
16415,16.415,961
16416,16.416,944
16417,16.417,901
16418,16.418,905
16419,16.419,885
16420,16.42,896
16421,16.421,848
16422,16.422,772
16423,16.423,773
16424,16.424,834
16425,16.425,849
16426,16.426,896
16427,16.427,925
16428,16.428,944
16429,16.429,945
16430,16.43,898
16431,16.431,821
16432,16.432,807
16433,16.433,819
16434,16.434,866
16435,16.435,903
16436,16.436,946
16437,16.437,966
16438,16.438,971
16439,16.439,941
16440,16.44,882
16441,16.441,720
16442,16.442,849
16443,16.443,763
16444,16.444,757
16445,16.445,859
16446,16.446,1023
16447,16.447,1071
16448,16.448,965
16449,16.449,819
16450,16.45,764
16451,16.451,769
16452,16.452,811
16453,16.453,835
16454,16.454,847
16455,16.455,873
16456,16.456,896
16457,16.457,903
16458,16.458,880
16459,16.459,873
16460,16.46,870
16461,16.461,939
16462,16.462,1023
16463,16.463,960
16464,16.464,848
16465,16.465,773
16466,16.466,793
16467,16.467,804
16468,16.468,845
16469,16.469,855
16470,16.47,875
16471,16.471,891
16472,16.472,888
16473,16.473,910
16474,16.474,896
16475,16.475,879
16476,16.476,871
16477,16.477,854
16478,16.478,784
16479,16.479,832
16480,16.48,992
16481,16.481,1108
16482,16.482,1053
16483,16.483,949
16484,16.484,880
16485,16.485,819
16486,16.486,747
16487,16.487,693
16488,16.488,747
16489,16.489,819
16490,16.49,889
16491,16.491,878
16492,16.492,845
16493,16.493,895
16494,16.494,965
16495,16.495,930
16496,16.496,860
16497,16.497,869
16498,16.498,867
16499,16.499,896
16500,16.5,923
16501,16.501,880
16502,16.502,874
16503,16.503,869
16504,16.504,851
16505,16.505,897
16506,16.506,886
16507,16.507,991
16508,16.508,914
16509,16.509,891
16510,16.51,841
16511,16.511,862
16512,16.512,830
16513,16.513,816
16514,16.514,900
16515,16.515,982
16516,16.516,913
16517,16.517,774
16518,16.518,681
16519,16.519,777
16520,16.52,887
16521,16.521,894
16522,16.522,903
16523,16.523,816
16524,16.524,803
16525,16.525,871
16526,16.526,926
16527,16.527,1051
16528,16.528,961
16529,16.529,781
16530,16.53,787
16531,16.531,866
16532,16.532,922
16533,16.533,976
16534,16.534,887
16535,16.535,879
16536,16.536,870
16537,16.537,898
16538,16.538,912
16539,16.539,877
16540,16.54,853
16541,16.541,865
16542,16.542,886
16543,16.543,837
16544,16.544,802
16545,16.545,869
16546,16.546,885
16547,16.547,960
16548,16.548,869
16549,16.549,803
16550,16.55,798
16551,16.551,831
16552,16.552,877
16553,16.553,931
16554,16.554,1008
16555,16.555,975
16556,16.556,932
16557,16.557,827
16558,16.558,781
16559,16.559,813
16560,16.56,802
16561,16.561,848
16562,16.562,898
16563,16.563,894
16564,16.564,834
16565,16.565,832
16566,16.566,933
16567,16.567,978
16568,16.568,1040
16569,16.569,963
16570,16.57,996
16571,16.571,882
16572,16.572,746
16573,16.573,771
16574,16.574,796
16575,16.575,848
16576,16.576,850
16577,16.577,827
16578,16.578,887
16579,16.579,898
16580,16.58,894
16581,16.581,870
16582,16.582,895
16583,16.583,921
16584,16.584,895
16585,16.585,789
16586,16.586,738
16587,16.587,884
16588,16.588,960
16589,16.589,945
16590,16.59,807
16591,16.591,807
16592,16.592,777
16593,16.593,757
16594,16.594,796
16595,16.595,870
16596,16.596,921
16597,16.597,979
16598,16.598,991
16599,16.599,961
16600,16.6,880
16601,16.601,837
16602,16.602,837
16603,16.603,883
16604,16.604,943
16605,16.605,943
16606,16.606,948
16607,16.607,875
16608,16.608,841
16609,16.609,925
16610,16.61,811
16611,16.611,881
16612,16.612,879
16613,16.613,854
16614,16.614,880
16615,16.615,919
16616,16.616,923
16617,16.617,847
16618,16.618,842
16619,16.619,839
16620,16.62,853
16621,16.621,839
16622,16.622,848
16623,16.623,913
16624,16.624,917
16625,16.625,846
16626,16.626,848
16627,16.627,1042
16628,16.628,889
16629,16.629,848
16630,16.63,886
16631,16.631,898
16632,16.632,911
16633,16.633,958
16634,16.634,941
16635,16.635,939
16636,16.636,819
16637,16.637,816
16638,16.638,786
16639,16.639,854
16640,16.64,889
16641,16.641,909
16642,16.642,881
16643,16.643,928
16644,16.644,989
16645,16.645,887
16646,16.646,772
16647,16.647,800
16648,16.648,849
16649,16.649,832
16650,16.65,886
16651,16.651,928
16652,16.652,939
16653,16.653,938
16654,16.654,864
16655,16.655,788
16656,16.656,887
16657,16.657,893
16658,16.658,943
16659,16.659,855
16660,16.66,813
16661,16.661,841
16662,16.662,872
16663,16.663,915
16664,16.664,897
16665,16.665,1051
16666,16.666,937
16667,16.667,848
16668,16.668,833
16669,16.669,789
16670,16.67,690
16671,16.671,721
16672,16.672,831
16673,16.673,752
16674,16.674,896
16675,16.675,914
16676,16.676,911
16677,16.677,887
16678,16.678,879
16679,16.679,890
16680,16.68,1009
16681,16.681,971
16682,16.682,867
16683,16.683,848
16684,16.684,830
16685,16.685,848
16686,16.686,847
16687,16.687,833
16688,16.688,848
16689,16.689,853
16690,16.69,880
16691,16.691,893
16692,16.692,890
16693,16.693,879
16694,16.694,934
16695,16.695,977
16696,16.696,957
16697,16.697,874
16698,16.698,821
16699,16.699,883
16700,16.7,797
16701,16.701,776
16702,16.702,849
16703,16.703,871
16704,16.704,942
16705,16.705,943
16706,16.706,829
16707,16.707,801
16708,16.708,837
16709,16.709,875
16710,16.71,907
16711,16.711,945
16712,16.712,956
16713,16.713,925
16714,16.714,931
16715,16.715,914
16716,16.716,897
16717,16.717,944
16718,16.718,806
16719,16.719,795
16720,16.72,736
16721,16.721,752
16722,16.722,830
16723,16.723,991
16724,16.724,1003
16725,16.725,983
16726,16.726,871
16727,16.727,797
16728,16.728,812
16729,16.729,815
16730,16.73,816
16731,16.731,845
16732,16.732,874
16733,16.733,886
16734,16.734,918
16735,16.735,879
16736,16.736,912
16737,16.737,941
16738,16.738,912
16739,16.739,833
16740,16.74,821
16741,16.741,878
16742,16.742,917
16743,16.743,850
16744,16.744,884
16745,16.745,925
16746,16.746,931
16747,16.747,950
16748,16.748,925
16749,16.749,912
16750,16.75,826
16751,16.751,832
16752,16.752,745
16753,16.753,816
16754,16.754,853
16755,16.755,896
16756,16.756,850
16757,16.757,916
16758,16.758,911
16759,16.759,865
16760,16.76,879
16761,16.761,887
16762,16.762,866
16763,16.763,863
16764,16.764,871
16765,16.765,851
16766,16.766,829
16767,16.767,831
16768,16.768,846
16769,16.769,915
16770,16.77,946
16771,16.771,882
16772,16.772,896
16773,16.773,912
16774,16.774,977
16775,16.775,828
16776,16.776,811
16777,16.777,848
16778,16.778,890
16779,16.779,899
16780,16.78,922
16781,16.781,910
16782,16.782,1040
16783,16.783,883
16784,16.784,788
16785,16.785,907
16786,16.786,837
16787,16.787,826
16788,16.788,855
16789,16.789,841
16790,16.79,870
16791,16.791,910
16792,16.792,863
16793,16.793,885
16794,16.794,861
16795,16.795,876
16796,16.796,864
16797,16.797,923
16798,16.798,970
16799,16.799,893
16800,16.8,762
16801,16.801,784
16802,16.802,868
16803,16.803,784
16804,16.804,898
16805,16.805,896
16806,16.806,881
16807,16.807,880
16808,16.808,953
16809,16.809,905
16810,16.81,885
16811,16.811,864
16812,16.812,912
16813,16.813,1040
16814,16.814,1042
16815,16.815,917
16816,16.816,672
16817,16.817,693
16818,16.818,830
16819,16.819,834
16820,16.82,864
16821,16.821,853
16822,16.822,896
16823,16.823,896
16824,16.824,880
16825,16.825,882
16826,16.826,893
16827,16.827,903
16828,16.828,944
16829,16.829,895
16830,16.83,875
16831,16.831,846
16832,16.832,897
16833,16.833,834
16834,16.834,797
16835,16.835,858
16836,16.836,919
16837,16.837,1023
16838,16.838,939
16839,16.839,944
16840,16.84,835
16841,16.841,845
16842,16.842,780
16843,16.843,777
16844,16.844,839
16845,16.845,905
16846,16.846,992
16847,16.847,912
16848,16.848,908
16849,16.849,863
16850,16.85,869
16851,16.851,848
16852,16.852,873
16853,16.853,898
16854,16.854,928
16855,16.855,971
16856,16.856,978
16857,16.857,914
16858,16.858,896
16859,16.859,827
16860,16.86,926
16861,16.861,746
16862,16.862,750
16863,16.863,836
16864,16.864,816
16865,16.865,852
16866,16.866,950
16867,16.867,886
16868,16.868,893
16869,16.869,918
16870,16.87,829
16871,16.871,896
16872,16.872,907
16873,16.873,891
16874,16.874,891
16875,16.875,886
16876,16.876,1022
16877,16.877,958
16878,16.878,885
16879,16.879,853
16880,16.88,860
16881,16.881,855
16882,16.882,899
16883,16.883,891
16884,16.884,875
16885,16.885,805
16886,16.886,843
16887,16.887,921
16888,16.888,853
16889,16.889,855
16890,16.89,878
16891,16.891,870
16892,16.892,818
16893,16.893,784
16894,16.894,816
16895,16.895,890
16896,16.896,964
16897,16.897,903
16898,16.898,920
16899,16.899,819
16900,16.9,777
16901,16.901,848
16902,16.902,912
16903,16.903,882
16904,16.904,864
16905,16.905,893
16906,16.906,944
16907,16.907,928
16908,16.908,965
16909,16.909,944
16910,16.91,837
16911,16.911,782
16912,16.912,819
16913,16.913,906
16914,16.914,880
16915,16.915,886
16916,16.916,855
16917,16.917,802
16918,16.918,863
16919,16.919,878
16920,16.92,919
16921,16.921,953
16922,16.922,849
16923,16.923,862
16924,16.924,791
16925,16.925,893
16926,16.926,908
16927,16.927,855
16928,16.928,932
16929,16.929,853
16930,16.93,918
16931,16.931,869
16932,16.932,881
16933,16.933,816
16934,16.934,951
16935,16.935,893
16936,16.936,809
16937,16.937,848
16938,16.938,748
16939,16.939,886
16940,16.94,976
16941,16.941,1019
16942,16.942,1003
16943,16.943,880
16944,16.944,787
16945,16.945,769
16946,16.946,799
16947,16.947,853
16948,16.948,915
16949,16.949,853
16950,16.95,882
16951,16.951,844
16952,16.952,849
16953,16.953,910
16954,16.954,944
16955,16.955,942
16956,16.956,890
16957,16.957,919
16958,16.958,901
16959,16.959,899
16960,16.96,834
16961,16.961,810
16962,16.962,878
16963,16.963,953
16964,16.964,943
16965,16.965,787
16966,16.966,815
16967,16.967,833
16968,16.968,887
16969,16.969,797
16970,16.97,819
16971,16.971,815
16972,16.972,957
16973,16.973,1003
16974,16.974,966
16975,16.975,893
16976,16.976,869
16977,16.977,879
16978,16.978,887
16979,16.979,890
16980,16.98,874
16981,16.981,873
16982,16.982,811
16983,16.983,848
16984,16.984,819
16985,16.985,901
16986,16.986,891
16987,16.987,855
16988,16.988,880
16989,16.989,854
16990,16.99,867
16991,16.991,891
16992,16.992,877
16993,16.993,912
16994,16.994,868
16995,16.995,841
16996,16.996,870
16997,16.997,967
16998,16.998,992
16999,16.999,912
17000,17.0,720
17001,17.001,753
17002,17.002,768
17003,17.003,819
17004,17.004,848
17005,17.005,861
17006,17.006,911
17007,17.007,910
17008,17.008,881
17009,17.009,861
17010,17.01,885
17011,17.011,879
17012,17.012,906
17013,17.013,902
17014,17.014,931
17015,17.015,1023
17016,17.016,897
17017,17.017,871
17018,17.018,882
17019,17.019,891
17020,17.02,885
17021,17.021,823
17022,17.022,836
17023,17.023,860
17024,17.024,875
17025,17.025,853
17026,17.026,896
17027,17.027,917
17028,17.028,993
17029,17.029,1055
17030,17.03,929
17031,17.031,778
17032,17.032,816
17033,17.033,846
17034,17.034,805
17035,17.035,901
17036,17.036,891
17037,17.037,850
17038,17.038,847
17039,17.039,861
17040,17.04,880
17041,17.041,897
17042,17.042,803
17043,17.043,883
17044,17.044,873
17045,17.045,850
17046,17.046,784
17047,17.047,938
17048,17.048,942
17049,17.049,803
17050,17.05,855
17051,17.051,899
17052,17.052,941
17053,17.053,1008
17054,17.054,883
17055,17.055,918
17056,17.056,896
17057,17.057,901
17058,17.058,960
17059,17.059,816
17060,17.06,730
17061,17.061,869
17062,17.062,976
17063,17.063,953
17064,17.064,845
17065,17.065,800
17066,17.066,759
17067,17.067,758
17068,17.068,807
17069,17.069,835
17070,17.07,928
17071,17.071,912
17072,17.072,889
17073,17.073,930
17074,17.074,929
17075,17.075,883
17076,17.076,832
17077,17.077,866
17078,17.078,848
17079,17.079,818
17080,17.08,950
17081,17.081,838
17082,17.082,950
17083,17.083,944
17084,17.084,971
17085,17.085,927
17086,17.086,912
17087,17.087,897
17088,17.088,874
17089,17.089,898
17090,17.09,880
17091,17.091,869
17092,17.092,848
17093,17.093,865
17094,17.094,814
17095,17.095,799
17096,17.096,848
17097,17.097,851
17098,17.098,802
17099,17.099,805
17100,17.1,909
17101,17.101,917
17102,17.102,910
17103,17.103,907
17104,17.104,885
17105,17.105,866
17106,17.106,864
17107,17.107,873
17108,17.108,875
17109,17.109,867
17110,17.11,852
17111,17.111,873
17112,17.112,926
17113,17.113,934
17114,17.114,912
17115,17.115,927
17116,17.116,923
17117,17.117,905
17118,17.118,865
17119,17.119,849
17120,17.12,851
17121,17.121,865
17122,17.122,853
17123,17.123,854
17124,17.124,835
17125,17.125,893
17126,17.126,938
17127,17.127,878
17128,17.128,859
17129,17.129,891
17130,17.13,960
17131,17.131,1007
17132,17.132,1035
17133,17.133,1040
17134,17.134,887
17135,17.135,701
17136,17.136,615
17137,17.137,690
17138,17.138,783
17139,17.139,827
17140,17.14,882
17141,17.141,912
17142,17.142,902
17143,17.143,796
17144,17.144,800
17145,17.145,896
17146,17.146,1038
17147,17.147,1106
17148,17.148,944
17149,17.149,838
17150,17.15,789
17151,17.151,801
17152,17.152,826
17153,17.153,874
17154,17.154,864
17155,17.155,828
17156,17.156,848
17157,17.157,879
17158,17.158,944
17159,17.159,956
17160,17.16,912
17161,17.161,922
17162,17.162,992
17163,17.163,951
17164,17.164,902
17165,17.165,858
17166,17.166,857
17167,17.167,914
17168,17.168,870
17169,17.169,876
17170,17.17,912
17171,17.171,933
17172,17.172,942
17173,17.173,855
17174,17.174,779
17175,17.175,803
17176,17.176,883
17177,17.177,885
17178,17.178,816
17179,17.179,790
17180,17.18,822
17181,17.181,893
17182,17.182,909
17183,17.183,838
17184,17.184,781
17185,17.185,784
17186,17.186,806
17187,17.187,912
17188,17.188,923
17189,17.189,816
17190,17.19,788
17191,17.191,787
17192,17.192,912
17193,17.193,1012
17194,17.194,1001
17195,17.195,913
17196,17.196,876
17197,17.197,910
17198,17.198,921
17199,17.199,887
17200,17.2,847
17201,17.201,851
17202,17.202,858
17203,17.203,963
17204,17.204,1067
17205,17.205,1021
17206,17.206,933
17207,17.207,771
17208,17.208,657
17209,17.209,723
17210,17.21,812
17211,17.211,886
17212,17.212,925
17213,17.213,858
17214,17.214,737
17215,17.215,794
17216,17.216,880
17217,17.217,943
17218,17.218,969
17219,17.219,978
17220,17.22,960
17221,17.221,896
17222,17.222,837
17223,17.223,859
17224,17.224,868
17225,17.225,881
17226,17.226,879
17227,17.227,850
17228,17.228,873
17229,17.229,843
17230,17.23,801
17231,17.231,873
17232,17.232,871
17233,17.233,911
17234,17.234,903
17235,17.235,900
17236,17.236,822
17237,17.237,820
17238,17.238,899
17239,17.239,918
17240,17.24,922
17241,17.241,931
17242,17.242,861
17243,17.243,753
17244,17.244,799
17245,17.245,894
17246,17.246,944
17247,17.247,926
17248,17.248,832
17249,17.249,832
17250,17.25,890
17251,17.251,914
17252,17.252,960
17253,17.253,950
17254,17.254,919
17255,17.255,826
17256,17.256,832
17257,17.257,835
17258,17.258,859
17259,17.259,848
17260,17.26,912
17261,17.261,946
17262,17.262,906
17263,17.263,935
17264,17.264,841
17265,17.265,769
17266,17.266,842
17267,17.267,912
17268,17.268,983
17269,17.269,983
17270,17.27,850
17271,17.271,732
17272,17.272,766
17273,17.273,803
17274,17.274,767
17275,17.275,809
17276,17.276,882
17277,17.277,912
17278,17.278,944
17279,17.279,1023
17280,17.28,998
17281,17.281,880
17282,17.282,832
17283,17.283,944
17284,17.284,1008
17285,17.285,983
17286,17.286,895
17287,17.287,784
17288,17.288,703
17289,17.289,700
17290,17.29,755
17291,17.291,766
17292,17.292,837
17293,17.293,927
17294,17.294,985
17295,17.295,1008
17296,17.296,1009
17297,17.297,999
17298,17.298,966
17299,17.299,903
17300,17.3,810
17301,17.301,799
17302,17.302,813
17303,17.303,906
17304,17.304,971
17305,17.305,912
17306,17.306,827
17307,17.307,819
17308,17.308,816
17309,17.309,791
17310,17.31,870
17311,17.311,950
17312,17.312,901
17313,17.313,860
17314,17.314,813
17315,17.315,785
17316,17.316,830
17317,17.317,927
17318,17.318,939
17319,17.319,945
17320,17.32,983
17321,17.321,857
17322,17.322,787
17323,17.323,805
17324,17.324,822
17325,17.325,886
17326,17.326,916
17327,17.327,926
17328,17.328,912
17329,17.329,847
17330,17.33,845
17331,17.331,876
17332,17.332,864
17333,17.333,825
17334,17.334,827
17335,17.335,889
17336,17.336,918
17337,17.337,944
17338,17.338,935
17339,17.339,988
17340,17.34,1002
17341,17.341,912
17342,17.342,832
17343,17.343,834
17344,17.344,826
17345,17.345,782
17346,17.346,765
17347,17.347,802
17348,17.348,836
17349,17.349,848
17350,17.35,881
17351,17.351,911
17352,17.352,897
17353,17.353,912
17354,17.354,900
17355,17.355,859
17356,17.356,779
17357,17.357,754
17358,17.358,784
17359,17.359,880
17360,17.36,976
17361,17.361,1013
17362,17.362,978
17363,17.363,954
17364,17.364,939
17365,17.365,934
17366,17.366,897
17367,17.367,893
17368,17.368,865
17369,17.369,832
17370,17.37,836
17371,17.371,869
17372,17.372,925
17373,17.373,983
17374,17.374,911
17375,17.375,865
17376,17.376,783
17377,17.377,813
17378,17.378,833
17379,17.379,845
17380,17.38,874
17381,17.381,822
17382,17.382,827
17383,17.383,899
17384,17.384,896
17385,17.385,912
17386,17.386,905
17387,17.387,876
17388,17.388,818
17389,17.389,839
17390,17.39,884
17391,17.391,912
17392,17.392,905
17393,17.393,843
17394,17.394,857
17395,17.395,891
17396,17.396,900
17397,17.397,883
17398,17.398,894
17399,17.399,893
17400,17.4,871
17401,17.401,884
17402,17.402,873
17403,17.403,848
17404,17.404,859
17405,17.405,832
17406,17.406,851
17407,17.407,827
17408,17.408,873
17409,17.409,977
17410,17.41,998
17411,17.411,905
17412,17.412,752
17413,17.413,699
17414,17.414,788
17415,17.415,951
17416,17.416,1052
17417,17.417,990
17418,17.418,869
17419,17.419,842
17420,17.42,829
17421,17.421,832
17422,17.422,863
17423,17.423,906
17424,17.424,933
17425,17.425,903
17426,17.426,880
17427,17.427,908
17428,17.428,926
17429,17.429,935
17430,17.43,943
17431,17.431,931
17432,17.432,883
17433,17.433,783
17434,17.434,762
17435,17.435,795
17436,17.436,814
17437,17.437,852
17438,17.438,874
17439,17.439,880
17440,17.44,883
17441,17.441,892
17442,17.442,865
17443,17.443,857
17444,17.444,864
17445,17.445,864
17446,17.446,867
17447,17.447,884
17448,17.448,913
17449,17.449,944
17450,17.45,946
17451,17.451,891
17452,17.452,831
17453,17.453,848
17454,17.454,845
17455,17.455,851
17456,17.456,879
17457,17.457,881
17458,17.458,896
17459,17.459,901
17460,17.46,880
17461,17.461,858
17462,17.462,870
17463,17.463,869
17464,17.464,858
17465,17.465,862
17466,17.466,867
17467,17.467,869
17468,17.468,878
17469,17.469,895
17470,17.47,895
17471,17.471,890
17472,17.472,893
17473,17.473,883
17474,17.474,870
17475,17.475,871
17476,17.476,880
17477,17.477,867
17478,17.478,870
17479,17.479,871
17480,17.48,873
17481,17.481,878
17482,17.482,873
17483,17.483,869
17484,17.484,871
17485,17.485,875
17486,17.486,864
17487,17.487,869
17488,17.488,880
17489,17.489,925
17490,17.49,890
17491,17.491,889
17492,17.492,851
17493,17.493,864
17494,17.494,859
17495,17.495,873
17496,17.496,883
17497,17.497,882
17498,17.498,880
17499,17.499,885
17500,17.5,882
17501,17.501,874
17502,17.502,866
17503,17.503,882
17504,17.504,863
17505,17.505,864
17506,17.506,862
17507,17.507,869
17508,17.508,865
17509,17.509,878
17510,17.51,871
17511,17.511,877
17512,17.512,879
17513,17.513,880
17514,17.514,876
17515,17.515,869
17516,17.516,879
17517,17.517,877
17518,17.518,878
17519,17.519,880
17520,17.52,883
17521,17.521,882
17522,17.522,874
17523,17.523,868
17524,17.524,866
17525,17.525,867
17526,17.526,865
17527,17.527,875
17528,17.528,869
17529,17.529,875
17530,17.53,880
17531,17.531,880
17532,17.532,898
17533,17.533,965
17534,17.534,959
17535,17.535,903
17536,17.536,790
17537,17.537,803
17538,17.538,837
17539,17.539,843
17540,17.54,862
17541,17.541,880
17542,17.542,875
17543,17.543,865
17544,17.544,862
17545,17.545,866
17546,17.546,871
17547,17.547,879
17548,17.548,880
17549,17.549,880
17550,17.55,880
17551,17.551,877
17552,17.552,880
17553,17.553,883
17554,17.554,886
17555,17.555,880
17556,17.556,889
17557,17.557,877
17558,17.558,880
17559,17.559,897
17560,17.56,903
17561,17.561,883
17562,17.562,862
17563,17.563,843
17564,17.564,850
17565,17.565,869
17566,17.566,858
17567,17.567,860
17568,17.568,882
17569,17.569,900
17570,17.57,905
17571,17.571,911
17572,17.572,883
17573,17.573,893
17574,17.574,893
17575,17.575,887
17576,17.576,898
17577,17.577,871
17578,17.578,802
17579,17.579,850
17580,17.58,868
17581,17.581,855
17582,17.582,855
17583,17.583,861
17584,17.584,880
17585,17.585,881
17586,17.586,875
17587,17.587,863
17588,17.588,895
17589,17.589,875
17590,17.59,877
17591,17.591,879
17592,17.592,885
17593,17.593,885
17594,17.594,885
17595,17.595,890
17596,17.596,897
17597,17.597,887
17598,17.598,867
17599,17.599,873
17600,17.6,880
17601,17.601,887
17602,17.602,890
17603,17.603,899
17604,17.604,898
17605,17.605,863
17606,17.606,846
17607,17.607,850
17608,17.608,862
17609,17.609,861
17610,17.61,853
17611,17.611,877
17612,17.612,874
17613,17.613,867
17614,17.614,874
17615,17.615,877
17616,17.616,893
17617,17.617,895
17618,17.618,880
17619,17.619,880
17620,17.62,892
17621,17.621,875
17622,17.622,880
17623,17.623,880
17624,17.624,868
17625,17.625,880
17626,17.626,866
17627,17.627,863
17628,17.628,878
17629,17.629,871
17630,17.63,879
17631,17.631,871
17632,17.632,879
17633,17.633,874
17634,17.634,864
17635,17.635,857
17636,17.636,880
17637,17.637,877
17638,17.638,885
17639,17.639,890
17640,17.64,894
17641,17.641,887
17642,17.642,882
17643,17.643,871
17644,17.644,867
17645,17.645,863
17646,17.646,869
17647,17.647,865
17648,17.648,874
17649,17.649,869
17650,17.65,873
17651,17.651,880
17652,17.652,875
17653,17.653,882
17654,17.654,880
17655,17.655,878
17656,17.656,875
17657,17.657,880
17658,17.658,880
17659,17.659,874
17660,17.66,889
17661,17.661,894
17662,17.662,883
17663,17.663,867
17664,17.664,855
17665,17.665,829
17666,17.666,841
17667,17.667,857
17668,17.668,866
17669,17.669,874
17670,17.67,880
17671,17.671,880
17672,17.672,901
17673,17.673,895
17674,17.674,880
17675,17.675,878
17676,17.676,874
17677,17.677,880
17678,17.678,886
17679,17.679,870
17680,17.68,875
17681,17.681,875
17682,17.682,875
17683,17.683,866
17684,17.684,875
17685,17.685,873
17686,17.686,866
17687,17.687,863
17688,17.688,865
17689,17.689,868
17690,17.69,875
17691,17.691,881
17692,17.692,892
17693,17.693,898
17694,17.694,896
17695,17.695,884
17696,17.696,880
17697,17.697,893
17698,17.698,896
17699,17.699,890
17700,17.7,890
17701,17.701,875
17702,17.702,847
17703,17.703,835
17704,17.704,850
17705,17.705,847
17706,17.706,842
17707,17.707,859
17708,17.708,893
17709,17.709,886
17710,17.71,870
17711,17.711,853
17712,17.712,869
17713,17.713,880
17714,17.714,880
17715,17.715,880
17716,17.716,879
17717,17.717,887
17718,17.718,880
17719,17.719,881
17720,17.72,875
17721,17.721,883
17722,17.722,875
17723,17.723,878
17724,17.724,875
17725,17.725,878
17726,17.726,867
17727,17.727,867
17728,17.728,873
17729,17.729,873
17730,17.73,868
17731,17.731,877
17732,17.732,883
17733,17.733,890
17734,17.734,880
17735,17.735,875
17736,17.736,886
17737,17.737,885
17738,17.738,875
17739,17.739,882
17740,17.74,877
17741,17.741,872
17742,17.742,873
17743,17.743,875
17744,17.744,852
17745,17.745,865
17746,17.746,863
17747,17.747,870
17748,17.748,876
17749,17.749,867
17750,17.75,878
17751,17.751,873
17752,17.752,871
17753,17.753,882
17754,17.754,880
17755,17.755,876
17756,17.756,875
17757,17.757,882
17758,17.758,880
17759,17.759,878
17760,17.76,874
17761,17.761,880
17762,17.762,877
17763,17.763,877
17764,17.764,877
17765,17.765,876
17766,17.766,875
17767,17.767,862
17768,17.768,871
17769,17.769,875
17770,17.77,865
17771,17.771,881
17772,17.772,884
17773,17.773,896
17774,17.774,880
17775,17.775,867
17776,17.776,855
17777,17.777,873
17778,17.778,880
17779,17.779,875
17780,17.78,882
17781,17.781,880
17782,17.782,881
17783,17.783,869
17784,17.784,875
17785,17.785,869
17786,17.786,865
17787,17.787,875
17788,17.788,873
17789,17.789,871
17790,17.79,879
17791,17.791,880
17792,17.792,877
17793,17.793,880
17794,17.794,881
17795,17.795,886
17796,17.796,863
17797,17.797,873
17798,17.798,881
17799,17.799,865
17800,17.8,863
17801,17.801,883
17802,17.802,880
17803,17.803,874
17804,17.804,866
17805,17.805,870
17806,17.806,871
17807,17.807,866
17808,17.808,877
17809,17.809,880
17810,17.81,880
17811,17.811,880
17812,17.812,875
17813,17.813,878
17814,17.814,882
17815,17.815,875
17816,17.816,875
17817,17.817,897
17818,17.818,896
17819,17.819,921
17820,17.82,877
17821,17.821,858
17822,17.822,851
17823,17.823,855
17824,17.824,864
17825,17.825,868
17826,17.826,865
17827,17.827,864
17828,17.828,869
17829,17.829,871
17830,17.83,886
17831,17.831,880
17832,17.832,850
17833,17.833,897
17834,17.834,893
17835,17.835,881
17836,17.836,878
17837,17.837,886
17838,17.838,882
17839,17.839,880
17840,17.84,886
17841,17.841,879
17842,17.842,880
17843,17.843,875
17844,17.844,869
17845,17.845,884
17846,17.846,864
17847,17.847,869
17848,17.848,851
17849,17.849,889
17850,17.85,880
17851,17.851,884
17852,17.852,880
17853,17.853,875
17854,17.854,880
17855,17.855,882
17856,17.856,883
17857,17.857,883
17858,17.858,886
17859,17.859,885
17860,17.86,880
17861,17.861,879
17862,17.862,875
17863,17.863,862
17864,17.864,862
17865,17.865,867
17866,17.866,861
17867,17.867,861
17868,17.868,873
17869,17.869,878
17870,17.87,880
17871,17.871,873
17872,17.872,878
17873,17.873,885
17874,17.874,887
17875,17.875,893
17876,17.876,884
17877,17.877,883
17878,17.878,880
17879,17.879,877
17880,17.88,875
17881,17.881,895
17882,17.882,880
17883,17.883,870
17884,17.884,853
17885,17.885,856
17886,17.886,866
17887,17.887,863
17888,17.888,874
17889,17.889,880
17890,17.89,881
17891,17.891,875
17892,17.892,880
17893,17.893,877
17894,17.894,883
17895,17.895,878
17896,17.896,880
17897,17.897,887
17898,17.898,890
17899,17.899,886
17900,17.9,873
17901,17.901,879
17902,17.902,881
17903,17.903,875
17904,17.904,875
17905,17.905,877
17906,17.906,880
17907,17.907,874
17908,17.908,863
17909,17.909,878
17910,17.91,890
17911,17.911,857
17912,17.912,880
17913,17.913,893
17914,17.914,893
17915,17.915,895
17916,17.916,903
17917,17.917,887
17918,17.918,830
17919,17.919,835
17920,17.92,854
17921,17.921,861
17922,17.922,863
17923,17.923,864
17924,17.924,877
17925,17.925,878
17926,17.926,880
17927,17.927,863
17928,17.928,878
17929,17.929,871
17930,17.93,878
17931,17.931,880
17932,17.932,879
17933,17.933,880
17934,17.934,890
17935,17.935,880
17936,17.936,890
17937,17.937,886
17938,17.938,882
17939,17.939,880
17940,17.94,880
17941,17.941,877
17942,17.942,869
17943,17.943,875
17944,17.944,875
17945,17.945,861
17946,17.946,868
17947,17.947,869
17948,17.948,876
17949,17.949,874
17950,17.95,878
17951,17.951,873
17952,17.952,870
17953,17.953,885
17954,17.954,881
17955,17.955,888
17956,17.956,884
17957,17.957,885
17958,17.958,879
17959,17.959,880
17960,17.96,885
17961,17.961,873
17962,17.962,874
17963,17.963,877
17964,17.964,870
17965,17.965,869
17966,17.966,874
17967,17.967,861
17968,17.968,869
17969,17.969,867
17970,17.97,867
17971,17.971,868
17972,17.972,872
17973,17.973,879
17974,17.974,883
17975,17.975,883
17976,17.976,880
17977,17.977,881
17978,17.978,882
17979,17.979,881
17980,17.98,878
17981,17.981,877
17982,17.982,879
17983,17.983,876
17984,17.984,871
17985,17.985,880
17986,17.986,861
17987,17.987,862
17988,17.988,864
17989,17.989,860
17990,17.99,870
17991,17.991,870
17992,17.992,878
17993,17.993,890
17994,17.994,884
17995,17.995,879
17996,17.996,900
17997,17.997,887
17998,17.998,877
17999,17.999,884
18000,18.0,878
18001,18.001,875
18002,18.002,873
18003,18.003,873
18004,18.004,861
18005,18.005,861
18006,18.006,877
18007,18.007,873
18008,18.008,862
18009,18.009,871
18010,18.01,866
18011,18.011,880
18012,18.012,878
18013,18.013,880
18014,18.014,880
18015,18.015,880
18016,18.016,881
18017,18.017,887
18018,18.018,876
18019,18.019,880
18020,18.02,877
18021,18.021,881
18022,18.022,871
18023,18.023,869
18024,18.024,865
18025,18.025,885
18026,18.026,880
18027,18.027,874
18028,18.028,875
18029,18.029,876
18030,18.03,878
18031,18.031,881
18032,18.032,879
18033,18.033,868
18034,18.034,880
18035,18.035,881
18036,18.036,883
18037,18.037,887
18038,18.038,880
18039,18.039,880
18040,18.04,874
18041,18.041,878
18042,18.042,875
18043,18.043,869
18044,18.044,877
18045,18.045,873
18046,18.046,877
18047,18.047,877
18048,18.048,870
18049,18.049,870
18050,18.05,877
18051,18.051,871
18052,18.052,870
18053,18.053,870
18054,18.054,880
18055,18.055,880
18056,18.056,880
18057,18.057,890
18058,18.058,891
18059,18.059,890
18060,18.06,891
18061,18.061,881
18062,18.062,880
18063,18.063,878
18064,18.064,877
18065,18.065,871
18066,18.066,877
18067,18.067,864
18068,18.068,861
18069,18.069,869
18070,18.07,880
18071,18.071,880
18072,18.072,881
18073,18.073,881
18074,18.074,877
18075,18.075,880
18076,18.076,880
18077,18.077,884
18078,18.078,886
18079,18.079,879
18080,18.08,870
18081,18.081,867
18082,18.082,873
18083,18.083,868
18084,18.084,866
18085,18.085,879
18086,18.086,880
18087,18.087,857
18088,18.088,878
18089,18.089,869
18090,18.09,880
18091,18.091,879
18092,18.092,880
18093,18.093,880
18094,18.094,900
18095,18.095,881
18096,18.096,880
18097,18.097,883
18098,18.098,881
18099,18.099,865
18100,18.1,864
18101,18.101,882
18102,18.102,878
18103,18.103,874
18104,18.104,874
18105,18.105,867
18106,18.106,866
18107,18.107,874
18108,18.108,867
18109,18.109,878
18110,18.11,880
18111,18.111,876
18112,18.112,870
18113,18.113,880
18114,18.114,881
18115,18.115,880
18116,18.116,886
18117,18.117,888
18118,18.118,880
18119,18.119,881
18120,18.12,890
18121,18.121,880
18122,18.122,889
18123,18.123,874
18124,18.124,880
18125,18.125,883
18126,18.126,880
18127,18.127,881
18128,18.128,875
18129,18.129,871
18130,18.13,875
18131,18.131,868
18132,18.132,855
18133,18.133,847
18134,18.134,851
18135,18.135,866
18136,18.136,869
18137,18.137,887
18138,18.138,880
18139,18.139,887
18140,18.14,875
18141,18.141,879
18142,18.142,883
18143,18.143,873
18144,18.144,860
18145,18.145,869
18146,18.146,868
18147,18.147,873
18148,18.148,875
18149,18.149,879
18150,18.15,864
18151,18.151,884
18152,18.152,889
18153,18.153,877
18154,18.154,887
18155,18.155,880
18156,18.156,884
18157,18.157,903
18158,18.158,887
18159,18.159,897
18160,18.16,875
18161,18.161,857
18162,18.162,869
18163,18.163,865
18164,18.164,877
18165,18.165,875
18166,18.166,887
18167,18.167,869
18168,18.168,869
18169,18.169,873
18170,18.17,869
18171,18.171,874
18172,18.172,867
18173,18.173,880
18174,18.174,892
18175,18.175,896
18176,18.176,903
18177,18.177,895
18178,18.178,894
18179,18.179,895
18180,18.18,879
18181,18.181,861
18182,18.182,890
18183,18.183,903
18184,18.184,907
18185,18.185,883
18186,18.186,865
18187,18.187,848
18188,18.188,822
18189,18.189,815
18190,18.19,827
18191,18.191,846
18192,18.192,853
18193,18.193,861
18194,18.194,877
18195,18.195,880
18196,18.196,891
18197,18.197,883
18198,18.198,896
18199,18.199,878
18200,18.2,880
18201,18.201,883
18202,18.202,883
18203,18.203,880
18204,18.204,875
18205,18.205,874
18206,18.206,891
18207,18.207,889
18208,18.208,911
18209,18.209,922
18210,18.21,919
18211,18.211,881
18212,18.212,841
18213,18.213,822
18214,18.214,842
18215,18.215,850
18216,18.216,854
18217,18.217,879
18218,18.218,884
18219,18.219,858
18220,18.22,881
18221,18.221,875
18222,18.222,871
18223,18.223,880
18224,18.224,866
18225,18.225,876
18226,18.226,876
18227,18.227,868
18228,18.228,870
18229,18.229,869
18230,18.23,880
18231,18.231,882
18232,18.232,878
18233,18.233,874
18234,18.234,880
18235,18.235,880
18236,18.236,889
18237,18.237,895
18238,18.238,894
18239,18.239,887
18240,18.24,886
18241,18.241,880
18242,18.242,881
18243,18.243,871
18244,18.244,874
18245,18.245,865
18246,18.246,874
18247,18.247,863
18248,18.248,865
18249,18.249,877
18250,18.25,863
18251,18.251,880
18252,18.252,874
18253,18.253,891
18254,18.254,882
18255,18.255,883
18256,18.256,887
18257,18.257,878
18258,18.258,887
18259,18.259,880
18260,18.26,886
18261,18.261,883
18262,18.262,880
18263,18.263,880
18264,18.264,870
18265,18.265,865
18266,18.266,861
18267,18.267,870
18268,18.268,883
18269,18.269,871
18270,18.27,876
18271,18.271,873
18272,18.272,880
18273,18.273,886
18274,18.274,887
18275,18.275,879
18276,18.276,863
18277,18.277,880
18278,18.278,883
18279,18.279,880
18280,18.28,879
18281,18.281,880
18282,18.282,879
18283,18.283,871
18284,18.284,869
18285,18.285,866
18286,18.286,870
18287,18.287,863
18288,18.288,866
18289,18.289,875
18290,18.29,883
18291,18.291,883
18292,18.292,871
18293,18.293,873
18294,18.294,883
18295,18.295,876
18296,18.296,873
18297,18.297,880
18298,18.298,880
18299,18.299,886
18300,18.3,881
18301,18.301,879
18302,18.302,880
18303,18.303,877
18304,18.304,878
18305,18.305,874
18306,18.306,865
18307,18.307,859
18308,18.308,860
18309,18.309,869
18310,18.31,865
18311,18.311,863
18312,18.312,884
18313,18.313,880
18314,18.314,898
18315,18.315,898
18316,18.316,884
18317,18.317,883
18318,18.318,880
18319,18.319,887
18320,18.32,881
18321,18.321,871
18322,18.322,879
18323,18.323,887
18324,18.324,867
18325,18.325,875
18326,18.326,870
18327,18.327,854
18328,18.328,861
18329,18.329,866
18330,18.33,880
18331,18.331,873
18332,18.332,877
18333,18.333,875
18334,18.334,881
18335,18.335,882
18336,18.336,883
18337,18.337,881
18338,18.338,879
18339,18.339,871
18340,18.34,882
18341,18.341,879
18342,18.342,870
18343,18.343,871
18344,18.344,869
18345,18.345,877
18346,18.346,868
18347,18.347,877
18348,18.348,874
18349,18.349,865
18350,18.35,877
18351,18.351,878
18352,18.352,879
18353,18.353,886
18354,18.354,883
18355,18.355,880
18356,18.356,877
18357,18.357,883
18358,18.358,881
18359,18.359,878
18360,18.36,891
18361,18.361,895
18362,18.362,880
18363,18.363,880
18364,18.364,877
18365,18.365,877
18366,18.366,897
18367,18.367,864
18368,18.368,870
18369,18.369,867
18370,18.37,886
18371,18.371,893
18372,18.372,887
18373,18.373,881
18374,18.374,875
18375,18.375,879
18376,18.376,873
18377,18.377,880
18378,18.378,880
18379,18.379,885
18380,18.38,880
18381,18.381,880
18382,18.382,875
18383,18.383,888
18384,18.384,874
18385,18.385,880
18386,18.386,877
18387,18.387,870
18388,18.388,862
18389,18.389,865
18390,18.39,880
18391,18.391,871
18392,18.392,867
18393,18.393,873
18394,18.394,880
18395,18.395,875
18396,18.396,880
18397,18.397,897
18398,18.398,895
18399,18.399,885
18400,18.4,880
18401,18.401,868
18402,18.402,875
18403,18.403,881
18404,18.404,878
18405,18.405,867
18406,18.406,875
18407,18.407,880
18408,18.408,874
18409,18.409,870
18410,18.41,866
18411,18.411,871
18412,18.412,877
18413,18.413,879
18414,18.414,880
18415,18.415,873
18416,18.416,880
18417,18.417,873
18418,18.418,897
18419,18.419,879
18420,18.42,880
18421,18.421,880
18422,18.422,881
18423,18.423,880
18424,18.424,874
18425,18.425,871
18426,18.426,871
18427,18.427,878
18428,18.428,863
18429,18.429,879
18430,18.43,877
18431,18.431,870
18432,18.432,880
18433,18.433,870
18434,18.434,890
18435,18.435,880
18436,18.436,886
18437,18.437,882
18438,18.438,880
18439,18.439,883
18440,18.44,889
18441,18.441,879
18442,18.442,893
18443,18.443,871
18444,18.444,874
18445,18.445,880
18446,18.446,875
18447,18.447,870
18448,18.448,863
18449,18.449,874
18450,18.45,879
18451,18.451,871
18452,18.452,877
18453,18.453,875
18454,18.454,875
18455,18.455,893
18456,18.456,890
18457,18.457,881
18458,18.458,884
18459,18.459,883
18460,18.46,878
18461,18.461,875
18462,18.462,880
18463,18.463,880
18464,18.464,877
18465,18.465,878
18466,18.466,878
18467,18.467,877
18468,18.468,859
18469,18.469,859
18470,18.47,870
18471,18.471,876
18472,18.472,880
18473,18.473,880
18474,18.474,879
18475,18.475,878
18476,18.476,880
18477,18.477,897
18478,18.478,886
18479,18.479,878
18480,18.48,907
18481,18.481,887
18482,18.482,880
18483,18.483,866
18484,18.484,878
18485,18.485,883
18486,18.486,880
18487,18.487,863
18488,18.488,869
18489,18.489,863
18490,18.49,871
18491,18.491,869
18492,18.492,875
18493,18.493,879
18494,18.494,885
18495,18.495,887
18496,18.496,883
18497,18.497,880
18498,18.498,883
18499,18.499,867
18500,18.5,871
18501,18.501,871
18502,18.502,891
18503,18.503,882
18504,18.504,879
18505,18.505,873
18506,18.506,855
18507,18.507,867
18508,18.508,869
18509,18.509,872
18510,18.51,867
18511,18.511,878
18512,18.512,871
18513,18.513,880
18514,18.514,880
18515,18.515,881
18516,18.516,893
18517,18.517,893
18518,18.518,853
18519,18.519,894
18520,18.52,903
18521,18.521,903
18522,18.522,885
18523,18.523,866
18524,18.524,871
18525,18.525,869
18526,18.526,872
18527,18.527,873
18528,18.528,870
18529,18.529,869
18530,18.53,874
18531,18.531,871
18532,18.532,879
18533,18.533,881
18534,18.534,880
18535,18.535,881
18536,18.536,880
18537,18.537,886
18538,18.538,885
18539,18.539,878
18540,18.54,863
18541,18.541,881
18542,18.542,877
18543,18.543,880
18544,18.544,871
18545,18.545,869
18546,18.546,866
18547,18.547,864
18548,18.548,866
18549,18.549,865
18550,18.55,869
18551,18.551,869
18552,18.552,871
18553,18.553,882
18554,18.554,886
18555,18.555,879
18556,18.556,877
18557,18.557,881
18558,18.558,884
18559,18.559,882
18560,18.56,880
18561,18.561,879
18562,18.562,875
18563,18.563,879
18564,18.564,875
18565,18.565,875
18566,18.566,879
18567,18.567,868
18568,18.568,863
18569,18.569,867
18570,18.57,878
18571,18.571,873
18572,18.572,880
18573,18.573,883
18574,18.574,888
18575,18.575,879
18576,18.576,878
18577,18.577,883
18578,18.578,885
18579,18.579,882
18580,18.58,874
18581,18.581,879
18582,18.582,871
18583,18.583,875
18584,18.584,874
18585,18.585,869
18586,18.586,879
18587,18.587,871
18588,18.588,859
18589,18.589,879
18590,18.59,878
18591,18.591,880
18592,18.592,879
18593,18.593,879
18594,18.594,869
18595,18.595,880
18596,18.596,881
18597,18.597,880
18598,18.598,890
18599,18.599,881
18600,18.6,878
18601,18.601,878
18602,18.602,880
18603,18.603,882
18604,18.604,870
18605,18.605,870
18606,18.606,862
18607,18.607,877
18608,18.608,869
18609,18.609,866
18610,18.61,871
18611,18.611,887
18612,18.612,870
18613,18.613,875
18614,18.614,880
18615,18.615,880
18616,18.616,881
18617,18.617,880
18618,18.618,885
18619,18.619,880
18620,18.62,880
18621,18.621,875
18622,18.622,874
18623,18.623,878
18624,18.624,875
18625,18.625,864
18626,18.626,859
18627,18.627,879
18628,18.628,873
18629,18.629,875
18630,18.63,877
18631,18.631,870
18632,18.632,870
18633,18.633,874
18634,18.634,880
18635,18.635,883
18636,18.636,871
18637,18.637,877
18638,18.638,885
18639,18.639,884
18640,18.64,881
18641,18.641,881
18642,18.642,891
18643,18.643,883
18644,18.644,870
18645,18.645,865
18646,18.646,846
18647,18.647,862
18648,18.648,865
18649,18.649,865
18650,18.65,869
18651,18.651,867
18652,18.652,867
18653,18.653,869
18654,18.654,880
18655,18.655,887
18656,18.656,880
18657,18.657,886
18658,18.658,880
18659,18.659,882
18660,18.66,880
18661,18.661,883
18662,18.662,879
18663,18.663,871
18664,18.664,870
18665,18.665,869
18666,18.666,873
18667,18.667,874
18668,18.668,866
18669,18.669,866
18670,18.67,868
18671,18.671,870
18672,18.672,869
18673,18.673,875
18674,18.674,871
18675,18.675,885
18676,18.676,877
18677,18.677,880
18678,18.678,881
18679,18.679,886
18680,18.68,886
18681,18.681,879
18682,18.682,877
18683,18.683,880
18684,18.684,872
18685,18.685,877
18686,18.686,875
18687,18.687,871
18688,18.688,868
18689,18.689,873
18690,18.69,865
18691,18.691,867
18692,18.692,881
18693,18.693,868
18694,18.694,873
18695,18.695,883
18696,18.696,871
18697,18.697,875
18698,18.698,879
18699,18.699,883
18700,18.7,874
18701,18.701,868
18702,18.702,878
18703,18.703,880
18704,18.704,864
18705,18.705,865
18706,18.706,880
18707,18.707,880
18708,18.708,869
18709,18.709,877
18710,18.71,854
18711,18.711,879
18712,18.712,874
18713,18.713,878
18714,18.714,880
18715,18.715,890
18716,18.716,878
18717,18.717,889
18718,18.718,880
18719,18.719,881
18720,18.72,875
18721,18.721,879
18722,18.722,881
18723,18.723,880
18724,18.724,880
18725,18.725,867
18726,18.726,865
18727,18.727,871
18728,18.728,870
18729,18.729,869
18730,18.73,874
18731,18.731,874
18732,18.732,886
18733,18.733,881
18734,18.734,882
18735,18.735,886
18736,18.736,879
18737,18.737,885
18738,18.738,883
18739,18.739,887
18740,18.74,880
18741,18.741,878
18742,18.742,881
18743,18.743,897
18744,18.744,877
18745,18.745,869
18746,18.746,870
18747,18.747,881
18748,18.748,864
18749,18.749,873
18750,18.75,867
18751,18.751,867
18752,18.752,869
18753,18.753,873
18754,18.754,874
18755,18.755,894
18756,18.756,893
18757,18.757,883
18758,18.758,879
18759,18.759,893
18760,18.76,887
18761,18.761,880
18762,18.762,880
18763,18.763,877
18764,18.764,875
18765,18.765,869
18766,18.766,871
18767,18.767,851
18768,18.768,867
18769,18.769,861
18770,18.77,862
18771,18.771,880
18772,18.772,880
18773,18.773,869
18774,18.774,875
18775,18.775,875
18776,18.776,885
18777,18.777,880
18778,18.778,889
18779,18.779,885
18780,18.78,880
18781,18.781,880
18782,18.782,874
18783,18.783,880
18784,18.784,875
18785,18.785,878
18786,18.786,877
18787,18.787,874
18788,18.788,877
18789,18.789,867
18790,18.79,864
18791,18.791,870
18792,18.792,867
18793,18.793,870
18794,18.794,881
18795,18.795,881
18796,18.796,880
18797,18.797,870
18798,18.798,875
18799,18.799,887
18800,18.8,879
18801,18.801,880
18802,18.802,878
18803,18.803,876
18804,18.804,889
18805,18.805,871
18806,18.806,864
18807,18.807,875
18808,18.808,874
18809,18.809,880
18810,18.81,876
18811,18.811,855
18812,18.812,865
18813,18.813,871
18814,18.814,879
18815,18.815,886
18816,18.816,880
18817,18.817,869
18818,18.818,878
18819,18.819,876
18820,18.82,875
18821,18.821,872
18822,18.822,881
18823,18.823,880
18824,18.824,880
18825,18.825,880
18826,18.826,871
18827,18.827,878
18828,18.828,870
18829,18.829,871
18830,18.83,873
18831,18.831,873
18832,18.832,871
18833,18.833,880
18834,18.834,883
18835,18.835,878
18836,18.836,883
18837,18.837,879
18838,18.838,883
18839,18.839,887
18840,18.84,880
18841,18.841,880
18842,18.842,880
18843,18.843,870
18844,18.844,873
18845,18.845,869
18846,18.846,871
18847,18.847,878
18848,18.848,878
18849,18.849,854
18850,18.85,864
18851,18.851,863
18852,18.852,873
18853,18.853,880
18854,18.854,881
18855,18.855,881
18856,18.856,881
18857,18.857,886
18858,18.858,884
18859,18.859,880
18860,18.86,883
18861,18.861,886
18862,18.862,881
18863,18.863,884
18864,18.864,880
18865,18.865,871
18866,18.866,877
18867,18.867,873
18868,18.868,865
18869,18.869,870
18870,18.87,864
18871,18.871,880
18872,18.872,883
18873,18.873,871
18874,18.874,884
18875,18.875,879
18876,18.876,883
18877,18.877,880
18878,18.878,885
18879,18.879,886
18880,18.88,880
18881,18.881,880
18882,18.882,881
18883,18.883,871
18884,18.884,880
18885,18.885,875
18886,18.886,866
18887,18.887,875
18888,18.888,871
18889,18.889,877
18890,18.89,873
18891,18.891,880
18892,18.892,874
18893,18.893,876
18894,18.894,880
18895,18.895,877
18896,18.896,877
18897,18.897,884
18898,18.898,880
18899,18.899,880
18900,18.9,882
18901,18.901,877
18902,18.902,882
18903,18.903,882
18904,18.904,871
18905,18.905,875
18906,18.906,879
18907,18.907,864
18908,18.908,864
18909,18.909,875
18910,18.91,869
18911,18.911,880
18912,18.912,880
18913,18.913,871
18914,18.914,875
18915,18.915,881
18916,18.916,891
18917,18.917,883
18918,18.918,889
18919,18.919,883
18920,18.92,889
18921,18.921,877
18922,18.922,877
18923,18.923,874
18924,18.924,855
18925,18.925,863
18926,18.926,866
18927,18.927,869
18928,18.928,870
18929,18.929,865
18930,18.93,866
18931,18.931,879
18932,18.932,870
18933,18.933,876
18934,18.934,876
18935,18.935,882
18936,18.936,889
18937,18.937,889
18938,18.938,882
18939,18.939,881
18940,18.94,886
18941,18.941,878
18942,18.942,866
18943,18.943,881
18944,18.944,874
18945,18.945,877
18946,18.946,867
18947,18.947,874
18948,18.948,875
18949,18.949,869
18950,18.95,879
18951,18.951,871
18952,18.952,869
18953,18.953,880
18954,18.954,883
18955,18.955,881
18956,18.956,885
18957,18.957,875
18958,18.958,880
18959,18.959,879
18960,18.96,880
18961,18.961,882
18962,18.962,885
18963,18.963,877
18964,18.964,880
18965,18.965,875
18966,18.966,876
18967,18.967,880
18968,18.968,871
18969,18.969,877
18970,18.97,870
18971,18.971,877
18972,18.972,885
18973,18.973,871
18974,18.974,886
18975,18.975,883
18976,18.976,879
18977,18.977,880
18978,18.978,880
18979,18.979,880
18980,18.98,866
18981,18.981,877
18982,18.982,875
18983,18.983,878
18984,18.984,877
18985,18.985,873
18986,18.986,857
18987,18.987,871
18988,18.988,866
18989,18.989,869
18990,18.99,874
18991,18.991,877
18992,18.992,875
18993,18.993,877
18994,18.994,876
18995,18.995,874
18996,18.996,882
18997,18.997,885
18998,18.998,877
18999,18.999,875
19000,19.0,873
19001,19.001,875
19002,19.002,876
19003,19.003,879
19004,19.004,875
19005,19.005,865
19006,19.006,861
19007,19.007,870
19008,19.008,873
19009,19.009,873
19010,19.01,867
19011,19.011,873
19012,19.012,871
19013,19.013,874
19014,19.014,871
19015,19.015,880
19016,19.016,880
19017,19.017,877
19018,19.018,874
19019,19.019,881
19020,19.02,886
19021,19.021,903
19022,19.022,874
19023,19.023,880
19024,19.024,880
19025,19.025,873
19026,19.026,871
19027,19.027,879
19028,19.028,871
19029,19.029,867
19030,19.03,866
19031,19.031,874
19032,19.032,877
19033,19.033,855
19034,19.034,882
19035,19.035,877
19036,19.036,880
19037,19.037,880
19038,19.038,886
19039,19.039,879
19040,19.04,879
19041,19.041,883
19042,19.042,873
19043,19.043,880
19044,19.044,883
19045,19.045,870
19046,19.046,870
19047,19.047,867
19048,19.048,863
19049,19.049,870
19050,19.05,874
19051,19.051,871
19052,19.052,869
19053,19.053,865
19054,19.054,881
19055,19.055,880
19056,19.056,885
19057,19.057,880
19058,19.058,879
19059,19.059,887
19060,19.06,883
19061,19.061,880
19062,19.062,880
19063,19.063,880
19064,19.064,871
19065,19.065,862
19066,19.066,869
19067,19.067,871
19068,19.068,875
19069,19.069,869
19070,19.07,869
19071,19.071,874
19072,19.072,878
19073,19.073,877
19074,19.074,878
19075,19.075,880
19076,19.076,879
19077,19.077,880
19078,19.078,891
19079,19.079,883
19080,19.08,882
19081,19.081,880
19082,19.082,877
19083,19.083,875
19084,19.084,880
19085,19.085,881
19086,19.086,889
19087,19.087,879
19088,19.088,873
19089,19.089,873
19090,19.09,868
19091,19.091,880
19092,19.092,871
19093,19.093,878
19094,19.094,848
19095,19.095,877
19096,19.096,880
19097,19.097,882
19098,19.098,885
19099,19.099,882
19100,19.1,880
19101,19.101,880
19102,19.102,883
19103,19.103,867
19104,19.104,886
19105,19.105,880
19106,19.106,864
19107,19.107,874
19108,19.108,868
19109,19.109,867
19110,19.11,868
19111,19.111,865
19112,19.112,867
19113,19.113,879
19114,19.114,866
19115,19.115,874
19116,19.116,880
19117,19.117,882
19118,19.118,880
19119,19.119,881
19120,19.12,874
19121,19.121,876
19122,19.122,895
19123,19.123,894
19124,19.124,878
19125,19.125,871
19126,19.126,866
19127,19.127,871
19128,19.128,871
19129,19.129,865
19130,19.13,861
19131,19.131,871
19132,19.132,866
19133,19.133,869
19134,19.134,866
19135,19.135,882
19136,19.136,889
19137,19.137,877
19138,19.138,875
19139,19.139,895
19140,19.14,889
19141,19.141,880
19142,19.142,880
19143,19.143,871
19144,19.144,877
19145,19.145,880
19146,19.146,865
19147,19.147,871
19148,19.148,880
19149,19.149,863
19150,19.15,877
19151,19.151,870
19152,19.152,869
19153,19.153,873
19154,19.154,877
19155,19.155,879
19156,19.156,887
19157,19.157,874
19158,19.158,869
19159,19.159,885
19160,19.16,886
19161,19.161,882
19162,19.162,880
19163,19.163,870
19164,19.164,873
19165,19.165,881
19166,19.166,898
19167,19.167,875
19168,19.168,876
19169,19.169,873
19170,19.17,865
19171,19.171,872
19172,19.172,871
19173,19.173,879
19174,19.174,871
19175,19.175,865
19176,19.176,880
19177,19.177,878
19178,19.178,876
19179,19.179,884
19180,19.18,880
19181,19.181,883
19182,19.182,902
19183,19.183,880
19184,19.184,870
19185,19.185,880
19186,19.186,879
19187,19.187,880
19188,19.188,870
19189,19.189,852
19190,19.19,869
19191,19.191,871
19192,19.192,880
19193,19.193,878
19194,19.194,871
19195,19.195,879
19196,19.196,879
19197,19.197,879
19198,19.198,885
19199,19.199,873
19200,19.2,881
19201,19.201,884
19202,19.202,887
19203,19.203,883
19204,19.204,876
19205,19.205,877
19206,19.206,871
19207,19.207,877
19208,19.208,866
19209,19.209,865
19210,19.21,877
19211,19.211,880
19212,19.212,871
19213,19.213,867
19214,19.214,878
19215,19.215,875
19216,19.216,887
19217,19.217,878
19218,19.218,880
19219,19.219,881
19220,19.22,879
19221,19.221,882
19222,19.222,878
19223,19.223,880
19224,19.224,872
19225,19.225,877
19226,19.226,883
19227,19.227,880
19228,19.228,882
19229,19.229,869
19230,19.23,879
19231,19.231,868
19232,19.232,878
19233,19.233,873
19234,19.234,880
19235,19.235,877
19236,19.236,881
19237,19.237,887
19238,19.238,873
19239,19.239,884
19240,19.24,880
19241,19.241,880
19242,19.242,881
19243,19.243,879
19244,19.244,875
19245,19.245,878
19246,19.246,901
19247,19.247,874
19248,19.248,870
19249,19.249,870
19250,19.25,868
19251,19.251,878
19252,19.252,878
19253,19.253,900
19254,19.254,875
19255,19.255,879
19256,19.256,873
19257,19.257,870
19258,19.258,885
19259,19.259,887
19260,19.26,880
19261,19.261,890
19262,19.262,880
19263,19.263,881
19264,19.264,878
19265,19.265,874
19266,19.266,880
19267,19.267,875
19268,19.268,865
19269,19.269,869
19270,19.27,870
19271,19.271,869
19272,19.272,877
19273,19.273,876
19274,19.274,879
19275,19.275,877
19276,19.276,886
19277,19.277,880
19278,19.278,877
19279,19.279,879
19280,19.28,873
19281,19.281,876
19282,19.282,882
19283,19.283,880
19284,19.284,880
19285,19.285,877
19286,19.286,871
19287,19.287,867
19288,19.288,882
19289,19.289,867
19290,19.29,866
19291,19.291,870
19292,19.292,870
19293,19.293,881
19294,19.294,875
19295,19.295,876
19296,19.296,877
19297,19.297,879
19298,19.298,876
19299,19.299,879
19300,19.3,892
19301,19.301,877
19302,19.302,880
19303,19.303,881
19304,19.304,880
19305,19.305,879
19306,19.306,870
19307,19.307,879
19308,19.308,875
19309,19.309,865
19310,19.31,881
19311,19.311,880
19312,19.312,878
19313,19.313,879
19314,19.314,880
19315,19.315,880
19316,19.316,881
19317,19.317,880
19318,19.318,884
19319,19.319,880
19320,19.32,885
19321,19.321,882
19322,19.322,875
19323,19.323,873
19324,19.324,880
19325,19.325,875
19326,19.326,864
19327,19.327,866
19328,19.328,865
19329,19.329,868
19330,19.33,861
19331,19.331,875
19332,19.332,871
19333,19.333,869
19334,19.334,874
19335,19.335,878
19336,19.336,892
19337,19.337,882
19338,19.338,880
19339,19.339,883
19340,19.34,880
19341,19.341,880
19342,19.342,880
19343,19.343,878
19344,19.344,867
19345,19.345,874
19346,19.346,879
19347,19.347,867
19348,19.348,875
19349,19.349,874
19350,19.35,867
19351,19.351,871
19352,19.352,880
19353,19.353,861
19354,19.354,875
19355,19.355,881
19356,19.356,894
19357,19.357,880
19358,19.358,880
19359,19.359,876
19360,19.36,884
19361,19.361,880
19362,19.362,877
19363,19.363,870
19364,19.364,880
19365,19.365,880
19366,19.366,882
19367,19.367,879
19368,19.368,878
19369,19.369,871
19370,19.37,874
19371,19.371,874
19372,19.372,878
19373,19.373,866
19374,19.374,854
19375,19.375,850
19376,19.376,883
19377,19.377,880
19378,19.378,880
19379,19.379,882
19380,19.38,890
19381,19.381,872
19382,19.382,898
19383,19.383,878
19384,19.384,880
19385,19.385,871
19386,19.386,873
19387,19.387,875
19388,19.388,875
19389,19.389,863
19390,19.39,858
19391,19.391,861
19392,19.392,865
19393,19.393,880
19394,19.394,867
19395,19.395,874
19396,19.396,882
19397,19.397,871
19398,19.398,877
19399,19.399,881
19400,19.4,881
19401,19.401,881
19402,19.402,889
19403,19.403,874
19404,19.404,876
19405,19.405,881
19406,19.406,878
19407,19.407,873
19408,19.408,874
19409,19.409,867
19410,19.41,867
19411,19.411,869
19412,19.412,877
19413,19.413,880
19414,19.414,873
19415,19.415,882
19416,19.416,879
19417,19.417,870
19418,19.418,878
19419,19.419,885
19420,19.42,896
19421,19.421,887
19422,19.422,880
19423,19.423,880
19424,19.424,880
19425,19.425,869
19426,19.426,874
19427,19.427,870
19428,19.428,867
19429,19.429,871
19430,19.43,864
19431,19.431,879
19432,19.432,881
19433,19.433,891
19434,19.434,871
19435,19.435,880
19436,19.436,880
19437,19.437,881
19438,19.438,881
19439,19.439,890
19440,19.44,891
19441,19.441,882
19442,19.442,883
19443,19.443,877
19444,19.444,878
19445,19.445,875
19446,19.446,859
19447,19.447,873
19448,19.448,866
19449,19.449,875
19450,19.45,871
19451,19.451,871
19452,19.452,874
19453,19.453,878
19454,19.454,878
19455,19.455,875
19456,19.456,886
19457,19.457,880
19458,19.458,877
19459,19.459,880
19460,19.46,891
19461,19.461,880
19462,19.462,879
19463,19.463,880
19464,19.464,875
19465,19.465,873
19466,19.466,871
19467,19.467,867
19468,19.468,865
19469,19.469,872
19470,19.47,868
19471,19.471,874
19472,19.472,879
19473,19.473,881
19474,19.474,882
19475,19.475,875
19476,19.476,880
19477,19.477,879
19478,19.478,886
19479,19.479,877
19480,19.48,893
19481,19.481,881
19482,19.482,871
19483,19.483,882
19484,19.484,881
19485,19.485,880
19486,19.486,870
19487,19.487,877
19488,19.488,880
19489,19.489,870
19490,19.49,865
19491,19.491,865
19492,19.492,870
19493,19.493,871
19494,19.494,878
19495,19.495,875
19496,19.496,879
19497,19.497,886
19498,19.498,886
19499,19.499,880
19500,19.5,877
19501,19.501,890
19502,19.502,886
19503,19.503,880
19504,19.504,877
19505,19.505,876
19506,19.506,880
19507,19.507,860
19508,19.508,848
19509,19.509,868
19510,19.51,871
19511,19.511,871
19512,19.512,873
19513,19.513,864
19514,19.514,875
19515,19.515,885
19516,19.516,894
19517,19.517,881
19518,19.518,881
19519,19.519,880
19520,19.52,882
19521,19.521,879
19522,19.522,882
19523,19.523,880
19524,19.524,880
19525,19.525,874
19526,19.526,880
19527,19.527,878
19528,19.528,875
19529,19.529,863
19530,19.53,869
19531,19.531,871
19532,19.532,871
19533,19.533,862
19534,19.534,868
19535,19.535,880
19536,19.536,880
19537,19.537,898
19538,19.538,891
19539,19.539,878
19540,19.54,885
19541,19.541,880
19542,19.542,879
19543,19.543,880
19544,19.544,880
19545,19.545,878
19546,19.546,879
19547,19.547,872
19548,19.548,879
19549,19.549,870
19550,19.55,854
19551,19.551,874
19552,19.552,870
19553,19.553,861
19554,19.554,895
19555,19.555,877
19556,19.556,880
19557,19.557,878
19558,19.558,879
19559,19.559,880
19560,19.56,882
19561,19.561,886
19562,19.562,881
19563,19.563,866
19564,19.564,877
19565,19.565,874
19566,19.566,875
19567,19.567,869
19568,19.568,876
19569,19.569,880
19570,19.57,877
19571,19.571,877
19572,19.572,873
19573,19.573,867
19574,19.574,870
19575,19.575,879
19576,19.576,879
19577,19.577,880
19578,19.578,882
19579,19.579,881
19580,19.58,879
19581,19.581,880
19582,19.582,877
19583,19.583,880
19584,19.584,881
19585,19.585,874
19586,19.586,867
19587,19.587,870
19588,19.588,874
19589,19.589,869
19590,19.59,865
19591,19.591,861
19592,19.592,872
19593,19.593,874
19594,19.594,871
19595,19.595,879
19596,19.596,880
19597,19.597,881
19598,19.598,887
19599,19.599,880
19600,19.6,870
19601,19.601,881
19602,19.602,880
19603,19.603,881
19604,19.604,870
19605,19.605,874
19606,19.606,878
19607,19.607,875
19608,19.608,869
19609,19.609,871
19610,19.61,879
19611,19.611,873
19612,19.612,877
19613,19.613,866
19614,19.614,875
19615,19.615,874
19616,19.616,879
19617,19.617,880
19618,19.618,880
19619,19.619,877
19620,19.62,881
19621,19.621,884
19622,19.622,876
19623,19.623,879
19624,19.624,896
19625,19.625,871
19626,19.626,879
19627,19.627,859
19628,19.628,870
19629,19.629,874
19630,19.63,867
19631,19.631,871
19632,19.632,879
19633,19.633,880
19634,19.634,876
19635,19.635,871
19636,19.636,883
19637,19.637,876
19638,19.638,882
19639,19.639,880
19640,19.64,879
19641,19.641,881
19642,19.642,882
19643,19.643,893
19644,19.644,880
19645,19.645,875
19646,19.646,875
19647,19.647,874
19648,19.648,867
19649,19.649,871
19650,19.65,857
19651,19.651,853
19652,19.652,868
19653,19.653,865
19654,19.654,880
19655,19.655,869
19656,19.656,880
19657,19.657,878
19658,19.658,875
19659,19.659,879
19660,19.66,891
19661,19.661,880
19662,19.662,887
19663,19.663,878
19664,19.664,883
19665,19.665,879
19666,19.666,875
19667,19.667,862
19668,19.668,871
19669,19.669,880
19670,19.67,878
19671,19.671,863
19672,19.672,870
19673,19.673,878
19674,19.674,875
19675,19.675,878
19676,19.676,874
19677,19.677,891
19678,19.678,880
19679,19.679,875
19680,19.68,881
19681,19.681,880
19682,19.682,886
19683,19.683,885
19684,19.684,880
19685,19.685,880
19686,19.686,870
19687,19.687,869
19688,19.688,877
19689,19.689,868
19690,19.69,877
19691,19.691,870
19692,19.692,865
19693,19.693,869
19694,19.694,883
19695,19.695,885
19696,19.696,874
19697,19.697,878
19698,19.698,882
19699,19.699,880
19700,19.7,881
19701,19.701,880
19702,19.702,879
19703,19.703,880
19704,19.704,883
19705,19.705,867
19706,19.706,869
19707,19.707,874
19708,19.708,873
19709,19.709,880
19710,19.71,870
19711,19.711,869
19712,19.712,870
19713,19.713,883
19714,19.714,873
19715,19.715,880
19716,19.716,877
19717,19.717,875
19718,19.718,879
19719,19.719,880
19720,19.72,880
19721,19.721,880
19722,19.722,880
19723,19.723,874
19724,19.724,879
19725,19.725,886
19726,19.726,880
19727,19.727,874
19728,19.728,862
19729,19.729,871
19730,19.73,867
19731,19.731,863
19732,19.732,874
19733,19.733,870
19734,19.734,880
19735,19.735,871
19736,19.736,876
19737,19.737,880
19738,19.738,881
19739,19.739,880
19740,19.74,880
19741,19.741,880
19742,19.742,874
19743,19.743,878
19744,19.744,880
19745,19.745,884
19746,19.746,875
19747,19.747,864
19748,19.748,867
19749,19.749,873
19750,19.75,867
19751,19.751,867
19752,19.752,875
19753,19.753,880
19754,19.754,880
19755,19.755,880
19756,19.756,881
19757,19.757,883
19758,19.758,879
19759,19.759,880
19760,19.76,875
19761,19.761,880
19762,19.762,875
19763,19.763,873
19764,19.764,873
19765,19.765,877
19766,19.766,870
19767,19.767,848
19768,19.768,880
19769,19.769,872
19770,19.77,869
19771,19.771,866
19772,19.772,874
19773,19.773,875
19774,19.774,874
19775,19.775,867
19776,19.776,880
19777,19.777,883
19778,19.778,879
19779,19.779,879
19780,19.78,878
19781,19.781,880
19782,19.782,880
19783,19.783,880
19784,19.784,872
19785,19.785,881
19786,19.786,869
19787,19.787,875
19788,19.788,874
19789,19.789,875
19790,19.79,861
19791,19.791,867
19792,19.792,879
19793,19.793,871
19794,19.794,875
19795,19.795,869
19796,19.796,875
19797,19.797,883
19798,19.798,882
19799,19.799,880
19800,19.8,878
19801,19.801,883
19802,19.802,878
19803,19.803,878
19804,19.804,880
19805,19.805,859
19806,19.806,867
19807,19.807,869
19808,19.808,869
19809,19.809,867
19810,19.81,867
19811,19.811,868
19812,19.812,865
19813,19.813,875
19814,19.814,871
19815,19.815,866
19816,19.816,879
19817,19.817,901
19818,19.818,891
19819,19.819,881
19820,19.82,894
19821,19.821,890
19822,19.822,883
19823,19.823,878
19824,19.824,879
19825,19.825,871
19826,19.826,880
19827,19.827,868
19828,19.828,875
19829,19.829,879
19830,19.83,865
19831,19.831,858
19832,19.832,866
19833,19.833,877
19834,19.834,891
19835,19.835,881
19836,19.836,876
19837,19.837,880
19838,19.838,877
19839,19.839,880
19840,19.84,881
19841,19.841,880
19842,19.842,877
19843,19.843,885
19844,19.844,887
19845,19.845,880
19846,19.846,872
19847,19.847,867
19848,19.848,874
19849,19.849,876
19850,19.85,877
19851,19.851,871
19852,19.852,868
19853,19.853,860
19854,19.854,879
19855,19.855,877
19856,19.856,880
19857,19.857,880
19858,19.858,881
19859,19.859,879
19860,19.86,882
19861,19.861,894
19862,19.862,880
19863,19.863,881
19864,19.864,889
19865,19.865,880
19866,19.866,875
19867,19.867,876
19868,19.868,871
19869,19.869,870
19870,19.87,875
19871,19.871,863
19872,19.872,891
19873,19.873,871
19874,19.874,875
19875,19.875,877
19876,19.876,874
19877,19.877,875
19878,19.878,890
19879,19.879,887
19880,19.88,880
19881,19.881,880
19882,19.882,883
19883,19.883,877
19884,19.884,880
19885,19.885,883
19886,19.886,867
19887,19.887,876
19888,19.888,861
19889,19.889,863
19890,19.89,865
19891,19.891,869
19892,19.892,869
19893,19.893,877
19894,19.894,871
19895,19.895,878
19896,19.896,874
19897,19.897,891
19898,19.898,880
19899,19.899,878
19900,19.9,880
19901,19.901,881
19902,19.902,878
19903,19.903,876
19904,19.904,879
19905,19.905,879
19906,19.906,869
19907,19.907,864
19908,19.908,875
19909,19.909,858
19910,19.91,867
19911,19.911,867
19912,19.912,871
19913,19.913,873
19914,19.914,863
19915,19.915,870
19916,19.916,882
19917,19.917,885
19918,19.918,880
19919,19.919,882
19920,19.92,878
19921,19.921,879
19922,19.922,880
19923,19.923,881
19924,19.924,877
19925,19.925,870
19926,19.926,869
19927,19.927,879
19928,19.928,865
19929,19.929,863
19930,19.93,871
19931,19.931,868
19932,19.932,874
19933,19.933,875
19934,19.934,874
19935,19.935,870
19936,19.936,880
19937,19.937,881
19938,19.938,880
19939,19.939,883
19940,19.94,879
19941,19.941,885
19942,19.942,885
19943,19.943,875
19944,19.944,883
19945,19.945,877
19946,19.946,874
19947,19.947,873
19948,19.948,871
19949,19.949,877
19950,19.95,870
19951,19.951,874
19952,19.952,871
19953,19.953,873
19954,19.954,869
19955,19.955,866
19956,19.956,880
19957,19.957,879
19958,19.958,879
19959,19.959,880
19960,19.96,879
19961,19.961,898
19962,19.962,889
19963,19.963,880
19964,19.964,884
19965,19.965,880
19966,19.966,886
19967,19.967,875
19968,19.968,869
19969,19.969,871
19970,19.97,863
19971,19.971,861
19972,19.972,865
19973,19.973,871
19974,19.974,862
19975,19.975,871
19976,19.976,880
19977,19.977,886
19978,19.978,832
19979,19.979,880
19980,19.98,882
19981,19.981,882
19982,19.982,897
19983,19.983,873
19984,19.984,885
19985,19.985,879
19986,19.986,865
19987,19.987,875
19988,19.988,865
19989,19.989,870
19990,19.99,863
19991,19.991,867
19992,19.992,879
19993,19.993,880
19994,19.994,870
19995,19.995,870
19996,19.996,874
19997,19.997,877
19998,19.998,881
19999,19.999,883
20000,20.0,887
20001,20.001,880
20002,20.002,890
20003,20.003,881
20004,20.004,898
20005,20.005,880
20006,20.006,877
20007,20.007,877
20008,20.008,874
20009,20.009,875
20010,20.01,878
20011,20.011,862
20012,20.012,863
20013,20.013,832
20014,20.014,878
20015,20.015,873
20016,20.016,875
20017,20.017,880
20018,20.018,880
20019,20.019,889
20020,20.02,879
20021,20.021,883
20022,20.022,885
20023,20.023,880
20024,20.024,874
20025,20.025,874
20026,20.026,882
20027,20.027,879
20028,20.028,867
20029,20.029,854
20030,20.03,875
20031,20.031,861
20032,20.032,871
20033,20.033,870
20034,20.034,880
20035,20.035,880
20036,20.036,862
20037,20.037,879
20038,20.038,880
20039,20.039,881
20040,20.04,874
20041,20.041,885
20042,20.042,883
20043,20.043,880
20044,20.044,880
20045,20.045,882
20046,20.046,880
20047,20.047,872
20048,20.048,869
20049,20.049,871
20050,20.05,869
20051,20.051,875
20052,20.052,863
20053,20.053,871
20054,20.054,877
20055,20.055,867
20056,20.056,877
20057,20.057,874
20058,20.058,881
20059,20.059,880
20060,20.06,880
20061,20.061,871
20062,20.062,882
20063,20.063,878
20064,20.064,880
20065,20.065,881
20066,20.066,871
20067,20.067,864
20068,20.068,865
20069,20.069,869
20070,20.07,870
20071,20.071,866
20072,20.072,867
20073,20.073,864
20074,20.074,871
20075,20.075,876
20076,20.076,885
20077,20.077,878
20078,20.078,887
20079,20.079,883
20080,20.08,879
20081,20.081,890
20082,20.082,880
20083,20.083,868
20084,20.084,878
20085,20.085,883
20086,20.086,878
20087,20.087,870
20088,20.088,865
20089,20.089,863
20090,20.09,875
20091,20.091,865
20092,20.092,880
20093,20.093,869
20094,20.094,879
20095,20.095,867
20096,20.096,871
20097,20.097,880
20098,20.098,880
20099,20.099,880
20100,20.1,878
20101,20.101,888
20102,20.102,882
20103,20.103,880
20104,20.104,880
20105,20.105,874
20106,20.106,880
20107,20.107,869
20108,20.108,865
20109,20.109,870
20110,20.11,874
20111,20.111,862
20112,20.112,869
20113,20.113,884
20114,20.114,879
20115,20.115,875
20116,20.116,881
20117,20.117,875
20118,20.118,880
20119,20.119,879
20120,20.12,875
20121,20.121,884
20122,20.122,881
20123,20.123,880
20124,20.124,877
20125,20.125,879
20126,20.126,875
20127,20.127,871
20128,20.128,869
20129,20.129,861
20130,20.13,864
20131,20.131,875
20132,20.132,880
20133,20.133,879
20134,20.134,878
20135,20.135,877
20136,20.136,879
20137,20.137,878
20138,20.138,885
20139,20.139,885
20140,20.14,880
20141,20.141,880
20142,20.142,879
20143,20.143,880
20144,20.144,876
20145,20.145,880
20146,20.146,871
20147,20.147,879
20148,20.148,870
20149,20.149,861
20150,20.15,869
20151,20.151,866
20152,20.152,866
20153,20.153,874
20154,20.154,875
20155,20.155,883
20156,20.156,878
20157,20.157,879
20158,20.158,879
20159,20.159,878
20160,20.16,881
20161,20.161,882
20162,20.162,877
20163,20.163,881
20164,20.164,881
20165,20.165,874
20166,20.166,874
20167,20.167,878
20168,20.168,862
20169,20.169,869
20170,20.17,875
20171,20.171,875
20172,20.172,873
20173,20.173,876
20174,20.174,879
20175,20.175,869
20176,20.176,878
20177,20.177,890
20178,20.178,879
20179,20.179,883
20180,20.18,877
20181,20.181,880
20182,20.182,880
20183,20.183,879
20184,20.184,873
20185,20.185,870
20186,20.186,880
20187,20.187,867
20188,20.188,874
20189,20.189,886
20190,20.19,878
20191,20.191,866
20192,20.192,870
20193,20.193,873
20194,20.194,871
20195,20.195,879
20196,20.196,878
20197,20.197,873
20198,20.198,880
20199,20.199,881
20200,20.2,881
20201,20.201,882
20202,20.202,874
20203,20.203,875
20204,20.204,878
20205,20.205,880
20206,20.206,879
20207,20.207,875
20208,20.208,867
20209,20.209,867
20210,20.21,880
20211,20.211,871
20212,20.212,867
20213,20.213,875
20214,20.214,869
20215,20.215,873
20216,20.216,874
20217,20.217,885
20218,20.218,880
20219,20.219,880
20220,20.22,887
20221,20.221,886
20222,20.222,894
20223,20.223,876
20224,20.224,879
20225,20.225,879
20226,20.226,881
20227,20.227,875
20228,20.228,839
20229,20.229,873
20230,20.23,871
20231,20.231,871
20232,20.232,870
20233,20.233,862
20234,20.234,867
20235,20.235,869
20236,20.236,880
20237,20.237,891
20238,20.238,881
20239,20.239,882
20240,20.24,881
20241,20.241,882
20242,20.242,880
20243,20.243,885
20244,20.244,880
20245,20.245,881
20246,20.246,880
20247,20.247,867
20248,20.248,871
20249,20.249,871
20250,20.25,866
20251,20.251,863
20252,20.252,865
20253,20.253,871
20254,20.254,868
20255,20.255,871
20256,20.256,866
20257,20.257,881
20258,20.258,871
20259,20.259,880
20260,20.26,889
20261,20.261,883
20262,20.262,886
20263,20.263,885
20264,20.264,903
20265,20.265,880
20266,20.266,880
20267,20.267,877
20268,20.268,869
20269,20.269,870
20270,20.27,875
20271,20.271,865
20272,20.272,873
20273,20.273,869
20274,20.274,879
20275,20.275,871
20276,20.276,873
20277,20.277,877
20278,20.278,883
20279,20.279,882
20280,20.28,878
20281,20.281,881
20282,20.282,880
20283,20.283,875
20284,20.284,880
20285,20.285,871
20286,20.286,878
20287,20.287,865
20288,20.288,875
20289,20.289,880
20290,20.29,873
20291,20.291,863
20292,20.292,869
20293,20.293,870
20294,20.294,870
20295,20.295,872
20296,20.296,873
20297,20.297,878
20298,20.298,880
20299,20.299,881
20300,20.3,885
20301,20.301,877
20302,20.302,885
20303,20.303,879
20304,20.304,858
20305,20.305,880
20306,20.306,875
20307,20.307,880
20308,20.308,867
20309,20.309,870
20310,20.31,875
20311,20.311,869
20312,20.312,866
20313,20.313,865
20314,20.314,880
20315,20.315,866
20316,20.316,870
20317,20.317,867
20318,20.318,887
20319,20.319,887
20320,20.32,875
20321,20.321,879
20322,20.322,881
20323,20.323,880
20324,20.324,879
20325,20.325,877
20326,20.326,877
20327,20.327,880
20328,20.328,873
20329,20.329,868
20330,20.33,878
20331,20.331,870
20332,20.332,866
20333,20.333,874
20334,20.334,868
20335,20.335,874
20336,20.336,870
20337,20.337,880
20338,20.338,880
20339,20.339,878
20340,20.34,880
20341,20.341,871
20342,20.342,880
20343,20.343,877
20344,20.344,892
20345,20.345,890
20346,20.346,878
20347,20.347,878
20348,20.348,871
20349,20.349,880
20350,20.35,866
20351,20.351,869
20352,20.352,866
20353,20.353,871
20354,20.354,871
20355,20.355,850
20356,20.356,871
20357,20.357,876
20358,20.358,880
20359,20.359,890
20360,20.36,880
20361,20.361,879
20362,20.362,893
20363,20.363,878
20364,20.364,882
20365,20.365,898
20366,20.366,885
20367,20.367,884
20368,20.368,877
20369,20.369,870
20370,20.37,868
20371,20.371,867
20372,20.372,862
20373,20.373,873
20374,20.374,875
20375,20.375,877
20376,20.376,870
20377,20.377,871
20378,20.378,873
20379,20.379,890
20380,20.38,881
20381,20.381,883
20382,20.382,880
20383,20.383,881
20384,20.384,877
20385,20.385,876
20386,20.386,880
20387,20.387,875
20388,20.388,896
20389,20.389,869
20390,20.39,885
20391,20.391,873
20392,20.392,867
20393,20.393,869
20394,20.394,877
20395,20.395,869
20396,20.396,877
20397,20.397,877
20398,20.398,881
20399,20.399,880
20400,20.4,882
20401,20.401,881
20402,20.402,881
20403,20.403,887
20404,20.404,884
20405,20.405,874
20406,20.406,880
20407,20.407,876
20408,20.408,872
20409,20.409,869
20410,20.41,869
20411,20.411,867
20412,20.412,863
20413,20.413,866
20414,20.414,875
20415,20.415,871
20416,20.416,871
20417,20.417,877
20418,20.418,880
20419,20.419,881
20420,20.42,878
20421,20.421,879
20422,20.422,880
20423,20.423,880
20424,20.424,867
20425,20.425,886
20426,20.426,880
20427,20.427,855
20428,20.428,873
20429,20.429,871
20430,20.43,870
20431,20.431,871
20432,20.432,868
20433,20.433,877
20434,20.434,877
20435,20.435,875
20436,20.436,879
20437,20.437,881
20438,20.438,877
20439,20.439,881
20440,20.44,880
20441,20.441,882
20442,20.442,886
20443,20.443,880
20444,20.444,882
20445,20.445,882
20446,20.446,880
20447,20.447,869
20448,20.448,874
20449,20.449,863
20450,20.45,870
20451,20.451,861
20452,20.452,831
20453,20.453,863
20454,20.454,875
20455,20.455,866
20456,20.456,876
20457,20.457,879
20458,20.458,881
20459,20.459,882
20460,20.46,879
20461,20.461,880
20462,20.462,881
20463,20.463,880
20464,20.464,880
20465,20.465,880
20466,20.466,875
20467,20.467,874
20468,20.468,871
20469,20.469,865
20470,20.47,874
20471,20.471,863
20472,20.472,874
20473,20.473,880
20474,20.474,867
20475,20.475,857
20476,20.476,871
20477,20.477,880
20478,20.478,884
20479,20.479,878
20480,20.48,879
20481,20.481,880
20482,20.482,880
20483,20.483,880
20484,20.484,880
20485,20.485,882
20486,20.486,877
20487,20.487,879
20488,20.488,875
20489,20.489,871
20490,20.49,873
20491,20.491,879
20492,20.492,862
20493,20.493,880
20494,20.494,868
20495,20.495,874
20496,20.496,873
20497,20.497,877
20498,20.498,875
20499,20.499,880
20500,20.5,881
20501,20.501,879
20502,20.502,886
20503,20.503,879
20504,20.504,879
20505,20.505,869
20506,20.506,874
20507,20.507,870
20508,20.508,867
20509,20.509,873
20510,20.51,871
20511,20.511,880
20512,20.512,879
20513,20.513,870
20514,20.514,878
20515,20.515,870
20516,20.516,871
20517,20.517,880
20518,20.518,880
20519,20.519,889
20520,20.52,879
20521,20.521,880
20522,20.522,883
20523,20.523,883
20524,20.524,882
20525,20.525,877
20526,20.526,876
20527,20.527,866
20528,20.528,889
20529,20.529,869
20530,20.53,867
20531,20.531,874
20532,20.532,863
20533,20.533,865
20534,20.534,875
20535,20.535,877
20536,20.536,879
20537,20.537,877
20538,20.538,885
20539,20.539,881
20540,20.54,881
20541,20.541,876
20542,20.542,887
20543,20.543,891
20544,20.544,885
20545,20.545,877
20546,20.546,880
20547,20.547,874
20548,20.548,871
20549,20.549,870
20550,20.55,880
20551,20.551,879
20552,20.552,839
20553,20.553,862
20554,20.554,867
20555,20.555,874
20556,20.556,869
20557,20.557,870
20558,20.558,886
20559,20.559,883
20560,20.56,897
20561,20.561,881
20562,20.562,886
20563,20.563,885
20564,20.564,885
20565,20.565,880
20566,20.566,882
20567,20.567,870
20568,20.568,867
20569,20.569,873
20570,20.57,877
20571,20.571,867
20572,20.572,865
20573,20.573,865
20574,20.574,880
20575,20.575,877
20576,20.576,875
20577,20.577,881
20578,20.578,877
20579,20.579,881
20580,20.58,880
20581,20.581,875
20582,20.582,881
20583,20.583,879
20584,20.584,877
20585,20.585,880
20586,20.586,874
20587,20.587,875
20588,20.588,873
20589,20.589,874
20590,20.59,874
20591,20.591,874
20592,20.592,862
20593,20.593,858
20594,20.594,863
20595,20.595,881
20596,20.596,872
20597,20.597,876
20598,20.598,883
20599,20.599,881
20600,20.6,880
20601,20.601,881
20602,20.602,890
20603,20.603,880
20604,20.604,880
20605,20.605,882
20606,20.606,877
20607,20.607,874
20608,20.608,875
20609,20.609,866
20610,20.61,876
20611,20.611,868
20612,20.612,866
20613,20.613,865
20614,20.614,871
20615,20.615,880
20616,20.616,870
20617,20.617,880
20618,20.618,877
20619,20.619,883
20620,20.62,877
20621,20.621,880
20622,20.622,879
20623,20.623,883
20624,20.624,887
20625,20.625,880
20626,20.626,874
20627,20.627,879
20628,20.628,865
20629,20.629,867
20630,20.63,869
20631,20.631,863
20632,20.632,863
20633,20.633,864
20634,20.634,876
20635,20.635,875
20636,20.636,875
20637,20.637,880
20638,20.638,886
20639,20.639,885
20640,20.64,880
20641,20.641,883
20642,20.642,887
20643,20.643,880
20644,20.644,883
20645,20.645,880
20646,20.646,877
20647,20.647,880
20648,20.648,867
20649,20.649,879
20650,20.65,873
20651,20.651,871
20652,20.652,873
20653,20.653,859
20654,20.654,855
20655,20.655,865
20656,20.656,876
20657,20.657,873
20658,20.658,869
20659,20.659,881
20660,20.66,872
20661,20.661,876
20662,20.662,879
20663,20.663,879
20664,20.664,880
20665,20.665,883
20666,20.666,874
20667,20.667,880
20668,20.668,877
20669,20.669,865
20670,20.67,869
20671,20.671,874
20672,20.672,868
20673,20.673,864
20674,20.674,869
20675,20.675,877
20676,20.676,871
20677,20.677,875
20678,20.678,875
20679,20.679,881
20680,20.68,878
20681,20.681,882
20682,20.682,891
20683,20.683,882
20684,20.684,880
20685,20.685,869
20686,20.686,875
20687,20.687,880
20688,20.688,879
20689,20.689,871
20690,20.69,873
20691,20.691,880
20692,20.692,875
20693,20.693,871
20694,20.694,873
20695,20.695,878
20696,20.696,882
20697,20.697,871
20698,20.698,878
20699,20.699,880
20700,20.7,879
20701,20.701,880
20702,20.702,888
20703,20.703,880
20704,20.704,873
20705,20.705,879
20706,20.706,894
20707,20.707,887
20708,20.708,880
20709,20.709,866
20710,20.71,869
20711,20.711,880
20712,20.712,870
20713,20.713,861
20714,20.714,848
20715,20.715,877
20716,20.716,866
20717,20.717,879
20718,20.718,880
20719,20.719,880
20720,20.72,880
20721,20.721,871
20722,20.722,895
20723,20.723,887
20724,20.724,880
20725,20.725,879
20726,20.726,883
20727,20.727,879
20728,20.728,878
20729,20.729,876
20730,20.73,869
20731,20.731,875
20732,20.732,872
20733,20.733,867
20734,20.734,868
20735,20.735,863
20736,20.736,867
20737,20.737,873
20738,20.738,880
20739,20.739,880
20740,20.74,877
20741,20.741,881
20742,20.742,875
20743,20.743,875
20744,20.744,883
20745,20.745,894
20746,20.746,883
20747,20.747,898
20748,20.748,878
20749,20.749,864
20750,20.75,874
20751,20.751,877
20752,20.752,874
20753,20.753,870
20754,20.754,870
20755,20.755,863
20756,20.756,869
20757,20.757,874
20758,20.758,880
20759,20.759,879
20760,20.76,880
20761,20.761,869
20762,20.762,883
20763,20.763,887
20764,20.764,880
20765,20.765,878
20766,20.766,879
20767,20.767,873
20768,20.768,869
20769,20.769,864
20770,20.77,870
20771,20.771,880
20772,20.772,870
20773,20.773,874
20774,20.774,878
20775,20.775,865
20776,20.776,869
20777,20.777,873
20778,20.778,874
20779,20.779,880
20780,20.78,874
20781,20.781,878
20782,20.782,879
20783,20.783,879
20784,20.784,881
20785,20.785,876
20786,20.786,877
20787,20.787,871
20788,20.788,879
20789,20.789,878
20790,20.79,880
20791,20.791,877
20792,20.792,873
20793,20.793,871
20794,20.794,878
20795,20.795,879
20796,20.796,876
20797,20.797,879
20798,20.798,882
20799,20.799,883
20800,20.8,887
20801,20.801,889
20802,20.802,885
20803,20.803,868
20804,20.804,872
20805,20.805,880
20806,20.806,880
20807,20.807,873
20808,20.808,867
20809,20.809,865
20810,20.81,866
20811,20.811,873
20812,20.812,869
20813,20.813,860
20814,20.814,871
20815,20.815,867
20816,20.816,869
20817,20.817,871
20818,20.818,873
20819,20.819,880
20820,20.82,879
20821,20.821,880
20822,20.822,884
20823,20.823,882
20824,20.824,880
20825,20.825,880
20826,20.826,880
20827,20.827,874
20828,20.828,870
20829,20.829,875
20830,20.83,863
20831,20.831,874
20832,20.832,867
20833,20.833,870
20834,20.834,873
20835,20.835,878
20836,20.836,875
20837,20.837,878
20838,20.838,880
20839,20.839,880
20840,20.84,884
20841,20.841,880
20842,20.842,878
20843,20.843,880
20844,20.844,880
20845,20.845,867
20846,20.846,866
20847,20.847,880
20848,20.848,875
20849,20.849,871
20850,20.85,869
20851,20.851,868
20852,20.852,867
20853,20.853,864
20854,20.854,870
20855,20.855,875
20856,20.856,875
20857,20.857,876
20858,20.858,880
20859,20.859,881
20860,20.86,881
20861,20.861,880
20862,20.862,882
20863,20.863,885
20864,20.864,879
20865,20.865,881
20866,20.866,878
20867,20.867,869
20868,20.868,875
20869,20.869,871
20870,20.87,865
20871,20.871,870
20872,20.872,864
20873,20.873,872
20874,20.874,865
20875,20.875,875
20876,20.876,875
20877,20.877,877
20878,20.878,887
20879,20.879,879
20880,20.88,879
20881,20.881,879
20882,20.882,880
20883,20.883,881
20884,20.884,877
20885,20.885,885
20886,20.886,883
20887,20.887,881
20888,20.888,875
20889,20.889,873
20890,20.89,873
20891,20.891,866
20892,20.892,874
20893,20.893,867
20894,20.894,865
20895,20.895,866
20896,20.896,875
20897,20.897,879
20898,20.898,879
20899,20.899,871
20900,20.9,877
20901,20.901,881
20902,20.902,880
20903,20.903,883
20904,20.904,880
20905,20.905,875
20906,20.906,878
20907,20.907,879
20908,20.908,870
20909,20.909,877
20910,20.91,866
20911,20.911,870
20912,20.912,864
20913,20.913,862
20914,20.914,865
20915,20.915,882
20916,20.916,880
20917,20.917,876
20918,20.918,869
20919,20.919,881
20920,20.92,880
20921,20.921,880
20922,20.922,880
20923,20.923,878
20924,20.924,880
20925,20.925,873
20926,20.926,874
20927,20.927,880
20928,20.928,878
20929,20.929,915
20930,20.93,876
20931,20.931,874
20932,20.932,876
20933,20.933,869
20934,20.934,878
20935,20.935,875
20936,20.936,867
20937,20.937,875
20938,20.938,881
20939,20.939,881
20940,20.94,884
20941,20.941,879
20942,20.942,880
20943,20.943,879
20944,20.944,877
20945,20.945,880
20946,20.946,880
20947,20.947,870
20948,20.948,878
20949,20.949,866
20950,20.95,864
20951,20.951,858
20952,20.952,871
20953,20.953,868
20954,20.954,869
20955,20.955,854
20956,20.956,875
20957,20.957,878
20958,20.958,878
20959,20.959,885
20960,20.96,885
20961,20.961,882
20962,20.962,880
20963,20.963,881
20964,20.964,877
20965,20.965,873
20966,20.966,875
20967,20.967,871
20968,20.968,866
20969,20.969,874
20970,20.97,876
20971,20.971,874
20972,20.972,870
20973,20.973,863
20974,20.974,869
20975,20.975,870
20976,20.976,880
20977,20.977,876
20978,20.978,871
20979,20.979,873
20980,20.98,882
20981,20.981,883
20982,20.982,890
20983,20.983,890
20984,20.984,890
20985,20.985,863
20986,20.986,893
20987,20.987,885
20988,20.988,876
20989,20.989,875
20990,20.99,878
20991,20.991,878
20992,20.992,879
20993,20.993,862
20994,20.994,863
20995,20.995,869
20996,20.996,877
20997,20.997,877
20998,20.998,873
20999,20.999,881
21000,21.0,879
21001,21.001,880
21002,21.002,878
21003,21.003,880
21004,21.004,877
21005,21.005,878
21006,21.006,875
21007,21.007,882
21008,21.008,877
21009,21.009,869
21010,21.01,863
21011,21.011,889
21012,21.012,877
21013,21.013,870
21014,21.014,870
21015,21.015,879
21016,21.016,877
21017,21.017,875
21018,21.018,883
21019,21.019,891
21020,21.02,889
21021,21.021,871
21022,21.022,879
21023,21.023,854
21024,21.024,880
21025,21.025,816
21026,21.026,878
21027,21.027,879
21028,21.028,870
21029,21.029,863
21030,21.03,867
21031,21.031,869
21032,21.032,912
21033,21.033,867
21034,21.034,879
21035,21.035,875
21036,21.036,873
21037,21.037,869
21038,21.038,881
21039,21.039,880
21040,21.04,879
21041,21.041,876
21042,21.042,880
21043,21.043,881
21044,21.044,882
21045,21.045,869
21046,21.046,875
21047,21.047,881
21048,21.048,874
21049,21.049,870
21050,21.05,862
21051,21.051,875
21052,21.052,861
21053,21.053,854
21054,21.054,879
21055,21.055,873
21056,21.056,875
21057,21.057,868
21058,21.058,880
21059,21.059,875
21060,21.06,885
21061,21.061,880
21062,21.062,880
21063,21.063,889
21064,21.064,883
21065,21.065,880
21066,21.066,880
21067,21.067,868
21068,21.068,870
21069,21.069,876
21070,21.07,868
21071,21.071,866
21072,21.072,878
21073,21.073,865
21074,21.074,870
21075,21.075,866
21076,21.076,875
21077,21.077,863
21078,21.078,874
21079,21.079,875
21080,21.08,877
21081,21.081,883
21082,21.082,869
21083,21.083,881
21084,21.084,885
21085,21.085,881
21086,21.086,876
21087,21.087,879
21088,21.088,879
21089,21.089,869
21090,21.09,869
21091,21.091,839
21092,21.092,880
21093,21.093,877
21094,21.094,869
21095,21.095,878
21096,21.096,878
21097,21.097,875
21098,21.098,881
21099,21.099,879
21100,21.1,861
21101,21.101,874
21102,21.102,873
21103,21.103,887
21104,21.104,885
21105,21.105,879
21106,21.106,871
21107,21.107,880
21108,21.108,874
21109,21.109,879
21110,21.11,868
21111,21.111,868
21112,21.112,733
21113,21.113,865
21114,21.114,970
21115,21.115,877
21116,21.116,870
21117,21.117,875
21118,21.118,876
21119,21.119,880
21120,21.12,887
21121,21.121,883
21122,21.122,878
21123,21.123,880
21124,21.124,890
21125,21.125,883
21126,21.126,879
21127,21.127,876
21128,21.128,880
21129,21.129,867
21130,21.13,870
21131,21.131,870
21132,21.132,871
21133,21.133,871
21134,21.134,867
21135,21.135,869
21136,21.136,875
21137,21.137,874
21138,21.138,871
21139,21.139,880
21140,21.14,865
21141,21.141,890
21142,21.142,878
21143,21.143,781
21144,21.144,881
21145,21.145,891
21146,21.146,878
21147,21.147,880
21148,21.148,879
21149,21.149,878
21150,21.15,860
21151,21.151,869
21152,21.152,865
21153,21.153,861
21154,21.154,853
21155,21.155,865
21156,21.156,888
21157,21.157,863
21158,21.158,871
21159,21.159,883
21160,21.16,885
21161,21.161,930
21162,21.162,878
21163,21.163,881
21164,21.164,881
21165,21.165,912
21166,21.166,879
21167,21.167,880
21168,21.168,865
21169,21.169,870
21170,21.17,864
21171,21.171,873
21172,21.172,880
21173,21.173,898
21174,21.174,869
21175,21.175,871
21176,21.176,875
21177,21.177,875
21178,21.178,880
21179,21.179,886
21180,21.18,882
21181,21.181,885
21182,21.182,954
21183,21.183,881
21184,21.184,897
21185,21.185,880
21186,21.186,880
21187,21.187,884
21188,21.188,869
21189,21.189,869
21190,21.19,854
21191,21.191,865
21192,21.192,867
21193,21.193,865
21194,21.194,864
21195,21.195,873
21196,21.196,865
21197,21.197,893
21198,21.198,880
21199,21.199,865
21200,21.2,877
21201,21.201,881
21202,21.202,874
21203,21.203,886
21204,21.204,887
21205,21.205,887
21206,21.206,877
21207,21.207,880
21208,21.208,881
21209,21.209,879
21210,21.21,863
21211,21.211,861
21212,21.212,878
21213,21.213,869
21214,21.214,861
21215,21.215,874
21216,21.216,871
21217,21.217,871
21218,21.218,874
21219,21.219,882
21220,21.22,880
21221,21.221,877
21222,21.222,869
21223,21.223,880
21224,21.224,879
21225,21.225,879
21226,21.226,877
21227,21.227,882
21228,21.228,1040
21229,21.229,859
21230,21.23,866
21231,21.231,871
21232,21.232,864
21233,21.233,865
21234,21.234,863
21235,21.235,871
21236,21.236,875
21237,21.237,869
21238,21.238,874
21239,21.239,879
21240,21.24,875
21241,21.241,886
21242,21.242,879
21243,21.243,880
21244,21.244,880
21245,21.245,884
21246,21.246,886
21247,21.247,881
21248,21.248,875
21249,21.249,878
21250,21.25,869
21251,21.251,870
21252,21.252,875
21253,21.253,866
21254,21.254,866
21255,21.255,858
21256,21.256,871
21257,21.257,871
21258,21.258,848
21259,21.259,871
21260,21.26,886
21261,21.261,878
21262,21.262,874
21263,21.263,880
21264,21.264,819
21265,21.265,879
21266,21.266,898
21267,21.267,874
21268,21.268,867
21269,21.269,882
21270,21.27,877
21271,21.271,865
21272,21.272,877
21273,21.273,869
21274,21.274,868
21275,21.275,880
21276,21.276,868
21277,21.277,875
21278,21.278,871
21279,21.279,880
21280,21.28,879
21281,21.281,868
21282,21.282,879
21283,21.283,879
21284,21.284,883
21285,21.285,1011
21286,21.286,877
21287,21.287,880
21288,21.288,875
21289,21.289,869
21290,21.29,866
21291,21.291,866
21292,21.292,869
21293,21.293,869
21294,21.294,865
21295,21.295,875
21296,21.296,865
21297,21.297,875
21298,21.298,879
21299,21.299,880
21300,21.3,880
21301,21.301,934
21302,21.302,887
21303,21.303,875
21304,21.304,880
21305,21.305,880
21306,21.306,873
21307,21.307,875
21308,21.308,864
21309,21.309,877
21310,21.31,880
21311,21.311,870
21312,21.312,881
21313,21.313,869
21314,21.314,867
21315,21.315,871
21316,21.316,876
21317,21.317,896
21318,21.318,833
21319,21.319,880
21320,21.32,893
21321,21.321,867
21322,21.322,857
21323,21.323,881
21324,21.324,891
21325,21.325,886
21326,21.326,887
21327,21.327,880
21328,21.328,878
21329,21.329,876
21330,21.33,867
21331,21.331,871
21332,21.332,865
21333,21.333,866
21334,21.334,871
21335,21.335,862
21336,21.336,870
21337,21.337,865
21338,21.338,871
21339,21.339,875
21340,21.34,879
21341,21.341,880
21342,21.342,882
21343,21.343,885
21344,21.344,889
21345,21.345,879
21346,21.346,827
21347,21.347,881
21348,21.348,874
21349,21.349,880
21350,21.35,941
21351,21.351,871
21352,21.352,877
21353,21.353,865
21354,21.354,867
21355,21.355,867
21356,21.356,875
21357,21.357,877
21358,21.358,877
21359,21.359,880
21360,21.36,879
21361,21.361,878
21362,21.362,871
21363,21.363,895
21364,21.364,893
21365,21.365,886
21366,21.366,816
21367,21.367,847
21368,21.368,879
21369,21.369,871
21370,21.37,875
21371,21.371,870
21372,21.372,871
21373,21.373,871
21374,21.374,882
21375,21.375,871
21376,21.376,870
21377,21.377,880
21378,21.378,871
21379,21.379,871
21380,21.38,875
21381,21.381,889
21382,21.382,880
21383,21.383,876
21384,21.384,881
21385,21.385,883
21386,21.386,879
21387,21.387,880
21388,21.388,871
21389,21.389,879
21390,21.39,880
21391,21.391,869
21392,21.392,868
21393,21.393,869
21394,21.394,879
21395,21.395,855
21396,21.396,871
21397,21.397,862
21398,21.398,877
21399,21.399,875
21400,21.4,879
21401,21.401,884
21402,21.402,877
21403,21.403,875
21404,21.404,883
21405,21.405,880
21406,21.406,848
21407,21.407,864
21408,21.408,870
21409,21.409,873
21410,21.41,870
21411,21.411,870
21412,21.412,868
21413,21.413,871
21414,21.414,869
21415,21.415,864
21416,21.416,872
21417,21.417,871
21418,21.418,873
21419,21.419,879
21420,21.42,878
21421,21.421,880
21422,21.422,880
21423,21.423,884
21424,21.424,881
21425,21.425,881
21426,21.426,877
21427,21.427,883
21428,21.428,877
21429,21.429,879
21430,21.43,877
21431,21.431,871
21432,21.432,873
21433,21.433,867
21434,21.434,848
21435,21.435,871
21436,21.436,877
21437,21.437,881
21438,21.438,878
21439,21.439,880
21440,21.44,880
21441,21.441,883
21442,21.442,870
21443,21.443,877
21444,21.444,878
21445,21.445,881
21446,21.446,879
21447,21.447,881
21448,21.448,880
21449,21.449,871
21450,21.45,871
21451,21.451,864
21452,21.452,867
21453,21.453,869
21454,21.454,864
21455,21.455,859
21456,21.456,883
21457,21.457,883
21458,21.458,878
21459,21.459,883
21460,21.46,885
21461,21.461,883
21462,21.462,880
21463,21.463,887
21464,21.464,882
21465,21.465,893
21466,21.466,882
21467,21.467,877
21468,21.468,866
21469,21.469,880
21470,21.47,877
21471,21.471,871
21472,21.472,869
21473,21.473,870
21474,21.474,869
21475,21.475,874
21476,21.476,873
21477,21.477,879
21478,21.478,875
21479,21.479,871
21480,21.48,877
21481,21.481,879
21482,21.482,875
21483,21.483,912
21484,21.484,880
21485,21.485,880
21486,21.486,880
21487,21.487,880
21488,21.488,880
21489,21.489,877
21490,21.49,874
21491,21.491,862
21492,21.492,877
21493,21.493,862
21494,21.494,907
21495,21.495,873
21496,21.496,869
21497,21.497,876
21498,21.498,867
21499,21.499,880
21500,21.5,881
21501,21.501,882
21502,21.502,889
21503,21.503,869
21504,21.504,875
21505,21.505,880
21506,21.506,877
21507,21.507,880
21508,21.508,880
21509,21.509,875
21510,21.51,865
21511,21.511,910
21512,21.512,886
21513,21.513,874
21514,21.514,895
21515,21.515,867
21516,21.516,869
21517,21.517,870
21518,21.518,870
21519,21.519,880
21520,21.52,889
21521,21.521,880
21522,21.522,875
21523,21.523,880
21524,21.524,881
21525,21.525,879
21526,21.526,880
21527,21.527,879
21528,21.528,877
21529,21.529,874
21530,21.53,863
21531,21.531,869
21532,21.532,867
21533,21.533,876
21534,21.534,866
21535,21.535,873
21536,21.536,875
21537,21.537,875
21538,21.538,875
21539,21.539,877
21540,21.54,880
21541,21.541,887
21542,21.542,877
21543,21.543,875
21544,21.544,880
21545,21.545,881
21546,21.546,875
21547,21.547,880
21548,21.548,880
21549,21.549,866
21550,21.55,869
21551,21.551,863
21552,21.552,880
21553,21.553,879
21554,21.554,863
21555,21.555,866
21556,21.556,877
21557,21.557,874
21558,21.558,876
21559,21.559,870
21560,21.56,880
21561,21.561,882
21562,21.562,880
21563,21.563,880
21564,21.564,885
21565,21.565,885
21566,21.566,875
21567,21.567,899
21568,21.568,886
21569,21.569,878
21570,21.57,875
21571,21.571,863
21572,21.572,870
21573,21.573,871
21574,21.574,865
21575,21.575,832
21576,21.576,869
21577,21.577,867
21578,21.578,871
21579,21.579,876
21580,21.58,870
21581,21.581,889
21582,21.582,887
21583,21.583,884
21584,21.584,881
21585,21.585,848
21586,21.586,880
21587,21.587,880
21588,21.588,879
21589,21.589,879
21590,21.59,871
21591,21.591,880
21592,21.592,880
21593,21.593,880
21594,21.594,878
21595,21.595,864
21596,21.596,870
21597,21.597,874
21598,21.598,874
21599,21.599,891
21600,21.6,876
21601,21.601,870
21602,21.602,867
21603,21.603,874
21604,21.604,879
21605,21.605,880
21606,21.606,883
21607,21.607,875
21608,21.608,872
21609,21.609,877
21610,21.61,912
21611,21.611,870
21612,21.612,870
21613,21.613,868
21614,21.614,877
21615,21.615,861
21616,21.616,875
21617,21.617,872
21618,21.618,878
21619,21.619,880
21620,21.62,879
21621,21.621,874
21622,21.622,875
21623,21.623,879
21624,21.624,885
21625,21.625,880
21626,21.626,870
21627,21.627,880
21628,21.628,880
21629,21.629,875
21630,21.63,878
21631,21.631,847
21632,21.632,880
21633,21.633,881
21634,21.634,875
21635,21.635,865
21636,21.636,867
21637,21.637,875
21638,21.638,876
21639,21.639,871
21640,21.64,880
21641,21.641,886
21642,21.642,882
21643,21.643,880
21644,21.644,887
21645,21.645,884
21646,21.646,878
21647,21.647,880
21648,21.648,882
21649,21.649,880
21650,21.65,880
21651,21.651,869
21652,21.652,864
21653,21.653,869
21654,21.654,855
21655,21.655,863
21656,21.656,866
21657,21.657,875
21658,21.658,875
21659,21.659,880
21660,21.66,880
21661,21.661,880
21662,21.662,875
21663,21.663,891
21664,21.664,879
21665,21.665,878
21666,21.666,855
21667,21.667,879
21668,21.668,883
21669,21.669,880
21670,21.67,875
21671,21.671,870
21672,21.672,871
21673,21.673,848
21674,21.674,869
21675,21.675,869
21676,21.676,859
21677,21.677,871
21678,21.678,869
21679,21.679,871
21680,21.68,871
21681,21.681,886
21682,21.682,880
21683,21.683,880
21684,21.684,884
21685,21.685,886
21686,21.686,880
21687,21.687,880
21688,21.688,880
21689,21.689,880
21690,21.69,870
21691,21.691,857
21692,21.692,880
21693,21.693,830
21694,21.694,866
21695,21.695,862
21696,21.696,877
21697,21.697,874
21698,21.698,870
21699,21.699,880
21700,21.7,879
21701,21.701,884
21702,21.702,895
21703,21.703,881
21704,21.704,880
21705,21.705,881
21706,21.706,871
21707,21.707,876
21708,21.708,880
21709,21.709,880
21710,21.71,874
21711,21.711,873
21712,21.712,865
21713,21.713,873
21714,21.714,867
21715,21.715,857
21716,21.716,880
21717,21.717,880
21718,21.718,877
21719,21.719,875
21720,21.72,880
21721,21.721,886
21722,21.722,880
21723,21.723,878
21724,21.724,883
21725,21.725,887
21726,21.726,882
21727,21.727,879
21728,21.728,880
21729,21.729,880
21730,21.73,853
21731,21.731,866
21732,21.732,875
21733,21.733,867
21734,21.734,868
21735,21.735,863
21736,21.736,872
21737,21.737,871
21738,21.738,880
21739,21.739,890
21740,21.74,863
21741,21.741,880
21742,21.742,901
21743,21.743,880
21744,21.744,881
21745,21.745,884
21746,21.746,883
21747,21.747,881
21748,21.748,880
21749,21.749,880
21750,21.75,875
21751,21.751,860
21752,21.752,866
21753,21.753,879
21754,21.754,869
21755,21.755,871
21756,21.756,873
21757,21.757,872
21758,21.758,878
21759,21.759,873
21760,21.76,874
21761,21.761,879
21762,21.762,880
21763,21.763,882
21764,21.764,882
21765,21.765,880
21766,21.766,880
21767,21.767,871
21768,21.768,875
21769,21.769,872
21770,21.77,869
21771,21.771,870
21772,21.772,861
21773,21.773,869
21774,21.774,880
21775,21.775,877
21776,21.776,883
21777,21.777,872
21778,21.778,878
21779,21.779,874
21780,21.78,879
21781,21.781,885
21782,21.782,880
21783,21.783,876
21784,21.784,844
21785,21.785,857
21786,21.786,896
21787,21.787,851
21788,21.788,883
21789,21.789,874
21790,21.79,871
21791,21.791,868
21792,21.792,847
21793,21.793,861
21794,21.794,943
21795,21.795,861
21796,21.796,870
21797,21.797,868
21798,21.798,870
21799,21.799,882
21800,21.8,878
21801,21.801,879
21802,21.802,878
21803,21.803,880
21804,21.804,883
21805,21.805,897
21806,21.806,874
21807,21.807,880
21808,21.808,879
21809,21.809,867
21810,21.81,878
21811,21.811,866
21812,21.812,867
21813,21.813,874
21814,21.814,873
21815,21.815,864
21816,21.816,862
21817,21.817,875
21818,21.818,876
21819,21.819,880
21820,21.82,880
21821,21.821,879
21822,21.822,880
21823,21.823,886
21824,21.824,875
21825,21.825,880
21826,21.826,878
21827,21.827,885
21828,21.828,879
21829,21.829,877
21830,21.83,875
21831,21.831,871
21832,21.832,865
21833,21.833,871
21834,21.834,863
21835,21.835,861
21836,21.836,870
21837,21.837,874
21838,21.838,870
21839,21.839,881
21840,21.84,874
21841,21.841,891
21842,21.842,886
21843,21.843,885
21844,21.844,885
21845,21.845,887
21846,21.846,880
21847,21.847,880
21848,21.848,857
21849,21.849,880
21850,21.85,857
21851,21.851,875
21852,21.852,867
21853,21.853,850
21854,21.854,870
21855,21.855,861
21856,21.856,870
21857,21.857,873
21858,21.858,867
21859,21.859,879
21860,21.86,870
21861,21.861,875
21862,21.862,880
21863,21.863,885
21864,21.864,906
21865,21.865,877
21866,21.866,866
21867,21.867,877
21868,21.868,877
21869,21.869,873
21870,21.87,871
21871,21.871,866
21872,21.872,865
21873,21.873,874
21874,21.874,879
21875,21.875,871
21876,21.876,870
21877,21.877,862
21878,21.878,865
21879,21.879,874
21880,21.88,878
21881,21.881,885
21882,21.882,880
21883,21.883,878
21884,21.884,880
21885,21.885,881
21886,21.886,877
21887,21.887,874
21888,21.888,874
21889,21.889,883
21890,21.89,881
21891,21.891,869
21892,21.892,869
21893,21.893,867
21894,21.894,873
21895,21.895,864
21896,21.896,864
21897,21.897,883
21898,21.898,879
21899,21.899,875
21900,21.9,877
21901,21.901,880
21902,21.902,885
21903,21.903,882
21904,21.904,880
21905,21.905,886
21906,21.906,880
21907,21.907,871
21908,21.908,880
21909,21.909,875
21910,21.91,871
21911,21.911,870
21912,21.912,875
21913,21.913,871
21914,21.914,867
21915,21.915,870
21916,21.916,873
21917,21.917,873
21918,21.918,870
21919,21.919,848
21920,21.92,870
21921,21.921,881
21922,21.922,880
21923,21.923,877
21924,21.924,879
21925,21.925,878
21926,21.926,878
21927,21.927,881
21928,21.928,880
21929,21.929,884
21930,21.93,875
21931,21.931,866
21932,21.932,869
21933,21.933,867
21934,21.934,866
21935,21.935,870
21936,21.936,865
21937,21.937,875
21938,21.938,880
21939,21.939,878
21940,21.94,877
21941,21.941,887
21942,21.942,875
21943,21.943,882
21944,21.944,880
21945,21.945,883
21946,21.946,866
21947,21.947,881
21948,21.948,880
21949,21.949,961
21950,21.95,873
21951,21.951,880
21952,21.952,868
21953,21.953,868
21954,21.954,869
21955,21.955,866
21956,21.956,862
21957,21.957,878
21958,21.958,874
21959,21.959,877
21960,21.96,875
21961,21.961,880
21962,21.962,882
21963,21.963,873
21964,21.964,879
21965,21.965,879
21966,21.966,886
21967,21.967,880
21968,21.968,883
21969,21.969,886
21970,21.97,879
21971,21.971,874
21972,21.972,854
21973,21.973,866
21974,21.974,872
21975,21.975,862
21976,21.976,869
21977,21.977,875
21978,21.978,867
21979,21.979,868
21980,21.98,881
21981,21.981,867
21982,21.982,878
21983,21.983,880
21984,21.984,887
21985,21.985,892
21986,21.986,875
21987,21.987,880
21988,21.988,877
21989,21.989,876
21990,21.99,870
21991,21.991,866
21992,21.992,864
21993,21.993,867
21994,21.994,866
21995,21.995,862
21996,21.996,880
21997,21.997,863
21998,21.998,877
21999,21.999,874
22000,22.0,873
22001,22.001,877
22002,22.002,881
22003,22.003,878
22004,22.004,881
22005,22.005,900
22006,22.006,878
22007,22.007,878
22008,22.008,880
22009,22.009,878
22010,22.01,879
22011,22.011,864
22012,22.012,869
22013,22.013,868
22014,22.014,871
22015,22.015,870
22016,22.016,865
22017,22.017,880
22018,22.018,907
22019,22.019,874
22020,22.02,877
22021,22.021,880
22022,22.022,889
22023,22.023,889
22024,22.024,883
22025,22.025,890
22026,22.026,917
22027,22.027,881
22028,22.028,881
22029,22.029,880
22030,22.03,875
22031,22.031,867
22032,22.032,864
22033,22.033,870
22034,22.034,867
22035,22.035,869
22036,22.036,865
22037,22.037,873
22038,22.038,877
22039,22.039,877
22040,22.04,880
22041,22.041,879
22042,22.042,872
22043,22.043,875
22044,22.044,877
22045,22.045,883
22046,22.046,886
22047,22.047,883
22048,22.048,871
22049,22.049,873
22050,22.05,880
22051,22.051,879
22052,22.052,867
22053,22.053,1086
22054,22.054,875
22055,22.055,864
22056,22.056,864
22057,22.057,879
22058,22.058,871
22059,22.059,880
22060,22.06,874
22061,22.061,879
22062,22.062,882
22063,22.063,899
22064,22.064,882
22065,22.065,882
22066,22.066,883
22067,22.067,881
22068,22.068,880
22069,22.069,880
22070,22.07,876
22071,22.071,871
22072,22.072,869
22073,22.073,871
22074,22.074,855
22075,22.075,874
22076,22.076,868
22077,22.077,875
22078,22.078,876
22079,22.079,870
22080,22.08,883
22081,22.081,875
22082,22.082,880
22083,22.083,880
22084,22.084,880
22085,22.085,879
22086,22.086,879
22087,22.087,879
22088,22.088,912
22089,22.089,883
22090,22.09,880
22091,22.091,862
22092,22.092,866
22093,22.093,879
22094,22.094,884
22095,22.095,869
22096,22.096,851
22097,22.097,870
22098,22.098,880
22099,22.099,878
22100,22.1,879
22101,22.101,885
22102,22.102,881
22103,22.103,880
22104,22.104,879
22105,22.105,886
22106,22.106,880
22107,22.107,876
22108,22.108,877
22109,22.109,870
22110,22.11,861
22111,22.111,871
22112,22.112,865
22113,22.113,867
22114,22.114,865
22115,22.115,875
22116,22.116,873
22117,22.117,839
22118,22.118,870
22119,22.119,867
22120,22.12,875
22121,22.121,885
22122,22.122,880
22123,22.123,879
22124,22.124,880
22125,22.125,880
22126,22.126,935
22127,22.127,855
22128,22.128,880
22129,22.129,881
22130,22.13,921
22131,22.131,874
22132,22.132,862
22133,22.133,869
22134,22.134,874
22135,22.135,866
22136,22.136,867
22137,22.137,868
22138,22.138,871
22139,22.139,871
22140,22.14,867
22141,22.141,873
22142,22.142,893
22143,22.143,886
22144,22.144,881
22145,22.145,886
22146,22.146,880
22147,22.147,938
22148,22.148,881
22149,22.149,879
22150,22.15,877
22151,22.151,881
22152,22.152,867
22153,22.153,870
22154,22.154,875
22155,22.155,865
22156,22.156,862
22157,22.157,873
22158,22.158,875
22159,22.159,879
22160,22.16,864
22161,22.161,816
22162,22.162,880
22163,22.163,881
22164,22.164,880
22165,22.165,888
22166,22.166,881
22167,22.167,886
22168,22.168,874
22169,22.169,880
22170,22.17,882
22171,22.171,878
22172,22.172,866
22173,22.173,863
22174,22.174,853
22175,22.175,857
22176,22.176,881
22177,22.177,871
22178,22.178,871
22179,22.179,868
22180,22.18,867
22181,22.181,879
22182,22.182,892
22183,22.183,892
22184,22.184,912
22185,22.185,896
22186,22.186,840
22187,22.187,880
22188,22.188,885
22189,22.189,881
22190,22.19,875
22191,22.191,880
22192,22.192,875
22193,22.193,866
22194,22.194,869
22195,22.195,864
22196,22.196,876
22197,22.197,873
22198,22.198,863
22199,22.199,872
22200,22.2,880
22201,22.201,880
22202,22.202,880
22203,22.203,882
22204,22.204,880
22205,22.205,886
22206,22.206,882
22207,22.207,871
22208,22.208,870
22209,22.209,870
22210,22.21,880
22211,22.211,879
22212,22.212,880
22213,22.213,865
22214,22.214,879
22215,22.215,863
22216,22.216,869
22217,22.217,869
22218,22.218,879
22219,22.219,879
22220,22.22,877
22221,22.221,885
22222,22.222,883
22223,22.223,887
22224,22.224,881
22225,22.225,877
22226,22.226,861
22227,22.227,881
22228,22.228,885
22229,22.229,881
22230,22.23,880
22231,22.231,866
22232,22.232,862
22233,22.233,862
22234,22.234,869
22235,22.235,878
22236,22.236,876
22237,22.237,874
22238,22.238,867
22239,22.239,875
22240,22.24,896
22241,22.241,894
22242,22.242,912
22243,22.243,869
22244,22.244,877
22245,22.245,884
22246,22.246,881
22247,22.247,883
22248,22.248,879
22249,22.249,877
22250,22.25,882
22251,22.251,885
22252,22.252,872
22253,22.253,875
22254,22.254,871
22255,22.255,873
22256,22.256,862
22257,22.257,866
22258,22.258,871
22259,22.259,880
22260,22.26,874
22261,22.261,877
22262,22.262,881
22263,22.263,882
22264,22.264,881
22265,22.265,883
22266,22.266,878
22267,22.267,877
22268,22.268,877
22269,22.269,881
22270,22.27,805
22271,22.271,875
22272,22.272,873
22273,22.273,874
22274,22.274,865
22275,22.275,877
22276,22.276,880
22277,22.277,866
22278,22.278,876
22279,22.279,877
22280,22.28,878
22281,22.281,881
22282,22.282,878
22283,22.283,923
22284,22.284,883
22285,22.285,886
22286,22.286,883
22287,22.287,880
22288,22.288,878
22289,22.289,875
22290,22.29,862
22291,22.291,875
22292,22.292,867
22293,22.293,868
22294,22.294,862
22295,22.295,880
22296,22.296,886
22297,22.297,878
22298,22.298,874
22299,22.299,877
22300,22.3,878
22301,22.301,877
22302,22.302,882
22303,22.303,885
22304,22.304,880
22305,22.305,877
22306,22.306,882
22307,22.307,880
22308,22.308,937
22309,22.309,880
22310,22.31,880
22311,22.311,850
22312,22.312,866
22313,22.313,878
22314,22.314,879
22315,22.315,874
22316,22.316,866
22317,22.317,871
22318,22.318,783
22319,22.319,880
22320,22.32,877
22321,22.321,951
22322,22.322,880
22323,22.323,871
22324,22.324,869
22325,22.325,889
22326,22.326,895
22327,22.327,880
22328,22.328,877
22329,22.329,880
22330,22.33,880
22331,22.331,829
22332,22.332,704
22333,22.333,918
22334,22.334,864
22335,22.335,857
22336,22.336,864
22337,22.337,862
22338,22.338,869
22339,22.339,880
22340,22.34,880
22341,22.341,869
22342,22.342,881
22343,22.343,875
22344,22.344,882
22345,22.345,881
22346,22.346,895
22347,22.347,879
22348,22.348,880
22349,22.349,884
22350,22.35,870
22351,22.351,880
22352,22.352,891
22353,22.353,880
22354,22.354,871
22355,22.355,867
22356,22.356,865
22357,22.357,865
22358,22.358,845
22359,22.359,870
22360,22.36,877
22361,22.361,876
22362,22.362,880
22363,22.363,885
22364,22.364,887
22365,22.365,886
22366,22.366,883
22367,22.367,877
22368,22.368,877
22369,22.369,907
22370,22.37,874
22371,22.371,874
22372,22.372,871
22373,22.373,873
22374,22.374,869
22375,22.375,869
22376,22.376,859
22377,22.377,875
22378,22.378,873
22379,22.379,870
22380,22.38,871
22381,22.381,867
22382,22.382,880
22383,22.383,889
22384,22.384,804
22385,22.385,883
22386,22.386,887
22387,22.387,877
22388,22.388,885
22389,22.389,880
22390,22.39,880
22391,22.391,885
22392,22.392,871
22393,22.393,875
22394,22.394,870
22395,22.395,870
22396,22.396,865
22397,22.397,869
22398,22.398,879
22399,22.399,871
22400,22.4,871
22401,22.401,876
22402,22.402,879
22403,22.403,880
22404,22.404,881
22405,22.405,899
22406,22.406,877
22407,22.407,882
22408,22.408,880
22409,22.409,874
22410,22.41,882
22411,22.411,873
22412,22.412,869
22413,22.413,875
22414,22.414,870
22415,22.415,866
22416,22.416,870
22417,22.417,871
22418,22.418,873
22419,22.419,878
22420,22.42,871
22421,22.421,877
22422,22.422,880
22423,22.423,880
22424,22.424,881
22425,22.425,880
22426,22.426,867
22427,22.427,877
22428,22.428,880
22429,22.429,883
22430,22.43,883
22431,22.431,883
22432,22.432,876
22433,22.433,873
22434,22.434,879
22435,22.435,864
22436,22.436,867
22437,22.437,878
22438,22.438,871
22439,22.439,870
22440,22.44,864
22441,22.441,878
22442,22.442,880
22443,22.443,875
22444,22.444,874
22445,22.445,878
22446,22.446,880
22447,22.447,875
22448,22.448,880
22449,22.449,878
22450,22.45,869
22451,22.451,880
22452,22.452,874
22453,22.453,870
22454,22.454,867
22455,22.455,867
22456,22.456,859
22457,22.457,871
22458,22.458,876
22459,22.459,878
22460,22.46,881
22461,22.461,880
22462,22.462,875
22463,22.463,878
22464,22.464,874
22465,22.465,875
22466,22.466,895
22467,22.467,849
22468,22.468,878
22469,22.469,864
22470,22.47,869
22471,22.471,879
22472,22.472,866
22473,22.473,805
22474,22.474,876
22475,22.475,868
22476,22.476,869
22477,22.477,863
22478,22.478,873
22479,22.479,874
22480,22.48,875
22481,22.481,875
22482,22.482,878
22483,22.483,880
22484,22.484,878
22485,22.485,881
22486,22.486,886
22487,22.487,880
22488,22.488,880
22489,22.489,874
22490,22.49,875
22491,22.491,871
22492,22.492,878
22493,22.493,874
22494,22.494,864
22495,22.495,868
22496,22.496,866
22497,22.497,866
22498,22.498,910
22499,22.499,877
22500,22.5,880
22501,22.501,922
22502,22.502,876
22503,22.503,888
22504,22.504,901
22505,22.505,882
22506,22.506,887
22507,22.507,887
22508,22.508,877
22509,22.509,877
22510,22.51,885
22511,22.511,880
22512,22.512,878
22513,22.513,867
22514,22.514,869
22515,22.515,873
22516,22.516,867
22517,22.517,861
22518,22.518,875
22519,22.519,877
22520,22.52,863
22521,22.521,874
22522,22.522,854
22523,22.523,877
22524,22.524,877
22525,22.525,880
22526,22.526,871
22527,22.527,854
22528,22.528,881
22529,22.529,883
22530,22.53,908
22531,22.531,875
22532,22.532,878
22533,22.533,874
22534,22.534,864
22535,22.535,868
22536,22.536,868
22537,22.537,867
22538,22.538,879
22539,22.539,870
22540,22.54,886
22541,22.541,875
22542,22.542,874
22543,22.543,880
22544,22.544,878
22545,22.545,875
22546,22.546,882
22547,22.547,879
22548,22.548,882
22549,22.549,878
22550,22.55,877
22551,22.551,863
22552,22.552,871
22553,22.553,865
22554,22.554,869
22555,22.555,868
22556,22.556,859
22557,22.557,879
22558,22.558,885
22559,22.559,880
22560,22.56,843
22561,22.561,870
22562,22.562,880
22563,22.563,879
22564,22.564,882
22565,22.565,871
22566,22.566,886
22567,22.567,880
22568,22.568,875
22569,22.569,880
22570,22.57,871
22571,22.571,880
22572,22.572,879
22573,22.573,871
22574,22.574,881
22575,22.575,869
22576,22.576,851
22577,22.577,862
22578,22.578,868
22579,22.579,870
22580,22.58,859
22581,22.581,870
22582,22.582,867
22583,22.583,880
22584,22.584,884
22585,22.585,880
22586,22.586,880
22587,22.587,894
22588,22.588,887
22589,22.589,863
22590,22.59,850
22591,22.591,849
22592,22.592,870
22593,22.593,877
22594,22.594,880
22595,22.595,871
22596,22.596,850
22597,22.597,848
22598,22.598,853
22599,22.599,851
22600,22.6,827
22601,22.601,837
22602,22.602,785
22603,22.603,879
22604,22.604,887
22605,22.605,893
22606,22.606,891
22607,22.607,909
22608,22.608,881
22609,22.609,842
22610,22.61,810
22611,22.611,802
22612,22.612,825
22613,22.613,873
22614,22.614,892
22615,22.615,879
22616,22.616,881
22617,22.617,883
22618,22.618,880
22619,22.619,895
22620,22.62,922
22621,22.621,959
22622,22.622,956
22623,22.623,942
22624,22.624,893
22625,22.625,855
22626,22.626,823
22627,22.627,848
22628,22.628,870
22629,22.629,880
22630,22.63,907
22631,22.631,897
22632,22.632,870
22633,22.633,869
22634,22.634,866
22635,22.635,880
22636,22.636,868
22637,22.637,854
22638,22.638,827
22639,22.639,851
22640,22.64,890
22641,22.641,907
22642,22.642,894
22643,22.643,861
22644,22.644,857
22645,22.645,827
22646,22.646,825
22647,22.647,848
22648,22.648,855
22649,22.649,866
22650,22.65,848
22651,22.651,865
22652,22.652,851
22653,22.653,858
22654,22.654,848
22655,22.655,870
22656,22.656,880
22657,22.657,849
22658,22.658,848
22659,22.659,851
22660,22.66,867
22661,22.661,861
22662,22.662,870
22663,22.663,890
22664,22.664,877
22665,22.665,894
22666,22.666,943
22667,22.667,979
22668,22.668,981
22669,22.669,982
22670,22.67,917
22671,22.671,906
22672,22.672,878
22673,22.673,873
22674,22.674,895
22675,22.675,909
22676,22.676,876
22677,22.677,835
22678,22.678,781
22679,22.679,779
22680,22.68,817
22681,22.681,880
22682,22.682,922
22683,22.683,989
22684,22.684,1041
22685,22.685,989
22686,22.686,878
22687,22.687,920
22688,22.688,863
22689,22.689,785
22690,22.69,794
22691,22.691,851
22692,22.692,814
22693,22.693,749
22694,22.694,823
22695,22.695,928
22696,22.696,925
22697,22.697,835
22698,22.698,816
22699,22.699,849
22700,22.7,863
22701,22.701,875
22702,22.702,925
22703,22.703,911
22704,22.704,865
22705,22.705,767
22706,22.706,693
22707,22.707,743
22708,22.708,960
22709,22.709,1190
22710,22.71,1154
22711,22.711,977
22712,22.712,834
22713,22.713,749
22714,22.714,802
22715,22.715,848
22716,22.716,832
22717,22.717,897
22718,22.718,947
22719,22.719,944
22720,22.72,924
22721,22.721,816
22722,22.722,598
22723,22.723,656
22724,22.724,850
22725,22.725,1014
22726,22.726,1023
22727,22.727,950
22728,22.728,858
22729,22.729,756
22730,22.73,897
22731,22.731,930
22732,22.732,899
22733,22.733,930
22734,22.734,955
22735,22.735,847
22736,22.736,813
22737,22.737,750
22738,22.738,752
22739,22.739,839
22740,22.74,930
22741,22.741,891
22742,22.742,864
22743,22.743,881
22744,22.744,896
22745,22.745,895
22746,22.746,939
22747,22.747,1003
22748,22.748,979
22749,22.749,886
22750,22.75,858
22751,22.751,816
22752,22.752,847
22753,22.753,895
22754,22.754,784
22755,22.755,791
22756,22.756,814
22757,22.757,919
22758,22.758,1014
22759,22.759,1068
22760,22.76,979
22761,22.761,818
22762,22.762,723
22763,22.763,705
22764,22.764,736
22765,22.765,861
22766,22.766,957
22767,22.767,752
22768,22.768,818
22769,22.769,838
22770,22.77,999
22771,22.771,1122
22772,22.772,1037
22773,22.773,894
22774,22.774,795
22775,22.775,816
22776,22.776,813
22777,22.777,870
22778,22.778,886
22779,22.779,898
22780,22.78,821
22781,22.781,801
22782,22.782,831
22783,22.783,849
22784,22.784,917
22785,22.785,862
22786,22.786,815
22787,22.787,862
22788,22.788,823
22789,22.789,837
22790,22.79,847
22791,22.791,875
22792,22.792,1008
22793,22.793,1021
22794,22.794,927
22795,22.795,885
22796,22.796,771
22797,22.797,707
22798,22.798,617
22799,22.799,727
22800,22.8,858
22801,22.801,1006
22802,22.802,1062
22803,22.803,1038
22804,22.804,998
22805,22.805,945
22806,22.806,916
22807,22.807,922
22808,22.808,897
22809,22.809,879
22810,22.81,974
22811,22.811,870
22812,22.812,823
22813,22.813,850
22814,22.814,878
22815,22.815,851
22816,22.816,847
22817,22.817,809
22818,22.818,817
22819,22.819,856
22820,22.82,894
22821,22.821,854
22822,22.822,817
22823,22.823,881
22824,22.824,976
22825,22.825,1066
22826,22.826,1006
22827,22.827,853
22828,22.828,818
22829,22.829,794
22830,22.83,801
22831,22.831,901
22832,22.832,906
22833,22.833,839
22834,22.834,812
22835,22.835,805
22836,22.836,848
22837,22.837,934
22838,22.838,955
22839,22.839,863
22840,22.84,751
22841,22.841,816
22842,22.842,854
22843,22.843,918
22844,22.844,880
22845,22.845,946
22846,22.846,895
22847,22.847,861
22848,22.848,864
22849,22.849,899
22850,22.85,885
22851,22.851,918
22852,22.852,963
22853,22.853,917
22854,22.854,832
22855,22.855,777
22856,22.856,791
22857,22.857,863
22858,22.858,811
22859,22.859,770
22860,22.86,877
22861,22.861,964
22862,22.862,1040
22863,22.863,956
22864,22.864,939
22865,22.865,833
22866,22.866,863
22867,22.867,863
22868,22.868,829
22869,22.869,917
22870,22.87,907
22871,22.871,934
22872,22.872,922
22873,22.873,910
22874,22.874,926
22875,22.875,917
22876,22.876,893
22877,22.877,822
22878,22.878,716
22879,22.879,879
22880,22.88,899
22881,22.881,713
22882,22.882,661
22883,22.883,758
22884,22.884,898
22885,22.885,1031
22886,22.886,1062
22887,22.887,974
22888,22.888,883
22889,22.889,777
22890,22.89,688
22891,22.891,880
22892,22.892,996
22893,22.893,1008
22894,22.894,910
22895,22.895,919
22896,22.896,863
22897,22.897,832
22898,22.898,880
22899,22.899,958
22900,22.9,932
22901,22.901,896
22902,22.902,880
22903,22.903,769
22904,22.904,812
22905,22.905,854
22906,22.906,837
22907,22.907,877
22908,22.908,896
22909,22.909,903
22910,22.91,900
22911,22.911,885
22912,22.912,906
22913,22.913,891
22914,22.914,838
22915,22.915,846
22916,22.916,859
22917,22.917,851
22918,22.918,896
22919,22.919,842
22920,22.92,823
22921,22.921,883
22922,22.922,934
22923,22.923,914
22924,22.924,871
22925,22.925,866
22926,22.926,926
22927,22.927,919
22928,22.928,882
22929,22.929,858
22930,22.93,846
22931,22.931,854
22932,22.932,807
22933,22.933,779
22934,22.934,722
22935,22.935,755
22936,22.936,881
22937,22.937,975
22938,22.938,954
22939,22.939,896
22940,22.94,897
22941,22.941,929
22942,22.942,938
22943,22.943,906
22944,22.944,899
22945,22.945,847
22946,22.946,899
22947,22.947,912
22948,22.948,861
22949,22.949,848
22950,22.95,825
22951,22.951,832
22952,22.952,871
22953,22.953,950
22954,22.954,907
22955,22.955,814
22956,22.956,779
22957,22.957,753
22958,22.958,804
22959,22.959,860
22960,22.96,925
22961,22.961,902
22962,22.962,1015
22963,22.963,1042
22964,22.964,921
22965,22.965,829
22966,22.966,848
22967,22.967,773
22968,22.968,843
22969,22.969,846
22970,22.97,889
22971,22.971,986
22972,22.972,999
22973,22.973,935
22974,22.974,897
22975,22.975,801
22976,22.976,763
22977,22.977,720
22978,22.978,595
22979,22.979,688
22980,22.98,855
22981,22.981,1008
22982,22.982,1055
22983,22.983,973
22984,22.984,993
22985,22.985,965
22986,22.986,925
22987,22.987,950
22988,22.988,906
22989,22.989,859
22990,22.99,821
22991,22.991,796
22992,22.992,825
22993,22.993,844
22994,22.994,865
22995,22.995,925
22996,22.996,914
22997,22.997,897
22998,22.998,909
22999,22.999,889
23000,23.0,807
23001,23.001,833
23002,23.002,902
23003,23.003,870
23004,23.004,835
23005,23.005,843
23006,23.006,896
23007,23.007,912
23008,23.008,846
23009,23.009,781
23010,23.01,848
23011,23.011,945
23012,23.012,970
23013,23.013,911
23014,23.014,804
23015,23.015,809
23016,23.016,827
23017,23.017,850
23018,23.018,867
23019,23.019,835
23020,23.02,841
23021,23.021,887
23022,23.022,955
23023,23.023,999
23024,23.024,950
23025,23.025,846
23026,23.026,782
23027,23.027,832
23028,23.028,924
23029,23.029,925
23030,23.03,893
23031,23.031,827
23032,23.032,817
23033,23.033,873
23034,23.034,859
23035,23.035,791
23036,23.036,807
23037,23.037,801
23038,23.038,921
23039,23.039,1009
23040,23.04,976
23041,23.041,931
23042,23.042,889
23043,23.043,847
23044,23.044,895
23045,23.045,897
23046,23.046,858
23047,23.047,848
23048,23.048,871
23049,23.049,925
23050,23.05,933
23051,23.051,868
23052,23.052,833
23053,23.053,799
23054,23.054,861
23055,23.055,843
23056,23.056,847
23057,23.057,848
23058,23.058,860
23059,23.059,837
23060,23.06,879
23061,23.061,928
23062,23.062,944
23063,23.063,894
23064,23.064,827
23065,23.065,755
23066,23.066,791
23067,23.067,927
23068,23.068,934
23069,23.069,925
23070,23.07,931
23071,23.071,946
23072,23.072,954
23073,23.073,929
23074,23.074,929
23075,23.075,933
23076,23.076,777
23077,23.077,653
23078,23.078,685
23079,23.079,870
23080,23.08,927
23081,23.081,893
23082,23.082,930
23083,23.083,890
23084,23.084,906
23085,23.085,909
23086,23.086,941
23087,23.087,963
23088,23.088,886
23089,23.089,846
23090,23.09,870
23091,23.091,859
23092,23.092,834
23093,23.093,773
23094,23.094,784
23095,23.095,913
23096,23.096,901
23097,23.097,937
23098,23.098,918
23099,23.099,855
23100,23.1,784
23101,23.101,803
23102,23.102,853
23103,23.103,861
23104,23.104,850
23105,23.105,975
23106,23.106,887
23107,23.107,875
23108,23.108,853
23109,23.109,880
23110,23.11,883
23111,23.111,890
23112,23.112,837
23113,23.113,848
23114,23.114,859
23115,23.115,843
23116,23.116,841
23117,23.117,871
23118,23.118,931
23119,23.119,950
23120,23.12,922
23121,23.121,848
23122,23.122,787
23123,23.123,750
23124,23.124,791
23125,23.125,857
23126,23.126,990
23127,23.127,949
23128,23.128,866
23129,23.129,879
23130,23.13,916
23131,23.131,855
23132,23.132,819
23133,23.133,859
23134,23.134,887
23135,23.135,915
23136,23.136,881
23137,23.137,879
23138,23.138,852
23139,23.139,912
23140,23.14,961
23141,23.141,891
23142,23.142,858
23143,23.143,855
23144,23.144,833
23145,23.145,865
23146,23.146,893
23147,23.147,914
23148,23.148,879
23149,23.149,865
23150,23.15,901
23151,23.151,923
23152,23.152,897
23153,23.153,844
23154,23.154,857
23155,23.155,828
23156,23.156,816
23157,23.157,827
23158,23.158,880
23159,23.159,867
23160,23.16,801
23161,23.161,822
23162,23.162,907
23163,23.163,975
23164,23.164,954
23165,23.165,880
23166,23.166,866
23167,23.167,927
23168,23.168,911
23169,23.169,824
23170,23.17,797
23171,23.171,835
23172,23.172,860
23173,23.173,875
23174,23.174,875
23175,23.175,855
23176,23.176,865
23177,23.177,877
23178,23.178,855
23179,23.179,882
23180,23.18,909
23181,23.181,882
23182,23.182,875
23183,23.183,891
23184,23.184,874
23185,23.185,877
23186,23.186,880
23187,23.187,884
23188,23.188,859
23189,23.189,839
23190,23.19,880
23191,23.191,953
23192,23.192,927
23193,23.193,880
23194,23.194,848
23195,23.195,826
23196,23.196,841
23197,23.197,833
23198,23.198,880
23199,23.199,894
23200,23.2,880
23201,23.201,934
23202,23.202,921
23203,23.203,835
23204,23.204,827
23205,23.205,847
23206,23.206,849
23207,23.207,853
23208,23.208,843
23209,23.209,917
23210,23.21,979
23211,23.211,926
23212,23.212,864
23213,23.213,846
23214,23.214,830
23215,23.215,865
23216,23.216,861
23217,23.217,863
23218,23.218,865
23219,23.219,878
23220,23.22,867
23221,23.221,853
23222,23.222,863
23223,23.223,881
23224,23.224,903
23225,23.225,889
23226,23.226,896
23227,23.227,891
23228,23.228,912
23229,23.229,926
23230,23.23,903
23231,23.231,866
23232,23.232,848
23233,23.233,822
23234,23.234,839
23235,23.235,861
23236,23.236,875
23237,23.237,864
23238,23.238,841
23239,23.239,848
23240,23.24,905
23241,23.241,924
23242,23.242,912
23243,23.243,898
23244,23.244,899
23245,23.245,864
23246,23.246,881
23247,23.247,871
23248,23.248,923
23249,23.249,896
23250,23.25,858
23251,23.251,802
23252,23.252,838
23253,23.253,880
23254,23.254,907
23255,23.255,859
23256,23.256,819
23257,23.257,864
23258,23.258,910
23259,23.259,941
23260,23.26,921
23261,23.261,880
23262,23.262,880
23263,23.263,859
23264,23.264,805
23265,23.265,850
23266,23.266,926
23267,23.267,891
23268,23.268,861
23269,23.269,865
23270,23.27,935
23271,23.271,897
23272,23.272,817
23273,23.273,816
23274,23.274,816
23275,23.275,869
23276,23.276,883
23277,23.277,858
23278,23.278,880
23279,23.279,897
23280,23.28,997
23281,23.281,925
23282,23.282,834
23283,23.283,815
23284,23.284,817
23285,23.285,826
23286,23.286,855
23287,23.287,851
23288,23.288,912
23289,23.289,935
23290,23.29,918
23291,23.291,871
23292,23.292,809
23293,23.293,898
23294,23.294,903
23295,23.295,868
23296,23.296,856
23297,23.297,877
23298,23.298,879
23299,23.299,864
23300,23.3,908
23301,23.301,963
23302,23.302,937
23303,23.303,917
23304,23.304,889
23305,23.305,825
23306,23.306,791
23307,23.307,779
23308,23.308,799
23309,23.309,831
23310,23.31,662
23311,23.311,849
23312,23.312,831
23313,23.313,902
23314,23.314,926
23315,23.315,966
23316,23.316,989
23317,23.317,919
23318,23.318,881
23319,23.319,880
23320,23.32,848
23321,23.321,823
23322,23.322,808
23323,23.323,776
23324,23.324,837
23325,23.325,857
23326,23.326,852
23327,23.327,802
23328,23.328,788
23329,23.329,856
23330,23.33,977
23331,23.331,1022
23332,23.332,938
23333,23.333,863
23334,23.334,851
23335,23.335,876
23336,23.336,917
23337,23.337,965
23338,23.338,944
23339,23.339,920
23340,23.34,906
23341,23.341,813
23342,23.342,811
23343,23.343,832
23344,23.344,848
23345,23.345,875
23346,23.346,875
23347,23.347,850
23348,23.348,867
23349,23.349,867
23350,23.35,907
23351,23.351,907
23352,23.352,895
23353,23.353,919
23354,23.354,887
23355,23.355,816
23356,23.356,832
23357,23.357,842
23358,23.358,852
23359,23.359,872
23360,23.36,797
23361,23.361,865
23362,23.362,827
23363,23.363,903
23364,23.364,928
23365,23.365,944
23366,23.366,944
23367,23.367,885
23368,23.368,847
23369,23.369,856
23370,23.37,833
23371,23.371,859
23372,23.372,954
23373,23.373,848
23374,23.374,797
23375,23.375,873
23376,23.376,976
23377,23.377,976
23378,23.378,914
23379,23.379,859
23380,23.38,799
23381,23.381,816
23382,23.382,821
23383,23.383,851
23384,23.384,857
23385,23.385,862
23386,23.386,831
23387,23.387,794
23388,23.388,900
23389,23.389,969
23390,23.39,896
23391,23.391,816
23392,23.392,800
23393,23.393,881
23394,23.394,1007
23395,23.395,1014
23396,23.396,982
23397,23.397,890
23398,23.398,753
23399,23.399,771
23400,23.4,850
23401,23.401,896
23402,23.402,888
23403,23.403,902
23404,23.404,955
23405,23.405,885
23406,23.406,889
23407,23.407,881
23408,23.408,869
23409,23.409,862
23410,23.41,882
23411,23.411,849
23412,23.412,854
23413,23.413,823
23414,23.414,845
23415,23.415,887
23416,23.416,868
23417,23.417,851
23418,23.418,843
23419,23.419,864
23420,23.42,847
23421,23.421,899
23422,23.422,848
23423,23.423,919
23424,23.424,959
23425,23.425,959
23426,23.426,878
23427,23.427,816
23428,23.428,873
23429,23.429,914
23430,23.43,898
23431,23.431,889
23432,23.432,839
23433,23.433,765
23434,23.434,803
23435,23.435,845
23436,23.436,875
23437,23.437,870
23438,23.438,873
23439,23.439,912
23440,23.44,912
23441,23.441,899
23442,23.442,858
23443,23.443,901
23444,23.444,882
23445,23.445,847
23446,23.446,867
23447,23.447,891
23448,23.448,883
23449,23.449,899
23450,23.45,873
23451,23.451,845
23452,23.452,853
23453,23.453,896
23454,23.454,905
23455,23.455,880
23456,23.456,863
23457,23.457,851
23458,23.458,873
23459,23.459,896
23460,23.46,883
23461,23.461,864
23462,23.462,816
23463,23.463,803
23464,23.464,827
23465,23.465,877
23466,23.466,945
23467,23.467,954
23468,23.468,927
23469,23.469,910
23470,23.47,886
23471,23.471,883
23472,23.472,863
23473,23.473,871
23474,23.474,880
23475,23.475,874
23476,23.476,872
23477,23.477,880
23478,23.478,898
23479,23.479,907
23480,23.48,907
23481,23.481,876
23482,23.482,839
23483,23.483,816
23484,23.484,843
23485,23.485,861
23486,23.486,863
23487,23.487,893
23488,23.488,829
23489,23.489,815
23490,23.49,853
23491,23.491,853
23492,23.492,864
23493,23.493,931
23494,23.494,913
23495,23.495,899
23496,23.496,929
23497,23.497,912
23498,23.498,902
23499,23.499,835
23500,23.5,807
23501,23.501,850
23502,23.502,882
23503,23.503,871
23504,23.504,880
23505,23.505,842
23506,23.506,853
23507,23.507,859
23508,23.508,855
23509,23.509,849
23510,23.51,823
23511,23.511,848
23512,23.512,903
23513,23.513,962
23514,23.514,974
23515,23.515,955
23516,23.516,926
23517,23.517,883
23518,23.518,835
23519,23.519,813
23520,23.52,835
23521,23.521,862
23522,23.522,880
23523,23.523,868
23524,23.524,868
23525,23.525,848
23526,23.526,851
23527,23.527,886
23528,23.528,918
23529,23.529,899
23530,23.53,912
23531,23.531,895
23532,23.532,846
23533,23.533,865
23534,23.534,855
23535,23.535,867
23536,23.536,868
23537,23.537,854
23538,23.538,825
23539,23.539,887
23540,23.54,893
23541,23.541,890
23542,23.542,865
23543,23.543,857
23544,23.544,861
23545,23.545,848
23546,23.546,867
23547,23.547,868
23548,23.548,891
23549,23.549,949
23550,23.55,899
23551,23.551,882
23552,23.552,845
23553,23.553,857
23554,23.554,887
23555,23.555,889
23556,23.556,849
23557,23.557,833
23558,23.558,866
23559,23.559,880
23560,23.56,891
23561,23.561,897
23562,23.562,874
23563,23.563,804
23564,23.564,875
23565,23.565,912
23566,23.566,927
23567,23.567,911
23568,23.568,880
23569,23.569,853
23570,23.57,825
23571,23.571,931
23572,23.572,880
23573,23.573,880
23574,23.574,852
23575,23.575,823
23576,23.576,838
23577,23.577,849
23578,23.578,895
23579,23.579,913
23580,23.58,892
23581,23.581,870
23582,23.582,832
23583,23.583,848
23584,23.584,903
23585,23.585,893
23586,23.586,882
23587,23.587,896
23588,23.588,853
23589,23.589,832
23590,23.59,843
23591,23.591,911
23592,23.592,912
23593,23.593,929
23594,23.594,939
23595,23.595,941
23596,23.596,913
23597,23.597,869
23598,23.598,865
23599,23.599,832
23600,23.6,813
23601,23.601,814
23602,23.602,753
23603,23.603,854
23604,23.604,876
23605,23.605,861
23606,23.606,861
23607,23.607,884
23608,23.608,901
23609,23.609,880
23610,23.61,893
23611,23.611,897
23612,23.612,864
23613,23.613,864
23614,23.614,849
23615,23.615,862
23616,23.616,880
23617,23.617,876
23618,23.618,859
23619,23.619,866
23620,23.62,857
23621,23.621,869
23622,23.622,880
23623,23.623,880
23624,23.624,882
23625,23.625,879
23626,23.626,877
23627,23.627,878
23628,23.628,880
23629,23.629,875
23630,23.63,912
23631,23.631,952
23632,23.632,951
23633,23.633,927
23634,23.634,848
23635,23.635,848
23636,23.636,828
23637,23.637,830
23638,23.638,834
23639,23.639,863
23640,23.64,918
23641,23.641,882
23642,23.642,909
23643,23.643,871
23644,23.644,810
23645,23.645,852
23646,23.646,858
23647,23.647,835
23648,23.648,851
23649,23.649,878
23650,23.65,848
23651,23.651,863
23652,23.652,881
23653,23.653,906
23654,23.654,880
23655,23.655,816
23656,23.656,840
23657,23.657,876
23658,23.658,906
23659,23.659,886
23660,23.66,843
23661,23.661,845
23662,23.662,871
23663,23.663,871
23664,23.664,884
23665,23.665,899
23666,23.666,912
23667,23.667,898
23668,23.668,897
23669,23.669,871
23670,23.67,839
23671,23.671,850
23672,23.672,845
23673,23.673,873
23674,23.674,890
23675,23.675,894
23676,23.676,938
23677,23.677,919
23678,23.678,881
23679,23.679,859
23680,23.68,877
23681,23.681,878
23682,23.682,862
23683,23.683,847
23684,23.684,850
23685,23.685,876
23686,23.686,898
23687,23.687,917
23688,23.688,896
23689,23.689,878
23690,23.69,859
23691,23.691,848
23692,23.692,883
23693,23.693,893
23694,23.694,872
23695,23.695,855
23696,23.696,866
23697,23.697,877
23698,23.698,848
23699,23.699,868
23700,23.7,885
23701,23.701,910
23702,23.702,879
23703,23.703,848
23704,23.704,851
23705,23.705,871
23706,23.706,907
23707,23.707,880
23708,23.708,859
23709,23.709,825
23710,23.71,849
23711,23.711,931
23712,23.712,943
23713,23.713,881
23714,23.714,841
23715,23.715,809
23716,23.716,837
23717,23.717,843
23718,23.718,854
23719,23.719,863
23720,23.72,858
23721,23.721,903
23722,23.722,899
23723,23.723,876
23724,23.724,864
23725,23.725,866
23726,23.726,880
23727,23.727,855
23728,23.728,847
23729,23.729,858
23730,23.73,880
23731,23.731,876
23732,23.732,880
23733,23.733,893
23734,23.734,905
23735,23.735,899
23736,23.736,865
23737,23.737,859
23738,23.738,848
23739,23.739,859
23740,23.74,862
23741,23.741,877
23742,23.742,898
23743,23.743,882
23744,23.744,877
23745,23.745,890
23746,23.746,899
23747,23.747,907
23748,23.748,883
23749,23.749,866
23750,23.75,867
23751,23.751,886
23752,23.752,859
23753,23.753,861
23754,23.754,877
23755,23.755,855
23756,23.756,852
23757,23.757,837
23758,23.758,831
23759,23.759,845
23760,23.76,869
23761,23.761,898
23762,23.762,915
23763,23.763,898
23764,23.764,871
23765,23.765,878
23766,23.766,869
23767,23.767,861
23768,23.768,866
23769,23.769,862
23770,23.77,880
23771,23.771,851
23772,23.772,848
23773,23.773,883
23774,23.774,891
23775,23.775,909
23776,23.776,903
23777,23.777,880
23778,23.778,873
23779,23.779,889
23780,23.78,898
23781,23.781,897
23782,23.782,877
23783,23.783,864
23784,23.784,880
23785,23.785,874
23786,23.786,835
23787,23.787,832
23788,23.788,907
23789,23.789,983
23790,23.79,976
23791,23.791,913
23792,23.792,814
23793,23.793,736
23794,23.794,772
23795,23.795,815
23796,23.796,833
23797,23.797,871
23798,23.798,883
23799,23.799,865
23800,23.8,868
23801,23.801,895
23802,23.802,911
23803,23.803,891
23804,23.804,892
23805,23.805,895
23806,23.806,851
23807,23.807,873
23808,23.808,890
23809,23.809,895
23810,23.81,886
23811,23.811,875
23812,23.812,844
23813,23.813,854
23814,23.814,851
23815,23.815,894
23816,23.816,926
23817,23.817,901
23818,23.818,871
23819,23.819,831
23820,23.82,823
23821,23.821,835
23822,23.822,803
23823,23.823,822
23824,23.824,912
23825,23.825,993
23826,23.826,997
23827,23.827,939
23828,23.828,912
23829,23.829,867
23830,23.83,875
23831,23.831,861
23832,23.832,859
23833,23.833,848
23834,23.834,861
23835,23.835,848
23836,23.836,839
23837,23.837,863
23838,23.838,891
23839,23.839,887
23840,23.84,882
23841,23.841,875
23842,23.842,861
23843,23.843,871
23844,23.844,872
23845,23.845,884
23846,23.846,891
23847,23.847,894
23848,23.848,902
23849,23.849,905
23850,23.85,893
23851,23.851,857
23852,23.852,832
23853,23.853,848
23854,23.854,869
23855,23.855,873
23856,23.856,899
23857,23.857,944
23858,23.858,899
23859,23.859,880
23860,23.86,826
23861,23.861,819
23862,23.862,831
23863,23.863,848
23864,23.864,866
23865,23.865,881
23866,23.866,883
23867,23.867,860
23868,23.868,879
23869,23.869,896
23870,23.87,894
23871,23.871,880
23872,23.872,850
23873,23.873,757
23874,23.874,874
23875,23.875,880
23876,23.876,855
23877,23.877,859
23878,23.878,875
23879,23.879,870
23880,23.88,944
23881,23.881,997
23882,23.882,1008
23883,23.883,957
23884,23.884,805
23885,23.885,733
23886,23.886,798
23887,23.887,802
23888,23.888,823
23889,23.889,846
23890,23.89,879
23891,23.891,880
23892,23.892,928
23893,23.893,892
23894,23.894,887
23895,23.895,855
23896,23.896,848
23897,23.897,854
23898,23.898,875
23899,23.899,863
23900,23.9,858
23901,23.901,873
23902,23.902,865
23903,23.903,883
23904,23.904,891
23905,23.905,899
23906,23.906,882
23907,23.907,885
23908,23.908,883
23909,23.909,887
23910,23.91,899
23911,23.911,879
23912,23.912,880
23913,23.913,882
23914,23.914,903
23915,23.915,890
23916,23.916,855
23917,23.917,925
23918,23.918,863
23919,23.919,671
23920,23.92,882
23921,23.921,853
23922,23.922,853
23923,23.923,868
23924,23.924,875
23925,23.925,855
23926,23.926,880
23927,23.927,881
23928,23.928,909
23929,23.929,919
23930,23.93,889
23931,23.931,857
23932,23.932,855
23933,23.933,881
23934,23.934,863
23935,23.935,832
23936,23.936,851
23937,23.937,885
23938,23.938,901
23939,23.939,887
23940,23.94,857
23941,23.941,833
23942,23.942,834
23943,23.943,838
23944,23.944,851
23945,23.945,886
23946,23.946,911
23947,23.947,882
23948,23.948,897
23949,23.949,899
23950,23.95,902
23951,23.951,863
23952,23.952,897
23953,23.953,865
23954,23.954,863
23955,23.955,878
23956,23.956,879
23957,23.957,832
23958,23.958,855
23959,23.959,864
23960,23.96,881
23961,23.961,878
23962,23.962,861
23963,23.963,879
23964,23.964,854
23965,23.965,843
23966,23.966,858
23967,23.967,891
23968,23.968,892
23969,23.969,903
23970,23.97,912
23971,23.971,875
23972,23.972,867
23973,23.973,867
23974,23.974,867
23975,23.975,885
23976,23.976,882
23977,23.977,880
23978,23.978,865
23979,23.979,862
23980,23.98,848
23981,23.981,873
23982,23.982,899
23983,23.983,880
23984,23.984,868
23985,23.985,880
23986,23.986,868
23987,23.987,886
23988,23.988,895
23989,23.989,879
23990,23.99,881
23991,23.991,881
23992,23.992,879
23993,23.993,880
23994,23.994,885
23995,23.995,880
23996,23.996,881
23997,23.997,871
23998,23.998,852
23999,23.999,834
24000,24.0,843
24001,24.001,865
24002,24.002,877
24003,24.003,879
24004,24.004,875
24005,24.005,877
24006,24.006,886
24007,24.007,880
24008,24.008,877
24009,24.009,880
24010,24.01,858
24011,24.011,877
24012,24.012,882
24013,24.013,877
24014,24.014,816
24015,24.015,871
24016,24.016,867
24017,24.017,882
24018,24.018,877
24019,24.019,881
24020,24.02,881
24021,24.021,853
24022,24.022,863
24023,24.023,845
24024,24.024,870
24025,24.025,887
24026,24.026,870
24027,24.027,851
24028,24.028,855
24029,24.029,886
24030,24.03,889
24031,24.031,884
24032,24.032,894
24033,24.033,866
24034,24.034,868
24035,24.035,894
24036,24.036,909
24037,24.037,881
24038,24.038,853
24039,24.039,833
24040,24.04,855
24041,24.041,685
24042,24.042,880
24043,24.043,880
24044,24.044,874
24045,24.045,863
24046,24.046,870
24047,24.047,869
24048,24.048,866
24049,24.049,863
24050,24.05,854
24051,24.051,832
24052,24.052,896
24053,24.053,912
24054,24.054,896
24055,24.055,886
24056,24.056,870
24057,24.057,862
24058,24.058,839
24059,24.059,872
24060,24.06,880
24061,24.061,883
24062,24.062,880
24063,24.063,867
24064,24.064,875
24065,24.065,883
24066,24.066,908
24067,24.067,901
24068,24.068,864
24069,24.069,858
24070,24.07,875
24071,24.071,866
24072,24.072,878
24073,24.073,867
24074,24.074,863
24075,24.075,875
24076,24.076,862
24077,24.077,853
24078,24.078,860
24079,24.079,846
24080,24.08,859
24081,24.081,887
24082,24.082,883
24083,24.083,875
24084,24.084,858
24085,24.085,875
24086,24.086,862
24087,24.087,896
24088,24.088,894
24089,24.089,912
24090,24.09,901
24091,24.091,896
24092,24.092,896
24093,24.093,883
24094,24.094,903
24095,24.095,837
24096,24.096,878
24097,24.097,898
24098,24.098,879
24099,24.099,830
24100,24.1,834
24101,24.101,867
24102,24.102,864
24103,24.103,869
24104,24.104,857
24105,24.105,861
24106,24.106,869
24107,24.107,958
24108,24.108,885
24109,24.109,893
24110,24.11,896
24111,24.111,883
24112,24.112,883
24113,24.113,880
24114,24.114,869
24115,24.115,873
24116,24.116,859
24117,24.117,865
24118,24.118,873
24119,24.119,879
24120,24.12,866
24121,24.121,870
24122,24.122,883
24123,24.123,876
24124,24.124,880
24125,24.125,921
24126,24.126,878
24127,24.127,886
24128,24.128,881
24129,24.129,888
24130,24.13,882
24131,24.131,880
24132,24.132,867
24133,24.133,883
24134,24.134,899
24135,24.135,878
24136,24.136,866
24137,24.137,880
24138,24.138,880
24139,24.139,869
24140,24.14,871
24141,24.141,878
24142,24.142,859
24143,24.143,848
24144,24.144,848
24145,24.145,862
24146,24.146,876
24147,24.147,888
24148,24.148,883
24149,24.149,883
24150,24.15,884
24151,24.151,855
24152,24.152,859
24153,24.153,861
24154,24.154,865
24155,24.155,887
24156,24.156,854
24157,24.157,861
24158,24.158,879
24159,24.159,881
24160,24.16,885
24161,24.161,900
24162,24.162,895
24163,24.163,895
24164,24.164,878
24165,24.165,862
24166,24.166,853
24167,24.167,847
24168,24.168,880
24169,24.169,923
24170,24.17,908
24171,24.171,882
24172,24.172,875
24173,24.173,878
24174,24.174,878
24175,24.175,868
24176,24.176,861
24177,24.177,864
24178,24.178,871
24179,24.179,852
24180,24.18,866
24181,24.181,870
24182,24.182,879
24183,24.183,880
24184,24.184,881
24185,24.185,897
24186,24.186,841
24187,24.187,881
24188,24.188,892
24189,24.189,886
24190,24.19,881
24191,24.191,865
24192,24.192,800
24193,24.193,887
24194,24.194,893
24195,24.195,875
24196,24.196,861
24197,24.197,848
24198,24.198,857
24199,24.199,874
24200,24.2,901
24201,24.201,894
24202,24.202,889
24203,24.203,871
24204,24.204,857
24205,24.205,868
24206,24.206,838
24207,24.207,871
24208,24.208,881
24209,24.209,863
24210,24.21,879
24211,24.211,889
24212,24.212,912
24213,24.213,873
24214,24.214,881
24215,24.215,880
24216,24.216,866
24217,24.217,832
24218,24.218,847
24219,24.219,880
24220,24.22,861
24221,24.221,864
24222,24.222,893
24223,24.223,862
24224,24.224,869
24225,24.225,861
24226,24.226,873
24227,24.227,877
24228,24.228,906
24229,24.229,946
24230,24.23,917
24231,24.231,885
24232,24.232,835
24233,24.233,848
24234,24.234,865
24235,24.235,880
24236,24.236,898
24237,24.237,913
24238,24.238,875
24239,24.239,843
24240,24.24,864
24241,24.241,862
24242,24.242,838
24243,24.243,851
24244,24.244,847
24245,24.245,864
24246,24.246,884
24247,24.247,896
24248,24.248,893
24249,24.249,884
24250,24.25,871
24251,24.251,863
24252,24.252,867
24253,24.253,850
24254,24.254,895
24255,24.255,870
24256,24.256,874
24257,24.257,878
24258,24.258,887
24259,24.259,865
24260,24.26,853
24261,24.261,866
24262,24.262,870
24263,24.263,875
24264,24.264,869
24265,24.265,880
24266,24.266,886
24267,24.267,885
24268,24.268,881
24269,24.269,874
24270,24.27,877
24271,24.271,853
24272,24.272,870
24273,24.273,891
24274,24.274,881
24275,24.275,853
24276,24.276,866
24277,24.277,880
24278,24.278,867
24279,24.279,858
24280,24.28,850
24281,24.281,855
24282,24.282,886
24283,24.283,879
24284,24.284,870
24285,24.285,879
24286,24.286,909
24287,24.287,889
24288,24.288,879
24289,24.289,870
24290,24.29,884
24291,24.291,880
24292,24.292,866
24293,24.293,864
24294,24.294,874
24295,24.295,877
24296,24.296,868
24297,24.297,881
24298,24.298,885
24299,24.299,844
24300,24.3,870
24301,24.301,880
24302,24.302,864
24303,24.303,871
24304,24.304,880
24305,24.305,859
24306,24.306,865
24307,24.307,870
24308,24.308,874
24309,24.309,883
24310,24.31,882
24311,24.311,883
24312,24.312,898
24313,24.313,906
24314,24.314,896
24315,24.315,848
24316,24.316,860
24317,24.317,816
24318,24.318,827
24319,24.319,842
24320,24.32,863
24321,24.321,880
24322,24.322,875
24323,24.323,867
24324,24.324,862
24325,24.325,833
24326,24.326,753
24327,24.327,896
24328,24.328,919
24329,24.329,932
24330,24.33,922
24331,24.331,893
24332,24.332,877
24333,24.333,885
24334,24.334,886
24335,24.335,866
24336,24.336,841
24337,24.337,854
24338,24.338,877
24339,24.339,881
24340,24.34,878
24341,24.341,866
24342,24.342,861
24343,24.343,860
24344,24.344,880
24345,24.345,881
24346,24.346,883
24347,24.347,873
24348,24.348,880
24349,24.349,898
24350,24.35,907
24351,24.351,890
24352,24.352,859
24353,24.353,839
24354,24.354,843
24355,24.355,864
24356,24.356,887
24357,24.357,878
24358,24.358,859
24359,24.359,870
24360,24.36,880
24361,24.361,869
24362,24.362,860
24363,24.363,889
24364,24.364,879
24365,24.365,879
24366,24.366,909
24367,24.367,880
24368,24.368,875
24369,24.369,891
24370,24.37,879
24371,24.371,880
24372,24.372,882
24373,24.373,880
24374,24.374,882
24375,24.375,877
24376,24.376,864
24377,24.377,869
24378,24.378,878
24379,24.379,878
24380,24.38,879
24381,24.381,865
24382,24.382,864
24383,24.383,880
24384,24.384,862
24385,24.385,865
24386,24.386,874
24387,24.387,880
24388,24.388,868
24389,24.389,852
24390,24.39,859
24391,24.391,891
24392,24.392,890
24393,24.393,890
24394,24.394,880
24395,24.395,879
24396,24.396,858
24397,24.397,870
24398,24.398,876
24399,24.399,864
24400,24.4,865
24401,24.401,877
24402,24.402,887
24403,24.403,880
24404,24.404,887
24405,24.405,892
24406,24.406,896
24407,24.407,891
24408,24.408,880
24409,24.409,841
24410,24.41,848
24411,24.411,859
24412,24.412,871
24413,24.413,889
24414,24.414,880
24415,24.415,880
24416,24.416,875
24417,24.417,871
24418,24.418,857
24419,24.419,855
24420,24.42,853
24421,24.421,866
24422,24.422,871
24423,24.423,869
24424,24.424,863
24425,24.425,871
24426,24.426,867
24427,24.427,853
24428,24.428,859
24429,24.429,885
24430,24.43,911
24431,24.431,902
24432,24.432,910
24433,24.433,906
24434,24.434,882
24435,24.435,867
24436,24.436,851
24437,24.437,857
24438,24.438,868
24439,24.439,880
24440,24.44,887
24441,24.441,878
24442,24.442,866
24443,24.443,869
24444,24.444,880
24445,24.445,880
24446,24.446,862
24447,24.447,875
24448,24.448,890
24449,24.449,875
24450,24.45,868
24451,24.451,875
24452,24.452,869
24453,24.453,880
24454,24.454,876
24455,24.455,883
24456,24.456,885
24457,24.457,868
24458,24.458,865
24459,24.459,874
24460,24.46,863
24461,24.461,865
24462,24.462,879
24463,24.463,875
24464,24.464,866
24465,24.465,848
24466,24.466,877
24467,24.467,879
24468,24.468,878
24469,24.469,887
24470,24.47,887
24471,24.471,878
24472,24.472,895
24473,24.473,881
24474,24.474,881
24475,24.475,880
24476,24.476,854
24477,24.477,861
24478,24.478,864
24479,24.479,880
24480,24.48,870
24481,24.481,863
24482,24.482,866
24483,24.483,877
24484,24.484,877
24485,24.485,875
24486,24.486,875
24487,24.487,879
24488,24.488,874
24489,24.489,874
24490,24.49,884
24491,24.491,881
24492,24.492,880
24493,24.493,869
24494,24.494,875
24495,24.495,879
24496,24.496,853
24497,24.497,861
24498,24.498,848
24499,24.499,849
24500,24.5,854
24501,24.501,859
24502,24.502,855
24503,24.503,871
24504,24.504,893
24505,24.505,903
24506,24.506,905
24507,24.507,905
24508,24.508,879
24509,24.509,879
24510,24.51,887
24511,24.511,886
24512,24.512,880
24513,24.513,880
24514,24.514,819
24515,24.515,874
24516,24.516,858
24517,24.517,880
24518,24.518,880
24519,24.519,868
24520,24.52,861
24521,24.521,861
24522,24.522,873
24523,24.523,873
24524,24.524,863
24525,24.525,864
24526,24.526,876
24527,24.527,887
24528,24.528,903
24529,24.529,903
24530,24.53,885
24531,24.531,883
24532,24.532,891
24533,24.533,886
24534,24.534,886
24535,24.535,904
24536,24.536,864
24537,24.537,859
24538,24.538,867
24539,24.539,869
24540,24.54,860
24541,24.541,867
24542,24.542,890
24543,24.543,874
24544,24.544,869
24545,24.545,874
24546,24.546,883
24547,24.547,870
24548,24.548,883
24549,24.549,875
24550,24.55,876
24551,24.551,881
24552,24.552,874
24553,24.553,867
24554,24.554,880
24555,24.555,880
24556,24.556,818
24557,24.557,862
24558,24.558,882
24559,24.559,881
24560,24.56,871
24561,24.561,863
24562,24.562,876
24563,24.563,870
24564,24.564,866
24565,24.565,861
24566,24.566,881
24567,24.567,886
24568,24.568,896
24569,24.569,943
24570,24.57,906
24571,24.571,886
24572,24.572,819
24573,24.573,883
24574,24.574,859
24575,24.575,850
24576,24.576,848
24577,24.577,849
24578,24.578,863
24579,24.579,846
24580,24.58,880
24581,24.581,881
24582,24.582,879
24583,24.583,877
24584,24.584,902
24585,24.585,896
24586,24.586,887
24587,24.587,880
24588,24.588,892
24589,24.589,882
24590,24.59,893
24591,24.591,881
24592,24.592,873
24593,24.593,895
24594,24.594,895
24595,24.595,855
24596,24.596,875
24597,24.597,848
24598,24.598,851
24599,24.599,880
24600,24.6,891
24601,24.601,859
24602,24.602,843
24603,24.603,843
24604,24.604,859
24605,24.605,869
24606,24.606,880
24607,24.607,877
24608,24.608,864
24609,24.609,877
24610,24.61,880
24611,24.611,895
24612,24.612,883
24613,24.613,874
24614,24.614,845
24615,24.615,866
24616,24.616,865
24617,24.617,855
24618,24.618,850
24619,24.619,835
24620,24.62,841
24621,24.621,879
24622,24.622,885
24623,24.623,895
24624,24.624,893
24625,24.625,890
24626,24.626,865
24627,24.627,869
24628,24.628,907
24629,24.629,917
24630,24.63,928
24631,24.631,899
24632,24.632,871
24633,24.633,877
24634,24.634,870
24635,24.635,859
24636,24.636,866
24637,24.637,861
24638,24.638,866
24639,24.639,869
24640,24.64,866
24641,24.641,864
24642,24.642,864
24643,24.643,867
24644,24.644,875
24645,24.645,880
24646,24.646,885
24647,24.647,881
24648,24.648,876
24649,24.649,866
24650,24.65,866
24651,24.651,880
24652,24.652,871
24653,24.653,873
24654,24.654,863
24655,24.655,871
24656,24.656,866
24657,24.657,853
24658,24.658,864
24659,24.659,883
24660,24.66,896
24661,24.661,895
24662,24.662,887
24663,24.663,873
24664,24.664,873
24665,24.665,862
24666,24.666,864
24667,24.667,881
24668,24.668,869
24669,24.669,852
24670,24.67,874
24671,24.671,902
24672,24.672,864
24673,24.673,890
24674,24.674,886
24675,24.675,877
24676,24.676,880
24677,24.677,864
24678,24.678,878
24679,24.679,882
24680,24.68,870
24681,24.681,871
24682,24.682,865
24683,24.683,853
24684,24.684,850
24685,24.685,875
24686,24.686,887
24687,24.687,893
24688,24.688,875
24689,24.689,854
24690,24.69,871
24691,24.691,863
24692,24.692,865
24693,24.693,877
24694,24.694,883
24695,24.695,882
24696,24.696,885
24697,24.697,880
24698,24.698,880
24699,24.699,870
24700,24.7,880
24701,24.701,884
24702,24.702,880
24703,24.703,861
24704,24.704,857
24705,24.705,848
24706,24.706,831
24707,24.707,826
24708,24.708,848
24709,24.709,871
24710,24.71,895
24711,24.711,951
24712,24.712,922
24713,24.713,909
24714,24.714,896
24715,24.715,881
24716,24.716,880
24717,24.717,867
24718,24.718,877
24719,24.719,868
24720,24.72,880
24721,24.721,883
24722,24.722,853
24723,24.723,845
24724,24.724,823
24725,24.725,848
24726,24.726,867
24727,24.727,906
24728,24.728,912
24729,24.729,881
24730,24.73,869
24731,24.731,869
24732,24.732,877
24733,24.733,884
24734,24.734,881
24735,24.735,865
24736,24.736,877
24737,24.737,879
24738,24.738,877
24739,24.739,875
24740,24.74,859
24741,24.741,851
24742,24.742,855
24743,24.743,880
24744,24.744,875
24745,24.745,880
24746,24.746,873
24747,24.747,880
24748,24.748,894
24749,24.749,864
24750,24.75,853
24751,24.751,865
24752,24.752,874
24753,24.753,879
24754,24.754,897
24755,24.755,893
24756,24.756,882
24757,24.757,871
24758,24.758,867
24759,24.759,877
24760,24.76,879
24761,24.761,890
24762,24.762,880
24763,24.763,866
24764,24.764,854
24765,24.765,867
24766,24.766,873
24767,24.767,880
24768,24.768,880
24769,24.769,873
24770,24.77,889
24771,24.771,859
24772,24.772,870
24773,24.773,892
24774,24.774,899
24775,24.775,887
24776,24.776,885
24777,24.777,867
24778,24.778,851
24779,24.779,865
24780,24.78,868
24781,24.781,858
24782,24.782,857
24783,24.783,873
24784,24.784,869
24785,24.785,858
24786,24.786,848
24787,24.787,870
24788,24.788,875
24789,24.789,891
24790,24.79,928
24791,24.791,904
24792,24.792,878
24793,24.793,869
24794,24.794,867
24795,24.795,883
24796,24.796,871
24797,24.797,883
24798,24.798,874
24799,24.799,880
24800,24.8,863
24801,24.801,851
24802,24.802,870
24803,24.803,861
24804,24.804,869
24805,24.805,895
24806,24.806,901
24807,24.807,833
24808,24.808,848
24809,24.809,935
24810,24.81,945
24811,24.811,883
24812,24.812,852
24813,24.813,880
24814,24.814,903
24815,24.815,865
24816,24.816,834
24817,24.817,811
24818,24.818,823
24819,24.819,867
24820,24.82,874
24821,24.821,867
24822,24.822,851
24823,24.823,876
24824,24.824,895
24825,24.825,866
24826,24.826,895
24827,24.827,903
24828,24.828,868
24829,24.829,848
24830,24.83,867
24831,24.831,909
24832,24.832,925
24833,24.833,903
24834,24.834,879
24835,24.835,857
24836,24.836,824
24837,24.837,832
24838,24.838,842
24839,24.839,867
24840,24.84,841
24841,24.841,843
24842,24.842,926
24843,24.843,988
24844,24.844,932
24845,24.845,843
24846,24.846,787
24847,24.847,799
24848,24.848,855
24849,24.849,944
24850,24.85,949
24851,24.851,902
24852,24.852,880
24853,24.853,923
24854,24.854,880
24855,24.855,821
24856,24.856,783
24857,24.857,769
24858,24.858,826
24859,24.859,910
24860,24.86,973
24861,24.861,847
24862,24.862,798
24863,24.863,910
24864,24.864,975
24865,24.865,991
24866,24.866,901
24867,24.867,839
24868,24.868,860
24869,24.869,905
24870,24.87,930
24871,24.871,905
24872,24.872,854
24873,24.873,858
24874,24.874,885
24875,24.875,844
24876,24.876,865
24877,24.877,811
24878,24.878,768
24879,24.879,752
24880,24.88,778
24881,24.881,854
24882,24.882,885
24883,24.883,967
24884,24.884,958
24885,24.885,875
24886,24.886,829
24887,24.887,866
24888,24.888,976
24889,24.889,996
24890,24.89,927
24891,24.891,867
24892,24.892,846
24893,24.893,851
24894,24.894,903
24895,24.895,903
24896,24.896,870
24897,24.897,847
24898,24.898,844
24899,24.899,835
24900,24.9,880
24901,24.901,948
24902,24.902,933
24903,24.903,859
24904,24.904,884
24905,24.905,918
24906,24.906,880
24907,24.907,843
24908,24.908,845
24909,24.909,857
24910,24.91,886
24911,24.911,865
24912,24.912,845
24913,24.913,833
24914,24.914,846
24915,24.915,866
24916,24.916,844
24917,24.917,838
24918,24.918,835
24919,24.919,833
24920,24.92,787
24921,24.921,816
24922,24.922,828
24923,24.923,851
24924,24.924,983
24925,24.925,1074
24926,24.926,1008
24927,24.927,884
24928,24.928,831
24929,24.929,875
24930,24.93,910
24931,24.931,890
24932,24.932,838
24933,24.933,816
24934,24.934,891
24935,24.935,863
24936,24.936,845
24937,24.937,848
24938,24.938,839
24939,24.939,831
24940,24.94,874
24941,24.941,917
24942,24.942,955
24943,24.943,891
24944,24.944,850
24945,24.945,827
24946,24.946,856
24947,24.947,867
24948,24.948,906
24949,24.949,924
24950,24.95,947
24951,24.951,944
24952,24.952,895
24953,24.953,822
24954,24.954,828
24955,24.955,826
24956,24.956,838
24957,24.957,848
24958,24.958,822
24959,24.959,785
24960,24.96,785
24961,24.961,845
24962,24.962,932
24963,24.963,1009
24964,24.964,1043
24965,24.965,946
24966,24.966,858
24967,24.967,858
24968,24.968,901
24969,24.969,890
24970,24.97,901
24971,24.971,906
24972,24.972,910
24973,24.973,870
24974,24.974,871
24975,24.975,861
24976,24.976,842
24977,24.977,829
24978,24.978,830
24979,24.979,837
24980,24.98,880
24981,24.981,851
24982,24.982,851
24983,24.983,865
24984,24.984,910
24985,24.985,931
24986,24.986,879
24987,24.987,847
24988,24.988,805
24989,24.989,846
24990,24.99,864
24991,24.991,917
24992,24.992,896
24993,24.993,922
24994,24.994,866
24995,24.995,821
24996,24.996,865
24997,24.997,928
24998,24.998,922
24999,24.999,889
25000,25.0,818
25001,25.001,865
25002,25.002,976
25003,25.003,911
25004,25.004,827
25005,25.005,769
25006,25.006,717
25007,25.007,767
25008,25.008,754
25009,25.009,789
25010,25.01,901
25011,25.011,969
25012,25.012,944
25013,25.013,848
25014,25.014,803
25015,25.015,841
25016,25.016,911
25017,25.017,933
25018,25.018,867
25019,25.019,875
25020,25.02,924
25021,25.021,957
25022,25.022,917
25023,25.023,887
25024,25.024,846
25025,25.025,885
25026,25.026,893
25027,25.027,911
25028,25.028,903
25029,25.029,865
25030,25.03,816
25031,25.031,894
25032,25.032,893
25033,25.033,848
25034,25.034,862
25035,25.035,912
25036,25.036,935
25037,25.037,938
25038,25.038,906
25039,25.039,861
25040,25.04,835
25041,25.041,823
25042,25.042,827
25043,25.043,842
25044,25.044,830
25045,25.045,904
25046,25.046,971
25047,25.047,922
25048,25.048,802
25049,25.049,832
25050,25.05,866
25051,25.051,893
25052,25.052,876
25053,25.053,834
25054,25.054,832
25055,25.055,879
25056,25.056,851
25057,25.057,833
25058,25.058,822
25059,25.059,928
25060,25.06,1018
25061,25.061,1017
25062,25.062,872
25063,25.063,749
25064,25.064,753
25065,25.065,834
25066,25.066,931
25067,25.067,951
25068,25.068,929
25069,25.069,928
25070,25.07,944
25071,25.071,937
25072,25.072,897
25073,25.073,820
25074,25.074,788
25075,25.075,801
25076,25.076,812
25077,25.077,864
25078,25.078,901
25079,25.079,892
25080,25.08,1006
25081,25.081,880
25082,25.082,881
25083,25.083,849
25084,25.084,813
25085,25.085,850
25086,25.086,880
25087,25.087,909
25088,25.088,912
25089,25.089,830
25090,25.09,832
25091,25.091,887
25092,25.092,944
25093,25.093,997
25094,25.094,906
25095,25.095,854
25096,25.096,869
25097,25.097,903
25098,25.098,905
25099,25.099,858
25100,25.1,783
25101,25.101,794
25102,25.102,848
25103,25.103,836
25104,25.104,805
25105,25.105,809
25106,25.106,845
25107,25.107,933
25108,25.108,1003
25109,25.109,918
25110,25.11,925
25111,25.111,918
25112,25.112,892
25113,25.113,883
25114,25.114,835
25115,25.115,859
25116,25.116,894
25117,25.117,880
25118,25.118,880
25119,25.119,851
25120,25.12,801
25121,25.121,815
25122,25.122,907
25123,25.123,954
25124,25.124,940
25125,25.125,882
25126,25.126,819
25127,25.127,797
25128,25.128,867
25129,25.129,902
25130,25.13,966
25131,25.131,923
25132,25.132,846
25133,25.133,816
25134,25.134,815
25135,25.135,824
25136,25.136,873
25137,25.137,873
25138,25.138,881
25139,25.139,906
25140,25.14,929
25141,25.141,883
25142,25.142,853
25143,25.143,843
25144,25.144,831
25145,25.145,1040
25146,25.146,1023
25147,25.147,909
25148,25.148,886
25149,25.149,862
25150,25.15,809
25151,25.151,810
25152,25.152,784
25153,25.153,758
25154,25.154,790
25155,25.155,834
25156,25.156,838
25157,25.157,842
25158,25.158,833
25159,25.159,887
25160,25.16,991
25161,25.161,1002
25162,25.162,973
25163,25.163,855
25164,25.164,823
25165,25.165,835
25166,25.166,816
25167,25.167,827
25168,25.168,827
25169,25.169,882
25170,25.17,902
25171,25.171,909
25172,25.172,879
25173,25.173,891
25174,25.174,899
25175,25.175,925
25176,25.176,905
25177,25.177,855
25178,25.178,847
25179,25.179,855
25180,25.18,873
25181,25.181,897
25182,25.182,881
25183,25.183,855
25184,25.184,809
25185,25.185,778
25186,25.186,826
25187,25.187,880
25188,25.188,930
25189,25.189,934
25190,25.19,912
25191,25.191,906
25192,25.192,902
25193,25.193,886
25194,25.194,875
25195,25.195,896
25196,25.196,933
25197,25.197,979
25198,25.198,838
25199,25.199,783
25200,25.2,784
25201,25.201,822
25202,25.202,912
25203,25.203,949
25204,25.204,930
25205,25.205,848
25206,25.206,842
25207,25.207,866
25208,25.208,865
25209,25.209,859
25210,25.21,827
25211,25.211,823
25212,25.212,848
25213,25.213,896
25214,25.214,874
25215,25.215,894
25216,25.216,816
25217,25.217,832
25218,25.218,894
25219,25.219,978
25220,25.22,927
25221,25.221,909
25222,25.222,934
25223,25.223,913
25224,25.224,906
25225,25.225,833
25226,25.226,817
25227,25.227,842
25228,25.228,837
25229,25.229,799
25230,25.23,841
25231,25.231,879
25232,25.232,893
25233,25.233,911
25234,25.234,889
25235,25.235,890
25236,25.236,880
25237,25.237,864
25238,25.238,816
25239,25.239,816
25240,25.24,868
25241,25.241,896
25242,25.242,876
25243,25.243,917
25244,25.244,928
25245,25.245,901
25246,25.246,893
25247,25.247,873
25248,25.248,851
25249,25.249,887
25250,25.25,880
25251,25.251,875
25252,25.252,887
25253,25.253,869
25254,25.254,858
25255,25.255,848
25256,25.256,862
25257,25.257,864
25258,25.258,869
25259,25.259,866
25260,25.26,869
25261,25.261,860
25262,25.262,862
25263,25.263,879
25264,25.264,877
25265,25.265,877
25266,25.266,870
25267,25.267,887
25268,25.268,880
25269,25.269,865
25270,25.27,860
25271,25.271,853
25272,25.272,897
25273,25.273,897
25274,25.274,889
25275,25.275,872
25276,25.276,887
25277,25.277,912
25278,25.278,880
25279,25.279,865
25280,25.28,855
25281,25.281,825
25282,25.282,800
25283,25.283,747
25284,25.284,786
25285,25.285,942
25286,25.286,998
25287,25.287,954
25288,25.288,891
25289,25.289,894
25290,25.29,905
25291,25.291,898
25292,25.292,896
25293,25.293,891
25294,25.294,889
25295,25.295,896
25296,25.296,834
25297,25.297,845
25298,25.298,854
25299,25.299,879
25300,25.3,901
25301,25.301,912
25302,25.302,980
25303,25.303,886
25304,25.304,852
25305,25.305,850
25306,25.306,855
25307,25.307,848
25308,25.308,847
25309,25.309,859
25310,25.31,870
25311,25.311,867
25312,25.312,875
25313,25.313,867
25314,25.314,881
25315,25.315,911
25316,25.316,892
25317,25.317,871
25318,25.318,830
25319,25.319,837
25320,25.32,847
25321,25.321,859
25322,25.322,896
25323,25.323,883
25324,25.324,869
25325,25.325,871
25326,25.326,865
25327,25.327,889
25328,25.328,898
25329,25.329,914
25330,25.33,880
25331,25.331,886
25332,25.332,885
25333,25.333,890
25334,25.334,871
25335,25.335,867
25336,25.336,870
25337,25.337,879
25338,25.338,885
25339,25.339,895
25340,25.34,871
25341,25.341,859
25342,25.342,875
25343,25.343,880
25344,25.344,863
25345,25.345,850
25346,25.346,852
25347,25.347,835
25348,25.348,865
25349,25.349,889
25350,25.35,874
25351,25.351,882
25352,25.352,912
25353,25.353,895
25354,25.354,912
25355,25.355,851
25356,25.356,850
25357,25.357,855
25358,25.358,865
25359,25.359,879
25360,25.36,894
25361,25.361,845
25362,25.362,832
25363,25.363,865
25364,25.364,928
25365,25.365,952
25366,25.366,880
25367,25.367,804
25368,25.368,831
25369,25.369,871
25370,25.37,912
25371,25.371,912
25372,25.372,901
25373,25.373,887
25374,25.374,877
25375,25.375,877
25376,25.376,867
25377,25.377,899
25378,25.378,857
25379,25.379,863
25380,25.38,871
25381,25.381,883
25382,25.382,889
25383,25.383,884
25384,25.384,896
25385,25.385,912
25386,25.386,852
25387,25.387,846
25388,25.388,849
25389,25.389,853
25390,25.39,855
25391,25.391,878
25392,25.392,888
25393,25.393,898
25394,25.394,832
25395,25.395,839
25396,25.396,848
25397,25.397,848
25398,25.398,887
25399,25.399,915
25400,25.4,950
25401,25.401,909
25402,25.402,873
25403,25.403,755
25404,25.404,880
25405,25.405,886
25406,25.406,848
25407,25.407,831
25408,25.408,831
25409,25.409,837
25410,25.41,869
25411,25.411,911
25412,25.412,868
25413,25.413,849
25414,25.414,848
25415,25.415,889
25416,25.416,912
25417,25.417,897
25418,25.418,874
25419,25.419,865
25420,25.42,880
25421,25.421,890
25422,25.422,898
25423,25.423,896
25424,25.424,849
25425,25.425,848
25426,25.426,822
25427,25.427,832
25428,25.428,881
25429,25.429,1040
25430,25.43,873
25431,25.431,838
25432,25.432,865
25433,25.433,895
25434,25.434,916
25435,25.435,879
25436,25.436,867
25437,25.437,839
25438,25.438,821
25439,25.439,830
25440,25.44,823
25441,25.441,779
25442,25.442,769
25443,25.443,879
25444,25.444,941
25445,25.445,963
25446,25.446,924
25447,25.447,929
25448,25.448,944
25449,25.449,903
25450,25.45,869
25451,25.451,871
25452,25.452,873
25453,25.453,887
25454,25.454,882
25455,25.455,866
25456,25.456,873
25457,25.457,878
25458,25.458,880
25459,25.459,845
25460,25.46,853
25461,25.461,859
25462,25.462,848
25463,25.463,853
25464,25.464,853
25465,25.465,880
25466,25.466,879
25467,25.467,884
25468,25.468,878
25469,25.469,853
25470,25.47,858
25471,25.471,850
25472,25.472,846
25473,25.473,877
25474,25.474,923
25475,25.475,940
25476,25.476,915
25477,25.477,897
25478,25.478,866
25479,25.479,853
25480,25.48,838
25481,25.481,828
25482,25.482,833
25483,25.483,853
25484,25.484,882
25485,25.485,895
25486,25.486,879
25487,25.487,859
25488,25.488,867
25489,25.489,862
25490,25.49,866
25491,25.491,899
25492,25.492,880
25493,25.493,889
25494,25.494,830
25495,25.495,768
25496,25.496,829
25497,25.497,946
25498,25.498,1039
25499,25.499,1009
25500,25.5,971
25501,25.501,875
25502,25.502,854
25503,25.503,828
25504,25.504,861
25505,25.505,865
25506,25.506,839
25507,25.507,863
25508,25.508,854
25509,25.509,858
25510,25.51,879
25511,25.511,919
25512,25.512,904
25513,25.513,886
25514,25.514,877
25515,25.515,855
25516,25.516,829
25517,25.517,859
25518,25.518,854
25519,25.519,858
25520,25.52,848
25521,25.521,879
25522,25.522,880
25523,25.523,839
25524,25.524,845
25525,25.525,839
25526,25.526,831
25527,25.527,858
25528,25.528,858
25529,25.529,874
25530,25.53,925
25531,25.531,969
25532,25.532,950
25533,25.533,909
25534,25.534,879
25535,25.535,869
25536,25.536,862
25537,25.537,874
25538,25.538,881
25539,25.539,853
25540,25.54,848
25541,25.541,844
25542,25.542,842
25543,25.543,853
25544,25.544,887
25545,25.545,847
25546,25.546,841
25547,25.547,912
25548,25.548,903
25549,25.549,913
25550,25.55,894
25551,25.551,880
25552,25.552,886
25553,25.553,881
25554,25.554,884
25555,25.555,856
25556,25.556,877
25557,25.557,871
25558,25.558,911
25559,25.559,932
25560,25.56,885
25561,25.561,836
25562,25.562,838
25563,25.563,845
25564,25.564,855
25565,25.565,864
25566,25.566,851
25567,25.567,867
25568,25.568,880
25569,25.569,897
25570,25.57,924
25571,25.571,891
25572,25.572,867
25573,25.573,896
25574,25.574,893
25575,25.575,880
25576,25.576,875
25577,25.577,850
25578,25.578,853
25579,25.579,848
25580,25.58,839
25581,25.581,852
25582,25.582,887
25583,25.583,889
25584,25.584,913
25585,25.585,881
25586,25.586,871
25587,25.587,859
25588,25.588,883
25589,25.589,918
25590,25.59,898
25591,25.591,896
25592,25.592,864
25593,25.593,886
25594,25.594,866
25595,25.595,832
25596,25.596,838
25597,25.597,845
25598,25.598,835
25599,25.599,821
25600,25.6,830
25601,25.601,881
25602,25.602,909
25603,25.603,910
25604,25.604,912
25605,25.605,849
25606,25.606,897
25607,25.607,907
25608,25.608,895
25609,25.609,837
25610,25.61,783
25611,25.611,831
25612,25.612,896
25613,25.613,962
25614,25.614,958
25615,25.615,920
25616,25.616,883
25617,25.617,867
25618,25.618,880
25619,25.619,883
25620,25.62,877
25621,25.621,1023
25622,25.622,853
25623,25.623,866
25624,25.624,859
25625,25.625,867
25626,25.626,867
25627,25.627,883
25628,25.628,887
25629,25.629,887
25630,25.63,854
25631,25.631,866
25632,25.632,877
25633,25.633,882
25634,25.634,879
25635,25.635,882
25636,25.636,885
25637,25.637,846
25638,25.638,848
25639,25.639,863
25640,25.64,863
25641,25.641,869
25642,25.642,877
25643,25.643,902
25644,25.644,893
25645,25.645,983
25646,25.646,862
25647,25.647,880
25648,25.648,890
25649,25.649,880
25650,25.65,867
25651,25.651,875
25652,25.652,873
25653,25.653,847
25654,25.654,869
25655,25.655,874
25656,25.656,875
25657,25.657,890
25658,25.658,901
25659,25.659,885
25660,25.66,872
25661,25.661,862
25662,25.662,842
25663,25.663,863
25664,25.664,898
25665,25.665,895
25666,25.666,873
25667,25.667,837
25668,25.668,831
25669,25.669,833
25670,25.67,869
25671,25.671,916
25672,25.672,932
25673,25.673,887
25674,25.674,832
25675,25.675,822
25676,25.676,889
25677,25.677,927
25678,25.678,880
25679,25.679,851
25680,25.68,877
25681,25.681,870
25682,25.682,881
25683,25.683,883
25684,25.684,883
25685,25.685,865
25686,25.686,839
25687,25.687,849
25688,25.688,848
25689,25.689,867
25690,25.69,884
25691,25.691,875
25692,25.692,885
25693,25.693,882
25694,25.694,865
25695,25.695,871
25696,25.696,867
25697,25.697,854
25698,25.698,870
25699,25.699,894
25700,25.7,885
25701,25.701,880
25702,25.702,871
25703,25.703,891
25704,25.704,912
25705,25.705,879
25706,25.706,854
25707,25.707,838
25708,25.708,862
25709,25.709,879
25710,25.71,887
25711,25.711,885
25712,25.712,882
25713,25.713,885
25714,25.714,839
25715,25.715,854
25716,25.716,886
25717,25.717,890
25718,25.718,897
25719,25.719,890
25720,25.72,859
25721,25.721,843
25722,25.722,867
25723,25.723,861
25724,25.724,879
25725,25.725,914
25726,25.726,903
25727,25.727,880
25728,25.728,847
25729,25.729,878
25730,25.73,863
25731,25.731,857
25732,25.732,879
25733,25.733,863
25734,25.734,847
25735,25.735,863
25736,25.736,881
25737,25.737,869
25738,25.738,881
25739,25.739,893
25740,25.74,849
25741,25.741,859
25742,25.742,857
25743,25.743,852
25744,25.744,880
25745,25.745,862
25746,25.746,869
25747,25.747,880
25748,25.748,879
25749,25.749,885
25750,25.75,890
25751,25.751,870
25752,25.752,886
25753,25.753,912
25754,25.754,848
25755,25.755,836
25756,25.756,851
25757,25.757,880
25758,25.758,897
25759,25.759,885
25760,25.76,879
25761,25.761,890
25762,25.762,885
25763,25.763,880
25764,25.764,899
25765,25.765,880
25766,25.766,876
25767,25.767,866
25768,25.768,848
25769,25.769,851
25770,25.77,882
25771,25.771,886
25772,25.772,877
25773,25.773,887
25774,25.774,897
25775,25.775,914
25776,25.776,896
25777,25.777,879
25778,25.778,871
25779,25.779,838
25780,25.78,850
25781,25.781,849
25782,25.782,849
25783,25.783,861
25784,25.784,889
25785,25.785,895
25786,25.786,878
25787,25.787,855
25788,25.788,865
25789,25.789,880
25790,25.79,893
25791,25.791,881
25792,25.792,886
25793,25.793,880
25794,25.794,858
25795,25.795,870
25796,25.796,880
25797,25.797,885
25798,25.798,885
25799,25.799,878
25800,25.8,863
25801,25.801,859
25802,25.802,866
25803,25.803,877
25804,25.804,886
25805,25.805,886
25806,25.806,877
25807,25.807,851
25808,25.808,857
25809,25.809,837
25810,25.81,826
25811,25.811,848
25812,25.812,912
25813,25.813,910
25814,25.814,922
25815,25.815,921
25816,25.816,867
25817,25.817,862
25818,25.818,870
25819,25.819,878
25820,25.82,880
25821,25.821,880
25822,25.822,880
25823,25.823,867
25824,25.824,872
25825,25.825,858
25826,25.826,856
25827,25.827,880
25828,25.828,875
25829,25.829,877
25830,25.83,891
25831,25.831,882
25832,25.832,878
25833,25.833,869
25834,25.834,871
25835,25.835,890
25836,25.836,890
25837,25.837,899
25838,25.838,883
25839,25.839,869
25840,25.84,870
25841,25.841,879
25842,25.842,841
25843,25.843,769
25844,25.844,873
25845,25.845,854
25846,25.846,886
25847,25.847,886
25848,25.848,885
25849,25.849,880
25850,25.85,887
25851,25.851,874
25852,25.852,848
25853,25.853,866
25854,25.854,877
25855,25.855,859
25856,25.856,875
25857,25.857,881
25858,25.858,883
25859,25.859,897
25860,25.86,891
25861,25.861,863
25862,25.862,853
25863,25.863,890
25864,25.864,858
25865,25.865,846
25866,25.866,844
25867,25.867,866
25868,25.868,873
25869,25.869,899
25870,25.87,895
25871,25.871,879
25872,25.872,897
25873,25.873,896
25874,25.874,887
25875,25.875,861
25876,25.876,877
25877,25.877,878
25878,25.878,882
25879,25.879,848
25880,25.88,850
25881,25.881,845
25882,25.882,880
25883,25.883,866
25884,25.884,848
25885,25.885,861
25886,25.886,879
25887,25.887,881
25888,25.888,899
25889,25.889,909
25890,25.89,908
25891,25.891,907
25892,25.892,881
25893,25.893,859
25894,25.894,848
25895,25.895,874
25896,25.896,885
25897,25.897,874
25898,25.898,875
25899,25.899,875
25900,25.9,861
25901,25.901,863
25902,25.902,869
25903,25.903,863
25904,25.904,842
25905,25.905,888
25906,25.906,859
25907,25.907,853
25908,25.908,860
25909,25.909,866
25910,25.91,880
25911,25.911,869
25912,25.912,887
25913,25.913,873
25914,25.914,861
25915,25.915,853
25916,25.916,890
25917,25.917,880
25918,25.918,894
25919,25.919,889
25920,25.92,882
25921,25.921,858
25922,25.922,837
25923,25.923,863
25924,25.924,855
25925,25.925,873
25926,25.926,881
25927,25.927,881
25928,25.928,865
25929,25.929,869
25930,25.93,881
25931,25.931,884
25932,25.932,873
25933,25.933,851
25934,25.934,867
25935,25.935,890
25936,25.936,911
25937,25.937,909
25938,25.938,896
25939,25.939,881
25940,25.94,864
25941,25.941,864
25942,25.942,869
25943,25.943,851
25944,25.944,819
25945,25.945,835
25946,25.946,858
25947,25.947,880
25948,25.948,882
25949,25.949,876
25950,25.95,891
25951,25.951,887
25952,25.952,880
25953,25.953,880
25954,25.954,877
25955,25.955,894
25956,25.956,880
25957,25.957,855
25958,25.958,872
25959,25.959,874
25960,25.96,880
25961,25.961,855
25962,25.962,880
25963,25.963,882
25964,25.964,879
25965,25.965,848
25966,25.966,855
25967,25.967,865
25968,25.968,878
25969,25.969,941
25970,25.97,926
25971,25.971,894
25972,25.972,843
25973,25.973,867
25974,25.974,879
25975,25.975,895
25976,25.976,853
25977,25.977,862
25978,25.978,861
25979,25.979,849
25980,25.98,858
25981,25.981,874
25982,25.982,876
25983,25.983,865
25984,25.984,867
25985,25.985,861
25986,25.986,850
25987,25.987,857
25988,25.988,873
25989,25.989,908
25990,25.99,900
25991,25.991,903
25992,25.992,896
25993,25.993,867
25994,25.994,827
25995,25.995,841
25996,25.996,912
25997,25.997,890
25998,25.998,890
25999,25.999,870
26000,26.0,865
26001,26.001,870
26002,26.002,866
26003,26.003,864
26004,26.004,874
26005,26.005,884
26006,26.006,865
26007,26.007,877
26008,26.008,835
26009,26.009,865
26010,26.01,893
26011,26.011,909
26012,26.012,930
26013,26.013,887
26014,26.014,969
26015,26.015,849
26016,26.016,880
26017,26.017,892
26018,26.018,890
26019,26.019,885
26020,26.02,870
26021,26.021,867
26022,26.022,880
26023,26.023,832
26024,26.024,833
26025,26.025,843
26026,26.026,894
26027,26.027,912
26028,26.028,909
26029,26.029,897
26030,26.03,886
26031,26.031,891
26032,26.032,867
26033,26.033,855
26034,26.034,879
26035,26.035,880
26036,26.036,885
26037,26.037,887
26038,26.038,899
26039,26.039,885
26040,26.04,863
26041,26.041,848
26042,26.042,833
26043,26.043,838
26044,26.044,861
26045,26.045,873
26046,26.046,880
26047,26.047,887
26048,26.048,887
26049,26.049,882
26050,26.05,870
26051,26.051,858
26052,26.052,861
26053,26.053,877
26054,26.054,891
26055,26.055,892
26056,26.056,882
26057,26.057,894
26058,26.058,885
26059,26.059,868
26060,26.06,886
26061,26.061,889
26062,26.062,872
26063,26.063,849
26064,26.064,851
26065,26.065,861
26066,26.066,863
26067,26.067,864
26068,26.068,880
26069,26.069,887
26070,26.07,893
26071,26.071,883
26072,26.072,873
26073,26.073,847
26074,26.074,848
26075,26.075,883
26076,26.076,912
26077,26.077,926
26078,26.078,913
26079,26.079,875
26080,26.08,862
26081,26.081,829
26082,26.082,807
26083,26.083,883
26084,26.084,854
26085,26.085,861
26086,26.086,845
26087,26.087,893
26088,26.088,895
26089,26.089,889
26090,26.09,885
26091,26.091,807
26092,26.092,880
26093,26.093,912
26094,26.094,890
26095,26.095,859
26096,26.096,847
26097,26.097,841
26098,26.098,848
26099,26.099,845
26100,26.1,859
26101,26.101,853
26102,26.102,859
26103,26.103,877
26104,26.104,879
26105,26.105,896
26106,26.106,870
26107,26.107,883
26108,26.108,912
26109,26.109,909
26110,26.11,887
26111,26.111,869
26112,26.112,842
26113,26.113,752
26114,26.114,874
26115,26.115,871
26116,26.116,897
26117,26.117,880
26118,26.118,878
26119,26.119,854
26120,26.12,805
26121,26.121,894
26122,26.122,860
26123,26.123,839
26124,26.124,865
26125,26.125,879
26126,26.126,863
26127,26.127,869
26128,26.128,894
26129,26.129,896
26130,26.13,880
26131,26.131,875
26132,26.132,941
26133,26.133,882
26134,26.134,871
26135,26.135,880
26136,26.136,851
26137,26.137,869
26138,26.138,877
26139,26.139,865
26140,26.14,847
26141,26.141,851
26142,26.142,871
26143,26.143,874
26144,26.144,874
26145,26.145,853
26146,26.146,857
26147,26.147,869
26148,26.148,869
26149,26.149,891
26150,26.15,863
26151,26.151,880
26152,26.152,879
26153,26.153,869
26154,26.154,883
26155,26.155,930
26156,26.156,906
26157,26.157,912
26158,26.158,893
26159,26.159,865
26160,26.16,847
26161,26.161,814
26162,26.162,843
26163,26.163,874
26164,26.164,896
26165,26.165,914
26166,26.166,927
26167,26.167,911
26168,26.168,882
26169,26.169,881
26170,26.17,875
26171,26.171,843
26172,26.172,843
26173,26.173,848
26174,26.174,858
26175,26.175,859
26176,26.176,869
26177,26.177,881
26178,26.178,877
26179,26.179,878
26180,26.18,854
26181,26.181,861
26182,26.182,850
26183,26.183,859
26184,26.184,889
26185,26.185,880
26186,26.186,883
26187,26.187,884
26188,26.188,871
26189,26.189,891
26190,26.19,886
26191,26.191,890
26192,26.192,879
26193,26.193,879
26194,26.194,880
26195,26.195,865
26196,26.196,851
26197,26.197,858
26198,26.198,877
26199,26.199,885
26200,26.2,879
26201,26.201,896
26202,26.202,870
26203,26.203,843
26204,26.204,819
26205,26.205,853
26206,26.206,902
26207,26.207,900
26208,26.208,898
26209,26.209,935
26210,26.21,906
26211,26.211,867
26212,26.212,864
26213,26.213,848
26214,26.214,880
26215,26.215,911
26216,26.216,880
26217,26.217,891
26218,26.218,880
26219,26.219,861
26220,26.22,871
26221,26.221,870
26222,26.222,869
26223,26.223,848
26224,26.224,848
26225,26.225,865
26226,26.226,882
26227,26.227,1040
26228,26.228,880
26229,26.229,882
26230,26.23,895
26231,26.231,898
26232,26.232,869
26233,26.233,838
26234,26.234,829
26235,26.235,884
26236,26.236,906
26237,26.237,892
26238,26.238,880
26239,26.239,875
26240,26.24,834
26241,26.241,837
26242,26.242,873
26243,26.243,890
26244,26.244,895
26245,26.245,898
26246,26.246,873
26247,26.247,867
26248,26.248,845
26249,26.249,878
26250,26.25,891
26251,26.251,853
26252,26.252,847
26253,26.253,854
26254,26.254,869
26255,26.255,874
26256,26.256,875
26257,26.257,875
26258,26.258,866
26259,26.259,851
26260,26.26,876
26261,26.261,882
26262,26.262,887
26263,26.263,874
26264,26.264,851
26265,26.265,866
26266,26.266,865
26267,26.267,870
26268,26.268,870
26269,26.269,895
26270,26.27,881
26271,26.271,880
26272,26.272,868
26273,26.273,881
26274,26.274,894
26275,26.275,901
26276,26.276,893
26277,26.277,877
26278,26.278,874
26279,26.279,860
26280,26.28,851
26281,26.281,881
26282,26.282,878
26283,26.283,866
26284,26.284,891
26285,26.285,879
26286,26.286,837
26287,26.287,848
26288,26.288,855
26289,26.289,866
26290,26.29,865
26291,26.291,873
26292,26.292,947
26293,26.293,875
26294,26.294,879
26295,26.295,885
26296,26.296,863
26297,26.297,905
26298,26.298,855
26299,26.299,859
26300,26.3,874
26301,26.301,855
26302,26.302,892
26303,26.303,911
26304,26.304,927
26305,26.305,859
26306,26.306,840
26307,26.307,862
26308,26.308,890
26309,26.309,907
26310,26.31,933
26311,26.311,925
26312,26.312,890
26313,26.313,848
26314,26.314,812
26315,26.315,799
26316,26.316,832
26317,26.317,880
26318,26.318,902
26319,26.319,912
26320,26.32,898
26321,26.321,896
26322,26.322,894
26323,26.323,869
26324,26.324,870
26325,26.325,864
26326,26.326,879
26327,26.327,880
26328,26.328,849
26329,26.329,837
26330,26.33,890
26331,26.331,851
26332,26.332,830
26333,26.333,863
26334,26.334,880
26335,26.335,846
26336,26.336,798
26337,26.337,841
26338,26.338,854
26339,26.339,858
26340,26.34,847
26341,26.341,839
26342,26.342,848
26343,26.343,865
26344,26.344,896
26345,26.345,916
26346,26.346,941
26347,26.347,909
26348,26.348,914
26349,26.349,885
26350,26.35,885
26351,26.351,879
26352,26.352,902
26353,26.353,918
26354,26.354,928
26355,26.355,883
26356,26.356,851
26357,26.357,858
26358,26.358,860
26359,26.359,871
26360,26.36,864
26361,26.361,849
26362,26.362,858
26363,26.363,859
26364,26.364,841
26365,26.365,833
26366,26.366,851
26367,26.367,815
26368,26.368,871
26369,26.369,913
26370,26.37,944
26371,26.371,934
26372,26.372,908
26373,26.373,848
26374,26.374,857
26375,26.375,810
26376,26.376,877
26377,26.377,837
26378,26.378,829
26379,26.379,861
26380,26.38,907
26381,26.381,911
26382,26.382,881
26383,26.383,890
26384,26.384,908
26385,26.385,903
26386,26.386,851
26387,26.387,879
26388,26.388,860
26389,26.389,881
26390,26.39,846
26391,26.391,854
26392,26.392,880
26393,26.393,886
26394,26.394,896
26395,26.395,884
26396,26.396,861
26397,26.397,857
26398,26.398,829
26399,26.399,812
26400,26.4,810
26401,26.401,819
26402,26.402,914
26403,26.403,976
26404,26.404,903
26405,26.405,965
26406,26.406,938
26407,26.407,880
26408,26.408,804
26409,26.409,816
26410,26.41,855
26411,26.411,867
26412,26.412,880
26413,26.413,907
26414,26.414,837
26415,26.415,863
26416,26.416,858
26417,26.417,871
26418,26.418,880
26419,26.419,933
26420,26.42,925
26421,26.421,893
26422,26.422,852
26423,26.423,836
26424,26.424,842
26425,26.425,866
26426,26.426,871
26427,26.427,849
26428,26.428,851
26429,26.429,850
26430,26.43,875
26431,26.431,842
26432,26.432,855
26433,26.433,886
26434,26.434,903
26435,26.435,906
26436,26.436,976
26437,26.437,911
26438,26.438,893
26439,26.439,849
26440,26.44,850
26441,26.441,858
26442,26.442,823
26443,26.443,814
26444,26.444,834
26445,26.445,889
26446,26.446,927
26447,26.447,928
26448,26.448,854
26449,26.449,867
26450,26.45,907
26451,26.451,865
26452,26.452,880
26453,26.453,892
26454,26.454,897
26455,26.455,880
26456,26.456,891
26457,26.457,879
26458,26.458,879
26459,26.459,875
26460,26.46,869
26461,26.461,857
26462,26.462,880
26463,26.463,895
26464,26.464,885
26465,26.465,842
26466,26.466,843
26467,26.467,879
26468,26.468,909
26469,26.469,880
26470,26.47,870
26471,26.471,891
26472,26.472,858
26473,26.473,861
26474,26.474,893
26475,26.475,891
26476,26.476,859
26477,26.477,861
26478,26.478,847
26479,26.479,863
26480,26.48,880
26481,26.481,880
26482,26.482,867
26483,26.483,881
26484,26.484,869
26485,26.485,852
26486,26.486,848
26487,26.487,863
26488,26.488,880
26489,26.489,875
26490,26.49,871
26491,26.491,846
26492,26.492,847
26493,26.493,863
26494,26.494,901
26495,26.495,976
26496,26.496,991
26497,26.497,868
26498,26.498,823
26499,26.499,858
26500,26.5,861
26501,26.501,880
26502,26.502,873
26503,26.503,869
26504,26.504,857
26505,26.505,870
26506,26.506,895
26507,26.507,861
26508,26.508,861
26509,26.509,884
26510,26.51,887
26511,26.511,881
26512,26.512,845
26513,26.513,837
26514,26.514,874
26515,26.515,899
26516,26.516,906
26517,26.517,898
26518,26.518,886
26519,26.519,863
26520,26.52,849
26521,26.521,847
26522,26.522,848
26523,26.523,848
26524,26.524,889
26525,26.525,909
26526,26.526,890
26527,26.527,882
26528,26.528,855
26529,26.529,809
26530,26.53,864
26531,26.531,896
26532,26.532,907
26533,26.533,902
26534,26.534,863
26535,26.535,877
26536,26.536,880
26537,26.537,893
26538,26.538,885
26539,26.539,881
26540,26.54,885
26541,26.541,853
26542,26.542,866
26543,26.543,821
26544,26.544,844
26545,26.545,861
26546,26.546,874
26547,26.547,883
26548,26.548,896
26549,26.549,897
26550,26.55,903
26551,26.551,877
26552,26.552,862
26553,26.553,861
26554,26.554,865
26555,26.555,896
26556,26.556,883
26557,26.557,871
26558,26.558,848
26559,26.559,863
26560,26.56,865
26561,26.561,864
26562,26.562,876
26563,26.563,861
26564,26.564,858
26565,26.565,838
26566,26.566,866
26567,26.567,902
26568,26.568,912
26569,26.569,942
26570,26.57,863
26571,26.571,859
26572,26.572,877
26573,26.573,902
26574,26.574,927
26575,26.575,885
26576,26.576,854
26577,26.577,853
26578,26.578,871
26579,26.579,891
26580,26.58,848
26581,26.581,874
26582,26.582,871
26583,26.583,897
26584,26.584,880
26585,26.585,878
26586,26.586,889
26587,26.587,985
26588,26.588,848
26589,26.589,851
26590,26.59,851
26591,26.591,832
26592,26.592,845
26593,26.593,887
26594,26.594,934
26595,26.595,915
26596,26.596,823
26597,26.597,893
26598,26.598,867
26599,26.599,865
26600,26.6,869
26601,26.601,867
26602,26.602,848
26603,26.603,850
26604,26.604,829
26605,26.605,828
26606,26.606,855
26607,26.607,917
26608,26.608,899
26609,26.609,902
26610,26.61,925
26611,26.611,935
26612,26.612,928
26613,26.613,905
26614,26.614,901
26615,26.615,863
26616,26.616,854
26617,26.617,850
26618,26.618,880
26619,26.619,848
26620,26.62,832
26621,26.621,833
26622,26.622,848
26623,26.623,877
26624,26.624,855
26625,26.625,880
26626,26.626,880
26627,26.627,887
26628,26.628,865
26629,26.629,848
26630,26.63,891
26631,26.631,853
26632,26.632,859
26633,26.633,854
26634,26.634,871
26635,26.635,912
26636,26.636,924
26637,26.637,944
26638,26.638,923
26639,26.639,904
26640,26.64,897
26641,26.641,909
26642,26.642,913
26643,26.643,865
26644,26.644,821
26645,26.645,765
26646,26.646,807
26647,26.647,841
26648,26.648,880
26649,26.649,883
26650,26.65,870
26651,26.651,830
26652,26.652,818
26653,26.653,882
26654,26.654,900
26655,26.655,908
26656,26.656,897
26657,26.657,892
26658,26.658,887
26659,26.659,883
26660,26.66,871
26661,26.661,855
26662,26.662,868
26663,26.663,864
26664,26.664,850
26665,26.665,850
26666,26.666,857
26667,26.667,873
26668,26.668,950
26669,26.669,880
26670,26.67,850
26671,26.671,854
26672,26.672,884
26673,26.673,912
26674,26.674,897
26675,26.675,875
26676,26.676,864
26677,26.677,850
26678,26.678,860
26679,26.679,865
26680,26.68,865
26681,26.681,883
26682,26.682,899
26683,26.683,906
26684,26.684,889
26685,26.685,873
26686,26.686,880
26687,26.687,895
26688,26.688,889
26689,26.689,882
26690,26.69,867
26691,26.691,867
26692,26.692,859
26693,26.693,848
26694,26.694,855
26695,26.695,878
26696,26.696,929
26697,26.697,882
26698,26.698,827
26699,26.699,890
26700,26.7,879
26701,26.701,875
26702,26.702,861
26703,26.703,841
26704,26.704,833
26705,26.705,865
26706,26.706,864
26707,26.707,880
26708,26.708,879
26709,26.709,845
26710,26.71,861
26711,26.711,881
26712,26.712,901
26713,26.713,965
26714,26.714,897
26715,26.715,870
26716,26.716,874
26717,26.717,861
26718,26.718,842
26719,26.719,817
26720,26.72,848
26721,26.721,879
26722,26.722,901
26723,26.723,831
26724,26.724,885
26725,26.725,891
26726,26.726,883
26727,26.727,877
26728,26.728,868
26729,26.729,843
26730,26.73,837
26731,26.731,859
26732,26.732,946
26733,26.733,950
26734,26.734,917
26735,26.735,839
26736,26.736,876
26737,26.737,883
26738,26.738,877
26739,26.739,880
26740,26.74,817
26741,26.741,836
26742,26.742,836
26743,26.743,832
26744,26.744,877
26745,26.745,895
26746,26.746,879
26747,26.747,853
26748,26.748,896
26749,26.749,885
26750,26.75,889
26751,26.751,893
26752,26.752,883
26753,26.753,893
26754,26.754,887
26755,26.755,875
26756,26.756,912
26757,26.757,875
26758,26.758,847
26759,26.759,816
26760,26.76,863
26761,26.761,901
26762,26.762,947
26763,26.763,940
26764,26.764,877
26765,26.765,847
26766,26.766,848
26767,26.767,860
26768,26.768,867
26769,26.769,870
26770,26.77,874
26771,26.771,869
26772,26.772,873
26773,26.773,866
26774,26.774,848
26775,26.775,858
26776,26.776,863
26777,26.777,871
26778,26.778,882
26779,26.779,881
26780,26.78,870
26781,26.781,874
26782,26.782,859
26783,26.783,836
26784,26.784,871
26785,26.785,883
26786,26.786,897
26787,26.787,894
26788,26.788,888
26789,26.789,894
26790,26.79,890
26791,26.791,884
26792,26.792,870
26793,26.793,871
26794,26.794,880
26795,26.795,895
26796,26.796,906
26797,26.797,887
26798,26.798,870
26799,26.799,879
26800,26.8,899
26801,26.801,862
26802,26.802,832
26803,26.803,828
26804,26.804,832
26805,26.805,895
26806,26.806,935
26807,26.807,919
26808,26.808,896
26809,26.809,841
26810,26.81,823
26811,26.811,862
26812,26.812,867
26813,26.813,862
26814,26.814,876
26815,26.815,882
26816,26.816,864
26817,26.817,867
26818,26.818,879
26819,26.819,886
26820,26.82,886
26821,26.821,879
26822,26.822,851
26823,26.823,897
26824,26.824,901
26825,26.825,883
26826,26.826,910
26827,26.827,950
26828,26.828,935
26829,26.829,868
26830,26.83,846
26831,26.831,816
26832,26.832,883
26833,26.833,799
26834,26.834,848
26835,26.835,914
26836,26.836,944
26837,26.837,907
26838,26.838,885
26839,26.839,880
26840,26.84,861
26841,26.841,848
26842,26.842,861
26843,26.843,845
26844,26.844,805
26845,26.845,812
26846,26.846,861
26847,26.847,919
26848,26.848,944
26849,26.849,906
26850,26.85,857
26851,26.851,857
26852,26.852,879
26853,26.853,912
26854,26.854,929
26855,26.855,960
26856,26.856,925
26857,26.857,912
26858,26.858,893
26859,26.859,816
26860,26.86,769
26861,26.861,801
26862,26.862,845
26863,26.863,864
26864,26.864,861
26865,26.865,863
26866,26.866,852
26867,26.867,834
26868,26.868,826
26869,26.869,882
26870,26.87,961
26871,26.871,977
26872,26.872,884
26873,26.873,831
26874,26.874,815
26875,26.875,827
26876,26.876,881
26877,26.877,893
26878,26.878,907
26879,26.879,880
26880,26.88,842
26881,26.881,846
26882,26.882,863
26883,26.883,895
26884,26.884,916
26885,26.885,912
26886,26.886,898
26887,26.887,866
26888,26.888,849
26889,26.889,869
26890,26.89,893
26891,26.891,925
26892,26.892,899
26893,26.893,853
26894,26.894,855
26895,26.895,893
26896,26.896,893
26897,26.897,869
26898,26.898,880
26899,26.899,878
26900,26.9,862
26901,26.901,839
26902,26.902,822
26903,26.903,830
26904,26.904,846
26905,26.905,855
26906,26.906,867
26907,26.907,898
26908,26.908,902
26909,26.909,897
26910,26.91,879
26911,26.911,875
26912,26.912,877
26913,26.913,859
26914,26.914,877
26915,26.915,878
26916,26.916,851
26917,26.917,912
26918,26.918,923
26919,26.919,879
26920,26.92,865
26921,26.921,826
26922,26.922,894
26923,26.923,896
26924,26.924,837
26925,26.925,806
26926,26.926,847
26927,26.927,862
26928,26.928,880
26929,26.929,877
26930,26.93,885
26931,26.931,881
26932,26.932,880
26933,26.933,869
26934,26.934,878
26935,26.935,887
26936,26.936,875
26937,26.937,823
26938,26.938,851
26939,26.939,997
26940,26.94,907
26941,26.941,887
26942,26.942,931
26943,26.943,931
26944,26.944,883
26945,26.945,883
26946,26.946,807
26947,26.947,791
26948,26.948,890
26949,26.949,894
26950,26.95,961
26951,26.951,934
26952,26.952,880
26953,26.953,832
26954,26.954,822
26955,26.955,848
26956,26.956,894
26957,26.957,923
26958,26.958,944
26959,26.959,899
26960,26.96,853
26961,26.961,851
26962,26.962,881
26963,26.963,880
26964,26.964,850
26965,26.965,841
26966,26.966,846
26967,26.967,869
26968,26.968,876
26969,26.969,869
26970,26.97,855
26971,26.971,851
26972,26.972,875
26973,26.973,898
26974,26.974,865
26975,26.975,835
26976,26.976,853
26977,26.977,885
26978,26.978,897
26979,26.979,901
26980,26.98,912
26981,26.981,893
26982,26.982,893
26983,26.983,867
26984,26.984,848
26985,26.985,890
26986,26.986,873
26987,26.987,862
26988,26.988,860
26989,26.989,848
26990,26.99,845
26991,26.991,862
26992,26.992,938
26993,26.993,914
26994,26.994,917
26995,26.995,854
26996,26.996,838
26997,26.997,862
26998,26.998,912
26999,26.999,904
27000,27.0,882
27001,27.001,883
27002,27.002,847
27003,27.003,880
27004,27.004,912
27005,27.005,871
27006,27.006,869
27007,27.007,863
27008,27.008,838
27009,27.009,826
27010,27.01,866
27011,27.011,881
27012,27.012,883
27013,27.013,858
27014,27.014,895
27015,27.015,922
27016,27.016,889
27017,27.017,859
27018,27.018,866
27019,27.019,835
27020,27.02,873
27021,27.021,871
27022,27.022,882
27023,27.023,853
27024,27.024,831
27025,27.025,817
27026,27.026,838
27027,27.027,880
27028,27.028,894
27029,27.029,919
27030,27.03,951
27031,27.031,914
27032,27.032,871
27033,27.033,895
27034,27.034,912
27035,27.035,854
27036,27.036,833
27037,27.037,851
27038,27.038,868
27039,27.039,903
27040,27.04,890
27041,27.041,859
27042,27.042,837
27043,27.043,834
27044,27.044,834
27045,27.045,865
27046,27.046,910
27047,27.047,895
27048,27.048,877
27049,27.049,852
27050,27.05,825
27051,27.051,829
27052,27.052,880
27053,27.053,901
27054,27.054,907
27055,27.055,895
27056,27.056,899
27057,27.057,903
27058,27.058,879
27059,27.059,883
27060,27.06,877
27061,27.061,838
27062,27.062,870
27063,27.063,881
27064,27.064,895
27065,27.065,898
27066,27.066,869
27067,27.067,848
27068,27.068,851
27069,27.069,848
27070,27.07,865
27071,27.071,871
27072,27.072,889
27073,27.073,874
27074,27.074,896
27075,27.075,895
27076,27.076,894
27077,27.077,897
27078,27.078,880
27079,27.079,862
27080,27.08,878
27081,27.081,851
27082,27.082,850
27083,27.083,869
27084,27.084,883
27085,27.085,877
27086,27.086,878
27087,27.087,880
27088,27.088,880
27089,27.089,862
27090,27.09,893
27091,27.091,874
27092,27.092,883
27093,27.093,879
27094,27.094,885
27095,27.095,849
27096,27.096,880
27097,27.097,885
27098,27.098,874
27099,27.099,877
27100,27.1,907
27101,27.101,941
27102,27.102,938
27103,27.103,893
27104,27.104,821
27105,27.105,838
27106,27.106,864
27107,27.107,880
27108,27.108,874
27109,27.109,869
27110,27.11,868
27111,27.111,878
27112,27.112,883
27113,27.113,864
27114,27.114,855
27115,27.115,873
27116,27.116,884
27117,27.117,887
27118,27.118,882
27119,27.119,887
27120,27.12,880
27121,27.121,854
27122,27.122,865
27123,27.123,866
27124,27.124,874
27125,27.125,885
27126,27.126,893
27127,27.127,877
27128,27.128,865
27129,27.129,888
27130,27.13,859
27131,27.131,870
27132,27.132,885
27133,27.133,895
27134,27.134,909
27135,27.135,908
27136,27.136,903
27137,27.137,884
27138,27.138,887
27139,27.139,862
27140,27.14,867
27141,27.141,848
27142,27.142,810
27143,27.143,807
27144,27.144,848
27145,27.145,896
27146,27.146,903
27147,27.147,918
27148,27.148,914
27149,27.149,880
27150,27.15,849
27151,27.151,846
27152,27.152,839
27153,27.153,851
27154,27.154,871
27155,27.155,901
27156,27.156,933
27157,27.157,881
27158,27.158,882
27159,27.159,877
27160,27.16,856
27161,27.161,879
27162,27.162,912
27163,27.163,914
27164,27.164,862
27165,27.165,829
27166,27.166,843
27167,27.167,880
27168,27.168,891
27169,27.169,878
27170,27.17,868
27171,27.171,866
27172,27.172,863
27173,27.173,881
27174,27.174,912
27175,27.175,940
27176,27.176,926
27177,27.177,849
27178,27.178,803
27179,27.179,784
27180,27.18,799
27181,27.181,851
27182,27.182,884
27183,27.183,910
27184,27.184,816
27185,27.185,905
27186,27.186,885
27187,27.187,894
27188,27.188,905
27189,27.189,887
27190,27.19,881
27191,27.191,856
27192,27.192,844
27193,27.193,877
27194,27.194,877
27195,27.195,950
27196,27.196,931
27197,27.197,881
27198,27.198,835
27199,27.199,833
27200,27.2,819
27201,27.201,844
27202,27.202,860
27203,27.203,846
27204,27.204,851
27205,27.205,838
27206,27.206,829
27207,27.207,842
27208,27.208,847
27209,27.209,878
27210,27.21,816
27211,27.211,885
27212,27.212,915
27213,27.213,938
27214,27.214,897
27215,27.215,849
27216,27.216,871
27217,27.217,892
27218,27.218,892
27219,27.219,880
27220,27.22,871
27221,27.221,866
27222,27.222,827
27223,27.223,724
27224,27.224,776
27225,27.225,869
27226,27.226,940
27227,27.227,953
27228,27.228,962
27229,27.229,868
27230,27.23,768
27231,27.231,806
27232,27.232,851
27233,27.233,850
27234,27.234,884
27235,27.235,915
27236,27.236,899
27237,27.237,914
27238,27.238,935
27239,27.239,905
27240,27.24,879
27241,27.241,874
27242,27.242,905
27243,27.243,929
27244,27.244,923
27245,27.245,851
27246,27.246,816
27247,27.247,805
27248,27.248,784
27249,27.249,831
27250,27.25,889
27251,27.251,928
27252,27.252,965
27253,27.253,1022
27254,27.254,979
27255,27.255,922
27256,27.256,846
27257,27.257,797
27258,27.258,811
27259,27.259,787
27260,27.26,798
27261,27.261,782
27262,27.262,809
27263,27.263,863
27264,27.264,935
27265,27.265,979
27266,27.266,981
27267,27.267,928
27268,27.268,831
27269,27.269,777
27270,27.27,793
27271,27.271,851
27272,27.272,891
27273,27.273,873
27274,27.274,880
27275,27.275,989
27276,27.276,997
27277,27.277,923
27278,27.278,841
27279,27.279,820
27280,27.28,772
27281,27.281,907
27282,27.282,915
27283,27.283,929
27284,27.284,899
27285,27.285,849
27286,27.286,807
27287,27.287,848
27288,27.288,858
27289,27.289,858
27290,27.29,878
27291,27.291,976
27292,27.292,912
27293,27.293,832
27294,27.294,816
27295,27.295,819
27296,27.296,833
27297,27.297,833
27298,27.298,854
27299,27.299,886
27300,27.3,901
27301,27.301,896
27302,27.302,869
27303,27.303,878
27304,27.304,880
27305,27.305,884
27306,27.306,918
27307,27.307,911
27308,27.308,866
27309,27.309,849
27310,27.31,821
27311,27.311,816
27312,27.312,832
27313,27.313,873
27314,27.314,905
27315,27.315,929
27316,27.316,929
27317,27.317,912
27318,27.318,899
27319,27.319,880
27320,27.32,857
27321,27.321,801
27322,27.322,810
27323,27.323,867
27324,27.324,905
27325,27.325,879
27326,27.326,810
27327,27.327,751
27328,27.328,719
27329,27.329,802
27330,27.33,835
27331,27.331,881
27332,27.332,985
27333,27.333,1110
27334,27.334,1088
27335,27.335,976
27336,27.336,876
27337,27.337,847
27338,27.338,847
27339,27.339,848
27340,27.34,782
27341,27.341,790
27342,27.342,815
27343,27.343,862
27344,27.344,893
27345,27.345,885
27346,27.346,863
27347,27.347,889
27348,27.348,908
27349,27.349,880
27350,27.35,856
27351,27.351,865
27352,27.352,895
27353,27.353,913
27354,27.354,890
27355,27.355,856
27356,27.356,863
27357,27.357,857
27358,27.358,878
27359,27.359,912
27360,27.36,911
27361,27.361,886
27362,27.362,850
27363,27.363,834
27364,27.364,823
27365,27.365,823
27366,27.366,851
27367,27.367,905
27368,27.368,910
27369,27.369,981
27370,27.37,937
27371,27.371,822
27372,27.372,831
27373,27.373,879
27374,27.374,884
27375,27.375,855
27376,27.376,833
27377,27.377,839
27378,27.378,851
27379,27.379,883
27380,27.38,889
27381,27.381,873
27382,27.382,862
27383,27.383,881
27384,27.384,838
27385,27.385,827
27386,27.386,862
27387,27.387,937
27388,27.388,956
27389,27.389,896
27390,27.39,813
27391,27.391,787
27392,27.392,850
27393,27.393,886
27394,27.394,901
27395,27.395,891
27396,27.396,885
27397,27.397,880
27398,27.398,891
27399,27.399,917
27400,27.4,939
27401,27.401,901
27402,27.402,721
27403,27.403,826
27404,27.404,848
27405,27.405,880
27406,27.406,954
27407,27.407,895
27408,27.408,919
27409,27.409,863
27410,27.41,823
27411,27.411,854
27412,27.412,894
27413,27.413,907
27414,27.414,901
27415,27.415,892
27416,27.416,880
27417,27.417,859
27418,27.418,838
27419,27.419,858
27420,27.42,879
27421,27.421,860
27422,27.422,839
27423,27.423,829
27424,27.424,897
27425,27.425,947
27426,27.426,916
27427,27.427,848
27428,27.428,858
27429,27.429,864
27430,27.43,841
27431,27.431,848
27432,27.432,880
27433,27.433,902
27434,27.434,871
27435,27.435,810
27436,27.436,806
27437,27.437,865
27438,27.438,927
27439,27.439,907
27440,27.44,868
27441,27.441,823
27442,27.442,816
27443,27.443,869
27444,27.444,891
27445,27.445,831
27446,27.446,806
27447,27.447,865
27448,27.448,951
27449,27.449,1002
27450,27.45,977
27451,27.451,914
27452,27.452,867
27453,27.453,871
27454,27.454,843
27455,27.455,852
27456,27.456,866
27457,27.457,887
27458,27.458,893
27459,27.459,910
27460,27.46,907
27461,27.461,857
27462,27.462,869
27463,27.463,860
27464,27.464,873
27465,27.465,871
27466,27.466,845
27467,27.467,828
27468,27.468,854
27469,27.469,818
27470,27.47,820
27471,27.471,817
27472,27.472,903
27473,27.473,987
27474,27.474,935
27475,27.475,944
27476,27.476,945
27477,27.477,903
27478,27.478,848
27479,27.479,842
27480,27.48,832
27481,27.481,846
27482,27.482,870
27483,27.483,878
27484,27.484,878
27485,27.485,885
27486,27.486,848
27487,27.487,849
27488,27.488,848
27489,27.489,877
27490,27.49,883
27491,27.491,879
27492,27.492,887
27493,27.493,885
27494,27.494,861
27495,27.495,848
27496,27.496,870
27497,27.497,863
27498,27.498,873
27499,27.499,867
27500,27.5,877
27501,27.501,875
27502,27.502,876
27503,27.503,862
27504,27.504,846
27505,27.505,832
27506,27.506,851
27507,27.507,875
27508,27.508,909
27509,27.509,920
27510,27.51,890
27511,27.511,891
27512,27.512,889
27513,27.513,877
27514,27.514,843
27515,27.515,874
27516,27.516,875
27517,27.517,881
27518,27.518,879
27519,27.519,884
27520,27.52,885
27521,27.521,866
27522,27.522,744
27523,27.523,842
27524,27.524,797
27525,27.525,805
27526,27.526,816
27527,27.527,865
27528,27.528,929
27529,27.529,937
27530,27.53,919
27531,27.531,912
27532,27.532,909
27533,27.533,879
27534,27.534,861
27535,27.535,826
27536,27.536,806
27537,27.537,878
27538,27.538,955
27539,27.539,946
27540,27.54,929
27541,27.541,899
27542,27.542,870
27543,27.543,869
27544,27.544,870
27545,27.545,859
27546,27.546,861
27547,27.547,851
27548,27.548,860
27549,27.549,864
27550,27.55,871
27551,27.551,880
27552,27.552,859
27553,27.553,832
27554,27.554,823
27555,27.555,835
27556,27.556,854
27557,27.557,887
27558,27.558,916
27559,27.559,895
27560,27.56,880
27561,27.561,896
27562,27.562,909
27563,27.563,949
27564,27.564,931
27565,27.565,866
27566,27.566,827
27567,27.567,825
27568,27.568,848
27569,27.569,877
27570,27.57,880
27571,27.571,868
27572,27.572,877
27573,27.573,874
27574,27.574,873
27575,27.575,863
27576,27.576,869
27577,27.577,880
27578,27.578,886
27579,27.579,896
27580,27.58,851
27581,27.581,848
27582,27.582,865
27583,27.583,851
27584,27.584,848
27585,27.585,869
27586,27.586,880
27587,27.587,896
27588,27.588,873
27589,27.589,875
27590,27.59,863
27591,27.591,882
27592,27.592,875
27593,27.593,881
27594,27.594,885
27595,27.595,886
27596,27.596,880
27597,27.597,971
27598,27.598,859
27599,27.599,878
27600,27.6,861
27601,27.601,853
27602,27.602,863
27603,27.603,860
27604,27.604,876
27605,27.605,880
27606,27.606,870
27607,27.607,862
27608,27.608,876
27609,27.609,869
27610,27.61,865
27611,27.611,869
27612,27.612,880
27613,27.613,879
27614,27.614,880
27615,27.615,878
27616,27.616,876
27617,27.617,879
27618,27.618,874
27619,27.619,858
27620,27.62,872
27621,27.621,877
27622,27.622,839
27623,27.623,819
27624,27.624,809
27625,27.625,815
27626,27.626,821
27627,27.627,892
27628,27.628,975
27629,27.629,987
27630,27.63,928
27631,27.631,885
27632,27.632,903
27633,27.633,897
27634,27.634,880
27635,27.635,866
27636,27.636,865
27637,27.637,866
27638,27.638,879
27639,27.639,819
27640,27.64,869
27641,27.641,880
27642,27.642,879
27643,27.643,867
27644,27.644,854
27645,27.645,870
27646,27.646,848
27647,27.647,863
27648,27.648,871
27649,27.649,865
27650,27.65,868
27651,27.651,883
27652,27.652,885
27653,27.653,899
27654,27.654,866
27655,27.655,848
27656,27.656,850
27657,27.657,849
27658,27.658,873
27659,27.659,869
27660,27.66,910
27661,27.661,903
27662,27.662,879
27663,27.663,875
27664,27.664,884
27665,27.665,871
27666,27.666,855
27667,27.667,869
27668,27.668,871
27669,27.669,871
27670,27.67,871
27671,27.671,864
27672,27.672,868
27673,27.673,870
27674,27.674,883
27675,27.675,879
27676,27.676,880
27677,27.677,884
27678,27.678,874
27679,27.679,873
27680,27.68,865
27681,27.681,863
27682,27.682,869
27683,27.683,857
27684,27.684,864
27685,27.685,871
27686,27.686,861
27687,27.687,864
27688,27.688,865
27689,27.689,865
27690,27.69,867
27691,27.691,880
27692,27.692,881
27693,27.693,882
27694,27.694,879
27695,27.695,894
27696,27.696,880
27697,27.697,879
27698,27.698,869
27699,27.699,929
27700,27.7,871
27701,27.701,871
27702,27.702,874
27703,27.703,864
27704,27.704,861
27705,27.705,855
27706,27.706,853
27707,27.707,855
27708,27.708,875
27709,27.709,880
27710,27.71,881
27711,27.711,880
27712,27.712,881
27713,27.713,880
27714,27.714,880
27715,27.715,892
27716,27.716,890
27717,27.717,879
27718,27.718,880
27719,27.719,874
27720,27.72,879
27721,27.721,870
27722,27.722,864
27723,27.723,866
27724,27.724,871
27725,27.725,870
27726,27.726,863
27727,27.727,862
27728,27.728,871
27729,27.729,863
27730,27.73,857
27731,27.731,875
27732,27.732,879
27733,27.733,877
27734,27.734,881
27735,27.735,876
27736,27.736,892
27737,27.737,880
27738,27.738,878
27739,27.739,867
27740,27.74,864
27741,27.741,881
27742,27.742,895
27743,27.743,866
27744,27.744,862
27745,27.745,869
27746,27.746,864
27747,27.747,870
27748,27.748,871
27749,27.749,868
27750,27.75,870
27751,27.751,880
27752,27.752,881
27753,27.753,874
27754,27.754,871
27755,27.755,878
27756,27.756,886
27757,27.757,880
27758,27.758,878
27759,27.759,944
27760,27.76,880
27761,27.761,880
27762,27.762,878
27763,27.763,861
27764,27.764,847
27765,27.765,867
27766,27.766,859
27767,27.767,884
27768,27.768,881
27769,27.769,874
27770,27.77,878
27771,27.771,891
27772,27.772,880
27773,27.773,874
27774,27.774,879
27775,27.775,875
27776,27.776,883
27777,27.777,891
27778,27.778,877
27779,27.779,874
27780,27.78,880
27781,27.781,880
27782,27.782,877
27783,27.783,863
27784,27.784,874
27785,27.785,880
27786,27.786,874
27787,27.787,860
27788,27.788,864
27789,27.789,874
27790,27.79,882
27791,27.791,876
27792,27.792,876
27793,27.793,877
27794,27.794,878
27795,27.795,878
27796,27.796,884
27797,27.797,886
27798,27.798,880
27799,27.799,878
27800,27.8,879
27801,27.801,873
27802,27.802,870
27803,27.803,867
27804,27.804,865
27805,27.805,871
27806,27.806,880
27807,27.807,870
27808,27.808,873
27809,27.809,903
27810,27.81,871
27811,27.811,876
27812,27.812,882
27813,27.813,880
27814,27.814,882
27815,27.815,877
27816,27.816,880
27817,27.817,880
27818,27.818,878
27819,27.819,881
27820,27.82,864
27821,27.821,868
27822,27.822,885
27823,27.823,869
27824,27.824,863
27825,27.825,870
27826,27.826,865
27827,27.827,868
27828,27.828,868
27829,27.829,866
27830,27.83,871
27831,27.831,871
27832,27.832,873
27833,27.833,876
27834,27.834,878
27835,27.835,881
27836,27.836,889
27837,27.837,881
27838,27.838,871
27839,27.839,863
27840,27.84,873
27841,27.841,877
27842,27.842,867
27843,27.843,864
27844,27.844,864
27845,27.845,877
27846,27.846,864
27847,27.847,858
27848,27.848,863
27849,27.849,866
27850,27.85,877
27851,27.851,880
27852,27.852,879
27853,27.853,881
27854,27.854,879
27855,27.855,875
27856,27.856,870
27857,27.857,883
27858,27.858,879
27859,27.859,875
27860,27.86,879
27861,27.861,869
27862,27.862,880
27863,27.863,868
27864,27.864,874
27865,27.865,854
27866,27.866,866
27867,27.867,853
27868,27.868,855
27869,27.869,865
27870,27.87,863
27871,27.871,858
27872,27.872,855
27873,27.873,874
27874,27.874,896
27875,27.875,881
27876,27.876,881
27877,27.877,869
27878,27.878,861
27879,27.879,871
27880,27.88,883
27881,27.881,878
27882,27.882,868
27883,27.883,871
27884,27.884,862
27885,27.885,862
27886,27.886,869
27887,27.887,862
27888,27.888,874
27889,27.889,868
27890,27.89,869
27891,27.891,861
27892,27.892,865
27893,27.893,871
27894,27.894,879
27895,27.895,875
27896,27.896,873
27897,27.897,879
27898,27.898,875
27899,27.899,881
27900,27.9,880
27901,27.901,878
27902,27.902,875
27903,27.903,864
27904,27.904,870
27905,27.905,829
27906,27.906,872
27907,27.907,848
27908,27.908,871
27909,27.909,870
27910,27.91,867
27911,27.911,878
27912,27.912,880
27913,27.913,880
27914,27.914,882
27915,27.915,885
27916,27.916,880
27917,27.917,880
27918,27.918,838
27919,27.919,876
27920,27.92,881
27921,27.921,867
27922,27.922,875
27923,27.923,854
27924,27.924,856
27925,27.925,861
27926,27.926,864
27927,27.927,859
27928,27.928,869
27929,27.929,907
27930,27.93,871
27931,27.931,869
27932,27.932,878
27933,27.933,880
27934,27.934,877
27935,27.935,871
27936,27.936,831
27937,27.937,880
27938,27.938,880
27939,27.939,879
27940,27.94,880
27941,27.941,874
27942,27.942,880
27943,27.943,877
27944,27.944,869
27945,27.945,877
27946,27.946,873
27947,27.947,865
27948,27.948,845
27949,27.949,866
27950,27.95,863
27951,27.951,871
27952,27.952,861
27953,27.953,887
27954,27.954,891
27955,27.955,885
27956,27.956,879
27957,27.957,872
27958,27.958,865
27959,27.959,866
27960,27.96,863
27961,27.961,880
27962,27.962,878
27963,27.963,867
27964,27.964,874
27965,27.965,878
27966,27.966,875
27967,27.967,875
27968,27.968,883
27969,27.969,862
27970,27.97,874
27971,27.971,897
27972,27.972,914
27973,27.973,903
27974,27.974,881
27975,27.975,891
27976,27.976,886
27977,27.977,835
27978,27.978,816
27979,27.979,838
27980,27.98,847
27981,27.981,846
27982,27.982,841
27983,27.983,850
27984,27.984,865
27985,27.985,873
27986,27.986,867
27987,27.987,870
27988,27.988,864
27989,27.989,869
27990,27.99,866
27991,27.991,875
27992,27.992,880
27993,27.993,884
27994,27.994,880
27995,27.995,880
27996,27.996,880
27997,27.997,888
27998,27.998,880
27999,27.999,875
28000,28.0,882
28001,28.001,880
28002,28.002,870
28003,28.003,873
28004,28.004,870
28005,28.005,870
28006,28.006,869
28007,28.007,879
28008,28.008,869
28009,28.009,875
28010,28.01,867
28011,28.011,880
28012,28.012,869
28013,28.013,880
28014,28.014,877
28015,28.015,875
28016,28.016,881
28017,28.017,885
28018,28.018,888
28019,28.019,878
28020,28.02,795
28021,28.021,870
28022,28.022,879
28023,28.023,838
28024,28.024,790
28025,28.025,877
28026,28.026,865
28027,28.027,867
28028,28.028,869
28029,28.029,866
28030,28.03,873
28031,28.031,871
28032,28.032,874
28033,28.033,885
28034,28.034,880
28035,28.035,880
28036,28.036,879
28037,28.037,879
28038,28.038,878
28039,28.039,1013
28040,28.04,876
28041,28.041,880
28042,28.042,870
28043,28.043,879
28044,28.044,863
28045,28.045,867
28046,28.046,870
28047,28.047,863
28048,28.048,848
28049,28.049,869
28050,28.05,871
28051,28.051,877
28052,28.052,880
28053,28.053,880
28054,28.054,883
28055,28.055,880
28056,28.056,878
28057,28.057,886
28058,28.058,877
28059,28.059,869
28060,28.06,720
28061,28.061,865
28062,28.062,873
28063,28.063,875
28064,28.064,863
28065,28.065,859
28066,28.066,871
28067,28.067,864
28068,28.068,874
28069,28.069,862
28070,28.07,867
28071,28.071,870
28072,28.072,873
28073,28.073,897
28074,28.074,912
28075,28.075,923
28076,28.076,923
28077,28.077,912
28078,28.078,895
28079,28.079,874
28080,28.08,863
28081,28.081,841
28082,28.082,823
28083,28.083,819
28084,28.084,842
28085,28.085,866
28086,28.086,868
28087,28.087,862
28088,28.088,853
28089,28.089,875
28090,28.09,880
28091,28.091,870
28092,28.092,871
28093,28.093,872
28094,28.094,869
28095,28.095,882
28096,28.096,881
28097,28.097,871
28098,28.098,880
28099,28.099,886
28100,28.1,885
28101,28.101,879
28102,28.102,867
28103,28.103,865
28104,28.104,869
28105,28.105,867
28106,28.106,878
28107,28.107,867
28108,28.108,855
28109,28.109,934
28110,28.11,877
28111,28.111,880
28112,28.112,878
28113,28.113,886
28114,28.114,886
28115,28.115,877
28116,28.116,882
28117,28.117,881
28118,28.118,848
28119,28.119,880
28120,28.12,874
28121,28.121,897
28122,28.122,879
28123,28.123,874
28124,28.124,874
28125,28.125,865
28126,28.126,867
28127,28.127,878
28128,28.128,861
28129,28.129,859
28130,28.13,862
28131,28.131,869
28132,28.132,880
28133,28.133,875
28134,28.134,875
28135,28.135,873
28136,28.136,880
28137,28.137,885
28138,28.138,969
28139,28.139,879
28140,28.14,871
28141,28.141,877
28142,28.142,875
28143,28.143,869
28144,28.144,863
28145,28.145,867
28146,28.146,875
28147,28.147,864
28148,28.148,855
28149,28.149,863
28150,28.15,830
28151,28.151,871
28152,28.152,876
28153,28.153,875
28154,28.154,885
28155,28.155,875
28156,28.156,894
28157,28.157,885
28158,28.158,879
28159,28.159,877
28160,28.16,880
28161,28.161,887
28162,28.162,869
28163,28.163,854
28164,28.164,855
28165,28.165,861
28166,28.166,875
28167,28.167,858
28168,28.168,873
28169,28.169,870
28170,28.17,880
28171,28.171,880
28172,28.172,874
28173,28.173,875
28174,28.174,881
28175,28.175,880
28176,28.176,881
28177,28.177,878
28178,28.178,884
28179,28.179,880
28180,28.18,862
28181,28.181,870
28182,28.182,870
28183,28.183,880
28184,28.184,879
28185,28.185,877
28186,28.186,869
28187,28.187,866
28188,28.188,868
28189,28.189,882
28190,28.19,871
28191,28.191,863
28192,28.192,867
28193,28.193,877
28194,28.194,882
28195,28.195,881
28196,28.196,877
28197,28.197,859
28198,28.198,871
28199,28.199,876
28200,28.2,855
28201,28.201,869
28202,28.202,871
28203,28.203,874
28204,28.204,858
28205,28.205,883
28206,28.206,869
28207,28.207,858
28208,28.208,875
28209,28.209,880
28210,28.21,875
28211,28.211,880
28212,28.212,879
28213,28.213,881
28214,28.214,881
28215,28.215,880
28216,28.216,867
28217,28.217,880
28218,28.218,878
28219,28.219,873
28220,28.22,880
28221,28.221,876
28222,28.222,876
28223,28.223,863
28224,28.224,866
28225,28.225,861
28226,28.226,871
28227,28.227,866
28228,28.228,859
28229,28.229,865
28230,28.23,880
28231,28.231,881
28232,28.232,875
28233,28.233,880
28234,28.234,875
28235,28.235,880
28236,28.236,875
28237,28.237,869
28238,28.238,877
28239,28.239,875
28240,28.24,880
28241,28.241,876
28242,28.242,873
28243,28.243,864
28244,28.244,868
28245,28.245,863
28246,28.246,869
28247,28.247,837
28248,28.248,860
28249,28.249,880
28250,28.25,864
28251,28.251,877
28252,28.252,870
28253,28.253,880
28254,28.254,880
28255,28.255,887
28256,28.256,874
28257,28.257,875
28258,28.258,862
28259,28.259,877
28260,28.26,876
28261,28.261,876
28262,28.262,873
28263,28.263,816
28264,28.264,865
28265,28.265,871
28266,28.266,880
28267,28.267,877
28268,28.268,880
28269,28.269,885
28270,28.27,877
28271,28.271,867
28272,28.272,876
28273,28.273,873
28274,28.274,857
28275,28.275,867
28276,28.276,877
28277,28.277,879
28278,28.278,876
28279,28.279,864
28280,28.28,866
28281,28.281,885
28282,28.282,874
28283,28.283,873
28284,28.284,875
28285,28.285,866
28286,28.286,875
28287,28.287,878
28288,28.288,862
28289,28.289,869
28290,28.29,868
28291,28.291,878
28292,28.292,873
28293,28.293,879
28294,28.294,882
28295,28.295,885
28296,28.296,880
28297,28.297,893
28298,28.298,877
28299,28.299,876
28300,28.3,879
28301,28.301,880
28302,28.302,878
28303,28.303,875
28304,28.304,873
28305,28.305,869
28306,28.306,871
28307,28.307,866
28308,28.308,865
28309,28.309,865
28310,28.31,877
28311,28.311,866
28312,28.312,879
28313,28.313,871
28314,28.314,880
28315,28.315,874
28316,28.316,879
28317,28.317,880
28318,28.318,880
28319,28.319,881
28320,28.32,881
28321,28.321,881
28322,28.322,877
28323,28.323,874
28324,28.324,863
28325,28.325,863
28326,28.326,853
28327,28.327,867
28328,28.328,865
28329,28.329,876
28330,28.33,871
28331,28.331,880
28332,28.332,877
28333,28.333,879
28334,28.334,887
28335,28.335,877
28336,28.336,878
28337,28.337,880
28338,28.338,877
28339,28.339,880
28340,28.34,871
28341,28.341,877
28342,28.342,879
28343,28.343,874
28344,28.344,862
28345,28.345,863
28346,28.346,876
28347,28.347,880
28348,28.348,865
28349,28.349,871
28350,28.35,869
28351,28.351,880
28352,28.352,881
28353,28.353,881
28354,28.354,950
28355,28.355,871
28356,28.356,869
28357,28.357,880
28358,28.358,880
28359,28.359,880
28360,28.36,869
28361,28.361,878
28362,28.362,873
28363,28.363,869
28364,28.364,859
28365,28.365,866
28366,28.366,864
28367,28.367,865
28368,28.368,848
28369,28.369,855
28370,28.37,874
28371,28.371,873
28372,28.372,879
28373,28.373,878
28374,28.374,877
28375,28.375,874
28376,28.376,870
28377,28.377,885
28378,28.378,875
28379,28.379,880
28380,28.38,875
28381,28.381,884
28382,28.382,875
28383,28.383,870
28384,28.384,866
28385,28.385,867
28386,28.386,859
28387,28.387,865
28388,28.388,870
28389,28.389,870
28390,28.39,871
28391,28.391,870
28392,28.392,880
28393,28.393,883
28394,28.394,896
28395,28.395,886
28396,28.396,880
28397,28.397,877
28398,28.398,886
28399,28.399,881
28400,28.4,877
28401,28.401,880
28402,28.402,864
28403,28.403,863
28404,28.404,881
28405,28.405,855
28406,28.406,878
28407,28.407,865
28408,28.408,861
28409,28.409,877
28410,28.41,865
28411,28.411,889
28412,28.412,880
28413,28.413,879
28414,28.414,866
28415,28.415,881
28416,28.416,880
28417,28.417,880
28418,28.418,883
28419,28.419,888
28420,28.42,875
28421,28.421,880
28422,28.422,871
28423,28.423,863
28424,28.424,859
28425,28.425,860
28426,28.426,865
28427,28.427,827
28428,28.428,877
28429,28.429,871
28430,28.43,860
28431,28.431,869
28432,28.432,873
28433,28.433,879
28434,28.434,879
28435,28.435,877
28436,28.436,880
28437,28.437,875
28438,28.438,891
28439,28.439,882
28440,28.44,880
28441,28.441,879
28442,28.442,879
28443,28.443,866
28444,28.444,879
28445,28.445,890
28446,28.446,871
28447,28.447,870
28448,28.448,868
28449,28.449,874
28450,28.45,866
28451,28.451,874
28452,28.452,873
28453,28.453,877
28454,28.454,882
28455,28.455,885
28456,28.456,880
28457,28.457,887
28458,28.458,878
28459,28.459,857
28460,28.46,893
28461,28.461,864
28462,28.462,879
28463,28.463,871
28464,28.464,859
28465,28.465,865
28466,28.466,1057
28467,28.467,898
28468,28.468,870
28469,28.469,889
28470,28.47,873
28471,28.471,875
28472,28.472,877
28473,28.473,875
28474,28.474,875
28475,28.475,879
28476,28.476,880
28477,28.477,882
28478,28.478,887
28479,28.479,880
28480,28.48,883
28481,28.481,882
28482,28.482,869
28483,28.483,861
28484,28.484,853
28485,28.485,877
28486,28.486,879
28487,28.487,879
28488,28.488,868
28489,28.489,874
28490,28.49,870
28491,28.491,875
28492,28.492,866
28493,28.493,874
28494,28.494,875
28495,28.495,877
28496,28.496,880
28497,28.497,882
28498,28.498,871
28499,28.499,885
28500,28.5,880
28501,28.501,875
28502,28.502,881
28503,28.503,870
28504,28.504,873
28505,28.505,876
28506,28.506,865
28507,28.507,839
28508,28.508,877
28509,28.509,871
28510,28.51,873
28511,28.511,852
28512,28.512,866
28513,28.513,872
28514,28.514,884
28515,28.515,883
28516,28.516,880
28517,28.517,881
28518,28.518,874
28519,28.519,883
28520,28.52,880
28521,28.521,880
28522,28.522,879
28523,28.523,868
28524,28.524,822
28525,28.525,870
28526,28.526,877
28527,28.527,862
28528,28.528,881
28529,28.529,870
28530,28.53,866
28531,28.531,866
28532,28.532,879
28533,28.533,866
28534,28.534,878
28535,28.535,911
28536,28.536,865
28537,28.537,882
28538,28.538,886
28539,28.539,880
28540,28.54,880
28541,28.541,882
28542,28.542,873
28543,28.543,879
28544,28.544,866
28545,28.545,857
28546,28.546,862
28547,28.547,866
28548,28.548,871
28549,28.549,793
28550,28.55,877
28551,28.551,871
28552,28.552,866
28553,28.553,868
28554,28.554,875
28555,28.555,869
28556,28.556,879
28557,28.557,880
28558,28.558,882
28559,28.559,879
28560,28.56,928
28561,28.561,875
28562,28.562,870
28563,28.563,877
28564,28.564,865
28565,28.565,864
28566,28.566,866
28567,28.567,871
28568,28.568,851
28569,28.569,866
28570,28.57,864
28571,28.571,857
28572,28.572,877
28573,28.573,867
28574,28.574,888
28575,28.575,881
28576,28.576,880
28577,28.577,880
28578,28.578,881
28579,28.579,885
28580,28.58,871
28581,28.581,876
28582,28.582,879
28583,28.583,870
28584,28.584,867
28585,28.585,864
28586,28.586,865
28587,28.587,871
28588,28.588,870
28589,28.589,867
28590,28.59,866
28591,28.591,868
28592,28.592,874
28593,28.593,880
28594,28.594,874
28595,28.595,883
28596,28.596,880
28597,28.597,880
28598,28.598,881
28599,28.599,883
28600,28.6,874
28601,28.601,878
28602,28.602,869
28603,28.603,867
28604,28.604,865
28605,28.605,871
28606,28.606,865
28607,28.607,862
28608,28.608,875
28609,28.609,865
28610,28.61,871
28611,28.611,840
28612,28.612,870
28613,28.613,877
28614,28.614,885
28615,28.615,875
28616,28.616,880
28617,28.617,850
28618,28.618,880
28619,28.619,880
28620,28.62,879
28621,28.621,873
28622,28.622,877
28623,28.623,871
28624,28.624,870
28625,28.625,863
28626,28.626,874
28627,28.627,876
28628,28.628,864
28629,28.629,865
28630,28.63,871
28631,28.631,864
28632,28.632,870
28633,28.633,865
28634,28.634,885
28635,28.635,886
28636,28.636,880
28637,28.637,882
28638,28.638,881
28639,28.639,880
28640,28.64,881
28641,28.641,886
28642,28.642,859
28643,28.643,877
28644,28.644,871
28645,28.645,867
28646,28.646,866
28647,28.647,864
28648,28.648,861
28649,28.649,865
28650,28.65,880
28651,28.651,879
28652,28.652,880
28653,28.653,875
28654,28.654,881
28655,28.655,870
28656,28.656,875
28657,28.657,880
28658,28.658,885
28659,28.659,881
28660,28.66,941
28661,28.661,873
28662,28.662,880
28663,28.663,866
28664,28.664,846
28665,28.665,954
28666,28.666,868
28667,28.667,863
28668,28.668,865
28669,28.669,866
28670,28.67,871
28671,28.671,877
28672,28.672,869
28673,28.673,882
28674,28.674,880
28675,28.675,877
28676,28.676,886
28677,28.677,829
28678,28.678,887
28679,28.679,884
28680,28.68,880
28681,28.681,878
28682,28.682,871
28683,28.683,876
28684,28.684,870
28685,28.685,861
28686,28.686,870
28687,28.687,874
28688,28.688,866
28689,28.689,863
28690,28.69,865
28691,28.691,866
28692,28.692,863
28693,28.693,868
28694,28.694,879
28695,28.695,867
28696,28.696,881
28697,28.697,882
28698,28.698,901
28699,28.699,885
28700,28.7,881
28701,28.701,880
28702,28.702,871
28703,28.703,877
28704,28.704,879
28705,28.705,863
28706,28.706,884
28707,28.707,867
28708,28.708,859
28709,28.709,864
28710,28.71,873
28711,28.711,864
28712,28.712,866
28713,28.713,877
28714,28.714,879
28715,28.715,882
28716,28.716,880
28717,28.717,877
28718,28.718,882
28719,28.719,901
28720,28.72,875
28721,28.721,882
28722,28.722,877
28723,28.723,873
28724,28.724,872
28725,28.725,876
28726,28.726,861
28727,28.727,871
28728,28.728,869
28729,28.729,866
28730,28.73,873
28731,28.731,866
28732,28.732,872
28733,28.733,867
28734,28.734,875
28735,28.735,883
28736,28.736,881
28737,28.737,884
28738,28.738,893
28739,28.739,881
28740,28.74,880
28741,28.741,878
28742,28.742,873
28743,28.743,880
28744,28.744,874
28745,28.745,863
28746,28.746,874
28747,28.747,874
28748,28.748,870
28749,28.749,866
28750,28.75,878
28751,28.751,879
28752,28.752,875
28753,28.753,867
28754,28.754,874
28755,28.755,867
28756,28.756,875
28757,28.757,892
28758,28.758,876
28759,28.759,876
28760,28.76,878
28761,28.761,878
28762,28.762,877
28763,28.763,869
28764,28.764,866
28765,28.765,869
28766,28.766,876
28767,28.767,883
28768,28.768,869
28769,28.769,906
28770,28.77,868
28771,28.771,870
28772,28.772,879
28773,28.773,874
28774,28.774,877
28775,28.775,880
28776,28.776,880
28777,28.777,880
28778,28.778,881
28779,28.779,881
28780,28.78,871
28781,28.781,871
28782,28.782,875
28783,28.783,869
28784,28.784,871
28785,28.785,858
28786,28.786,860
28787,28.787,865
28788,28.788,859
28789,28.789,867
28790,28.79,866
28791,28.791,864
28792,28.792,875
28793,28.793,881
28794,28.794,863
28795,28.795,880
28796,28.796,880
28797,28.797,875
28798,28.798,880
28799,28.799,879
28800,28.8,886
28801,28.801,880
28802,28.802,877
28803,28.803,877
28804,28.804,871
28805,28.805,863
28806,28.806,859
28807,28.807,875
28808,28.808,860
28809,28.809,865
28810,28.81,873
28811,28.811,866
28812,28.812,870
28813,28.813,872
28814,28.814,895
28815,28.815,880
28816,28.816,881
28817,28.817,877
28818,28.818,880
28819,28.819,879
28820,28.82,880
28821,28.821,880
28822,28.822,875
28823,28.823,876
28824,28.824,877
28825,28.825,862
28826,28.826,861
28827,28.827,867
28828,28.828,859
28829,28.829,868
28830,28.83,867
28831,28.831,873
28832,28.832,861
28833,28.833,871
28834,28.834,869
28835,28.835,886
28836,28.836,875
28837,28.837,875
28838,28.838,887
28839,28.839,887
28840,28.84,880
28841,28.841,870
28842,28.842,881
28843,28.843,880
28844,28.844,898
28845,28.845,864
28846,28.846,866
28847,28.847,878
28848,28.848,864
28849,28.849,867
28850,28.85,875
28851,28.851,873
28852,28.852,862
28853,28.853,866
28854,28.854,879
28855,28.855,896
28856,28.856,880
28857,28.857,878
28858,28.858,883
28859,28.859,882
28860,28.86,879
28861,28.861,870
28862,28.862,877
28863,28.863,870
28864,28.864,871
28865,28.865,871
28866,28.866,877
28867,28.867,877
28868,28.868,859
28869,28.869,865
28870,28.87,876
28871,28.871,875
28872,28.872,870
28873,28.873,877
28874,28.874,879
28875,28.875,876
28876,28.876,879
28877,28.877,875
28878,28.878,883
28879,28.879,882
28880,28.88,882
28881,28.881,878
28882,28.882,879
28883,28.883,880
28884,28.884,867
28885,28.885,869
28886,28.886,857
28887,28.887,864
28888,28.888,866
28889,28.889,863
28890,28.89,880
28891,28.891,879
28892,28.892,876
28893,28.893,871
28894,28.894,883
28895,28.895,880
28896,28.896,880
28897,28.897,880
28898,28.898,879
28899,28.899,879
28900,28.9,880
28901,28.901,878
28902,28.902,878
28903,28.903,875
28904,28.904,875
28905,28.905,861
28906,28.906,867
28907,28.907,862
28908,28.908,865
28909,28.909,864
28910,28.91,857
28911,28.911,871
28912,28.912,875
28913,28.913,867
28914,28.914,875
28915,28.915,879
28916,28.916,881
28917,28.917,879
28918,28.918,880
28919,28.919,879
28920,28.92,880
28921,28.921,877
28922,28.922,871
28923,28.923,868
28924,28.924,874
28925,28.925,862
28926,28.926,862
28927,28.927,869
28928,28.928,874
28929,28.929,866
28930,28.93,857
28931,28.931,866
28932,28.932,883
28933,28.933,869
28934,28.934,878
28935,28.935,881
28936,28.936,880
28937,28.937,880
28938,28.938,881
28939,28.939,876
28940,28.94,934
28941,28.941,868
28942,28.942,874
28943,28.943,880
28944,28.944,863
28945,28.945,815
28946,28.946,859
28947,28.947,900
28948,28.948,874
28949,28.949,864
28950,28.95,878
28951,28.951,869
28952,28.952,875
28953,28.953,869
28954,28.954,880
28955,28.955,869
28956,28.956,880
28957,28.957,878
28958,28.958,876
28959,28.959,896
28960,28.96,878
28961,28.961,866
28962,28.962,881
28963,28.963,879
28964,28.964,879
28965,28.965,874
28966,28.966,861
28967,28.967,865
28968,28.968,855
28969,28.969,853
28970,28.97,876
28971,28.971,790
28972,28.972,865
28973,28.973,869
28974,28.974,867
28975,28.975,877
28976,28.976,882
28977,28.977,876
28978,28.978,881
28979,28.979,892
28980,28.98,880
28981,28.981,873
28982,28.982,876
28983,28.983,879
28984,28.984,867
28985,28.985,866
28986,28.986,875
28987,28.987,866
28988,28.988,870
28989,28.989,868
28990,28.99,871
28991,28.991,867
28992,28.992,875
28993,28.993,871
28994,28.994,870
28995,28.995,868
28996,28.996,873
28997,28.997,917
28998,28.998,893
28999,28.999,880
29000,29.0,879
29001,29.001,879
29002,29.002,879
29003,29.003,878
29004,29.004,877
29005,29.005,879
29006,29.006,870
29007,29.007,886
29008,29.008,866
29009,29.009,865
29010,29.01,866
29011,29.011,865
29012,29.012,864
29013,29.013,878
29014,29.014,883
29015,29.015,872
29016,29.016,880
29017,29.017,891
29018,29.018,882
29019,29.019,898
29020,29.02,883
29021,29.021,874
29022,29.022,877
29023,29.023,874
29024,29.024,877
29025,29.025,866
29026,29.026,874
29027,29.027,873
29028,29.028,866
29029,29.029,861
29030,29.03,848
29031,29.031,845
29032,29.032,870
29033,29.033,871
29034,29.034,868
29035,29.035,892
29036,29.036,883
29037,29.037,880
29038,29.038,880
29039,29.039,881
29040,29.04,883
29041,29.041,874
29042,29.042,875
29043,29.043,880
29044,29.044,875
29045,29.045,875
29046,29.046,869
29047,29.047,876
29048,29.048,871
29049,29.049,863
29050,29.05,866
29051,29.051,875
29052,29.052,843
29053,29.053,875
29054,29.054,880
29055,29.055,894
29056,29.056,880
29057,29.057,913
29058,29.058,877
29059,29.059,889
29060,29.06,883
29061,29.061,887
29062,29.062,875
29063,29.063,877
29064,29.064,850
29065,29.065,860
29066,29.066,863
29067,29.067,880
29068,29.068,858
29069,29.069,857
29070,29.07,870
29071,29.071,851
29072,29.072,871
29073,29.073,867
29074,29.074,866
29075,29.075,886
29076,29.076,880
29077,29.077,874
29078,29.078,930
29079,29.079,869
29080,29.08,923
29081,29.081,880
29082,29.082,816
29083,29.083,880
29084,29.084,869
29085,29.085,863
29086,29.086,871
29087,29.087,878
29088,29.088,869
29089,29.089,863
29090,29.09,868
29091,29.091,875
29092,29.092,865
29093,29.093,870
29094,29.094,866
29095,29.095,876
29096,29.096,877
29097,29.097,878
29098,29.098,878
29099,29.099,880
29100,29.1,880
29101,29.101,888
29102,29.102,880
29103,29.103,880
29104,29.104,877
29105,29.105,815
29106,29.106,867
29107,29.107,867
29108,29.108,869
29109,29.109,866
29110,29.11,873
29111,29.111,872
29112,29.112,891
29113,29.113,863
29114,29.114,879
29115,29.115,879
29116,29.116,893
29117,29.117,879
29118,29.118,873
29119,29.119,882
29120,29.12,877
29121,29.121,880
29122,29.122,870
29123,29.123,878
29124,29.124,867
29125,29.125,875
29126,29.126,873
29127,29.127,873
29128,29.128,875
29129,29.129,861
29130,29.13,862
29131,29.131,866
29132,29.132,873
29133,29.133,867
29134,29.134,848
29135,29.135,882
29136,29.136,879
29137,29.137,881
29138,29.138,876
29139,29.139,868
29140,29.14,883
29141,29.141,880
29142,29.142,878
29143,29.143,873
29144,29.144,871
29145,29.145,871
29146,29.146,866
29147,29.147,870
29148,29.148,873
29149,29.149,867
29150,29.15,863
29151,29.151,871
29152,29.152,863
29153,29.153,875
29154,29.154,879
29155,29.155,870
29156,29.156,877
29157,29.157,879
29158,29.158,878
29159,29.159,887
29160,29.16,884
29161,29.161,874
29162,29.162,875
29163,29.163,878
29164,29.164,873
29165,29.165,877
29166,29.166,864
29167,29.167,865
29168,29.168,878
29169,29.169,878
29170,29.17,869
29171,29.171,868
29172,29.172,879
29173,29.173,875
29174,29.174,874
29175,29.175,879
29176,29.176,931
29177,29.177,877
29178,29.178,880
29179,29.179,880
29180,29.18,884
29181,29.181,860
29182,29.182,874
29183,29.183,880
29184,29.184,866
29185,29.185,873
29186,29.186,866
29187,29.187,866
29188,29.188,878
29189,29.189,864
29190,29.19,860
29191,29.191,874
29192,29.192,869
29193,29.193,867
29194,29.194,870
29195,29.195,879
29196,29.196,912
29197,29.197,876
29198,29.198,881
29199,29.199,887
29200,29.2,881
29201,29.201,880
29202,29.202,881
29203,29.203,880
29204,29.204,870
29205,29.205,866
29206,29.206,864
29207,29.207,869
29208,29.208,863
29209,29.209,864
29210,29.21,870
29211,29.211,869
29212,29.212,867
29213,29.213,874
29214,29.214,877
29215,29.215,976
29216,29.216,879
29217,29.217,883
29218,29.218,874
29219,29.219,879
29220,29.22,829
29221,29.221,880
29222,29.222,902
29223,29.223,880
29224,29.224,890
29225,29.225,874
29226,29.226,803
29227,29.227,862
29228,29.228,879
29229,29.229,865
29230,29.23,848
29231,29.231,869
29232,29.232,867
29233,29.233,871
29234,29.234,875
29235,29.235,883
29236,29.236,880
29237,29.237,886
29238,29.238,871
29239,29.239,880
29240,29.24,880
29241,29.241,880
29242,29.242,873
29243,29.243,879
29244,29.244,880
29245,29.245,913
29246,29.246,880
29247,29.247,851
29248,29.248,866
29249,29.249,865
29250,29.25,866
29251,29.251,870
29252,29.252,875
29253,29.253,899
29254,29.254,875
29255,29.255,875
29256,29.256,880
29257,29.257,879
29258,29.258,874
29259,29.259,879
29260,29.26,887
29261,29.261,875
29262,29.262,883
29263,29.263,873
29264,29.264,869
29265,29.265,870
29266,29.266,873
29267,29.267,869
29268,29.268,869
29269,29.269,875
29270,29.27,870
29271,29.271,875
29272,29.272,880
29273,29.273,889
29274,29.274,880
29275,29.275,876
29276,29.276,816
29277,29.277,886
29278,29.278,880
29279,29.279,880
29280,29.28,881
29281,29.281,876
29282,29.282,877
29283,29.283,876
29284,29.284,869
29285,29.285,854
29286,29.286,864
29287,29.287,865
29288,29.288,867
29289,29.289,862
29290,29.29,869
29291,29.291,864
29292,29.292,883
29293,29.293,876
29294,29.294,875
29295,29.295,875
29296,29.296,875
29297,29.297,873
29298,29.298,877
29299,29.299,880
29300,29.3,884
29301,29.301,879
29302,29.302,880
29303,29.303,871
29304,29.304,874
29305,29.305,870
29306,29.306,867
29307,29.307,875
29308,29.308,848
29309,29.309,862
29310,29.31,866
29311,29.311,827
29312,29.312,868
29313,29.313,867
29314,29.314,869
29315,29.315,878
29316,29.316,883
29317,29.317,874
29318,29.318,925
29319,29.319,881
29320,29.32,880
29321,29.321,877
29322,29.322,876
29323,29.323,880
29324,29.324,877
29325,29.325,873
29326,29.326,867
29327,29.327,870
29328,29.328,869
29329,29.329,870
29330,29.33,869
29331,29.331,867
29332,29.332,880
29333,29.333,864
29334,29.334,878
29335,29.335,865
29336,29.336,875
29337,29.337,878
29338,29.338,874
29339,29.339,931
29340,29.34,880
29341,29.341,880
29342,29.342,879
29343,29.343,876
29344,29.344,878
29345,29.345,877
29346,29.346,863
29347,29.347,870
29348,29.348,862
29349,29.349,867
29350,29.35,871
29351,29.351,866
29352,29.352,841
29353,29.353,881
29354,29.354,879
29355,29.355,873
29356,29.356,881
29357,29.357,879
29358,29.358,878
29359,29.359,880
29360,29.36,880
29361,29.361,880
29362,29.362,880
29363,29.363,880
29364,29.364,871
29365,29.365,875
29366,29.366,866
29367,29.367,871
29368,29.368,911
29369,29.369,867
29370,29.37,867
29371,29.371,867
29372,29.372,862
29373,29.373,871
29374,29.374,875
29375,29.375,873
29376,29.376,878
29377,29.377,880
29378,29.378,805
29379,29.379,880
29380,29.38,875
29381,29.381,878
29382,29.382,869
29383,29.383,878
29384,29.384,896
29385,29.385,877
29386,29.386,881
29387,29.387,880
29388,29.388,868
29389,29.389,865
29390,29.39,869
29391,29.391,871
29392,29.392,871
29393,29.393,868
29394,29.394,874
29395,29.395,878
29396,29.396,880
29397,29.397,884
29398,29.398,889
29399,29.399,827
29400,29.4,881
29401,29.401,877
29402,29.402,877
29403,29.403,873
29404,29.404,876
29405,29.405,865
29406,29.406,864
29407,29.407,864
29408,29.408,866
29409,29.409,869
29410,29.41,862
29411,29.411,866
29412,29.412,869
29413,29.413,875
29414,29.414,875
29415,29.415,883
29416,29.416,877
29417,29.417,880
29418,29.418,880
29419,29.419,881
29420,29.42,887
29421,29.421,883
29422,29.422,881
29423,29.423,879
29424,29.424,874
29425,29.425,875
29426,29.426,864
29427,29.427,863
29428,29.428,867
29429,29.429,869
29430,29.43,864
29431,29.431,874
29432,29.432,875
29433,29.433,875
29434,29.434,865
29435,29.435,871
29436,29.436,876
29437,29.437,871
29438,29.438,880
29439,29.439,877
29440,29.44,894
29441,29.441,885
29442,29.442,878
29443,29.443,880
29444,29.444,875
29445,29.445,876
29446,29.446,880
29447,29.447,867
29448,29.448,880
29449,29.449,861
29450,29.45,855
29451,29.451,870
29452,29.452,871
29453,29.453,869
29454,29.454,875
29455,29.455,874
29456,29.456,876
29457,29.457,880
29458,29.458,867
29459,29.459,880
29460,29.46,883
29461,29.461,861
29462,29.462,880
29463,29.463,878
29464,29.464,882
29465,29.465,871
29466,29.466,870
29467,29.467,867
29468,29.468,875
29469,29.469,870
29470,29.47,865
29471,29.471,866
29472,29.472,871
29473,29.473,868
29474,29.474,869
29475,29.475,870
29476,29.476,877
29477,29.477,878
29478,29.478,880
29479,29.479,887
29480,29.48,879
29481,29.481,878
29482,29.482,880
29483,29.483,887
29484,29.484,880
29485,29.485,939
29486,29.486,930
29487,29.487,869
29488,29.488,870
29489,29.489,866
29490,29.49,869
29491,29.491,871
29492,29.492,869
29493,29.493,865
29494,29.494,862
29495,29.495,874
29496,29.496,877
29497,29.497,879
29498,29.498,879
29499,29.499,880
29500,29.5,876
29501,29.501,881
29502,29.502,870
29503,29.503,878
29504,29.504,880
29505,29.505,859
29506,29.506,868
29507,29.507,862
29508,29.508,864
29509,29.509,865
29510,29.51,866
29511,29.511,865
29512,29.512,864
29513,29.513,868
29514,29.514,871
29515,29.515,875
29516,29.516,884
29517,29.517,881
29518,29.518,871
29519,29.519,880
29520,29.52,885
29521,29.521,881
29522,29.522,879
29523,29.523,868
29524,29.524,853
29525,29.525,959
29526,29.526,865
29527,29.527,867
29528,29.528,865
29529,29.529,863
29530,29.53,861
29531,29.531,875
29532,29.532,876
29533,29.533,870
29534,29.534,877
29535,29.535,881
29536,29.536,880
29537,29.537,881
29538,29.538,886
29539,29.539,880
29540,29.54,885
29541,29.541,880
29542,29.542,849
29543,29.543,875
29544,29.544,873
29545,29.545,881
29546,29.546,870
29547,29.547,866
29548,29.548,864
29549,29.549,862
29550,29.55,862
29551,29.551,868
29552,29.552,873
29553,29.553,870
29554,29.554,868
29555,29.555,869
29556,29.556,880
29557,29.557,914
29558,29.558,881
29559,29.559,867
29560,29.56,879
29561,29.561,871
29562,29.562,867
29563,29.563,877
29564,29.564,874
29565,29.565,864
29566,29.566,863
29567,29.567,865
29568,29.568,865
29569,29.569,875
29570,29.57,869
29571,29.571,870
29572,29.572,866
29573,29.573,866
29574,29.574,939
29575,29.575,877
29576,29.576,878
29577,29.577,881
29578,29.578,849
29579,29.579,875
29580,29.58,877
29581,29.581,878
29582,29.582,877
29583,29.583,880
29584,29.584,879
29585,29.585,838
29586,29.586,863
29587,29.587,861
29588,29.588,874
29589,29.589,866
29590,29.59,891
29591,29.591,869
29592,29.592,866
29593,29.593,872
29594,29.594,875
29595,29.595,878
29596,29.596,884
29597,29.597,881
29598,29.598,877
29599,29.599,882
29600,29.6,885
29601,29.601,871
29602,29.602,869
29603,29.603,874
29604,29.604,874
29605,29.605,870
29606,29.606,867
29607,29.607,863
29608,29.608,858
29609,29.609,863
29610,29.61,873
29611,29.611,896
29612,29.612,910
29613,29.613,875
29614,29.614,878
29615,29.615,880
29616,29.616,915
29617,29.617,865
29618,29.618,880
29619,29.619,887
29620,29.62,879
29621,29.621,882
29622,29.622,880
29623,29.623,879
29624,29.624,871
29625,29.625,869
29626,29.626,867
29627,29.627,869
29628,29.628,876
29629,29.629,875
29630,29.63,880
29631,29.631,861
29632,29.632,868
29633,29.633,927
29634,29.634,866
29635,29.635,875
29636,29.636,878
29637,29.637,882
29638,29.638,877
29639,29.639,873
29640,29.64,879
29641,29.641,880
29642,29.642,871
29643,29.643,877
29644,29.644,875
29645,29.645,872
29646,29.646,870
29647,29.647,864
29648,29.648,882
29649,29.649,880
29650,29.65,866
29651,29.651,864
29652,29.652,868
29653,29.653,871
29654,29.654,867
29655,29.655,875
29656,29.656,880
29657,29.657,890
29658,29.658,883
29659,29.659,879
29660,29.66,881
29661,29.661,883
29662,29.662,878
29663,29.663,876
29664,29.664,870
29665,29.665,880
29666,29.666,869
29667,29.667,864
29668,29.668,859
29669,29.669,869
29670,29.67,879
29671,29.671,867
29672,29.672,873
29673,29.673,919
29674,29.674,863
29675,29.675,875
29676,29.676,872
29677,29.677,875
29678,29.678,873
29679,29.679,878
29680,29.68,882
29681,29.681,877
29682,29.682,866
29683,29.683,880
29684,29.684,878
29685,29.685,870
29686,29.686,869
29687,29.687,867
29688,29.688,878
29689,29.689,876
29690,29.69,871
29691,29.691,855
29692,29.692,869
29693,29.693,848
29694,29.694,873
29695,29.695,875
29696,29.696,880
29697,29.697,880
29698,29.698,871
29699,29.699,867
29700,29.7,871
29701,29.701,881
29702,29.702,882
29703,29.703,880
29704,29.704,873
29705,29.705,874
29706,29.706,870
29707,29.707,864
29708,29.708,874
29709,29.709,867
29710,29.71,866
29711,29.711,864
29712,29.712,873
29713,29.713,866
29714,29.714,878
29715,29.715,866
29716,29.716,873
29717,29.717,881
29718,29.718,878
29719,29.719,875
29720,29.72,874
29721,29.721,880
29722,29.722,878
29723,29.723,875
29724,29.724,876
29725,29.725,879
29726,29.726,878
29727,29.727,875
29728,29.728,865
29729,29.729,878
29730,29.73,869
29731,29.731,857
29732,29.732,905
29733,29.733,868
29734,29.734,869
29735,29.735,882
29736,29.736,879
29737,29.737,869
29738,29.738,880
29739,29.739,880
29740,29.74,885
29741,29.741,874
29742,29.742,818
29743,29.743,870
29744,29.744,875
29745,29.745,869
29746,29.746,865
29747,29.747,866
29748,29.748,854
29749,29.749,863
29750,29.75,875
29751,29.751,856
29752,29.752,870
29753,29.753,864
29754,29.754,878
29755,29.755,869
29756,29.756,880
29757,29.757,877
29758,29.758,881
29759,29.759,874
29760,29.76,880
29761,29.761,880
29762,29.762,881
29763,29.763,880
29764,29.764,882
29765,29.765,880
29766,29.766,879
29767,29.767,864
29768,29.768,869
29769,29.769,865
29770,29.77,859
29771,29.771,864
29772,29.772,870
29773,29.773,875
29774,29.774,865
29775,29.775,865
29776,29.776,875
29777,29.777,883
29778,29.778,879
29779,29.779,877
29780,29.78,871
29781,29.781,880
29782,29.782,961
29783,29.783,892
29784,29.784,874
29785,29.785,880
29786,29.786,874
29787,29.787,863
29788,29.788,859
29789,29.789,871
29790,29.79,873
29791,29.791,864
29792,29.792,867
29793,29.793,875
29794,29.794,869
29795,29.795,880
29796,29.796,880
29797,29.797,879
29798,29.798,880
29799,29.799,867
29800,29.8,878
29801,29.801,877
29802,29.802,880
29803,29.803,881
29804,29.804,880
29805,29.805,869
29806,29.806,894
29807,29.807,865
29808,29.808,864
29809,29.809,865
29810,29.81,873
29811,29.811,869
29812,29.812,867
29813,29.813,866
29814,29.814,848
29815,29.815,812
29816,29.816,878
29817,29.817,880
29818,29.818,880
29819,29.819,870
29820,29.82,876
29821,29.821,887
29822,29.822,886
29823,29.823,880
29824,29.824,874
29825,29.825,871
29826,29.826,879
29827,29.827,868
29828,29.828,874
29829,29.829,867
29830,29.83,868
29831,29.831,861
29832,29.832,862
29833,29.833,871
29834,29.834,864
29835,29.835,874
29836,29.836,878
29837,29.837,877
29838,29.838,880
29839,29.839,879
29840,29.84,887
29841,29.841,886
29842,29.842,887
29843,29.843,880
29844,29.844,875
29845,29.845,880
29846,29.846,869
29847,29.847,873
29848,29.848,868
29849,29.849,863
29850,29.85,868
29851,29.851,855
29852,29.852,863
29853,29.853,867
29854,29.854,864
29855,29.855,876
29856,29.856,863
29857,29.857,883
29858,29.858,867
29859,29.859,883
29860,29.86,883
29861,29.861,848
29862,29.862,876
29863,29.863,880
29864,29.864,874
29865,29.865,875
29866,29.866,880
29867,29.867,844
29868,29.868,862
29869,29.869,867
29870,29.87,859
29871,29.871,857
29872,29.872,870
29873,29.873,866
29874,29.874,874
29875,29.875,867
29876,29.876,869
29877,29.877,882
29878,29.878,887
29879,29.879,877
29880,29.88,881
29881,29.881,884
29882,29.882,880
29883,29.883,877
29884,29.884,880
29885,29.885,876
29886,29.886,871
29887,29.887,866
29888,29.888,878
29889,29.889,871
29890,29.89,864
29891,29.891,862
29892,29.892,866
29893,29.893,877
29894,29.894,874
29895,29.895,874
29896,29.896,881
29897,29.897,881
29898,29.898,874
29899,29.899,877
29900,29.9,884
29901,29.901,873
29902,29.902,880
29903,29.903,875
29904,29.904,875
29905,29.905,868
29906,29.906,873
29907,29.907,867
29908,29.908,869
29909,29.909,870
29910,29.91,864
29911,29.911,854
29912,29.912,855
29913,29.913,881
29914,29.914,865
29915,29.915,844
29916,29.916,880
29917,29.917,898
29918,29.918,877
29919,29.919,883
29920,29.92,873
29921,29.921,885
29922,29.922,873
29923,29.923,879
29924,29.924,884
29925,29.925,873
29926,29.926,863
29927,29.927,867
29928,29.928,868
29929,29.929,859
29930,29.93,865
29931,29.931,858
29932,29.932,856
29933,29.933,880
29934,29.934,869
29935,29.935,867
29936,29.936,868
29937,29.937,869
29938,29.938,879
29939,29.939,880
29940,29.94,877
29941,29.941,881
29942,29.942,880
29943,29.943,880
29944,29.944,880
29945,29.945,874
29946,29.946,879
29947,29.947,866
29948,29.948,867
29949,29.949,874
29950,29.95,782
29951,29.951,869
29952,29.952,879
29953,29.953,873
29954,29.954,872
29955,29.955,871
29956,29.956,869
29957,29.957,880
29958,29.958,883
29959,29.959,880
29960,29.96,848
29961,29.961,850
29962,29.962,875
29963,29.963,880
29964,29.964,879
29965,29.965,875
29966,29.966,871
29967,29.967,869
29968,29.968,861
29969,29.969,863
29970,29.97,867
29971,29.971,867
29972,29.972,871
29973,29.973,848
29974,29.974,867
29975,29.975,869
29976,29.976,878
29977,29.977,879
29978,29.978,880
29979,29.979,880
29980,29.98,882
29981,29.981,880
29982,29.982,860
29983,29.983,879
29984,29.984,876
29985,29.985,870
29986,29.986,874
29987,29.987,862
29988,29.988,865
29989,29.989,873
29990,29.99,869
29991,29.991,863
29992,29.992,871
29993,29.993,875
29994,29.994,897
29995,29.995,861
29996,29.996,913
29997,29.997,882
29998,29.998,880
29999,29.999,873
30000,30.0,875
