sample,time_s,adc
0,0.0,1303
1,0.001,1296
2,0.002,1301
3,0.003,1329
4,0.004,1303
5,0.005,1309
6,0.006,1296
7,0.007,1345
8,0.008,1306
9,0.009,1308
10,0.01,1307
11,0.011,1315
12,0.012,1308
13,0.013,1303
14,0.014,1296
15,0.015,1273
16,0.016,1299
17,0.017,1297
18,0.018,1303
19,0.019,1301
20,0.02,1293
21,0.021,1308
22,0.022,1300
23,0.023,1293
24,0.024,1303
25,0.025,1407
26,0.026,1297
27,0.027,1313
28,0.028,1296
29,0.029,1299
30,0.03,1359
31,0.031,1306
32,0.032,1316
33,0.033,1303
34,0.034,1285
35,0.035,1294
36,0.036,1296
37,0.037,1301
38,0.038,1297
39,0.039,1315
40,0.04,1294
41,0.041,1309
42,0.042,1297
43,0.043,1296
44,0.044,1285
45,0.045,1292
46,0.046,1296
47,0.047,1309
48,0.048,1298
49,0.049,1301
50,0.05,1307
51,0.051,1307
52,0.052,1307
53,0.053,1307
54,0.054,1298
55,0.055,1299
56,0.056,1335
57,0.057,1298
58,0.058,1300
59,0.059,1296
60,0.06,1308
61,0.061,1299
62,0.062,1298
63,0.063,1296
64,0.064,1329
65,0.065,1315
66,0.066,1296
67,0.067,1279
68,0.068,1305
69,0.069,1307
70,0.07,1313
71,0.071,1309
72,0.072,1306
73,0.073,1297
74,0.074,1282
75,0.075,1296
76,0.076,1301
77,0.077,1306
78,0.078,1301
79,0.079,1293
80,0.08,1302
81,0.081,1300
82,0.082,1303
83,0.083,1296
84,0.084,1300
85,0.085,1262
86,0.086,1312
87,0.087,1299
88,0.088,1314
89,0.089,1314
90,0.09,1312
91,0.091,1297
92,0.092,1295
93,0.093,1296
94,0.094,1291
95,0.095,1300
96,0.096,1293
97,0.097,1296
98,0.098,1299
99,0.099,1297
100,0.1,1302
101,0.101,1296
102,0.102,1298
103,0.103,1296
104,0.104,1242
105,0.105,1315
106,0.106,1296
107,0.107,1293
108,0.108,1308
109,0.109,1308
110,0.11,1335
111,0.111,1307
112,0.112,1297
113,0.113,1294
114,0.114,1305
115,0.115,1301
116,0.116,1297
117,0.117,1323
118,0.118,1310
119,0.119,1299
120,0.12,1296
121,0.121,1291
122,0.122,1296
123,0.123,1270
124,0.124,1296
125,0.125,1307
126,0.126,1295
127,0.127,1298
128,0.128,1303
129,0.129,1299
130,0.13,1301
131,0.131,1302
132,0.132,1303
133,0.133,1297
134,0.134,1301
135,0.135,1299
136,0.136,1299
137,0.137,1310
138,0.138,1297
139,0.139,1264
140,0.14,1282
141,0.141,1286
142,0.142,1313
143,0.143,1266
144,0.144,1303
145,0.145,1287
146,0.146,1308
147,0.147,1297
148,0.148,1331
149,0.149,1308
150,0.15,1298
151,0.151,1294
152,0.152,1296
153,0.153,1296
154,0.154,1303
155,0.155,1296
156,0.156,1266
157,0.157,1295
158,0.158,1296
159,0.159,1286
160,0.16,1296
161,0.161,1292
162,0.162,1300
163,0.163,1296
164,0.164,1296
165,0.165,1303
166,0.166,1302
167,0.167,1306
168,0.168,1297
169,0.169,1299
170,0.17,1211
171,0.171,1296
172,0.172,1312
173,0.173,1296
174,0.174,1309
175,0.175,1293
176,0.176,1301
177,0.177,1299
178,0.178,1297
179,0.179,1287
180,0.18,1307
181,0.181,1303
182,0.182,1303
183,0.183,1296
184,0.184,1309
185,0.185,1283
186,0.186,1311
187,0.187,1299
188,0.188,1307
189,0.189,1312
190,0.19,1312
191,0.191,1298
192,0.192,1339
193,0.193,1296
194,0.194,1303
195,0.195,1297
196,0.196,1289
197,0.197,1257
198,0.198,1296
199,0.199,1220
200,0.2,1296
201,0.201,1297
202,0.202,1296
203,0.203,1295
204,0.204,1299
205,0.205,1355
206,0.206,1296
207,0.207,1300
208,0.208,1309
209,0.209,1335
210,0.21,1309
211,0.211,1390
212,0.212,1287
213,0.213,1299
214,0.214,1277
215,0.215,1292
216,0.216,1296
217,0.217,1309
218,0.218,1298
219,0.219,1296
220,0.22,1233
221,0.221,1295
222,0.222,1307
223,0.223,1301
224,0.224,1310
225,0.225,1321
226,0.226,1317
227,0.227,1328
228,0.228,1314
229,0.229,1296
230,0.23,1310
231,0.231,1323
232,0.232,1296
233,0.233,1279
234,0.234,1446
235,0.235,1270
236,0.236,1292
237,0.237,1278
238,0.238,1274
239,0.239,1278
240,0.24,1295
241,0.241,1298
242,0.242,1297
243,0.243,1305
244,0.244,1302
245,0.245,1307
246,0.246,1297
247,0.247,1309
248,0.248,1312
249,0.249,1314
250,0.25,1314
251,0.251,1301
252,0.252,1302
253,0.253,1295
254,0.254,1305
255,0.255,1302
256,0.256,1306
257,0.257,1298
258,0.258,1303
259,0.259,1304
260,0.26,1298
261,0.261,1307
262,0.262,1302
263,0.263,1293
264,0.264,1283
265,0.265,1299
266,0.266,1296
267,0.267,1295
268,0.268,1307
269,0.269,1299
270,0.27,1296
271,0.271,1297
272,0.272,1344
273,0.273,1295
274,0.274,1293
275,0.275,1303
276,0.276,1293
277,0.277,1300
278,0.278,1295
279,0.279,1296
280,0.28,1295
281,0.281,1296
282,0.282,1307
283,0.283,1313
284,0.284,1306
285,0.285,1315
286,0.286,1301
287,0.287,1328
288,0.288,1310
289,0.289,1313
290,0.29,1302
291,0.291,1298
292,0.292,1317
293,0.293,1300
294,0.294,1299
295,0.295,1298
296,0.296,1299
297,0.297,1299
298,0.298,1304
299,0.299,1300
300,0.3,1298
301,0.301,1303
302,0.302,1305
303,0.303,1300
304,0.304,1303
305,0.305,1309
306,0.306,1299
307,0.307,1315
308,0.308,1306
309,0.309,1305
310,0.31,1301
311,0.311,1299
312,0.312,1301
313,0.313,1296
314,0.314,1297
315,0.315,1296
316,0.316,1299
317,0.317,1296
318,0.318,1300
319,0.319,1295
320,0.32,1285
321,0.321,1299
322,0.322,1298
323,0.323,1305
324,0.324,1297
325,0.325,1297
326,0.326,1310
327,0.327,1304
328,0.328,1301
329,0.329,1300
330,0.33,1302
331,0.331,1309
332,0.332,1310
333,0.333,1306
334,0.334,1303
335,0.335,1291
336,0.336,1289
337,0.337,1283
338,0.338,1296
339,0.339,1285
340,0.34,1290
341,0.341,1292
342,0.342,1289
343,0.343,1284
344,0.344,1299
345,0.345,1296
346,0.346,1295
347,0.347,1304
348,0.348,1303
349,0.349,1305
350,0.35,1301
351,0.351,1306
352,0.352,1296
353,0.353,1302
354,0.354,1308
355,0.355,1304
356,0.356,1308
357,0.357,1302
358,0.358,1291
359,0.359,1299
360,0.36,1303
361,0.361,1290
362,0.362,1293
363,0.363,1306
364,0.364,1305
365,0.365,1294
366,0.366,1305
367,0.367,1302
368,0.368,1303
369,0.369,1303
370,0.37,1303
371,0.371,1296
372,0.372,1301
373,0.373,1299
374,0.374,1307
375,0.375,1296
376,0.376,1297
377,0.377,1296
378,0.378,1297
379,0.379,1310
380,0.38,1310
381,0.381,1299
382,0.382,1280
383,0.383,1296
384,0.384,1296
385,0.385,1295
386,0.386,1296
387,0.387,1298
388,0.388,1306
389,0.389,1305
390,0.39,1302
391,0.391,1305
392,0.392,1309
393,0.393,1293
394,0.394,1297
395,0.395,1298
396,0.396,1296
397,0.397,1296
398,0.398,1303
399,0.399,1297
400,0.4,1305
401,0.401,1296
402,0.402,1302
403,0.403,1295
404,0.404,1297
405,0.405,1315
406,0.406,1307
407,0.407,1311
408,0.408,1300
409,0.409,1306
410,0.41,1299
411,0.411,1301
412,0.412,1302
413,0.413,1297
414,0.414,1342
415,0.415,1300
416,0.416,1305
417,0.417,1290
418,0.418,1296
419,0.419,1312
420,0.42,1301
421,0.421,1285
422,0.422,1308
423,0.423,1299
424,0.424,1296
425,0.425,1294
426,0.426,1291
427,0.427,1306
428,0.428,1299
429,0.429,1298
430,0.43,1302
431,0.431,1303
432,0.432,1307
433,0.433,1299
434,0.434,1302
435,0.435,1296
436,0.436,1287
437,0.437,1291
438,0.438,1302
439,0.439,1300
440,0.44,1301
441,0.441,1302
442,0.442,1306
443,0.443,1314
444,0.444,1313
445,0.445,1303
446,0.446,1307
447,0.447,1298
448,0.448,1291
449,0.449,1298
450,0.45,1302
451,0.451,1299
452,0.452,1311
453,0.453,1295
454,0.454,1362
455,0.455,1310
456,0.456,1301
457,0.457,1291
458,0.458,1311
459,0.459,1296
460,0.46,1296
461,0.461,1296
462,0.462,1289
463,0.463,1283
464,0.464,1264
465,0.465,1296
466,0.466,1301
467,0.467,1297
468,0.468,1296
469,0.469,1301
470,0.47,1305
471,0.471,1306
472,0.472,1300
473,0.473,1294
474,0.474,1302
475,0.475,1302
476,0.476,1296
477,0.477,1311
478,0.478,1296
479,0.479,1312
480,0.48,1303
481,0.481,1296
482,0.482,1279
483,0.483,1299
484,0.484,1309
485,0.485,1313
486,0.486,1303
487,0.487,1309
488,0.488,1309
489,0.489,1302
490,0.49,1306
491,0.491,1299
492,0.492,1303
493,0.493,1305
494,0.494,1301
495,0.495,1305
496,0.496,1301
497,0.497,1294
498,0.498,1295
499,0.499,1304
500,0.5,1303
501,0.501,1309
502,0.502,1301
503,0.503,1303
504,0.504,1296
505,0.505,1300
506,0.506,1306
507,0.507,1313
508,0.508,1309
509,0.509,1273
510,0.51,1298
511,0.511,1301
512,0.512,1303
513,0.513,1297
514,0.514,1296
515,0.515,1295
516,0.516,1313
517,0.517,1296
518,0.518,1300
519,0.519,1302
520,0.52,1297
521,0.521,1254
522,0.522,1297
523,0.523,1297
524,0.524,1303
525,0.525,1305
526,0.526,1302
527,0.527,1291
528,0.528,1310
529,0.529,1299
530,0.53,1307
531,0.531,1305
532,0.532,1302
533,0.533,1299
534,0.534,1296
535,0.535,1297
536,0.536,1328
537,0.537,1308
538,0.538,1294
539,0.539,1291
540,0.54,1310
541,0.541,1303
542,0.542,1357
543,0.543,1292
544,0.544,1294
545,0.545,1307
546,0.546,1294
547,0.547,1306
548,0.548,1302
549,0.549,1330
550,0.55,1291
551,0.551,1277
552,0.552,1300
553,0.553,1290
554,0.554,1299
555,0.555,1296
556,0.556,1303
557,0.557,1302
558,0.558,1295
559,0.559,1298
560,0.56,1297
561,0.561,1301
562,0.562,1302
563,0.563,1503
564,0.564,1302
565,0.565,1296
566,0.566,1301
567,0.567,1305
568,0.568,1286
569,0.569,1303
570,0.57,1305
571,0.571,1307
572,0.572,1293
573,0.573,1298
574,0.574,1299
575,0.575,1301
576,0.576,1296
577,0.577,1287
578,0.578,1296
579,0.579,1296
580,0.58,1275
581,0.581,1200
582,0.582,1299
583,0.583,1299
584,0.584,1296
585,0.585,1296
586,0.586,1297
587,0.587,1302
588,0.588,1179
589,0.589,1310
590,0.59,1310
591,0.591,1317
592,0.592,1307
593,0.593,1296
594,0.594,1296
595,0.595,1310
596,0.596,1299
597,0.597,1294
598,0.598,1296
599,0.599,1290
600,0.6,1276
601,0.601,1291
602,0.602,1298
603,0.603,1303
604,0.604,1296
605,0.605,1303
606,0.606,1297
607,0.607,1306
608,0.608,1303
609,0.609,1306
610,0.61,1299
611,0.611,1296
612,0.612,1302
613,0.613,1302
614,0.614,1296
615,0.615,1299
616,0.616,1283
617,0.617,1298
618,0.618,1302
619,0.619,1292
620,0.62,1298
621,0.621,1291
622,0.622,1309
623,0.623,1296
624,0.624,1296
625,0.625,1306
626,0.626,1307
627,0.627,1303
628,0.628,1305
629,0.629,1303
630,0.63,1296
631,0.631,1305
632,0.632,1313
633,0.633,1301
634,0.634,1306
635,0.635,1312
636,0.636,1305
637,0.637,1293
638,0.638,1255
639,0.639,1290
640,0.64,1296
641,0.641,1296
642,0.642,1302
643,0.643,1298
644,0.644,1305
645,0.645,1296
646,0.646,1297
647,0.647,1277
648,0.648,1297
649,0.649,1308
650,0.65,1306
651,0.651,1302
652,0.652,1295
653,0.653,1295
654,0.654,1296
655,0.655,1298
656,0.656,1299
657,0.657,1299
658,0.658,1296
659,0.659,1297
660,0.66,1296
661,0.661,1296
662,0.662,1296
663,0.663,1293
664,0.664,1296
665,0.665,1299
666,0.666,1324
667,0.667,1309
668,0.668,1296
669,0.669,1303
670,0.67,1318
671,0.671,1296
672,0.672,1307
673,0.673,1299
674,0.674,1296
675,0.675,1303
676,0.676,1298
677,0.677,1301
678,0.678,1306
679,0.679,1304
680,0.68,1300
681,0.681,1296
682,0.682,1296
683,0.683,1299
684,0.684,1301
685,0.685,1307
686,0.686,1302
687,0.687,1300
688,0.688,1295
689,0.689,1296
690,0.69,1309
691,0.691,1305
692,0.692,1296
693,0.693,1302
694,0.694,1301
695,0.695,1303
696,0.696,1303
697,0.697,1312
698,0.698,1239
699,0.699,1301
700,0.7,1299
701,0.701,1299
702,0.702,1312
703,0.703,1296
704,0.704,1301
705,0.705,1296
706,0.706,1301
707,0.707,1296
708,0.708,1297
709,0.709,1296
710,0.71,1262
711,0.711,1293
712,0.712,1301
713,0.713,1300
714,0.714,1302
715,0.715,1296
716,0.716,1316
717,0.717,1297
718,0.718,1347
719,0.719,1298
720,0.72,1307
721,0.721,1306
722,0.722,1310
723,0.723,1296
724,0.724,1291
725,0.725,1299
726,0.726,1291
727,0.727,1293
728,0.728,1324
729,0.729,1301
730,0.73,1314
731,0.731,1299
732,0.732,1291
733,0.733,1297
734,0.734,1303
735,0.735,1296
736,0.736,1305
737,0.737,1296
738,0.738,1302
739,0.739,1297
740,0.74,1296
741,0.741,1301
742,0.742,1296
743,0.743,1302
744,0.744,1306
745,0.745,1303
746,0.746,1310
747,0.747,1296
748,0.748,1296
749,0.749,1305
750,0.75,1302
751,0.751,1296
752,0.752,1203
753,0.753,1292
754,0.754,1295
755,0.755,1302
756,0.756,1294
757,0.757,1163
758,0.758,1284
759,0.759,1307
760,0.76,1292
761,0.761,1315
762,0.762,1296
763,0.763,1296
764,0.764,1296
765,0.765,1296
766,0.766,1305
767,0.767,1298
768,0.768,1278
769,0.769,1315
770,0.77,1296
771,0.771,1296
772,0.772,1310
773,0.773,1297
774,0.774,1296
775,0.775,1312
776,0.776,1294
777,0.777,1279
778,0.778,1293
779,0.779,1295
780,0.78,1296
781,0.781,1296
782,0.782,1299
783,0.783,1307
784,0.784,1312
785,0.785,1299
786,0.786,1297
787,0.787,1296
788,0.788,1306
789,0.789,1306
790,0.79,1312
791,0.791,1303
792,0.792,1302
793,0.793,1290
794,0.794,1294
795,0.795,1297
796,0.796,1293
797,0.797,1306
798,0.798,1298
799,0.799,1296
800,0.8,1307
801,0.801,1302
802,0.802,1305
803,0.803,1290
804,0.804,1296
805,0.805,1295
806,0.806,1299
807,0.807,1303
808,0.808,1296
809,0.809,1311
810,0.81,1315
811,0.811,1314
812,0.812,1294
813,0.813,1305
814,0.814,1293
815,0.815,1328
816,0.816,1297
817,0.817,1297
818,0.818,1300
819,0.819,1301
820,0.82,1307
821,0.821,1311
822,0.822,1295
823,0.823,1311
824,0.824,1324
825,0.825,1306
826,0.826,1296
827,0.827,1299
828,0.828,1294
829,0.829,1290
830,0.83,1290
831,0.831,1269
832,0.832,1294
833,0.833,1296
834,0.834,1303
835,0.835,1323
836,0.836,1296
837,0.837,1290
838,0.838,1295
839,0.839,1297
840,0.84,1296
841,0.841,1286
842,0.842,1305
843,0.843,1335
844,0.844,1297
845,0.845,1331
846,0.846,1297
847,0.847,1308
848,0.848,1235
849,0.849,1310
850,0.85,1302
851,0.851,1302
852,0.852,1310
853,0.853,1311
854,0.854,1301
855,0.855,1310
856,0.856,1307
857,0.857,1312
858,0.858,1301
859,0.859,1296
860,0.86,1291
861,0.861,1296
862,0.862,1296
863,0.863,1296
864,0.864,1296
865,0.865,1295
866,0.866,1296
867,0.867,1302
868,0.868,1306
869,0.869,1303
870,0.87,1300
871,0.871,1307
872,0.872,1308
873,0.873,1296
874,0.874,1296
875,0.875,1297
876,0.876,1296
877,0.877,1324
878,0.878,1305
879,0.879,1303
880,0.88,1301
881,0.881,1304
882,0.882,1298
883,0.883,1297
884,0.884,1306
885,0.885,1273
886,0.886,1299
887,0.887,1296
888,0.888,1297
889,0.889,1303
890,0.89,1296
891,0.891,1293
892,0.892,1296
893,0.893,1298
894,0.894,1301
895,0.895,1309
896,0.896,1318
897,0.897,1293
898,0.898,1303
899,0.899,1306
900,0.9,1309
901,0.901,1308
902,0.902,1301
903,0.903,1295
904,0.904,1299
905,0.905,1296
906,0.906,1303
907,0.907,1291
908,0.908,1296
909,0.909,1295
910,0.91,1310
911,0.911,1303
912,0.912,1296
913,0.913,1297
914,0.914,1305
915,0.915,1297
916,0.916,1323
917,0.917,1286
918,0.918,1294
919,0.919,1299
920,0.92,1294
921,0.921,1286
922,0.922,1310
923,0.923,1305
924,0.924,1296
925,0.925,1309
926,0.926,1298
927,0.927,1296
928,0.928,1309
929,0.929,1303
930,0.93,1298
931,0.931,1307
932,0.932,1313
933,0.933,1301
934,0.934,1301
935,0.935,1286
936,0.936,1351
937,0.937,1296
938,0.938,1306
939,0.939,1309
940,0.94,1287
941,0.941,1298
942,0.942,1294
943,0.943,1301
944,0.944,1306
945,0.945,1296
946,0.946,1299
947,0.947,1297
948,0.948,1292
949,0.949,1296
950,0.95,1307
951,0.951,1308
952,0.952,1321
953,0.953,1319
954,0.954,1296
955,0.955,1291
956,0.956,1295
957,0.957,1294
958,0.958,1337
959,0.959,1299
960,0.96,1306
961,0.961,1309
962,0.962,1287
963,0.963,1296
964,0.964,1298
965,0.965,1305
966,0.966,1306
967,0.967,1312
968,0.968,1286
969,0.969,1296
970,0.97,1290
971,0.971,1292
972,0.972,1292
973,0.973,1303
974,0.974,1319
975,0.975,1317
976,0.976,1328
977,0.977,1303
978,0.978,1321
979,0.979,1291
980,0.98,1294
981,0.981,1297
982,0.982,1294
983,0.983,1303
984,0.984,1299
985,0.985,1296
986,0.986,1316
987,0.987,1300
988,0.988,1299
989,0.989,1295
990,0.99,1296
991,0.991,1311
992,0.992,1312
993,0.993,1299
994,0.994,1305
995,0.995,1296
996,0.996,1305
997,0.997,1298
998,0.998,1293
999,0.999,1294
1000,1.0,1298
1001,1.001,1305
1002,1.002,1293
1003,1.003,1299
1004,1.004,1310
1005,1.005,1305
1006,1.006,1299
1007,1.007,1301
1008,1.008,1301
1009,1.009,1300
1010,1.01,1298
1011,1.011,1302
1012,1.012,1296
1013,1.013,1301
1014,1.014,1296
1015,1.015,1306
1016,1.016,1306
1017,1.017,1303
1018,1.018,1296
1019,1.019,1312
1020,1.02,1315
1021,1.021,1286
1022,1.022,1282
1023,1.023,1289
1024,1.024,1302
1025,1.025,1300
1026,1.026,1309
1027,1.027,1307
1028,1.028,1301
1029,1.029,1306
1030,1.03,1301
1031,1.031,1303
1032,1.032,1303
1033,1.033,1307
1034,1.034,1302
1035,1.035,1307
1036,1.036,1306
1037,1.037,1296
1038,1.038,1295
1039,1.039,1292
1040,1.04,1207
1041,1.041,1296
1042,1.042,1296
1043,1.043,1297
1044,1.044,1312
1045,1.045,1296
1046,1.046,1329
1047,1.047,1303
1048,1.048,1297
1049,1.049,1297
1050,1.05,1300
1051,1.051,1314
1052,1.052,1303
1053,1.053,1297
1054,1.054,1298
1055,1.055,1309
1056,1.056,1295
1057,1.057,1295
1058,1.058,1293
1059,1.059,1286
1060,1.06,1295
1061,1.061,1297
1062,1.062,1265
1063,1.063,1296
1064,1.064,1295
1065,1.065,1291
1066,1.066,1296
1067,1.067,1296
1068,1.068,1256
1069,1.069,1302
1070,1.07,1282
1071,1.071,1305
1072,1.072,1307
1073,1.073,1296
1074,1.074,1314
1075,1.075,1299
1076,1.076,1297
1077,1.077,1305
1078,1.078,1301
1079,1.079,1337
1080,1.08,1306
1081,1.081,1303
1082,1.082,1299
1083,1.083,1305
1084,1.084,1301
1085,1.085,1306
1086,1.086,1292
1087,1.087,1296
1088,1.088,1296
1089,1.089,1296
1090,1.09,1298
1091,1.091,1312
1092,1.092,1302
1093,1.093,1303
1094,1.094,1281
1095,1.095,1290
1096,1.096,1297
1097,1.097,1296
1098,1.098,1299
1099,1.099,1296
1100,1.1,1296
1101,1.101,1299
1102,1.102,1295
1103,1.103,1298
1104,1.104,1301
1105,1.105,1299
1106,1.106,1295
1107,1.107,1305
1108,1.108,1299
1109,1.109,1296
1110,1.11,1306
1111,1.111,1283
1112,1.112,1315
1113,1.113,1313
1114,1.114,1283
1115,1.115,1302
1116,1.116,1306
1117,1.117,1296
1118,1.118,1296
1119,1.119,1296
1120,1.12,1305
1121,1.121,1308
1122,1.122,1297
1123,1.123,1325
1124,1.124,1305
1125,1.125,1296
1126,1.126,1296
1127,1.127,1291
1128,1.128,1265
1129,1.129,1293
1130,1.13,1295
1131,1.131,1307
1132,1.132,1298
1133,1.133,1290
1134,1.134,1287
1135,1.135,1295
1136,1.136,1300
1137,1.137,1298
1138,1.138,1296
1139,1.139,1297
1140,1.14,1302
1141,1.141,1296
1142,1.142,1303
1143,1.143,1286
1144,1.144,1317
1145,1.145,1297
1146,1.146,1299
1147,1.147,1263
1148,1.148,1299
1149,1.149,1296
1150,1.15,1307
1151,1.151,1317
1152,1.152,1296
1153,1.153,1298
1154,1.154,1300
1155,1.155,1297
1156,1.156,1297
1157,1.157,1291
1158,1.158,1282
1159,1.159,1295
1160,1.16,1290
1161,1.161,1294
1162,1.162,1313
1163,1.163,1311
1164,1.164,1302
1165,1.165,1305
1166,1.166,1296
1167,1.167,1301
1168,1.168,1306
1169,1.169,1305
1170,1.17,1300
1171,1.171,1295
1172,1.172,1289
1173,1.173,1297
1174,1.174,1297
1175,1.175,1307
1176,1.176,1296
1177,1.177,1301
1178,1.178,1296
1179,1.179,1301
1180,1.18,1305
1181,1.181,1301
1182,1.182,1291
1183,1.183,1299
1184,1.184,1321
1185,1.185,1309
1186,1.186,1333
1187,1.187,1315
1188,1.188,1310
1189,1.189,1290
1190,1.19,1287
1191,1.191,1296
1192,1.192,1297
1193,1.193,1291
1194,1.194,1296
1195,1.195,1266
1196,1.196,1287
1197,1.197,1293
1198,1.198,1286
1199,1.199,1312
1200,1.2,1303
1201,1.201,1291
1202,1.202,1305
1203,1.203,1302
1204,1.204,1313
1205,1.205,1264
1206,1.206,1273
1207,1.207,1305
1208,1.208,1297
1209,1.209,1298
1210,1.21,1301
1211,1.211,1296
1212,1.212,1313
1213,1.213,1283
1214,1.214,1349
1215,1.215,1327
1216,1.216,1337
1217,1.217,1296
1218,1.218,1302
1219,1.219,1307
1220,1.22,1421
1221,1.221,1296
1222,1.222,1296
1223,1.223,1296
1224,1.224,1295
1225,1.225,1296
1226,1.226,1307
1227,1.227,1302
1228,1.228,1315
1229,1.229,1294
1230,1.23,1317
1231,1.231,1303
1232,1.232,1311
1233,1.233,1301
1234,1.234,1314
1235,1.235,1299
1236,1.236,1297
1237,1.237,1286
1238,1.238,1296
1239,1.239,1300
1240,1.24,1310
1241,1.241,1296
1242,1.242,1299
1243,1.243,1304
1244,1.244,1299
1245,1.245,1305
1246,1.246,1296
1247,1.247,1293
1248,1.248,1301
1249,1.249,1339
1250,1.25,1296
1251,1.251,1301
1252,1.252,1303
1253,1.253,1317
1254,1.254,1293
1255,1.255,1296
1256,1.256,1303
1257,1.257,1286
1258,1.258,1297
1259,1.259,1283
1260,1.26,1296
1261,1.261,1299
1262,1.262,1303
1263,1.263,1298
1264,1.264,1343
1265,1.265,1296
1266,1.266,1296
1267,1.267,1298
1268,1.268,1318
1269,1.269,1299
1270,1.27,1299
1271,1.271,1319
1272,1.272,1296
1273,1.273,1287
1274,1.274,1309
1275,1.275,1296
1276,1.276,1292
1277,1.277,1296
1278,1.278,1308
1279,1.279,1263
1280,1.28,1314
1281,1.281,1296
1282,1.282,1296
1283,1.283,1310
1284,1.284,1294
1285,1.285,1310
1286,1.286,1298
1287,1.287,1280
1288,1.288,1302
1289,1.289,1297
1290,1.29,1296
1291,1.291,1293
1292,1.292,1297
1293,1.293,1295
1294,1.294,1302
1295,1.295,1303
1296,1.296,1302
1297,1.297,1280
1298,1.298,1295
1299,1.299,1296
1300,1.3,1255
1301,1.301,1305
1302,1.302,1328
1303,1.303,1297
1304,1.304,1286
1305,1.305,1301
1306,1.306,1280
1307,1.307,1293
1308,1.308,1303
1309,1.309,1302
1310,1.31,1306
1311,1.311,1301
1312,1.312,1296
1313,1.313,1302
1314,1.314,1243
1315,1.315,1305
1316,1.316,1327
1317,1.317,1291
1318,1.318,1299
1319,1.319,1296
1320,1.32,1312
1321,1.321,1311
1322,1.322,1313
1323,1.323,1282
1324,1.324,1287
1325,1.325,1296
1326,1.326,1297
1327,1.327,1313
1328,1.328,1296
1329,1.329,1304
1330,1.33,1299
1331,1.331,1287
1332,1.332,1302
1333,1.333,1297
1334,1.334,1303
1335,1.335,1310
1336,1.336,1310
1337,1.337,1291
1338,1.338,1278
1339,1.339,1297
1340,1.34,1297
1341,1.341,1296
1342,1.342,1295
1343,1.343,1293
1344,1.344,1312
1345,1.345,1300
1346,1.346,1310
1347,1.347,1301
1348,1.348,1298
1349,1.349,1303
1350,1.35,1296
1351,1.351,1311
1352,1.352,1311
1353,1.353,1293
1354,1.354,1253
1355,1.355,1308
1356,1.356,1313
1357,1.357,1229
1358,1.358,1293
1359,1.359,1303
1360,1.36,1302
1361,1.361,1297
1362,1.362,1296
1363,1.363,1298
1364,1.364,1296
1365,1.365,1295
1366,1.366,1327
1367,1.367,1276
1368,1.368,1300
1369,1.369,1302
1370,1.37,1303
1371,1.371,1298
1372,1.372,1310
1373,1.373,1303
1374,1.374,1301
1375,1.375,1302
1376,1.376,1306
1377,1.377,1312
1378,1.378,1298
1379,1.379,1308
1380,1.38,1302
1381,1.381,1295
1382,1.382,1291
1383,1.383,1287
1384,1.384,1275
1385,1.385,1331
1386,1.386,1310
1387,1.387,1299
1388,1.388,1298
1389,1.389,1301
1390,1.39,1284
1391,1.391,1296
1392,1.392,1301
1393,1.393,1303
1394,1.394,1295
1395,1.395,1296
1396,1.396,1291
1397,1.397,1305
1398,1.398,1296
1399,1.399,1296
1400,1.4,1301
1401,1.401,1296
1402,1.402,1315
1403,1.403,1291
1404,1.404,1329
1405,1.405,1298
1406,1.406,1314
1407,1.407,1313
1408,1.408,1311
1409,1.409,1283
1410,1.41,1306
1411,1.411,1298
1412,1.412,1300
1413,1.413,1296
1414,1.414,1297
1415,1.415,1302
1416,1.416,1296
1417,1.417,1290
1418,1.418,1294
1419,1.419,1285
1420,1.42,1307
1421,1.421,1297
1422,1.422,1295
1423,1.423,1296
1424,1.424,1302
1425,1.425,1296
1426,1.426,1294
1427,1.427,1296
1428,1.428,1296
1429,1.429,1296
1430,1.43,1311
1431,1.431,1299
1432,1.432,1303
1433,1.433,1300
1434,1.434,1296
1435,1.435,1270
1436,1.436,1296
1437,1.437,1247
1438,1.438,1309
1439,1.439,1305
1440,1.44,1360
1441,1.441,1263
1442,1.442,1296
1443,1.443,1294
1444,1.444,1291
1445,1.445,1303
1446,1.446,1339
1447,1.447,1299
1448,1.448,1297
1449,1.449,1300
1450,1.45,1323
1451,1.451,1273
1452,1.452,1302
1453,1.453,1297
1454,1.454,1296
1455,1.455,1298
1456,1.456,1300
1457,1.457,1327
1458,1.458,1296
1459,1.459,1302
1460,1.46,1296
1461,1.461,1303
1462,1.462,1298
1463,1.463,1301
1464,1.464,1310
1465,1.465,1302
1466,1.466,1296
1467,1.467,1315
1468,1.468,1296
1469,1.469,1299
1470,1.47,1300
1471,1.471,1303
1472,1.472,1297
1473,1.473,1316
1474,1.474,1299
1475,1.475,1291
1476,1.476,1304
1477,1.477,1315
1478,1.478,1300
1479,1.479,1299
1480,1.48,1290
1481,1.481,1296
1482,1.482,1307
1483,1.483,1312
1484,1.484,1307
1485,1.485,1301
1486,1.486,1301
1487,1.487,1303
1488,1.488,1305
1489,1.489,1306
1490,1.49,1317
1491,1.491,1296
1492,1.492,1308
1493,1.493,1298
1494,1.494,1305
1495,1.495,1298
1496,1.496,1296
1497,1.497,1301
1498,1.498,1309
1499,1.499,1309
1500,1.5,1305
1501,1.501,1311
1502,1.502,1300
1503,1.503,1301
1504,1.504,1296
1505,1.505,1281
1506,1.506,1306
1507,1.507,1296
1508,1.508,1318
1509,1.509,1283
1510,1.51,1317
1511,1.511,1313
1512,1.512,1305
1513,1.513,1218
1514,1.514,1296
1515,1.515,1302
1516,1.516,1294
1517,1.517,1301
1518,1.518,1302
1519,1.519,1280
1520,1.52,1305
1521,1.521,1299
1522,1.522,1297
1523,1.523,1306
1524,1.524,1301
1525,1.525,1299
1526,1.526,1285
1527,1.527,1296
1528,1.528,1296
1529,1.529,1298
1530,1.53,1301
1531,1.531,1305
1532,1.532,1302
1533,1.533,1295
1534,1.534,1300
1535,1.535,1311
1536,1.536,1302
1537,1.537,1255
1538,1.538,1296
1539,1.539,1296
1540,1.54,1314
1541,1.541,1307
1542,1.542,1281
1543,1.543,1328
1544,1.544,1267
1545,1.545,1299
1546,1.546,1312
1547,1.547,1217
1548,1.548,1297
1549,1.549,1298
1550,1.55,1308
1551,1.551,1296
1552,1.552,1311
1553,1.553,1313
1554,1.554,1302
1555,1.555,1295
1556,1.556,1281
1557,1.557,1298
1558,1.558,1291
1559,1.559,1291
1560,1.56,1296
1561,1.561,1296
1562,1.562,1297
1563,1.563,1298
1564,1.564,1300
1565,1.565,1310
1566,1.566,1296
1567,1.567,1319
1568,1.568,1284
1569,1.569,1294
1570,1.57,1266
1571,1.571,1305
1572,1.572,1242
1573,1.573,1301
1574,1.574,1299
1575,1.575,1302
1576,1.576,1297
1577,1.577,1301
1578,1.578,1230
1579,1.579,1299
1580,1.58,1211
1581,1.581,1338
1582,1.582,1351
1583,1.583,1298
1584,1.584,1298
1585,1.585,1295
1586,1.586,1296
1587,1.587,1296
1588,1.588,1295
1589,1.589,1307
1590,1.59,1299
1591,1.591,1310
1592,1.592,1299
1593,1.593,1296
1594,1.594,1296
1595,1.595,1303
1596,1.596,1301
1597,1.597,1302
1598,1.598,1295
1599,1.599,1296
1600,1.6,1295
1601,1.601,1297
1602,1.602,1313
1603,1.603,1293
1604,1.604,1299
1605,1.605,1353
1606,1.606,1299
1607,1.607,1302
1608,1.608,1307
1609,1.609,1303
1610,1.61,1291
1611,1.611,1302
1612,1.612,1319
1613,1.613,1296
1614,1.614,1301
1615,1.615,1402
1616,1.616,1298
1617,1.617,1297
1618,1.618,1297
1619,1.619,1289
1620,1.62,1296
1621,1.621,1290
1622,1.622,1290
1623,1.623,1299
1624,1.624,1296
1625,1.625,1296
1626,1.626,1299
1627,1.627,1302
1628,1.628,1292
1629,1.629,1299
1630,1.63,1298
1631,1.631,1307
1632,1.632,1301
1633,1.633,1305
1634,1.634,1309
1635,1.635,1302
1636,1.636,1299
1637,1.637,1285
1638,1.638,1297
1639,1.639,1309
1640,1.64,1295
1641,1.641,1298
1642,1.642,1271
1643,1.643,1306
1644,1.644,1309
1645,1.645,1296
1646,1.646,1298
1647,1.647,1296
1648,1.648,1280
1649,1.649,1297
1650,1.65,1296
1651,1.651,1299
1652,1.652,1296
1653,1.653,1309
1654,1.654,1298
1655,1.655,1296
1656,1.656,1286
1657,1.657,1292
1658,1.658,1290
1659,1.659,1299
1660,1.66,1311
1661,1.661,1296
1662,1.662,1293
1663,1.663,1296
1664,1.664,1303
1665,1.665,1298
1666,1.666,1300
1667,1.667,1313
1668,1.668,1293
1669,1.669,1314
1670,1.67,1297
1671,1.671,1305
1672,1.672,1298
1673,1.673,1317
1674,1.674,1322
1675,1.675,1307
1676,1.676,1293
1677,1.677,1311
1678,1.678,1301
1679,1.679,1294
1680,1.68,1295
1681,1.681,1265
1682,1.682,1296
1683,1.683,1295
1684,1.684,1298
1685,1.685,1296
1686,1.686,1303
1687,1.687,1308
1688,1.688,1119
1689,1.689,1306
1690,1.69,1302
1691,1.691,1290
1692,1.692,1290
1693,1.693,1297
1694,1.694,1297
1695,1.695,1303
1696,1.696,1295
1697,1.697,1298
1698,1.698,1303
1699,1.699,1310
1700,1.7,1309
1701,1.701,1299
1702,1.702,1289
1703,1.703,1281
1704,1.704,1296
1705,1.705,1303
1706,1.706,1293
1707,1.707,1302
1708,1.708,1292
1709,1.709,1312
1710,1.71,1293
1711,1.711,1293
1712,1.712,1301
1713,1.713,1301
1714,1.714,1302
1715,1.715,1290
1716,1.716,1294
1717,1.717,1297
1718,1.718,1299
1719,1.719,1302
1720,1.72,1306
1721,1.721,1310
1722,1.722,1298
1723,1.723,1306
1724,1.724,1302
1725,1.725,1307
1726,1.726,1297
1727,1.727,1313
1728,1.728,1301
1729,1.729,1317
1730,1.73,1296
1731,1.731,1296
1732,1.732,1295
1733,1.733,1291
1734,1.734,1291
1735,1.735,1291
1736,1.736,1263
1737,1.737,1296
1738,1.738,1298
1739,1.739,1296
1740,1.74,1296
1741,1.741,1297
1742,1.742,1296
1743,1.743,1296
1744,1.744,1298
1745,1.745,1299
1746,1.746,1298
1747,1.747,1309
1748,1.748,1303
1749,1.749,1322
1750,1.75,1307
1751,1.751,1300
1752,1.752,1296
1753,1.753,1297
1754,1.754,1298
1755,1.755,1296
1756,1.756,1296
1757,1.757,1303
1758,1.758,1304
1759,1.759,1296
1760,1.76,1299
1761,1.761,1296
1762,1.762,1299
1763,1.763,1299
1764,1.764,1299
1765,1.765,1296
1766,1.766,1306
1767,1.767,1305
1768,1.768,1301
1769,1.769,1307
1770,1.77,1299
1771,1.771,1305
1772,1.772,1281
1773,1.773,1301
1774,1.774,1299
1775,1.775,1302
1776,1.776,1311
1777,1.777,1296
1778,1.778,1286
1779,1.779,1296
1780,1.78,1296
1781,1.781,1303
1782,1.782,1301
1783,1.783,1297
1784,1.784,1296
1785,1.785,1286
1786,1.786,1290
1787,1.787,1307
1788,1.788,1289
1789,1.789,1295
1790,1.79,1299
1791,1.791,1309
1792,1.792,1312
1793,1.793,1312
1794,1.794,1287
1795,1.795,1296
1796,1.796,1301
1797,1.797,1306
1798,1.798,1314
1799,1.799,1297
1800,1.8,1279
1801,1.801,1286
1802,1.802,1271
1803,1.803,1287
1804,1.804,1278
1805,1.805,1266
1806,1.806,1280
1807,1.807,1296
1808,1.808,1302
1809,1.809,1322
1810,1.81,1338
1811,1.811,1331
1812,1.812,1323
1813,1.813,1386
1814,1.814,1278
1815,1.815,1263
1816,1.816,1258
1817,1.817,1271
1818,1.818,1277
1819,1.819,1291
1820,1.82,1296
1821,1.821,1280
1822,1.822,1285
1823,1.823,1295
1824,1.824,1297
1825,1.825,1298
1826,1.826,1310
1827,1.827,1341
1828,1.828,1347
1829,1.829,1319
1830,1.83,1302
1831,1.831,1324
1832,1.832,1321
1833,1.833,1326
1834,1.834,1308
1835,1.835,1297
1836,1.836,1296
1837,1.837,1290
1838,1.838,1285
1839,1.839,1280
1840,1.84,1292
1841,1.841,1294
1842,1.842,1296
1843,1.843,1303
1844,1.844,1279
1845,1.845,1289
1846,1.846,1249
1847,1.847,1242
1848,1.848,1258
1849,1.849,1286
1850,1.85,1307
1851,1.851,1317
1852,1.852,1328
1853,1.853,1295
1854,1.854,1267
1855,1.855,1274
1856,1.856,1309
1857,1.857,1321
1858,1.858,1328
1859,1.859,1315
1860,1.86,1360
1861,1.861,1331
1862,1.862,1321
1863,1.863,1290
1864,1.864,1298
1865,1.865,1296
1866,1.866,1264
1867,1.867,1258
1868,1.868,1266
1869,1.869,1277
1870,1.87,1278
1871,1.871,1254
1872,1.872,1259
1873,1.873,1178
1874,1.874,1174
1875,1.875,1200
1876,1.876,1262
1877,1.877,1340
1878,1.878,1392
1879,1.879,1418
1880,1.88,1379
1881,1.881,1313
1882,1.882,1302
1883,1.883,1338
1884,1.884,1307
1885,1.885,1310
1886,1.886,1328
1887,1.887,1350
1888,1.888,1313
1889,1.889,1254
1890,1.89,1235
1891,1.891,1183
1892,1.892,1319
1893,1.893,1370
1894,1.894,1395
1895,1.895,1378
1896,1.896,1338
1897,1.897,1341
1898,1.898,1354
1899,1.899,1335
1900,1.9,1257
1901,1.901,1203
1902,1.902,1217
1903,1.903,1202
1904,1.904,1201
1905,1.905,1284
1906,1.906,1360
1907,1.907,1367
1908,1.908,1360
1909,1.909,1347
1910,1.91,1355
1911,1.911,1331
1912,1.912,1297
1913,1.913,1296
1914,1.914,1306
1915,1.915,1315
1916,1.916,1318
1917,1.917,1315
1918,1.918,1297
1919,1.919,1227
1920,1.92,1200
1921,1.921,1222
1922,1.922,1296
1923,1.923,1329
1924,1.924,1370
1925,1.925,1389
1926,1.926,1323
1927,1.927,1282
1928,1.928,1373
1929,1.929,1398
1930,1.93,1261
1931,1.931,1168
1932,1.932,1207
1933,1.933,1231
1934,1.934,1154
1935,1.935,1132
1936,1.936,1309
1937,1.937,1483
1938,1.938,1578
1939,1.939,1521
1940,1.94,1435
1941,1.941,1424
1942,1.942,1379
1943,1.943,1343
1944,1.944,1314
1945,1.945,1275
1946,1.946,1264
1947,1.947,1282
1948,1.948,1200
1949,1.949,1206
1950,1.95,1314
1951,1.951,1454
1952,1.952,1433
1953,1.953,1393
1954,1.954,1385
1955,1.955,1181
1956,1.956,942
1957,1.957,1022
1958,1.958,1250
1959,1.959,1346
1960,1.96,1465
1961,1.961,1631
1962,1.962,1535
1963,1.963,1355
1964,1.964,1296
1965,1.965,1269
1966,1.966,1254
1967,1.967,1328
1968,1.968,1514
1969,1.969,1647
1970,1.97,1676
1971,1.971,1584
1972,1.972,1404
1973,1.973,1167
1974,1.974,1171
1975,1.975,1236
1976,1.976,1114
1977,1.977,1023
1978,1.978,1114
1979,1.979,1296
1980,1.98,1376
1981,1.981,1449
1982,1.982,1390
1983,1.983,1336
1984,1.984,1269
1985,1.985,1283
1986,1.986,1383
1987,1.987,1502
1988,1.988,1449
1989,1.989,1347
1990,1.99,1287
1991,1.991,1152
1992,1.992,1110
1993,1.993,1334
1994,1.994,1395
1995,1.995,1360
1996,1.996,1328
1997,1.997,1346
1998,1.998,1407
1999,1.999,1455
2000,2.0,1344
2001,2.001,1327
2002,2.002,1250
2003,2.003,1235
2004,2.004,1221
2005,2.005,1283
2006,2.006,1435
2007,2.007,1458
2008,2.008,1313
2009,2.009,1296
2010,2.01,1360
2011,2.011,1386
2012,2.012,1371
2013,2.013,1283
2014,2.014,1225
2015,2.015,1216
2016,2.016,1201
2017,2.017,1136
2018,2.018,1282
2019,2.019,1418
2020,2.02,1344
2021,2.021,1328
2022,2.022,1439
2023,2.023,1425
2024,2.024,1402
2025,2.025,1252
2026,2.026,1210
2027,2.027,1319
2028,2.028,1297
2029,2.029,1365
2030,2.03,1335
2031,2.031,1383
2032,2.032,1399
2033,2.033,1345
2034,2.034,1379
2035,2.035,1344
2036,2.036,1295
2037,2.037,1216
2038,2.038,1269
2039,2.039,1319
2040,2.04,1293
2041,2.041,1223
2042,2.042,1186
2043,2.043,1217
2044,2.044,1330
2045,2.045,1445
2046,2.046,1406
2047,2.047,1351
2048,2.048,1339
2049,2.049,1285
2050,2.05,1325
2051,2.051,1355
2052,2.052,1384
2053,2.053,1308
2054,2.054,1162
2055,2.055,1172
2056,2.056,1268
2057,2.057,1374
2058,2.058,1360
2059,2.059,1392
2060,2.06,1388
2061,2.061,1341
2062,2.062,1207
2063,2.063,1294
2064,2.064,1360
2065,2.065,1314
2066,2.066,1282
2067,2.067,1200
2068,2.068,1219
2069,2.069,1258
2070,2.07,1206
2071,2.071,1182
2072,2.072,1247
2073,2.073,1338
2074,2.074,1329
2075,2.075,1303
2076,2.076,1239
2077,2.077,1218
2078,2.078,1308
2079,2.079,1392
2080,2.08,1529
2081,2.081,1491
2082,2.082,1371
2083,2.083,1316
2084,2.084,1263
2085,2.085,1194
2086,2.086,1133
2087,2.087,1207
2088,2.088,1328
2089,2.089,1328
2090,2.09,1346
2091,2.091,1399
2092,2.092,1448
2093,2.093,1413
2094,2.094,1293
2095,2.095,1270
2096,2.096,1238
2097,2.097,1191
2098,2.098,1149
2099,2.099,1093
2100,2.1,1047
2101,2.101,1248
2102,2.102,1409
2103,2.103,1616
2104,2.104,1503
2105,2.105,1395
2106,2.106,1295
2107,2.107,1273
2108,2.108,1296
2109,2.109,1316
2110,2.11,1362
2111,2.111,1261
2112,2.112,1085
2113,2.113,1008
2114,2.114,1023
2115,2.115,1275
2116,2.116,1771
2117,2.117,1968
2118,2.118,1763
2119,2.119,1275
2120,2.12,1123
2121,2.121,1214
2122,2.122,1204
2123,2.123,1229
2124,2.124,1127
2125,2.125,1122
2126,2.126,1231
2127,2.127,1459
2128,2.128,1455
2129,2.129,1520
2130,2.13,1484
2131,2.131,1474
2132,2.132,1419
2133,2.133,1201
2134,2.134,1158
2135,2.135,1213
2136,2.136,1302
2137,2.137,1316
2138,2.138,1277
2139,2.139,1341
2140,2.14,1392
2141,2.141,1315
2142,2.142,1189
2143,2.143,1141
2144,2.144,1251
2145,2.145,1176
2146,2.146,1268
2147,2.147,1397
2148,2.148,1492
2149,2.149,1421
2150,2.15,1350
2151,2.151,1315
2152,2.152,1310
2153,2.153,1285
2154,2.154,1267
2155,2.155,1271
2156,2.156,1296
2157,2.157,1330
2158,2.158,1373
2159,2.159,1397
2160,2.16,1475
2161,2.161,1371
2162,2.162,1151
2163,2.163,1062
2164,2.164,1183
2165,2.165,1346
2166,2.166,1392
2167,2.167,1399
2168,2.168,1263
2169,2.169,1234
2170,2.17,1367
2171,2.171,1456
2172,2.172,1479
2173,2.173,1307
2174,2.174,1183
2175,2.175,1238
2176,2.176,1170
2177,2.177,1398
2178,2.178,1299
2179,2.179,1296
2180,2.18,1231
2181,2.181,1177
2182,2.182,1362
2183,2.183,1329
2184,2.184,1293
2185,2.185,1302
2186,2.186,1294
2187,2.187,1286
2188,2.188,1277
2189,2.189,1369
2190,2.19,1317
2191,2.191,1363
2192,2.192,1253
2193,2.193,1291
2194,2.194,1287
2195,2.195,1392
2196,2.196,1424
2197,2.197,1247
2198,2.198,1286
2199,2.199,1245
2200,2.2,1296
2201,2.201,1173
2202,2.202,1170
2203,2.203,1126
2204,2.204,1249
2205,2.205,1362
2206,2.206,1399
2207,2.207,1230
2208,2.208,1249
2209,2.209,1329
2210,2.21,1411
2211,2.211,1316
2212,2.212,1321
2213,2.213,1332
2214,2.214,1328
2215,2.215,1367
2216,2.216,1351
2217,2.217,1183
2218,2.218,1227
2219,2.219,1349
2220,2.22,1406
2221,2.221,1317
2222,2.222,1155
2223,2.223,1172
2224,2.224,1307
2225,2.225,1302
2226,2.226,1355
2227,2.227,1283
2228,2.228,1196
2229,2.229,1229
2230,2.23,1412
2231,2.231,1423
2232,2.232,1393
2233,2.233,1314
2234,2.234,1243
2235,2.235,1195
2236,2.236,1281
2237,2.237,1401
2238,2.238,1519
2239,2.239,1390
2240,2.24,1185
2241,2.241,1154
2242,2.242,1265
2243,2.243,1254
2244,2.244,1267
2245,2.245,1327
2246,2.246,1210
2247,2.247,1296
2248,2.248,1390
2249,2.249,1302
2250,2.25,1238
2251,2.251,1230
2252,2.252,1296
2253,2.253,1313
2254,2.254,1316
2255,2.255,1311
2256,2.256,1329
2257,2.257,1373
2258,2.258,1339
2259,2.259,1300
2260,2.26,1305
2261,2.261,1330
2262,2.262,1282
2263,2.263,1267
2264,2.264,1242
2265,2.265,1270
2266,2.266,1319
2267,2.267,1355
2268,2.268,1226
2269,2.269,1191
2270,2.27,1241
2271,2.271,1318
2272,2.272,1363
2273,2.273,1333
2274,2.274,1343
2275,2.275,1338
2276,2.276,1295
2277,2.277,1348
2278,2.278,1369
2279,2.279,1314
2280,2.28,1204
2281,2.281,1225
2282,2.282,1269
2283,2.283,1411
2284,2.284,1344
2285,2.285,1249
2286,2.286,1275
2287,2.287,1292
2288,2.288,1231
2289,2.289,1294
2290,2.29,1337
2291,2.291,1371
2292,2.292,1315
2293,2.293,1183
2294,2.294,1138
2295,2.295,1248
2296,2.296,1271
2297,2.297,1218
2298,2.298,1296
2299,2.299,1343
2300,2.3,1440
2301,2.301,1430
2302,2.302,1306
2303,2.303,1259
2304,2.304,1293
2305,2.305,1312
2306,2.306,1347
2307,2.307,1357
2308,2.308,1314
2309,2.309,1195
2310,2.31,1222
2311,2.311,1259
2312,2.312,1349
2313,2.313,1389
2314,2.314,1301
2315,2.315,1117
2316,2.316,1374
2317,2.317,1396
2318,2.318,1213
2319,2.319,1196
2320,2.32,1296
2321,2.321,1363
2322,2.322,1382
2323,2.323,1302
2324,2.324,1195
2325,2.325,1107
2326,2.326,1099
2327,2.327,1282
2328,2.328,1451
2329,2.329,1447
2330,2.33,1392
2331,2.331,1313
2332,2.332,1249
2333,2.333,1252
2334,2.334,1311
2335,2.335,1238
2336,2.336,1296
2337,2.337,1377
2338,2.338,1424
2339,2.339,1290
2340,2.34,1285
2341,2.341,1222
2342,2.342,1251
2343,2.343,1318
2344,2.344,1231
2345,2.345,1180
2346,2.346,1307
2347,2.347,1462
2348,2.348,1458
2349,2.349,1381
2350,2.35,1211
2351,2.351,1241
2352,2.352,1266
2353,2.353,1269
2354,2.354,1186
2355,2.355,1162
2356,2.356,1353
2357,2.357,1290
2358,2.358,1257
2359,2.359,1313
2360,2.36,1420
2361,2.361,1483
2362,2.362,1402
2363,2.363,1280
2364,2.364,1232
2365,2.365,1036
2366,2.366,1072
2367,2.367,1210
2368,2.368,1270
2369,2.369,1279
2370,2.37,1234
2371,2.371,1215
2372,2.372,1267
2373,2.373,1305
2374,2.374,1422
2375,2.375,1389
2376,2.376,1477
2377,2.377,1368
2378,2.378,1264
2379,2.379,1265
2380,2.38,1347
2381,2.381,1346
2382,2.382,1283
2383,2.383,1214
2384,2.384,1173
2385,2.385,1357
2386,2.386,1334
2387,2.387,1265
2388,2.388,1314
2389,2.389,1265
2390,2.39,1227
2391,2.391,1248
2392,2.392,1253
2393,2.393,1414
2394,2.394,1404
2395,2.395,1232
2396,2.396,1232
2397,2.397,1328
2398,2.398,1305
2399,2.399,1309
2400,2.4,1344
2401,2.401,1331
2402,2.402,1274
2403,2.403,1200
2404,2.404,1216
2405,2.405,1264
2406,2.406,1328
2407,2.407,1295
2408,2.408,1383
2409,2.409,1450
2410,2.41,1391
2411,2.411,1264
2412,2.412,1047
2413,2.413,1183
2414,2.414,1294
2415,2.415,1307
2416,2.416,1392
2417,2.417,1371
2418,2.418,1315
2419,2.419,1269
2420,2.42,1240
2421,2.421,1215
2422,2.422,1276
2423,2.423,1289
2424,2.424,1281
2425,2.425,1268
2426,2.426,1253
2427,2.427,1367
2428,2.428,1443
2429,2.429,1392
2430,2.43,1273
2431,2.431,1247
2432,2.432,1307
2433,2.433,1282
2434,2.434,1214
2435,2.435,1248
2436,2.436,1293
2437,2.437,1270
2438,2.438,1334
2439,2.439,1383
2440,2.44,1309
2441,2.441,1296
2442,2.442,1328
2443,2.443,1326
2444,2.444,1303
2445,2.445,1283
2446,2.446,1216
2447,2.447,932
2448,2.448,1182
2449,2.449,1277
2450,2.45,1367
2451,2.451,1374
2452,2.452,1344
2453,2.453,1436
2454,2.454,1388
2455,2.455,1281
2456,2.456,1264
2457,2.457,1328
2458,2.458,1360
2459,2.459,1316
2460,2.46,1234
2461,2.461,1279
2462,2.462,1264
2463,2.463,1307
2464,2.464,1261
2465,2.465,1211
2466,2.466,1168
2467,2.467,1232
2468,2.468,1330
2469,2.469,1350
2470,2.47,1302
2471,2.471,1317
2472,2.472,1338
2473,2.473,1303
2474,2.474,1281
2475,2.475,1330
2476,2.476,1338
2477,2.477,1335
2478,2.478,1295
2479,2.479,1259
2480,2.48,1296
2481,2.481,1301
2482,2.482,1293
2483,2.483,1296
2484,2.484,1296
2485,2.485,1228
2486,2.486,1067
2487,2.487,1072
2488,2.488,1280
2489,2.489,1456
2490,2.49,1412
2491,2.491,1351
2492,2.492,1323
2493,2.493,1310
2494,2.494,1328
2495,2.495,1347
2496,2.496,1401
2497,2.497,1354
2498,2.498,1280
2499,2.499,1279
2500,2.5,1283
2501,2.501,1295
2502,2.502,1313
2503,2.503,1309
2504,2.504,1168
2505,2.505,1130
2506,2.506,1235
2507,2.507,1429
2508,2.508,1498
2509,2.509,1410
2510,2.51,1233
2511,2.511,1188
2512,2.512,1211
2513,2.513,1232
2514,2.514,1333
2515,2.515,1371
2516,2.516,1310
2517,2.517,1264
2518,2.518,1280
2519,2.519,1333
2520,2.52,1287
2521,2.521,1257
2522,2.522,1274
2523,2.523,1313
2524,2.524,1378
2525,2.525,1322
2526,2.526,1245
2527,2.527,1269
2528,2.528,1282
2529,2.529,1410
2530,2.53,1307
2531,2.531,1291
2532,2.532,1293
2533,2.533,1358
2534,2.534,1332
2535,2.535,1328
2536,2.536,1345
2537,2.537,1307
2538,2.538,1335
2539,2.539,1287
2540,2.54,1259
2541,2.541,1282
2542,2.542,1307
2543,2.543,1296
2544,2.544,1262
2545,2.545,1162
2546,2.546,1018
2547,2.547,1168
2548,2.548,1487
2549,2.549,1565
2550,2.55,1411
2551,2.551,1329
2552,2.552,1337
2553,2.553,1359
2554,2.554,1360
2555,2.555,1313
2556,2.556,1270
2557,2.557,1227
2558,2.558,1220
2559,2.559,1228
2560,2.56,1246
2561,2.561,1279
2562,2.562,1329
2563,2.563,1335
2564,2.564,1313
2565,2.565,1326
2566,2.566,1290
2567,2.567,1346
2568,2.568,1330
2569,2.569,1277
2570,2.57,1247
2571,2.571,1283
2572,2.572,1315
2573,2.573,1337
2574,2.574,1335
2575,2.575,1357
2576,2.576,1295
2577,2.577,1189
2578,2.578,1247
2579,2.579,1276
2580,2.58,1271
2581,2.581,1287
2582,2.582,1286
2583,2.583,1290
2584,2.584,1295
2585,2.585,1296
2586,2.586,1313
2587,2.587,1354
2588,2.588,1362
2589,2.589,1339
2590,2.59,1344
2591,2.591,1361
2592,2.592,1343
2593,2.593,1328
2594,2.594,1210
2595,2.595,1051
2596,2.596,1136
2597,2.597,1264
2598,2.598,1369
2599,2.599,1365
2600,2.6,1390
2601,2.601,1331
2602,2.602,1251
2603,2.603,1229
2604,2.604,1311
2605,2.605,1392
2606,2.606,1359
2607,2.607,1296
2608,2.608,1232
2609,2.609,1284
2610,2.61,1349
2611,2.611,1331
2612,2.612,1246
2613,2.613,1169
2614,2.614,1161
2615,2.615,1313
2616,2.616,1446
2617,2.617,1446
2618,2.618,1219
2619,2.619,1098
2620,2.62,1215
2621,2.621,1406
2622,2.622,1425
2623,2.623,1331
2624,2.624,1314
2625,2.625,1304
2626,2.626,1323
2627,2.627,1277
2628,2.628,1347
2629,2.629,1341
2630,2.63,1348
2631,2.631,1185
2632,2.632,1246
2633,2.633,1256
2634,2.634,1274
2635,2.635,1262
2636,2.636,1333
2637,2.637,1343
2638,2.638,1265
2639,2.639,1254
2640,2.64,1341
2641,2.641,1403
2642,2.642,1390
2643,2.643,1296
2644,2.644,1279
2645,2.645,1267
2646,2.646,1239
2647,2.647,1234
2648,2.648,1232
2649,2.649,1218
2650,2.65,1265
2651,2.651,1283
2652,2.652,1248
2653,2.653,1335
2654,2.654,1495
2655,2.655,1393
2656,2.656,1313
2657,2.657,1306
2658,2.658,1355
2659,2.659,1404
2660,2.66,1337
2661,2.661,1222
2662,2.662,1249
2663,2.663,1340
2664,2.664,1280
2665,2.665,1264
2666,2.666,1280
2667,2.667,1252
2668,2.668,1267
2669,2.669,1347
2670,2.67,1345
2671,2.671,1265
2672,2.672,1168
2673,2.673,1143
2674,2.674,1267
2675,2.675,1387
2676,2.676,1390
2677,2.677,1361
2678,2.678,1408
2679,2.679,1367
2680,2.68,1267
2681,2.681,1229
2682,2.682,1197
2683,2.683,1238
2684,2.684,1334
2685,2.685,1411
2686,2.686,1274
2687,2.687,1254
2688,2.688,1264
2689,2.689,1219
2690,2.69,1216
2691,2.691,1256
2692,2.692,1344
2693,2.693,1343
2694,2.694,1411
2695,2.695,1392
2696,2.696,1395
2697,2.697,1377
2698,2.698,1362
2699,2.699,1191
2700,2.7,1207
2701,2.701,1327
2702,2.702,1386
2703,2.703,1341
2704,2.704,1237
2705,2.705,1186
2706,2.706,1275
2707,2.707,1298
2708,2.708,1296
2709,2.709,1344
2710,2.71,1297
2711,2.711,1330
2712,2.712,1393
2713,2.713,1393
2714,2.714,1316
2715,2.715,1245
2716,2.716,1163
2717,2.717,1252
2718,2.718,1320
2719,2.719,1355
2720,2.72,1377
2721,2.721,1203
2722,2.722,1088
2723,2.723,1200
2724,2.724,1335
2725,2.725,1405
2726,2.726,1333
2727,2.727,1311
2728,2.728,1297
2729,2.729,1249
2730,2.73,1274
2731,2.731,1328
2732,2.732,1359
2733,2.733,1349
2734,2.734,1277
2735,2.735,1239
2736,2.736,1273
2737,2.737,1369
2738,2.738,1379
2739,2.739,1353
2740,2.74,1344
2741,2.741,1350
2742,2.742,1296
2743,2.743,1168
2744,2.744,1239
2745,2.745,1398
2746,2.746,1331
2747,2.747,1186
2748,2.748,1126
2749,2.749,1264
2750,2.75,1327
2751,2.751,1301
2752,2.752,1287
2753,2.753,1317
2754,2.754,1377
2755,2.755,1455
2756,2.756,1435
2757,2.757,1297
2758,2.758,1250
2759,2.759,1180
2760,2.76,1209
2761,2.761,1227
2762,2.762,1271
2763,2.763,1269
2764,2.764,1251
2765,2.765,1275
2766,2.766,1327
2767,2.767,1346
2768,2.768,1281
2769,2.769,1259
2770,2.77,1375
2771,2.771,1365
2772,2.772,1265
2773,2.773,1287
2774,2.774,1402
2775,2.775,1420
2776,2.776,1293
2777,2.777,1189
2778,2.778,1202
2779,2.779,1175
2780,2.78,1274
2781,2.781,1524
2782,2.782,1472
2783,2.783,1245
2784,2.784,1157
2785,2.785,1227
2786,2.786,1263
2787,2.787,1302
2788,2.788,1290
2789,2.789,1277
2790,2.79,1305
2791,2.791,1309
2792,2.792,1328
2793,2.793,1339
2794,2.794,1256
2795,2.795,1295
2796,2.796,1328
2797,2.797,1306
2798,2.798,1299
2799,2.799,1284
2800,2.8,1200
2801,2.801,1274
2802,2.802,1325
2803,2.803,1328
2804,2.804,1328
2805,2.805,1303
2806,2.806,1334
2807,2.807,1340
2808,2.808,1329
2809,2.809,1312
2810,2.81,1282
2811,2.811,1319
2812,2.812,1382
2813,2.813,1185
2814,2.814,1165
2815,2.815,1389
2816,2.816,1357
2817,2.817,1287
2818,2.818,1328
2819,2.819,1344
2820,2.82,1359
2821,2.821,1273
2822,2.822,1265
2823,2.823,1296
2824,2.824,1293
2825,2.825,1358
2826,2.826,1274
2827,2.827,1319
2828,2.828,1232
2829,2.829,1251
2830,2.83,1263
2831,2.831,1315
2832,2.832,1353
2833,2.833,1346
2834,2.834,1341
2835,2.835,1270
2836,2.836,1205
2837,2.837,1200
2838,2.838,1331
2839,2.839,1470
2840,2.84,1452
2841,2.841,1391
2842,2.842,1310
2843,2.843,1265
2844,2.844,1167
2845,2.845,1189
2846,2.846,1234
2847,2.847,1221
2848,2.848,1242
2849,2.849,1264
2850,2.85,1283
2851,2.851,1311
2852,2.852,1298
2853,2.853,1250
2854,2.854,1262
2855,2.855,1438
2856,2.856,1488
2857,2.857,1454
2858,2.858,1383
2859,2.859,1357
2860,2.86,1170
2861,2.861,976
2862,2.862,1099
2863,2.863,1219
2864,2.864,1402
2865,2.865,1322
2866,2.866,1223
2867,2.867,1175
2868,2.868,1262
2869,2.869,1436
2870,2.87,1407
2871,2.871,1281
2872,2.872,1209
2873,2.873,1233
2874,2.874,1191
2875,2.875,1202
2876,2.876,1296
2877,2.877,1410
2878,2.878,1431
2879,2.879,1394
2880,2.88,1284
2881,2.881,1203
2882,2.882,1213
2883,2.883,1279
2884,2.884,1364
2885,2.885,1362
2886,2.886,1301
2887,2.887,1249
2888,2.888,1207
2889,2.889,1177
2890,2.89,1301
2891,2.891,1402
2892,2.892,1419
2893,2.893,1369
2894,2.894,1291
2895,2.895,1271
2896,2.896,1262
2897,2.897,1371
2898,2.898,1317
2899,2.899,1310
2900,2.9,1326
2901,2.901,1253
2902,2.902,1346
2903,2.903,1224
2904,2.904,1176
2905,2.905,1269
2906,2.906,1471
2907,2.907,1507
2908,2.908,1365
2909,2.909,1139
2910,2.91,1061
2911,2.911,1171
2912,2.912,1272
2913,2.913,1403
2914,2.914,1386
2915,2.915,1379
2916,2.916,1365
2917,2.917,1405
2918,2.918,1393
2919,2.919,1318
2920,2.92,1220
2921,2.921,1167
2922,2.922,1088
2923,2.923,1157
2924,2.924,1215
2925,2.925,1345
2926,2.926,1340
2927,2.927,1280
2928,2.928,1351
2929,2.929,1402
2930,2.93,1520
2931,2.931,1435
2932,2.932,1267
2933,2.933,1233
2934,2.934,1301
2935,2.935,1370
2936,2.936,1358
2937,2.937,1247
2938,2.938,1181
2939,2.939,1190
2940,2.94,1286
2941,2.941,1438
2942,2.942,1456
2943,2.943,1279
2944,2.944,1210
2945,2.945,1282
2946,2.946,1304
2947,2.947,1359
2948,2.948,1269
2949,2.949,1296
2950,2.95,1374
2951,2.951,1423
2952,2.952,1347
2953,2.953,1267
2954,2.954,1243
2955,2.955,1425
2956,2.956,1336
2957,2.957,1262
2958,2.958,1085
2959,2.959,1201
2960,2.96,1249
2961,2.961,1238
2962,2.962,1327
2963,2.963,1292
2964,2.964,1296
2965,2.965,1275
2966,2.966,1348
2967,2.967,1369
2968,2.968,1370
2969,2.969,1314
2970,2.97,1189
2971,2.971,1216
2972,2.972,1310
2973,2.973,1411
2974,2.974,1472
2975,2.975,1430
2976,2.976,1366
2977,2.977,1115
2978,2.978,1097
2979,2.979,1194
2980,2.98,1280
2981,2.981,1323
2982,2.982,1383
2983,2.983,1387
2984,2.984,1379
2985,2.985,1264
2986,2.986,1235
2987,2.987,1360
2988,2.988,1417
2989,2.989,1345
2990,2.99,1327
2991,2.991,1247
2992,2.992,1169
2993,2.993,1249
2994,2.994,1390
2995,2.995,1280
2996,2.996,1283
2997,2.997,1309
2998,2.998,1339
2999,2.999,1309
3000,3.0,1264
3001,3.001,1217
3002,3.002,1225
3003,3.003,1206
3004,3.004,1193
3005,3.005,1202
3006,3.006,1253
3007,3.007,1433
3008,3.008,1461
3009,3.009,1554
3010,3.01,1461
3011,3.011,1367
3012,3.012,1235
3013,3.013,1201
3014,3.014,1168
3015,3.015,1209
3016,3.016,1353
3017,3.017,1269
3018,3.018,1187
3019,3.019,1285
3020,3.02,1450
3021,3.021,1465
3022,3.022,1386
3023,3.023,1232
3024,3.024,1243
3025,3.025,1290
3026,3.026,1327
3027,3.027,1264
3028,3.028,1265
3029,3.029,1221
3030,3.03,1323
3031,3.031,1359
3032,3.032,1327
3033,3.033,1341
3034,3.034,1347
3035,3.035,1278
3036,3.036,1088
3037,3.037,987
3038,3.038,1328
3039,3.039,1433
3040,3.04,1473
3041,3.041,1421
3042,3.042,1307
3043,3.043,1261
3044,3.044,1286
3045,3.045,1243
3046,3.046,1253
3047,3.047,1322
3048,3.048,1360
3049,3.049,1335
3050,3.05,1268
3051,3.051,1200
3052,3.052,1264
3053,3.053,1374
3054,3.054,1424
3055,3.055,1405
3056,3.056,1315
3057,3.057,1344
3058,3.058,1334
3059,3.059,1217
3060,3.06,1195
3061,3.061,1222
3062,3.062,1227
3063,3.063,1245
3064,3.064,1302
3065,3.065,1365
3066,3.066,1254
3067,3.067,1218
3068,3.068,1291
3069,3.069,1379
3070,3.07,1390
3071,3.071,1258
3072,3.072,1307
3073,3.073,1355
3074,3.074,1306
3075,3.075,1278
3076,3.076,1250
3077,3.077,1159
3078,3.078,1159
3079,3.079,1215
3080,3.08,1325
3081,3.081,1343
3082,3.082,1295
3083,3.083,1360
3084,3.084,1407
3085,3.085,1393
3086,3.086,1174
3087,3.087,1151
3088,3.088,1399
3089,3.089,1381
3090,3.09,1279
3091,3.091,1221
3092,3.092,1323
3093,3.093,1367
3094,3.094,1367
3095,3.095,1314
3096,3.096,1267
3097,3.097,1200
3098,3.098,1152
3099,3.099,1183
3100,3.1,1286
3101,3.101,1348
3102,3.102,1449
3103,3.103,1482
3104,3.104,1342
3105,3.105,1263
3106,3.106,1219
3107,3.107,1241
3108,3.108,1293
3109,3.109,1282
3110,3.11,1267
3111,3.111,1298
3112,3.112,1361
3113,3.113,1361
3114,3.114,1334
3115,3.115,1360
3116,3.116,1483
3117,3.117,1467
3118,3.118,1295
3119,3.119,1129
3120,3.12,1067
3121,3.121,1155
3122,3.122,1265
3123,3.123,1306
3124,3.124,1300
3125,3.125,1275
3126,3.126,1311
3127,3.127,1377
3128,3.128,1391
3129,3.129,1344
3130,3.13,1299
3131,3.131,1285
3132,3.132,1280
3133,3.133,1316
3134,3.134,1350
3135,3.135,1363
3136,3.136,1296
3137,3.137,1200
3138,3.138,1266
3139,3.139,1298
3140,3.14,1265
3141,3.141,1217
3142,3.142,1251
3143,3.143,1265
3144,3.144,1328
3145,3.145,1305
3146,3.146,1339
3147,3.147,1325
3148,3.148,1251
3149,3.149,1296
3150,3.15,1317
3151,3.151,1325
3152,3.152,1276
3153,3.153,1235
3154,3.154,1302
3155,3.155,1269
3156,3.156,1238
3157,3.157,1232
3158,3.158,1289
3159,3.159,1287
3160,3.16,1287
3161,3.161,1392
3162,3.162,1481
3163,3.163,1373
3164,3.164,1176
3165,3.165,1189
3166,3.166,1267
3167,3.167,1312
3168,3.168,1330
3169,3.169,1341
3170,3.17,1282
3171,3.171,1328
3172,3.172,1406
3173,3.173,1422
3174,3.174,1292
3175,3.175,1105
3176,3.176,1067
3177,3.177,1189
3178,3.178,1278
3179,3.179,1296
3180,3.18,1309
3181,3.181,1377
3182,3.182,1344
3183,3.183,1317
3184,3.184,1417
3185,3.185,1375
3186,3.186,1227
3187,3.187,1180
3188,3.188,1243
3189,3.189,1342
3190,3.19,1364
3191,3.191,1294
3192,3.192,1233
3193,3.193,1282
3194,3.194,1345
3195,3.195,1335
3196,3.196,1344
3197,3.197,1261
3198,3.198,1197
3199,3.199,1164
3200,3.2,1173
3201,3.201,1163
3202,3.202,1296
3203,3.203,1557
3204,3.204,1594
3205,3.205,1422
3206,3.206,1321
3207,3.207,1381
3208,3.208,1429
3209,3.209,1280
3210,3.21,1119
3211,3.211,1178
3212,3.212,1203
3213,3.213,1315
3214,3.214,1410
3215,3.215,1386
3216,3.216,1290
3217,3.217,1133
3218,3.218,1168
3219,3.219,1283
3220,3.22,1361
3221,3.221,1357
3222,3.222,1375
3223,3.223,1392
3224,3.224,1349
3225,3.225,1197
3226,3.226,1168
3227,3.227,1219
3228,3.228,1233
3229,3.229,1307
3230,3.23,1328
3231,3.231,1407
3232,3.232,1324
3233,3.233,1345
3234,3.234,1353
3235,3.235,1391
3236,3.236,1453
3237,3.237,1431
3238,3.238,1413
3239,3.239,1317
3240,3.24,1265
3241,3.241,1260
3242,3.242,1187
3243,3.243,1199
3244,3.244,1205
3245,3.245,1268
3246,3.246,1371
3247,3.247,1295
3248,3.248,1328
3249,3.249,1270
3250,3.25,1232
3251,3.251,1217
3252,3.252,1168
3253,3.253,1358
3254,3.254,1292
3255,3.255,1290
3256,3.256,1281
3257,3.257,1335
3258,3.258,1386
3259,3.259,1383
3260,3.26,1338
3261,3.261,1280
3262,3.262,1189
3263,3.263,1267
3264,3.264,1345
3265,3.265,1387
3266,3.266,1306
3267,3.267,1237
3268,3.268,1289
3269,3.269,1328
3270,3.27,1328
3271,3.271,1286
3272,3.272,1220
3273,3.273,1334
3274,3.274,1383
3275,3.275,1391
3276,3.276,1325
3277,3.277,1244
3278,3.278,1181
3279,3.279,1189
3280,3.28,1157
3281,3.281,1121
3282,3.282,1243
3283,3.283,1387
3284,3.284,1410
3285,3.285,1355
3286,3.286,1285
3287,3.287,1266
3288,3.288,1296
3289,3.289,1311
3290,3.29,1310
3291,3.291,1329
3292,3.292,1337
3293,3.293,1307
3294,3.294,1269
3295,3.295,1277
3296,3.296,1271
3297,3.297,1255
3298,3.298,1314
3299,3.299,1343
3300,3.3,1403
3301,3.301,1348
3302,3.302,1302
3303,3.303,1285
3304,3.304,1200
3305,3.305,1139
3306,3.306,1230
3307,3.307,1387
3308,3.308,1360
3309,3.309,1303
3310,3.31,1280
3311,3.311,1305
3312,3.312,1403
3313,3.313,1522
3314,3.314,1488
3315,3.315,1370
3316,3.316,1105
3317,3.317,1053
3318,3.318,1150
3319,3.319,1245
3320,3.32,1369
3321,3.321,1202
3322,3.322,1168
3323,3.323,1210
3324,3.324,1317
3325,3.325,1370
3326,3.326,1381
3327,3.327,1398
3328,3.328,1260
3329,3.329,1278
3330,3.33,1398
3331,3.331,1346
3332,3.332,1293
3333,3.333,1293
3334,3.334,1279
3335,3.335,1278
3336,3.336,1331
3337,3.337,1332
3338,3.338,1290
3339,3.339,1232
3340,3.34,1314
3341,3.341,1394
3342,3.342,1424
3343,3.343,1394
3344,3.344,1269
3345,3.345,1251
3346,3.346,1313
3347,3.347,1372
3348,3.348,1321
3349,3.349,1334
3350,3.35,1270
3351,3.351,1235
3352,3.352,1168
3353,3.353,1169
3354,3.354,1234
3355,3.355,1305
3356,3.356,1296
3357,3.357,1267
3358,3.358,1344
3359,3.359,1423
3360,3.36,1335
3361,3.361,1219
3362,3.362,1157
3363,3.363,1327
3364,3.364,1404
3365,3.365,1361
3366,3.366,1327
3367,3.367,1239
3368,3.368,1155
3369,3.369,1219
3370,3.37,1371
3371,3.371,1377
3372,3.372,1262
3373,3.373,1211
3374,3.374,1325
3375,3.375,1354
3376,3.376,1364
3377,3.377,1366
3378,3.378,1329
3379,3.379,1260
3380,3.38,1281
3381,3.381,1309
3382,3.382,1310
3383,3.383,1241
3384,3.384,1163
3385,3.385,1120
3386,3.386,1245
3387,3.387,1427
3388,3.388,1419
3389,3.389,1300
3390,3.39,1278
3391,3.391,1309
3392,3.392,1280
3393,3.393,1328
3394,3.394,1293
3395,3.395,1306
3396,3.396,1325
3397,3.397,1360
3398,3.398,1325
3399,3.399,1287
3400,3.4,1294
3401,3.401,1365
3402,3.402,1390
3403,3.403,1279
3404,3.404,1258
3405,3.405,1263
3406,3.406,1277
3407,3.407,1315
3408,3.408,1230
3409,3.409,1218
3410,3.41,1245
3411,3.411,1279
3412,3.412,1372
3413,3.413,1382
3414,3.414,1360
3415,3.415,1263
3416,3.416,1280
3417,3.417,1299
3418,3.418,1294
3419,3.419,1269
3420,3.42,1219
3421,3.421,1228
3422,3.422,1298
3423,3.423,1318
3424,3.424,1312
3425,3.425,1265
3426,3.426,1241
3427,3.427,1251
3428,3.428,1273
3429,3.429,1273
3430,3.43,1243
3431,3.431,1261
3432,3.432,1258
3433,3.433,1316
3434,3.434,1337
3435,3.435,1347
3436,3.436,1357
3437,3.437,1277
3438,3.438,1258
3439,3.439,1363
3440,3.44,1399
3441,3.441,1427
3442,3.442,1334
3443,3.443,1309
3444,3.444,1281
3445,3.445,1262
3446,3.446,1245
3447,3.447,1197
3448,3.448,1216
3449,3.449,1358
3450,3.45,1295
3451,3.451,1181
3452,3.452,1200
3453,3.453,1297
3454,3.454,1333
3455,3.455,1378
3456,3.456,1406
3457,3.457,1401
3458,3.458,1292
3459,3.459,1284
3460,3.46,1209
3461,3.461,1168
3462,3.462,1223
3463,3.463,1263
3464,3.464,1270
3465,3.465,1253
3466,3.466,1314
3467,3.467,1372
3468,3.468,1345
3469,3.469,1328
3470,3.47,1367
3471,3.471,1367
3472,3.472,1295
3473,3.473,1251
3474,3.474,1223
3475,3.475,1216
3476,3.476,1228
3477,3.477,1341
3478,3.478,1445
3479,3.479,1276
3480,3.48,1206
3481,3.481,1213
3482,3.482,1296
3483,3.483,1328
3484,3.484,1392
3485,3.485,1439
3486,3.486,1440
3487,3.487,1399
3488,3.488,1239
3489,3.489,1221
3490,3.49,1264
3491,3.491,1216
3492,3.492,1274
3493,3.493,1294
3494,3.494,1287
3495,3.495,1267
3496,3.496,1296
3497,3.497,1248
3498,3.498,1251
3499,3.499,1308
3500,3.5,1285
3501,3.501,1291
3502,3.502,1315
3503,3.503,1370
3504,3.504,1297
3505,3.505,1273
3506,3.506,1328
3507,3.507,1367
3508,3.508,1355
3509,3.509,1277
3510,3.51,1134
3511,3.511,1233
3512,3.512,1227
3513,3.513,1223
3514,3.514,1310
3515,3.515,1385
3516,3.516,1327
3517,3.517,1315
3518,3.518,1284
3519,3.519,1239
3520,3.52,1230
3521,3.521,1357
3522,3.522,1317
3523,3.523,1226
3524,3.524,1222
3525,3.525,1402
3526,3.526,1575
3527,3.527,1344
3528,3.528,1249
3529,3.529,1221
3530,3.53,1204
3531,3.531,1321
3532,3.532,1351
3533,3.533,1358
3534,3.534,1344
3535,3.535,1274
3536,3.536,1235
3537,3.537,1211
3538,3.538,1211
3539,3.539,1249
3540,3.54,1310
3541,3.541,1246
3542,3.542,1314
3543,3.543,1236
3544,3.544,1277
3545,3.545,1286
3546,3.546,1246
3547,3.547,1182
3548,3.548,1240
3549,3.549,1267
3550,3.55,1328
3551,3.551,1455
3552,3.552,1407
3553,3.553,1326
3554,3.554,1243
3555,3.555,1328
3556,3.556,1473
3557,3.557,1453
3558,3.558,1390
3559,3.559,1344
3560,3.56,1267
3561,3.561,1155
3562,3.562,1140
3563,3.563,1264
3564,3.564,1265
3565,3.565,1199
3566,3.566,1177
3567,3.567,1333
3568,3.568,1417
3569,3.569,1513
3570,3.57,1379
3571,3.571,1242
3572,3.572,1212
3573,3.573,1258
3574,3.574,1303
3575,3.575,1277
3576,3.576,1306
3577,3.577,1274
3578,3.578,1261
3579,3.579,1263
3580,3.58,1347
3581,3.581,1363
3582,3.582,1264
3583,3.583,1195
3584,3.584,1306
3585,3.585,1363
3586,3.586,1325
3587,3.587,1296
3588,3.588,1249
3589,3.589,1360
3590,3.59,1344
3591,3.591,1306
3592,3.592,1287
3593,3.593,1264
3594,3.594,1250
3595,3.595,1280
3596,3.596,1327
3597,3.597,1376
3598,3.598,1278
3599,3.599,1213
3600,3.6,1247
3601,3.601,1298
3602,3.602,1233
3603,3.603,1323
3604,3.604,1363
3605,3.605,1369
3606,3.606,1339
3607,3.607,1344
3608,3.608,1294
3609,3.609,1210
3610,3.61,1248
3611,3.611,1257
3612,3.612,1267
3613,3.613,1311
3614,3.614,1360
3615,3.615,1354
3616,3.616,1341
3617,3.617,1242
3618,3.618,1107
3619,3.619,1227
3620,3.62,1345
3621,3.621,1390
3622,3.622,1349
3623,3.623,1317
3624,3.624,1313
3625,3.625,1328
3626,3.626,1313
3627,3.627,1280
3628,3.628,1274
3629,3.629,1260
3630,3.63,1232
3631,3.631,1219
3632,3.632,1338
3633,3.633,1360
3634,3.634,1236
3635,3.635,1158
3636,3.636,1238
3637,3.637,1454
3638,3.638,1371
3639,3.639,1286
3640,3.64,1345
3641,3.641,1343
3642,3.642,1296
3643,3.643,1262
3644,3.644,1230
3645,3.645,1281
3646,3.646,1315
3647,3.647,1290
3648,3.648,1239
3649,3.649,1281
3650,3.65,1349
3651,3.651,1426
3652,3.652,1500
3653,3.653,1381
3654,3.654,1329
3655,3.655,1197
3656,3.656,1252
3657,3.657,1266
3658,3.658,1237
3659,3.659,1258
3660,3.66,1328
3661,3.661,1344
3662,3.662,1265
3663,3.663,1200
3664,3.664,1125
3665,3.665,1123
3666,3.666,1168
3667,3.667,1255
3668,3.668,1355
3669,3.669,1386
3670,3.67,1386
3671,3.671,1360
3672,3.672,1367
3673,3.673,1359
3674,3.674,1383
3675,3.675,1348
3676,3.676,1315
3677,3.677,1294
3678,3.678,1277
3679,3.679,1265
3680,3.68,1316
3681,3.681,1282
3682,3.682,1246
3683,3.683,1212
3684,3.684,1233
3685,3.685,1344
3686,3.686,1366
3687,3.687,1264
3688,3.688,1321
3689,3.689,1270
3690,3.69,1300
3691,3.691,1365
3692,3.692,1345
3693,3.693,1318
3694,3.694,1354
3695,3.695,1354
3696,3.696,1255
3697,3.697,1252
3698,3.698,1270
3699,3.699,1258
3700,3.7,1277
3701,3.701,1273
3702,3.702,1338
3703,3.703,1254
3704,3.704,1210
3705,3.705,1296
3706,3.706,1343
3707,3.707,1387
3708,3.708,1403
3709,3.709,1411
3710,3.71,1280
3711,3.711,1142
3712,3.712,1239
3713,3.713,1334
3714,3.714,1378
3715,3.715,1299
3716,3.716,1223
3717,3.717,1271
3718,3.718,1293
3719,3.719,1341
3720,3.72,1311
3721,3.721,1371
3722,3.722,1343
3723,3.723,1229
3724,3.724,1167
3725,3.725,1210
3726,3.726,1296
3727,3.727,1361
3728,3.728,1322
3729,3.729,1301
3730,3.73,1339
3731,3.731,1339
3732,3.732,1300
3733,3.733,1344
3734,3.734,1319
3735,3.735,1270
3736,3.736,1264
3737,3.737,1303
3738,3.738,1279
3739,3.739,1237
3740,3.74,1198
3741,3.741,1255
3742,3.742,1302
3743,3.743,1378
3744,3.744,1400
3745,3.745,1385
3746,3.746,1269
3747,3.747,1287
3748,3.748,1293
3749,3.749,1279
3750,3.75,1254
3751,3.751,1238
3752,3.752,1246
3753,3.753,1334
3754,3.754,1344
3755,3.755,1383
3756,3.756,1365
3757,3.757,1328
3758,3.758,1284
3759,3.759,1083
3760,3.76,1135
3761,3.761,1237
3762,3.762,1393
3763,3.763,1367
3764,3.764,1286
3765,3.765,1232
3766,3.766,1179
3767,3.767,1200
3768,3.768,1360
3769,3.769,1433
3770,3.77,1367
3771,3.771,1335
3772,3.772,1331
3773,3.773,1320
3774,3.774,1306
3775,3.775,1290
3776,3.776,1323
3777,3.777,1303
3778,3.778,1181
3779,3.779,1199
3780,3.78,1165
3781,3.781,1193
3782,3.782,1455
3783,3.783,1503
3784,3.784,1405
3785,3.785,1299
3786,3.786,1349
3787,3.787,1344
3788,3.788,1275
3789,3.789,1203
3790,3.79,1280
3791,3.791,1331
3792,3.792,1315
3793,3.793,1248
3794,3.794,1294
3795,3.795,1182
3796,3.796,1104
3797,3.797,1216
3798,3.798,1303
3799,3.799,1398
3800,3.8,1455
3801,3.801,1505
3802,3.802,1344
3803,3.803,1238
3804,3.804,1295
3805,3.805,1264
3806,3.806,1260
3807,3.807,1279
3808,3.808,1249
3809,3.809,1303
3810,3.81,1339
3811,3.811,1283
3812,3.812,1223
3813,3.813,1183
3814,3.814,1323
3815,3.815,1562
3816,3.816,1503
3817,3.817,1349
3818,3.818,1262
3819,3.819,1222
3820,3.82,1310
3821,3.821,1338
3822,3.822,1339
3823,3.823,1295
3824,3.824,1289
3825,3.825,1247
3826,3.826,1238
3827,3.827,1296
3828,3.828,1263
3829,3.829,1264
3830,3.83,1259
3831,3.831,1273
3832,3.832,1307
3833,3.833,1219
3834,3.834,1248
3835,3.835,1314
3836,3.836,1334
3837,3.837,1328
3838,3.838,1280
3839,3.839,1183
3840,3.84,1179
3841,3.841,1296
3842,3.842,1407
3843,3.843,1342
3844,3.844,1341
3845,3.845,1392
3846,3.846,1335
3847,3.847,1328
3848,3.848,1314
3849,3.849,1266
3850,3.85,1286
3851,3.851,1393
3852,3.852,1370
3853,3.853,1229
3854,3.854,1217
3855,3.855,1301
3856,3.856,1378
3857,3.857,1392
3858,3.858,1283
3859,3.859,1174
3860,3.86,1106
3861,3.861,1124
3862,3.862,1088
3863,3.863,1203
3864,3.864,1475
3865,3.865,1678
3866,3.866,1589
3867,3.867,1434
3868,3.868,1254
3869,3.869,1236
3870,3.87,1287
3871,3.871,1245
3872,3.872,1264
3873,3.873,1281
3874,3.874,1244
3875,3.875,1409
3876,3.876,1370
3877,3.877,1266
3878,3.878,1165
3879,3.879,1206
3880,3.88,1232
3881,3.881,1279
3882,3.882,1308
3883,3.883,1359
3884,3.884,1305
3885,3.885,1286
3886,3.886,1302
3887,3.887,1413
3888,3.888,1408
3889,3.889,1347
3890,3.89,1286
3891,3.891,1269
3892,3.892,1210
3893,3.893,1168
3894,3.894,1231
3895,3.895,1346
3896,3.896,1392
3897,3.897,1426
3898,3.898,1292
3899,3.899,1229
3900,3.9,1221
3901,3.901,1264
3902,3.902,1397
3903,3.903,1424
3904,3.904,1351
3905,3.905,1203
3906,3.906,1281
3907,3.907,1354
3908,3.908,1353
3909,3.909,1152
3910,3.91,1220
3911,3.911,1233
3912,3.912,1234
3913,3.913,1357
3914,3.914,1354
3915,3.915,1347
3916,3.916,1231
3917,3.917,1153
3918,3.918,1226
3919,3.919,1291
3920,3.92,1311
3921,3.921,1422
3922,3.922,1325
3923,3.923,1229
3924,3.924,1326
3925,3.925,1378
3926,3.926,1366
3927,3.927,1238
3928,3.928,1264
3929,3.929,1367
3930,3.93,1232
3931,3.931,1251
3932,3.932,1274
3933,3.933,1263
3934,3.934,1283
3935,3.935,1277
3936,3.936,1377
3937,3.937,1411
3938,3.938,1400
3939,3.939,1378
3940,3.94,1311
3941,3.941,1317
3942,3.942,1267
3943,3.943,1226
3944,3.944,1197
3945,3.945,1206
3946,3.946,1342
3947,3.947,1434
3948,3.948,1371
3949,3.949,1255
3950,3.95,1257
3951,3.951,1283
3952,3.952,1205
3953,3.953,1211
3954,3.954,1273
3955,3.955,1346
3956,3.956,1374
3957,3.957,1294
3958,3.958,1286
3959,3.959,1286
3960,3.96,1311
3961,3.961,1337
3962,3.962,1281
3963,3.963,1229
3964,3.964,1247
3965,3.965,1285
3966,3.966,1290
3967,3.967,1264
3968,3.968,1251
3969,3.969,1253
3970,3.97,1327
3971,3.971,1407
3972,3.972,1408
3973,3.973,1325
3974,3.974,1242
3975,3.975,1268
3976,3.976,1377
3977,3.977,1209
3978,3.978,1213
3979,3.979,1378
3980,3.98,1335
3981,3.981,1444
3982,3.982,1455
3983,3.983,1447
3984,3.984,1409
3985,3.985,1306
3986,3.986,1254
3987,3.987,1263
3988,3.988,1290
3989,3.989,1218
3990,3.99,1180
3991,3.991,1232
3992,3.992,1322
3993,3.993,1267
3994,3.994,1262
3995,3.995,1298
3996,3.996,1322
3997,3.997,1297
3998,3.998,1241
3999,3.999,1220
4000,4.0,1286
4001,4.001,1303
4002,4.002,1279
4003,4.003,1319
4004,4.004,1269
4005,4.005,1277
4006,4.006,1436
4007,4.007,1490
4008,4.008,1597
4009,4.009,1286
4010,4.01,1199
4011,4.011,1242
4012,4.012,1302
4013,4.013,1344
4014,4.014,1307
4015,4.015,1280
4016,4.016,1301
4017,4.017,1337
4018,4.018,1370
4019,4.019,1386
4020,4.02,1361
4021,4.021,1299
4022,4.022,1202
4023,4.023,1141
4024,4.024,1201
4025,4.025,1223
4026,4.026,1285
4027,4.027,1349
4028,4.028,1314
4029,4.029,1319
4030,4.03,1249
4031,4.031,1231
4032,4.032,1233
4033,4.033,1237
4034,4.034,1309
4035,4.035,1410
4036,4.036,1387
4037,4.037,1314
4038,4.038,1263
4039,4.039,1326
4040,4.04,1487
4041,4.041,1344
4042,4.042,1195
4043,4.043,1175
4044,4.044,1257
4045,4.045,1335
4046,4.046,1290
4047,4.047,1283
4048,4.048,1321
4049,4.049,1345
4050,4.05,1371
4051,4.051,1233
4052,4.052,1263
4053,4.053,1233
4054,4.054,1173
4055,4.055,1173
4056,4.056,1219
4057,4.057,1367
4058,4.058,1431
4059,4.059,1365
4060,4.06,1294
4061,4.061,1269
4062,4.062,1312
4063,4.063,1347
4064,4.064,1333
4065,4.065,1323
4066,4.066,1234
4067,4.067,1245
4068,4.068,1232
4069,4.069,1287
4070,4.07,1345
4071,4.071,1296
4072,4.072,1258
4073,4.073,1190
4074,4.074,1281
4075,4.075,1399
4076,4.076,1476
4077,4.077,1529
4078,4.078,1370
4079,4.079,1250
4080,4.08,1207
4081,4.081,1170
4082,4.082,1262
4083,4.083,1294
4084,4.084,1277
4085,4.085,1287
4086,4.086,1285
4087,4.087,1327
4088,4.088,1347
4089,4.089,1327
4090,4.09,1328
4091,4.091,1090
4092,4.092,1078
4093,4.093,1218
4094,4.094,1339
4095,4.095,1465
4096,4.096,1405
4097,4.097,1340
4098,4.098,1295
4099,4.099,1233
4100,4.1,1223
4101,4.101,1257
4102,4.102,1377
4103,4.103,1477
4104,4.104,1457
4105,4.105,1330
4106,4.106,1233
4107,4.107,1209
4108,4.108,1299
4109,4.109,1249
4110,4.11,1200
4111,4.111,1199
4112,4.112,1322
4113,4.113,1361
4114,4.114,1315
4115,4.115,1293
4116,4.116,1327
4117,4.117,1316
4118,4.118,1168
4119,4.119,1097
4120,4.12,1370
4121,4.121,1456
4122,4.122,1367
4123,4.123,1296
4124,4.124,1271
4125,4.125,1266
4126,4.126,1283
4127,4.127,1263
4128,4.128,1295
4129,4.129,1342
4130,4.13,1350
4131,4.131,1291
4132,4.132,1360
4133,4.133,1390
4134,4.134,1350
4135,4.135,1286
4136,4.136,1169
4137,4.137,1210
4138,4.138,1327
4139,4.139,1235
4140,4.14,1296
4141,4.141,1283
4142,4.142,1366
4143,4.143,1362
4144,4.144,1313
4145,4.145,1359
4146,4.146,1243
4147,4.147,1357
4148,4.148,1390
4149,4.149,1330
4150,4.15,1200
4151,4.151,1168
4152,4.152,1270
4153,4.153,1278
4154,4.154,1295
4155,4.155,1281
4156,4.156,1283
4157,4.157,1275
4158,4.158,1241
4159,4.159,1283
4160,4.16,1447
4161,4.161,1499
4162,4.162,1401
4163,4.163,1271
4164,4.164,1279
4165,4.165,1296
4166,4.166,1242
4167,4.167,1091
4168,4.168,1179
4169,4.169,1239
4170,4.17,1300
4171,4.171,1462
4172,4.172,1520
4173,4.173,1414
4174,4.174,1326
4175,4.175,1222
4176,4.176,1229
4177,4.177,1182
4178,4.178,1104
4179,4.179,1223
4180,4.18,1506
4181,4.181,1426
4182,4.182,1342
4183,4.183,1259
4184,4.184,1268
4185,4.185,1321
4186,4.186,1315
4187,4.187,1264
4188,4.188,1206
4189,4.189,1109
4190,4.19,1163
4191,4.191,1361
4192,4.192,1474
4193,4.193,1445
4194,4.194,1427
4195,4.195,1344
4196,4.196,1271
4197,4.197,1279
4198,4.198,1331
4199,4.199,1354
4200,4.2,1403
4201,4.201,1350
4202,4.202,1285
4203,4.203,1264
4204,4.204,1286
4205,4.205,1289
4206,4.206,1273
4207,4.207,1305
4208,4.208,1303
4209,4.209,1328
4210,4.21,1271
4211,4.211,1149
4212,4.212,1149
4213,4.213,1185
4214,4.214,1475
4215,4.215,1441
4216,4.216,1367
4217,4.217,1321
4218,4.218,1325
4219,4.219,1267
4220,4.22,1226
4221,4.221,1296
4222,4.222,1372
4223,4.223,1446
4224,4.224,1327
4225,4.225,1248
4226,4.226,1205
4227,4.227,1215
4228,4.228,1242
4229,4.229,1326
4230,4.23,1238
4231,4.231,1296
4232,4.232,1337
4233,4.233,1330
4234,4.234,1387
4235,4.235,1267
4236,4.236,1227
4237,4.237,1335
4238,4.238,1388
4239,4.239,1334
4240,4.24,1235
4241,4.241,1286
4242,4.242,1302
4243,4.243,1281
4244,4.244,1326
4245,4.245,1393
4246,4.246,1296
4247,4.247,1184
4248,4.248,1194
4249,4.249,1252
4250,4.25,1381
4251,4.251,1343
4252,4.252,1306
4253,4.253,1323
4254,4.254,1290
4255,4.255,1280
4256,4.256,1270
4257,4.257,1296
4258,4.258,1296
4259,4.259,1260
4260,4.26,1198
4261,4.261,1245
4262,4.262,1286
4263,4.263,1237
4264,4.264,1373
4265,4.265,1383
4266,4.266,1305
4267,4.267,1266
4268,4.268,1227
4269,4.269,1243
4270,4.27,1298
4271,4.271,1360
4272,4.272,1251
4273,4.273,1268
4274,4.274,1393
4275,4.275,1363
4276,4.276,1328
4277,4.277,1307
4278,4.278,1311
4279,4.279,1328
4280,4.28,1391
4281,4.281,1418
4282,4.282,1310
4283,4.283,1251
4284,4.284,1285
4285,4.285,1301
4286,4.286,1261
4287,4.287,1230
4288,4.288,1203
4289,4.289,1255
4290,4.29,1260
4291,4.291,1255
4292,4.292,1263
4293,4.293,1264
4294,4.294,1245
4295,4.295,1199
4296,4.296,1250
4297,4.297,1390
4298,4.298,1493
4299,4.299,1399
4300,4.3,1247
4301,4.301,1238
4302,4.302,1276
4303,4.303,1305
4304,4.304,1290
4305,4.305,1268
4306,4.306,1293
4307,4.307,1253
4308,4.308,1296
4309,4.309,1281
4310,4.31,1315
4311,4.311,1249
4312,4.312,1408
4313,4.313,1217
4314,4.314,1373
4315,4.315,1474
4316,4.316,1407
4317,4.317,1340
4318,4.318,1520
4319,4.319,1397
4320,4.32,1349
4321,4.321,1247
4322,4.322,1182
4323,4.323,1180
4324,4.324,1328
4325,4.325,1394
4326,4.326,1350
4327,4.327,1328
4328,4.328,1219
4329,4.329,1205
4330,4.33,1295
4331,4.331,1299
4332,4.332,1311
4333,4.333,1274
4334,4.334,1360
4335,4.335,1386
4336,4.336,1355
4337,4.337,1271
4338,4.338,1221
4339,4.339,1326
4340,4.34,1294
4341,4.341,1273
4342,4.342,1264
4343,4.343,1258
4344,4.344,1279
4345,4.345,1347
4346,4.346,1328
4347,4.347,1279
4348,4.348,1252
4349,4.349,1292
4350,4.35,1343
4351,4.351,1219
4352,4.352,1265
4353,4.353,1276
4354,4.354,1303
4355,4.355,1303
4356,4.356,1342
4357,4.357,1329
4358,4.358,1331
4359,4.359,1325
4360,4.36,1286
4361,4.361,1287
4362,4.362,1286
4363,4.363,1271
4364,4.364,1303
4365,4.365,1418
4366,4.366,1443
4367,4.367,1275
4368,4.368,1163
4369,4.369,1226
4370,4.37,1317
4371,4.371,1277
4372,4.372,1200
4373,4.373,1237
4374,4.374,1301
4375,4.375,1325
4376,4.376,1257
4377,4.377,1238
4378,4.378,1297
4379,4.379,1376
4380,4.38,1371
4381,4.381,1313
4382,4.382,1257
4383,4.383,1232
4384,4.384,1264
4385,4.385,1322
4386,4.386,1311
4387,4.387,1210
4388,4.388,1344
4389,4.389,1328
4390,4.39,1318
4391,4.391,1244
4392,4.392,1278
4393,4.393,1264
4394,4.394,1313
4395,4.395,1303
4396,4.396,1351
4397,4.397,1347
4398,4.398,1328
4399,4.399,1302
4400,4.4,1338
4401,4.401,1359
4402,4.402,1371
4403,4.403,1345
4404,4.404,1245
4405,4.405,1079
4406,4.406,1124
4407,4.407,1232
4408,4.408,1399
4409,4.409,1338
4410,4.41,1291
4411,4.411,1289
4412,4.412,1319
4413,4.413,1323
4414,4.414,1296
4415,4.415,1325
4416,4.416,1313
4417,4.417,1264
4418,4.418,1332
4419,4.419,1434
4420,4.42,1389
4421,4.421,1374
4422,4.422,1331
4423,4.423,1257
4424,4.424,1226
4425,4.425,1175
4426,4.426,1274
4427,4.427,1347
4428,4.428,1333
4429,4.429,1340
4430,4.43,1314
4431,4.431,1381
4432,4.432,1347
4433,4.433,1293
4434,4.434,1457
4435,4.435,1216
4436,4.436,1311
4437,4.437,1319
4438,4.438,1206
4439,4.439,1221
4440,4.44,1360
4441,4.441,1405
4442,4.442,1371
4443,4.443,1291
4444,4.444,1305
4445,4.445,1291
4446,4.446,1195
4447,4.447,1230
4448,4.448,1331
4449,4.449,1232
4450,4.45,1227
4451,4.451,1296
4452,4.452,1351
4453,4.453,1380
4454,4.454,1378
4455,4.455,1408
4456,4.456,1303
4457,4.457,1214
4458,4.458,1245
4459,4.459,1269
4460,4.46,1329
4461,4.461,1367
4462,4.462,1302
4463,4.463,1277
4464,4.464,1305
4465,4.465,1275
4466,4.466,1286
4467,4.467,1291
4468,4.468,1341
4469,4.469,1296
4470,4.47,1217
4471,4.471,1254
4472,4.472,1345
4473,4.473,1394
4474,4.474,1287
4475,4.475,1203
4476,4.476,1285
4477,4.477,1424
4478,4.478,1360
4479,4.479,1281
4480,4.48,1220
4481,4.481,1269
4482,4.482,1284
4483,4.483,1227
4484,4.484,1179
4485,4.485,1253
4486,4.486,1367
4487,4.487,1383
4488,4.488,1343
4489,4.489,1242
4490,4.49,1135
4491,4.491,1260
4492,4.492,1427
4493,4.493,1441
4494,4.494,1391
4495,4.495,1273
4496,4.496,1286
4497,4.497,1472
4498,4.498,1415
4499,4.499,1223
4500,4.5,1168
4501,4.501,1280
4502,4.502,1275
4503,4.503,1232
4504,4.504,1237
4505,4.505,1311
4506,4.506,1310
4507,4.507,1302
4508,4.508,1232
4509,4.509,1257
4510,4.51,1291
4511,4.511,1248
4512,4.512,1310
4513,4.513,1328
4514,4.514,1443
4515,4.515,1370
4516,4.516,1264
4517,4.517,1218
4518,4.518,1248
4519,4.519,1263
4520,4.52,1298
4521,4.521,1315
4522,4.522,1255
4523,4.523,1241
4524,4.524,1264
4525,4.525,1247
4526,4.526,1322
4527,4.527,1275
4528,4.528,1223
4529,4.529,1257
4530,4.53,1328
4531,4.531,1514
4532,4.532,1635
4533,4.533,1423
4534,4.534,1298
4535,4.535,1125
4536,4.536,1118
4537,4.537,1234
4538,4.538,1319
4539,4.539,1282
4540,4.54,1344
4541,4.541,1293
4542,4.542,1283
4543,4.543,1318
4544,4.544,1331
4545,4.545,1301
4546,4.546,1287
4547,4.547,1328
4548,4.548,1321
4549,4.549,1264
4550,4.55,1296
4551,4.551,1332
4552,4.552,1218
4553,4.553,1232
4554,4.554,1295
4555,4.555,1328
4556,4.556,1329
4557,4.557,1311
4558,4.558,1288
4559,4.559,1283
4560,4.56,1277
4561,4.561,1280
4562,4.562,1325
4563,4.563,1376
4564,4.564,1349
4565,4.565,1244
4566,4.566,1136
4567,4.567,1069
4568,4.568,1187
4569,4.569,1355
4570,4.57,1429
4571,4.571,1431
4572,4.572,1378
4573,4.573,1410
4574,4.574,1435
4575,4.575,1348
4576,4.576,1264
4577,4.577,1183
4578,4.578,1239
4579,4.579,1289
4580,4.58,1290
4581,4.581,1293
4582,4.582,1251
4583,4.583,1235
4584,4.584,1253
4585,4.585,1245
4586,4.586,1287
4587,4.587,1300
4588,4.588,1425
4589,4.589,1360
4590,4.59,1253
4591,4.591,1263
4592,4.592,1342
4593,4.593,1382
4594,4.594,1446
4595,4.595,1527
4596,4.596,1456
4597,4.597,1195
4598,4.598,1093
4599,4.599,1158
4600,4.6,1175
4601,4.601,1223
4602,4.602,1306
4603,4.603,1390
4604,4.604,1375
4605,4.605,1265
4606,4.606,1148
4607,4.607,1154
4608,4.608,1333
4609,4.609,1353
4610,4.61,1367
4611,4.611,1357
4612,4.612,1300
4613,4.613,1325
4614,4.614,1391
4615,4.615,1328
4616,4.616,1342
4617,4.617,1387
4618,4.618,1344
4619,4.619,1312
4620,4.62,1271
4621,4.621,1233
4622,4.622,1251
4623,4.623,1264
4624,4.624,1219
4625,4.625,1255
4626,4.626,1229
4627,4.627,1299
4628,4.628,1353
4629,4.629,1399
4630,4.63,1357
4631,4.631,1266
4632,4.632,1296
4633,4.633,1237
4634,4.634,1175
4635,4.635,1283
4636,4.636,1403
4637,4.637,1356
4638,4.638,1325
4639,4.639,1237
4640,4.64,1397
4641,4.641,1333
4642,4.642,1341
4643,4.643,1326
4644,4.644,1296
4645,4.645,1282
4646,4.646,1264
4647,4.647,1238
4648,4.648,1271
4649,4.649,1411
4650,4.65,1405
4651,4.651,1334
4652,4.652,1145
4653,4.653,1136
4654,4.654,1239
4655,4.655,1403
4656,4.656,1462
4657,4.657,1359
4658,4.658,1264
4659,4.659,1299
4660,4.66,1251
4661,4.661,1154
4662,4.662,1234
4663,4.663,1312
4664,4.664,1297
4665,4.665,1324
4666,4.666,1306
4667,4.667,1328
4668,4.668,1392
4669,4.669,1337
4670,4.67,1198
4671,4.671,1159
4672,4.672,1310
4673,4.673,1435
4674,4.674,1395
4675,4.675,1296
4676,4.676,1274
4677,4.677,1309
4678,4.678,1331
4679,4.679,1343
4680,4.68,1310
4681,4.681,1291
4682,4.682,1281
4683,4.683,1219
4684,4.684,1200
4685,4.685,1260
4686,4.686,1407
4687,4.687,1445
4688,4.688,1457
4689,4.689,1419
4690,4.69,1333
4691,4.691,1247
4692,4.692,1102
4693,4.693,1162
4694,4.694,1226
4695,4.695,1253
4696,4.696,1257
4697,4.697,1317
4698,4.698,1347
4699,4.699,1351
4700,4.7,1327
4701,4.701,1197
4702,4.702,1179
4703,4.703,1306
4704,4.704,1437
4705,4.705,1442
4706,4.706,1369
4707,4.707,1303
4708,4.708,1193
4709,4.709,1266
4710,4.71,1287
4711,4.711,1345
4712,4.712,1266
4713,4.713,1141
4714,4.714,1108
4715,4.715,1263
4716,4.716,1488
4717,4.717,1601
4718,4.718,1510
4719,4.719,1346
4720,4.72,1245
4721,4.721,1249
4722,4.722,1182
4723,4.723,1233
4724,4.724,1283
4725,4.725,1344
4726,4.726,1444
4727,4.727,1407
4728,4.728,1158
4729,4.729,1217
4730,4.73,1365
4731,4.731,1363
4732,4.732,1353
4733,4.733,1286
4734,4.734,1197
4735,4.735,1236
4736,4.736,1279
4737,4.737,1251
4738,4.738,1270
4739,4.739,1330
4740,4.74,1381
4741,4.741,1337
4742,4.742,1298
4743,4.743,1238
4744,4.744,1202
4745,4.745,1271
4746,4.746,1344
4747,4.747,1283
4748,4.748,1295
4749,4.749,1377
4750,4.75,1331
4751,4.751,1300
4752,4.752,1328
4753,4.753,1328
4754,4.754,1325
4755,4.755,1351
4756,4.756,1297
4757,4.757,1319
4758,4.758,1408
4759,4.759,1367
4760,4.76,1237
4761,4.761,1125
4762,4.762,1202
4763,4.763,1249
4764,4.764,1249
4765,4.765,1296
4766,4.766,1314
4767,4.767,1260
4768,4.768,1287
4769,4.769,1328
4770,4.77,1269
4771,4.771,1204
4772,4.772,1232
4773,4.773,1398
4774,4.774,1424
4775,4.775,1303
4776,4.776,1245
4777,4.777,1309
4778,4.778,1315
4779,4.779,1328
4780,4.78,1309
4781,4.781,1334
4782,4.782,1321
4783,4.783,1287
4784,4.784,1243
4785,4.785,1263
4786,4.786,1355
4787,4.787,1381
4788,4.788,1318
4789,4.789,1170
4790,4.79,1165
4791,4.791,1202
4792,4.792,1198
4793,4.793,1263
4794,4.794,1381
4795,4.795,1441
4796,4.796,1427
4797,4.797,1375
4798,4.798,1268
4799,4.799,1264
4800,4.8,1230
4801,4.801,1269
4802,4.802,1371
4803,4.803,1430
4804,4.804,1361
4805,4.805,1206
4806,4.806,1179
4807,4.807,1230
4808,4.808,1318
4809,4.809,1360
4810,4.81,1328
4811,4.811,1318
4812,4.812,1313
4813,4.813,1234
4814,4.814,1254
4815,4.815,1317
4816,4.816,1362
4817,4.817,1381
4818,4.818,1305
4819,4.819,1293
4820,4.82,1313
4821,4.821,1280
4822,4.822,1251
4823,4.823,1259
4824,4.824,1253
4825,4.825,1250
4826,4.826,1270
4827,4.827,1295
4828,4.828,1289
4829,4.829,1275
4830,4.83,1230
4831,4.831,1161
4832,4.832,1137
4833,4.833,1263
4834,4.834,1446
4835,4.835,1461
4836,4.836,1366
4837,4.837,1338
4838,4.838,1447
4839,4.839,1398
4840,4.84,1328
4841,4.841,1307
4842,4.842,1268
4843,4.843,1286
4844,4.844,1282
4845,4.845,1266
4846,4.846,1309
4847,4.847,1331
4848,4.848,1301
4849,4.849,1328
4850,4.85,1339
4851,4.851,1264
4852,4.852,1174
4853,4.853,1191
4854,4.854,1226
4855,4.855,1264
4856,4.856,1291
4857,4.857,1341
4858,4.858,1321
4859,4.859,1264
4860,4.86,1334
4861,4.861,1323
4862,4.862,1310
4863,4.863,1264
4864,4.864,1337
4865,4.865,1343
4866,4.866,1286
4867,4.867,1250
4868,4.868,1203
4869,4.869,1262
4870,4.87,1292
4871,4.871,1264
4872,4.872,1274
4873,4.873,1313
4874,4.874,1248
4875,4.875,1189
4876,4.876,1248
4877,4.877,1363
4878,4.878,1438
4879,4.879,1475
4880,4.88,1403
4881,4.881,1386
4882,4.882,1325
4883,4.883,1252
4884,4.884,1154
4885,4.885,1156
4886,4.886,1264
4887,4.887,1306
4888,4.888,1340
4889,4.889,1303
4890,4.89,1203
4891,4.891,1225
4892,4.892,1244
4893,4.893,1449
4894,4.894,1505
4895,4.895,1494
4896,4.896,1359
4897,4.897,1270
4898,4.898,1174
4899,4.899,1077
4900,4.9,1200
4901,4.901,1392
4902,4.902,1421
4903,4.903,1269
4904,4.904,1216
4905,4.905,1305
4906,4.906,1393
4907,4.907,1360
4908,4.908,1342
4909,4.909,1239
4910,4.91,1086
4911,4.911,1066
4912,4.912,1285
4913,4.913,1462
4914,4.914,1509
4915,4.915,1441
4916,4.916,1370
4917,4.917,1348
4918,4.918,1389
4919,4.919,1408
4920,4.92,1382
4921,4.921,1343
4922,4.922,1205
4923,4.923,1213
4924,4.924,1265
4925,4.925,1297
4926,4.926,1227
4927,4.927,1268
4928,4.928,1296
4929,4.929,1317
4930,4.93,1290
4931,4.931,1295
4932,4.932,1287
4933,4.933,1345
4934,4.934,1331
4935,4.935,1325
4936,4.936,1329
4937,4.937,1280
4938,4.938,1134
4939,4.939,1260
4940,4.94,1413
4941,4.941,1323
4942,4.942,1203
4943,4.943,1189
4944,4.944,1299
4945,4.945,1328
4946,4.946,1335
4947,4.947,1296
4948,4.948,1299
4949,4.949,1291
4950,4.95,1344
4951,4.951,1372
4952,4.952,1313
4953,4.953,1238
4954,4.954,1253
4955,4.955,1255
4956,4.956,1171
4957,4.957,1164
4958,4.958,1341
4959,4.959,1341
4960,4.96,1324
4961,4.961,1358
4962,4.962,1363
4963,4.963,1403
4964,4.964,1398
4965,4.965,1310
4966,4.966,1328
4967,4.967,1344
4968,4.968,1319
4969,4.969,1268
4970,4.97,1305
4971,4.971,1315
4972,4.972,1166
4973,4.973,1114
4974,4.974,1194
4975,4.975,1218
4976,4.976,1314
4977,4.977,1392
4978,4.978,1397
4979,4.979,1447
4980,4.98,1485
4981,4.981,1328
4982,4.982,1233
4983,4.983,1238
4984,4.984,1241
4985,4.985,1241
4986,4.986,1247
4987,4.987,1296
4988,4.988,1287
4989,4.989,1264
4990,4.99,1285
4991,4.991,1275
4992,4.992,1203
4993,4.993,1217
4994,4.994,1264
4995,4.995,1307
4996,4.996,1397
4997,4.997,1421
4998,4.998,1261
4999,4.999,1241
5000,5.0,1383
5001,5.001,1444
5002,5.002,1426
5003,5.003,1266
5004,5.004,1270
5005,5.005,1328
5006,5.006,1341
5007,5.007,1281
5008,5.008,1259
5009,5.009,1207
5010,5.01,1277
5011,5.011,1271
5012,5.012,1261
5013,5.013,1270
5014,5.014,1258
5015,5.015,1207
5016,5.016,1264
5017,5.017,1280
5018,5.018,1256
5019,5.019,1314
5020,5.02,1369
5021,5.021,1373
5022,5.022,1281
5023,5.023,1278
5024,5.024,1354
5025,5.025,1350
5026,5.026,1293
5027,5.027,1230
5028,5.028,1232
5029,5.029,1360
5030,5.03,1417
5031,5.031,1281
5032,5.032,1197
5033,5.033,1276
5034,5.034,1375
5035,5.035,1305
5036,5.036,1264
5037,5.037,1199
5038,5.038,1174
5039,5.039,1263
5040,5.04,1426
5041,5.041,1378
5042,5.042,1295
5043,5.043,1263
5044,5.044,1200
5045,5.045,1151
5046,5.046,1168
5047,5.047,1281
5048,5.048,1443
5049,5.049,1487
5050,5.05,1399
5051,5.051,1299
5052,5.052,1297
5053,5.053,1314
5054,5.054,1331
5055,5.055,1344
5056,5.056,1346
5057,5.057,1407
5058,5.058,1406
5059,5.059,1328
5060,5.06,1261
5061,5.061,1187
5062,5.062,1201
5063,5.063,1191
5064,5.064,1226
5065,5.065,1281
5066,5.066,1286
5067,5.067,1379
5068,5.068,1412
5069,5.069,1291
5070,5.07,1146
5071,5.071,1235
5072,5.072,1306
5073,5.073,1371
5074,5.074,1535
5075,5.075,1301
5076,5.076,1296
5077,5.077,1395
5078,5.078,1392
5079,5.079,1269
5080,5.08,1188
5081,5.081,1216
5082,5.082,1200
5083,5.083,1252
5084,5.084,1329
5085,5.085,1370
5086,5.086,1283
5087,5.087,1162
5088,5.088,1137
5089,5.089,1333
5090,5.09,1486
5091,5.091,1515
5092,5.092,1535
5093,5.093,1557
5094,5.094,1375
5095,5.095,1178
5096,5.096,1135
5097,5.097,1200
5098,5.098,1300
5099,5.099,1317
5100,5.1,1294
5101,5.101,1251
5102,5.102,1287
5103,5.103,1234
5104,5.104,1194
5105,5.105,1227
5106,5.106,1249
5107,5.107,1359
5108,5.108,1518
5109,5.109,1534
5110,5.11,1376
5111,5.111,1249
5112,5.112,1248
5113,5.113,1273
5114,5.114,1286
5115,5.115,1303
5116,5.116,1325
5117,5.117,1275
5118,5.118,1079
5119,5.119,1227
5120,5.12,1255
5121,5.121,1329
5122,5.122,1338
5123,5.123,1338
5124,5.124,1365
5125,5.125,1328
5126,5.126,1300
5127,5.127,1290
5128,5.128,1261
5129,5.129,1299
5130,5.13,1389
5131,5.131,1400
5132,5.132,1327
5133,5.133,1137
5134,5.134,1171
5135,5.135,1207
5136,5.136,1323
5137,5.137,1410
5138,5.138,1338
5139,5.139,1292
5140,5.14,1258
5141,5.141,1306
5142,5.142,1312
5143,5.143,1303
5144,5.144,1264
5145,5.145,1242
5146,5.146,1243
5147,5.147,1323
5148,5.148,1274
5149,5.149,1260
5150,5.15,1421
5151,5.151,1395
5152,5.152,1329
5153,5.153,1273
5154,5.154,1283
5155,5.155,1310
5156,5.156,1392
5157,5.157,1297
5158,5.158,1275
5159,5.159,1265
5160,5.16,1316
5161,5.161,1315
5162,5.162,1319
5163,5.163,1184
5164,5.164,1014
5165,5.165,1159
5166,5.166,1309
5167,5.167,1407
5168,5.168,1442
5169,5.169,1394
5170,5.17,1426
5171,5.171,1318
5172,5.172,1325
5173,5.173,1322
5174,5.174,1343
5175,5.175,1341
5176,5.176,1316
5177,5.177,1260
5178,5.178,1315
5179,5.179,1313
5180,5.18,1284
5181,5.181,1243
5182,5.182,1282
5183,5.183,1280
5184,5.184,1236
5185,5.185,1242
5186,5.186,1292
5187,5.187,1296
5188,5.188,1221
5189,5.189,1321
5190,5.19,1296
5191,5.191,1261
5192,5.192,1264
5193,5.193,1296
5194,5.194,1381
5195,5.195,1457
5196,5.196,1452
5197,5.197,1281
5198,5.198,1187
5199,5.199,1262
5200,5.2,1242
5201,5.201,1232
5202,5.202,1223
5203,5.203,1232
5204,5.204,1423
5205,5.205,1529
5206,5.206,1448
5207,5.207,1227
5208,5.208,1042
5209,5.209,1055
5210,5.21,1151
5211,5.211,1312
5212,5.212,1408
5213,5.213,1363
5214,5.214,1328
5215,5.215,1265
5216,5.216,1261
5217,5.217,1283
5218,5.218,1331
5219,5.219,1383
5220,5.22,1365
5221,5.221,1342
5222,5.222,1277
5223,5.223,1191
5224,5.224,1275
5225,5.225,1344
5226,5.226,1376
5227,5.227,1342
5228,5.228,1296
5229,5.229,1262
5230,5.23,1264
5231,5.231,1273
5232,5.232,1269
5233,5.233,1246
5234,5.234,1325
5235,5.235,1406
5236,5.236,1369
5237,5.237,1419
5238,5.238,1343
5239,5.239,1155
5240,5.24,1166
5241,5.241,1271
5242,5.242,1249
5243,5.243,1243
5244,5.244,1283
5245,5.245,1302
5246,5.246,1344
5247,5.247,1251
5248,5.248,1306
5249,5.249,1278
5250,5.25,1283
5251,5.251,1349
5252,5.252,1322
5253,5.253,1296
5254,5.254,1253
5255,5.255,1271
5256,5.256,1426
5257,5.257,1360
5258,5.258,1296
5259,5.259,1331
5260,5.26,1295
5261,5.261,1155
5262,5.262,1270
5263,5.263,1323
5264,5.264,1296
5265,5.265,1286
5266,5.266,1241
5267,5.267,1200
5268,5.268,1200
5269,5.269,1325
5270,5.27,1467
5271,5.271,1375
5272,5.272,1247
5273,5.273,1217
5274,5.274,1335
5275,5.275,1369
5276,5.276,1378
5277,5.277,1361
5278,5.278,1326
5279,5.279,1318
5280,5.28,1328
5281,5.281,1271
5282,5.282,1237
5283,5.283,1182
5284,5.284,1273
5285,5.285,1344
5286,5.286,1323
5287,5.287,1360
5288,5.288,1387
5289,5.289,1341
5290,5.29,1260
5291,5.291,1287
5292,5.292,1278
5293,5.293,1307
5294,5.294,1244
5295,5.295,1228
5296,5.296,1371
5297,5.297,1328
5298,5.298,1291
5299,5.299,1165
5300,5.3,1226
5301,5.301,1306
5302,5.302,1328
5303,5.303,1448
5304,5.304,1532
5305,5.305,1397
5306,5.306,1269
5307,5.307,1334
5308,5.308,1383
5309,5.309,1243
5310,5.31,1146
5311,5.311,1195
5312,5.312,1265
5313,5.313,1287
5314,5.314,1238
5315,5.315,1152
5316,5.316,1249
5317,5.317,1366
5318,5.318,1370
5319,5.319,1343
5320,5.32,1341
5321,5.321,1455
5322,5.322,1469
5323,5.323,1301
5324,5.324,1275
5325,5.325,1213
5326,5.326,1082
5327,5.327,1103
5328,5.328,1273
5329,5.329,1382
5330,5.33,1392
5331,5.331,1366
5332,5.332,1357
5333,5.333,1275
5334,5.334,1297
5335,5.335,1288
5336,5.336,1245
5337,5.337,1173
5338,5.338,1234
5339,5.339,1344
5340,5.34,1328
5341,5.341,1296
5342,5.342,1231
5343,5.343,1263
5344,5.344,1361
5345,5.345,1465
5346,5.346,1492
5347,5.347,1471
5348,5.348,1367
5349,5.349,1286
5350,5.35,1246
5351,5.351,1123
5352,5.352,1168
5353,5.353,1310
5354,5.354,1306
5355,5.355,1264
5356,5.356,1243
5357,5.357,1282
5358,5.358,1354
5359,5.359,1381
5360,5.36,1293
5361,5.361,1232
5362,5.362,1218
5363,5.363,1209
5364,5.364,1209
5365,5.365,1293
5366,5.366,1361
5367,5.367,1472
5368,5.368,1557
5369,5.369,1456
5370,5.37,1342
5371,5.371,1216
5372,5.372,1122
5373,5.373,1231
5374,5.374,1268
5375,5.375,1294
5376,5.376,1343
5377,5.377,1362
5378,5.378,1278
5379,5.379,1214
5380,5.38,1189
5381,5.381,1358
5382,5.382,1389
5383,5.383,1327
5384,5.384,1222
5385,5.385,1264
5386,5.386,1307
5387,5.387,1264
5388,5.388,1275
5389,5.389,1239
5390,5.39,1263
5391,5.391,1341
5392,5.392,1496
5393,5.393,1374
5394,5.394,1183
5395,5.395,1112
5396,5.396,1174
5397,5.397,1168
5398,5.398,1275
5399,5.399,1526
5400,5.4,1453
5401,5.401,1206
5402,5.402,1328
5403,5.403,1440
5404,5.404,1414
5405,5.405,1328
5406,5.406,1242
5407,5.407,1264
5408,5.408,1264
5409,5.409,1279
5410,5.41,1335
5411,5.411,1373
5412,5.412,1311
5413,5.413,1278
5414,5.414,1287
5415,5.415,1275
5416,5.416,1308
5417,5.417,1327
5418,5.418,1266
5419,5.419,1232
5420,5.42,1223
5421,5.421,1232
5422,5.422,1171
5423,5.423,1183
5424,5.424,1252
5425,5.425,1410
5426,5.426,1494
5427,5.427,1442
5428,5.428,1510
5429,5.429,1354
5430,5.43,1237
5431,5.431,1269
5432,5.432,1338
5433,5.433,1318
5434,5.434,1250
5435,5.435,1204
5436,5.436,1209
5437,5.437,1273
5438,5.438,1323
5439,5.439,1292
5440,5.44,1313
5441,5.441,1438
5442,5.442,1419
5443,5.443,1360
5444,5.444,1247
5445,5.445,1186
5446,5.446,1117
5447,5.447,1198
5448,5.448,1296
5449,5.449,1345
5450,5.45,1295
5451,5.451,1301
5452,5.452,1361
5453,5.453,1357
5454,5.454,1173
5455,5.455,1089
5456,5.456,1136
5457,5.457,1328
5458,5.458,1434
5459,5.459,1398
5460,5.46,1499
5461,5.461,1391
5462,5.462,1287
5463,5.463,1232
5464,5.464,1200
5465,5.465,1280
5466,5.466,1360
5467,5.467,1301
5468,5.468,1306
5469,5.469,1375
5470,5.47,1412
5471,5.471,1462
5472,5.472,1435
5473,5.473,1343
5474,5.474,1126
5475,5.475,1120
5476,5.476,1150
5477,5.477,1002
5478,5.478,1167
5479,5.479,1367
5480,5.48,1495
5481,5.481,1390
5482,5.482,1356
5483,5.483,1376
5484,5.484,1330
5485,5.485,1360
5486,5.486,1328
5487,5.487,1259
5488,5.488,1261
5489,5.489,1293
5490,5.49,1350
5491,5.491,1315
5492,5.492,1271
5493,5.493,1214
5494,5.494,1283
5495,5.495,1397
5496,5.496,1254
5497,5.497,1158
5498,5.498,1284
5499,5.499,1346
5500,5.5,1410
5501,5.501,1445
5502,5.502,1291
5503,5.503,1168
5504,5.504,1202
5505,5.505,1292
5506,5.506,1323
5507,5.507,1375
5508,5.508,1402
5509,5.509,1349
5510,5.51,1257
5511,5.511,1205
5512,5.512,1243
5513,5.513,1310
5514,5.514,1306
5515,5.515,1322
5516,5.516,1358
5517,5.517,1317
5518,5.518,1299
5519,5.519,1286
5520,5.52,1226
5521,5.521,1298
5522,5.522,1313
5523,5.523,1339
5524,5.524,1228
5525,5.525,1161
5526,5.526,1269
5527,5.527,1381
5528,5.528,1378
5529,5.529,1351
5530,5.53,1322
5531,5.531,1315
5532,5.532,1375
5533,5.533,1266
5534,5.534,1341
5535,5.535,1223
5536,5.536,1232
5537,5.537,1299
5538,5.538,1264
5539,5.539,1236
5540,5.54,1225
5541,5.541,1235
5542,5.542,1298
5543,5.543,1363
5544,5.544,1407
5545,5.545,1418
5546,5.546,1360
5547,5.547,1322
5548,5.548,1218
5549,5.549,1325
5550,5.55,1262
5551,5.551,1141
5552,5.552,1069
5553,5.553,1232
5554,5.554,1363
5555,5.555,1347
5556,5.556,1319
5557,5.557,1446
5558,5.558,1392
5559,5.559,1329
5560,5.56,1296
5561,5.561,1290
5562,5.562,1451
5563,5.563,1472
5564,5.564,1446
5565,5.565,1297
5566,5.566,970
5567,5.567,931
5568,5.568,1136
5569,5.569,1456
5570,5.57,1429
5571,5.571,1376
5572,5.572,1294
5573,5.573,1315
5574,5.574,1354
5575,5.575,1377
5576,5.576,1438
5577,5.577,1444
5578,5.578,1264
5579,5.579,1179
5580,5.58,1277
5581,5.581,1280
5582,5.582,1183
5583,5.583,1259
5584,5.584,1346
5585,5.585,1355
5586,5.586,1411
5587,5.587,1454
5588,5.588,1396
5589,5.589,1373
5590,5.59,1218
5591,5.591,1232
5592,5.592,1149
5593,5.593,1172
5594,5.594,1277
5595,5.595,1313
5596,5.596,1374
5597,5.597,1383
5598,5.598,1323
5599,5.599,1143
5600,5.6,1002
5601,5.601,1165
5602,5.602,1430
5603,5.603,1482
5604,5.604,1490
5605,5.605,1344
5606,5.606,1216
5607,5.607,1253
5608,5.608,1325
5609,5.609,1407
5610,5.61,1399
5611,5.611,1301
5612,5.612,1196
5613,5.613,1210
5614,5.614,1241
5615,5.615,1386
5616,5.616,1391
5617,5.617,1361
5618,5.618,1487
5619,5.619,1497
5620,5.62,1459
5621,5.621,1279
5622,5.622,1072
5623,5.623,1215
5624,5.624,1299
5625,5.625,1216
5626,5.626,1259
5627,5.627,1279
5628,5.628,1324
5629,5.629,1399
5630,5.63,1467
5631,5.631,1388
5632,5.632,1185
5633,5.633,967
5634,5.634,1063
5635,5.635,1205
5636,5.636,1273
5637,5.637,1445
5638,5.638,1422
5639,5.639,1367
5640,5.64,1490
5641,5.641,1593
5642,5.642,1465
5643,5.643,1318
5644,5.644,1221
5645,5.645,1185
5646,5.646,1222
5647,5.647,1327
5648,5.648,1379
5649,5.649,1392
5650,5.65,1424
5651,5.651,1424
5652,5.652,1266
5653,5.653,1023
5654,5.654,1187
5655,5.655,1231
5656,5.656,1232
5657,5.657,1309
5658,5.658,1343
5659,5.659,1356
5660,5.66,1371
5661,5.661,1360
5662,5.662,1414
5663,5.663,1395
5664,5.664,1248
5665,5.665,1204
5666,5.666,1190
5667,5.667,1217
5668,5.668,1387
5669,5.669,1236
5670,5.67,1447
5671,5.671,1558
5672,5.672,1511
5673,5.673,1345
5674,5.674,1233
5675,5.675,1236
5676,5.676,1306
5677,5.677,1392
5678,5.678,1315
5679,5.679,1293
5680,5.68,1136
5681,5.681,1125
5682,5.682,1236
5683,5.683,1343
5684,5.684,1456
5685,5.685,1465
5686,5.686,1327
5687,5.687,1230
5688,5.688,1199
5689,5.689,1177
5690,5.69,1242
5691,5.691,1249
5692,5.692,1374
5693,5.693,1467
5694,5.694,1555
5695,5.695,1471
5696,5.696,1363
5697,5.697,1315
5698,5.698,1255
5699,5.699,1168
5700,5.7,1158
5701,5.701,1246
5702,5.702,1249
5703,5.703,1277
5704,5.704,1085
5705,5.705,1317
5706,5.706,1314
5707,5.707,1208
5708,5.708,1136
5709,5.709,1163
5710,5.71,1328
5711,5.711,1328
5712,5.712,1362
5713,5.713,1351
5714,5.714,1347
5715,5.715,1579
5716,5.716,1509
5717,5.717,1351
5718,5.718,1263
5719,5.719,1130
5720,5.72,956
5721,5.721,1168
5722,5.722,1456
5723,5.723,1483
5724,5.724,1299
5725,5.725,1309
5726,5.726,1250
5727,5.727,1239
5728,5.728,1200
5729,5.729,1248
5730,5.73,1232
5731,5.731,1362
5732,5.732,1420
5733,5.733,1421
5734,5.734,1360
5735,5.735,1340
5736,5.736,1318
5737,5.737,1247
5738,5.738,1164
5739,5.739,1216
5740,5.74,1294
5741,5.741,1355
5742,5.742,1269
5743,5.743,1149
5744,5.744,1260
5745,5.745,1363
5746,5.746,1342
5747,5.747,1296
5748,5.748,1281
5749,5.749,1290
5750,5.75,1424
5751,5.751,1439
5752,5.752,1392
5753,5.753,1322
5754,5.754,1328
5755,5.755,1252
5756,5.756,1261
5757,5.757,1234
5758,5.758,1255
5759,5.759,1520
5760,5.76,1295
5761,5.761,1232
5762,5.762,1209
5763,5.763,1171
5764,5.764,1216
5765,5.765,1311
5766,5.766,1357
5767,5.767,1313
5768,5.768,1250
5769,5.769,1329
5770,5.77,1381
5771,5.771,1406
5772,5.772,1419
5773,5.773,1289
5774,5.774,1172
5775,5.775,1247
5776,5.776,1242
5777,5.777,1303
5778,5.778,1322
5779,5.779,1244
5780,5.78,1271
5781,5.781,1346
5782,5.782,1357
5783,5.783,1318
5784,5.784,1337
5785,5.785,1295
5786,5.786,1200
5787,5.787,1239
5788,5.788,1291
5789,5.789,1238
5790,5.79,1296
5791,5.791,1360
5792,5.792,1331
5793,5.793,1310
5794,5.794,1379
5795,5.795,1417
5796,5.796,1267
5797,5.797,1226
5798,5.798,1317
5799,5.799,1207
5800,5.8,1219
5801,5.801,1338
5802,5.802,1283
5803,5.803,1339
5804,5.804,1333
5805,5.805,1267
5806,5.806,1258
5807,5.807,1295
5808,5.808,1316
5809,5.809,1266
5810,5.81,1267
5811,5.811,1287
5812,5.812,1309
5813,5.813,1280
5814,5.814,1315
5815,5.815,1397
5816,5.816,1387
5817,5.817,1248
5818,5.818,1088
5819,5.819,1216
5820,5.82,1296
5821,5.821,1261
5822,5.822,1297
5823,5.823,1290
5824,5.824,1343
5825,5.825,1282
5826,5.826,1295
5827,5.827,1292
5828,5.828,1276
5829,5.829,1300
5830,5.83,1307
5831,5.831,1312
5832,5.832,1335
5833,5.833,1341
5834,5.834,1267
5835,5.835,1216
5836,5.836,1213
5837,5.837,1296
5838,5.838,1296
5839,5.839,1222
5840,5.84,1274
5841,5.841,1282
5842,5.842,1314
5843,5.843,1285
5844,5.844,1324
5845,5.845,1274
5846,5.846,1235
5847,5.847,1265
5848,5.848,1299
5849,5.849,1296
5850,5.85,1292
5851,5.851,1311
5852,5.852,1328
5853,5.853,1367
5854,5.854,1301
5855,5.855,1266
5856,5.856,1287
5857,5.857,1323
5858,5.858,1314
5859,5.859,1319
5860,5.86,1285
5861,5.861,1278
5862,5.862,1265
5863,5.863,1353
5864,5.864,1296
5865,5.865,1290
5866,5.866,1282
5867,5.867,1323
5868,5.868,1373
5869,5.869,1359
5870,5.87,1369
5871,5.871,1296
5872,5.872,1238
5873,5.873,1248
5874,5.874,1245
5875,5.875,1265
5876,5.876,1271
5877,5.877,1348
5878,5.878,1331
5879,5.879,1283
5880,5.88,1136
5881,5.881,1151
5882,5.882,1246
5883,5.883,1246
5884,5.884,1269
5885,5.885,1277
5886,5.886,1330
5887,5.887,1381
5888,5.888,1483
5889,5.889,1342
5890,5.89,1367
5891,5.891,1392
5892,5.892,1364
5893,5.893,1326
5894,5.894,1242
5895,5.895,1296
5896,5.896,1322
5897,5.897,1310
5898,5.898,1232
5899,5.899,1264
5900,5.9,1328
5901,5.901,1327
5902,5.902,1216
5903,5.903,1292
5904,5.904,1329
5905,5.905,1394
5906,5.906,1424
5907,5.907,1425
5908,5.908,1329
5909,5.909,1226
5910,5.91,1334
5911,5.911,1234
5912,5.912,1207
5913,5.913,1223
5914,5.914,1265
5915,5.915,1286
5916,5.916,1296
5917,5.917,1309
5918,5.918,1209
5919,5.919,1296
5920,5.92,1296
5921,5.921,1312
5922,5.922,1296
5923,5.923,1285
5924,5.924,1238
5925,5.925,1327
5926,5.926,1329
5927,5.927,1283
5928,5.928,1290
5929,5.929,1268
5930,5.93,1285
5931,5.931,1274
5932,5.932,1277
5933,5.933,1296
5934,5.934,1294
5935,5.935,1293
5936,5.936,1301
5937,5.937,1301
5938,5.938,1294
5939,5.939,1275
5940,5.94,1300
5941,5.941,1253
5942,5.942,1330
5943,5.943,1271
5944,5.944,1280
5945,5.945,1269
5946,5.946,1266
5947,5.947,1277
5948,5.948,1296
5949,5.949,1287
5950,5.95,1280
5951,5.951,1290
5952,5.952,1293
5953,5.953,1264
5954,5.954,1303
5955,5.955,1280
5956,5.956,1295
5957,5.957,1293
5958,5.958,1299
5959,5.959,1296
5960,5.96,1307
5961,5.961,1290
5962,5.962,1291
5963,5.963,1290
5964,5.964,1296
5965,5.965,1294
5966,5.966,1286
5967,5.967,1295
5968,5.968,1303
5969,5.969,1301
5970,5.97,1302
5971,5.971,1284
5972,5.972,1271
5973,5.973,1278
5974,5.974,1297
5975,5.975,1280
5976,5.976,1294
5977,5.977,1296
5978,5.978,1290
5979,5.979,1290
5980,5.98,1285
5981,5.981,1285
5982,5.982,1287
5983,5.983,1283
5984,5.984,1282
5985,5.985,1280
5986,5.986,1283
5987,5.987,1283
5988,5.988,1279
5989,5.989,1334
5990,5.99,1293
5991,5.991,1286
5992,5.992,1296
5993,5.993,1296
5994,5.994,1313
5995,5.995,1295
5996,5.996,1286
5997,5.997,1292
5998,5.998,1296
5999,5.999,1296
6000,6.0,1294
6001,6.001,1303
6002,6.002,1296
6003,6.003,1283
6004,6.004,1285
6005,6.005,1287
6006,6.006,1296
6007,6.007,1295
6008,6.008,1280
6009,6.009,1286
6010,6.01,1295
6011,6.011,1295
6012,6.012,1302
6013,6.013,1301
6014,6.014,1299
6015,6.015,1298
6016,6.016,1296
6017,6.017,1252
6018,6.018,1358
6019,6.019,1367
6020,6.02,1319
6021,6.021,1251
6022,6.022,1222
6023,6.023,1221
6024,6.024,1161
6025,6.025,1247
6026,6.026,1275
6027,6.027,1286
6028,6.028,1295
6029,6.029,1300
6030,6.03,1302
6031,6.031,1310
6032,6.032,1289
6033,6.033,1296
6034,6.034,1308
6035,6.035,1317
6036,6.036,1311
6037,6.037,1303
6038,6.038,1302
6039,6.039,1296
6040,6.04,1298
6041,6.041,1299
6042,6.042,1299
6043,6.043,1292
6044,6.044,1281
6045,6.045,1297
6046,6.046,1294
6047,6.047,1291
6048,6.048,1287
6049,6.049,1307
6050,6.05,1313
6051,6.051,1299
6052,6.052,1277
6053,6.053,1293
6054,6.054,1309
6055,6.055,1312
6056,6.056,1301
6057,6.057,1289
6058,6.058,1279
6059,6.059,1280
6060,6.06,1280
6061,6.061,1283
6062,6.062,1283
6063,6.063,1287
6064,6.064,1283
6065,6.065,1291
6066,6.066,1293
6067,6.067,1294
6068,6.068,1286
6069,6.069,1299
6070,6.07,1302
6071,6.071,1296
6072,6.072,1293
6073,6.073,1302
6074,6.074,1307
6075,6.075,1301
6076,6.076,1301
6077,6.077,1305
6078,6.078,1299
6079,6.079,1285
6080,6.08,1298
6081,6.081,1262
6082,6.082,1295
6083,6.083,1291
6084,6.084,1286
6085,6.085,1291
6086,6.086,1289
6087,6.087,1290
6088,6.088,1289
6089,6.089,1293
6090,6.09,1287
6091,6.091,1295
6092,6.092,1296
6093,6.093,1296
6094,6.094,1297
6095,6.095,1301
6096,6.096,1306
6097,6.097,1296
6098,6.098,1298
6099,6.099,1293
6100,6.1,1299
6101,6.101,1291
6102,6.102,1290
6103,6.103,1291
6104,6.104,1293
6105,6.105,1300
6106,6.106,1298
6107,6.107,1284
6108,6.108,1301
6109,6.109,1281
6110,6.11,1280
6111,6.111,1296
6112,6.112,1288
6113,6.113,1306
6114,6.114,1311
6115,6.115,1308
6116,6.116,1311
6117,6.117,1329
6118,6.118,1326
6119,6.119,1303
6120,6.12,1291
6121,6.121,1274
6122,6.122,1251
6123,6.123,1232
6124,6.124,1235
6125,6.125,1266
6126,6.126,1287
6127,6.127,1286
6128,6.128,1308
6129,6.129,1307
6130,6.13,1296
6131,6.131,1295
6132,6.132,1290
6133,6.133,1313
6134,6.134,1315
6135,6.135,1299
6136,6.136,1301
6137,6.137,1301
6138,6.138,1305
6139,6.139,1298
6140,6.14,1274
6141,6.141,1291
6142,6.142,1280
6143,6.143,1285
6144,6.144,1277
6145,6.145,1291
6146,6.146,1297
6147,6.147,1296
6148,6.148,1291
6149,6.149,1301
6150,6.15,1298
6151,6.151,1283
6152,6.152,1296
6153,6.153,1286
6154,6.154,1301
6155,6.155,1296
6156,6.156,1295
6157,6.157,1296
6158,6.158,1296
6159,6.159,1286
6160,6.16,1307
6161,6.161,1285
6162,6.162,1312
6163,6.163,1258
6164,6.164,1325
6165,6.165,1299
6166,6.166,1296
6167,6.167,1296
6168,6.168,1295
6169,6.169,1296
6170,6.17,1299
6171,6.171,1291
6172,6.172,1296
6173,6.173,1307
6174,6.174,1296
6175,6.175,1291
6176,6.176,1299
6177,6.177,1296
6178,6.178,1291
6179,6.179,1295
6180,6.18,1295
6181,6.181,1286
6182,6.182,1315
6183,6.183,1280
6184,6.184,1285
6185,6.185,1292
6186,6.186,1301
6187,6.187,1297
6188,6.188,1286
6189,6.189,1299
6190,6.19,1277
6191,6.191,1293
6192,6.192,1300
6193,6.193,1296
6194,6.194,1302
6195,6.195,1299
6196,6.196,1277
6197,6.197,1303
6198,6.198,1297
6199,6.199,1308
6200,6.2,1296
6201,6.201,1294
6202,6.202,1296
6203,6.203,1291
6204,6.204,1273
6205,6.205,1296
6206,6.206,1311
6207,6.207,1294
6208,6.208,1290
6209,6.209,1296
6210,6.21,1296
6211,6.211,1281
6212,6.212,1305
6213,6.213,1301
6214,6.214,1303
6215,6.215,1299
6216,6.216,1296
6217,6.217,1296
6218,6.218,1303
6219,6.219,1300
6220,6.22,1296
6221,6.221,1308
6222,6.222,1281
6223,6.223,1296
6224,6.224,1296
6225,6.225,1296
6226,6.226,1294
6227,6.227,1290
6228,6.228,1291
6229,6.229,1301
6230,6.23,1319
6231,6.231,1325
6232,6.232,1301
6233,6.233,1255
6234,6.234,1296
6235,6.235,1293
6236,6.236,1296
6237,6.237,1286
6238,6.238,1280
6239,6.239,1282
6240,6.24,1297
6241,6.241,1296
6242,6.242,1307
6243,6.243,1291
6244,6.244,1296
6245,6.245,1297
6246,6.246,1295
6247,6.247,1297
6248,6.248,1299
6249,6.249,1299
6250,6.25,1297
6251,6.251,1291
6252,6.252,1305
6253,6.253,1291
6254,6.254,1296
6255,6.255,1298
6256,6.256,1293
6257,6.257,1296
6258,6.258,1297
6259,6.259,1296
6260,6.26,1295
6261,6.261,1328
6262,6.262,1295
6263,6.263,1289
6264,6.264,1281
6265,6.265,1293
6266,6.266,1309
6267,6.267,1302
6268,6.268,1296
6269,6.269,1295
6270,6.27,1490
6271,6.271,1320
6272,6.272,1307
6273,6.273,1301
6274,6.274,1289
6275,6.275,1299
6276,6.276,1296
6277,6.277,1297
6278,6.278,1306
6279,6.279,1300
6280,6.28,1303
6281,6.281,1296
6282,6.282,1326
6283,6.283,1290
6284,6.284,1291
6285,6.285,1287
6286,6.286,1306
6287,6.287,1296
6288,6.288,1259
6289,6.289,1299
6290,6.29,1292
6291,6.291,1293
6292,6.292,1296
6293,6.293,1296
6294,6.294,1307
6295,6.295,1306
6296,6.296,1296
6297,6.297,1296
6298,6.298,1295
6299,6.299,1294
6300,6.3,1301
6301,6.301,1298
6302,6.302,1295
6303,6.303,1290
6304,6.304,1222
6305,6.305,1303
6306,6.306,1296
6307,6.307,1295
6308,6.308,1298
6309,6.309,1295
6310,6.31,1297
6311,6.311,1248
6312,6.312,1296
6313,6.313,1296
6314,6.314,1301
6315,6.315,1274
6316,6.316,1295
6317,6.317,1295
6318,6.318,1301
6319,6.319,1310
6320,6.32,1303
6321,6.321,1289
6322,6.322,1296
6323,6.323,1298
6324,6.324,1294
6325,6.325,1293
6326,6.326,1295
6327,6.327,1296
6328,6.328,1291
6329,6.329,1289
6330,6.33,1296
6331,6.331,1292
6332,6.332,1296
6333,6.333,1307
6334,6.334,1301
6335,6.335,1299
6336,6.336,1294
6337,6.337,1296
6338,6.338,1303
6339,6.339,1283
6340,6.34,1295
6341,6.341,1301
6342,6.342,1298
6343,6.343,1240
6344,6.344,1286
6345,6.345,1296
6346,6.346,1295
6347,6.347,1295
6348,6.348,1287
6349,6.349,1295
6350,6.35,1296
6351,6.351,1290
6352,6.352,1303
6353,6.353,1297
6354,6.354,1311
6355,6.355,1306
6356,6.356,1300
6357,6.357,1299
6358,6.358,1302
6359,6.359,1300
6360,6.36,1305
6361,6.361,1305
6362,6.362,1296
6363,6.363,1296
6364,6.364,1294
6365,6.365,1296
6366,6.366,1295
6367,6.367,1293
6368,6.368,1298
6369,6.369,1287
6370,6.37,1299
6371,6.371,1299
6372,6.372,1295
6373,6.373,1357
6374,6.374,1301
6375,6.375,1266
6376,6.376,1291
6377,6.377,1293
6378,6.378,1296
6379,6.379,1295
6380,6.38,1305
6381,6.381,1293
6382,6.382,1296
6383,6.383,1294
6384,6.384,1294
6385,6.385,1296
6386,6.386,1297
6387,6.387,1294
6388,6.388,1295
6389,6.389,1294
6390,6.39,1297
6391,6.391,1297
6392,6.392,1297
6393,6.393,1322
6394,6.394,1297
6395,6.395,1300
6396,6.396,1297
6397,6.397,1291
6398,6.398,1290
6399,6.399,1293
6400,6.4,1298
6401,6.401,1300
6402,6.402,1291
6403,6.403,1210
6404,6.404,1301
6405,6.405,1296
6406,6.406,1303
6407,6.407,1296
6408,6.408,1295
6409,6.409,1313
6410,6.41,1296
6411,6.411,1296
6412,6.412,1310
6413,6.413,1282
6414,6.414,1301
6415,6.415,1296
6416,6.416,1301
6417,6.417,1299
6418,6.418,1296
6419,6.419,1295
6420,6.42,1315
6421,6.421,1311
6422,6.422,1295
6423,6.423,1311
6424,6.424,1307
6425,6.425,1311
6426,6.426,1297
6427,6.427,1275
6428,6.428,1296
6429,6.429,1297
6430,6.43,1295
6431,6.431,1297
6432,6.432,1296
6433,6.433,1300
6434,6.434,1306
6435,6.435,1297
6436,6.436,1297
6437,6.437,1298
6438,6.438,1298
6439,6.439,1347
6440,6.44,1299
6441,6.441,1296
6442,6.442,1375
6443,6.443,1293
6444,6.444,1295
6445,6.445,1287
6446,6.446,1296
6447,6.447,1293
6448,6.448,1301
6449,6.449,1296
6450,6.45,1296
6451,6.451,1296
6452,6.452,1293
6453,6.453,1296
6454,6.454,1303
6455,6.455,1320
6456,6.456,1298
6457,6.457,1296
6458,6.458,1303
6459,6.459,1285
6460,6.46,1290
6461,6.461,1307
6462,6.462,1297
6463,6.463,1282
6464,6.464,1296
6465,6.465,1275
6466,6.466,1310
6467,6.467,1328
6468,6.468,1305
6469,6.469,1296
6470,6.47,1300
6471,6.471,1295
6472,6.472,1297
6473,6.473,1301
6474,6.474,1213
6475,6.475,1346
6476,6.476,1244
6477,6.477,1293
6478,6.478,1298
6479,6.479,1296
6480,6.48,1300
6481,6.481,1306
6482,6.482,1296
6483,6.483,1296
6484,6.484,1304
6485,6.485,1302
6486,6.486,1296
6487,6.487,1303
6488,6.488,1305
6489,6.489,1294
6490,6.49,1258
6491,6.491,1302
6492,6.492,1314
6493,6.493,1296
6494,6.494,1299
6495,6.495,1299
6496,6.496,1297
6497,6.497,1291
6498,6.498,1296
6499,6.499,1323
6500,6.5,1302
6501,6.501,1296
6502,6.502,1307
6503,6.503,1285
6504,6.504,1291
6505,6.505,1296
6506,6.506,1296
6507,6.507,1295
6508,6.508,1301
6509,6.509,1301
6510,6.51,1301
6511,6.511,1312
6512,6.512,1313
6513,6.513,1303
6514,6.514,1279
6515,6.515,1296
6516,6.516,1291
6517,6.517,1299
6518,6.518,1292
6519,6.519,1283
6520,6.52,1306
6521,6.521,1296
6522,6.522,1297
6523,6.523,1286
6524,6.524,1301
6525,6.525,1293
6526,6.526,1296
6527,6.527,1287
6528,6.528,1296
6529,6.529,1297
6530,6.53,1290
6531,6.531,1300
6532,6.532,1303
6533,6.533,1295
6534,6.534,1296
6535,6.535,1387
6536,6.536,1296
6537,6.537,1296
6538,6.538,1287
6539,6.539,1302
6540,6.54,1293
6541,6.541,1287
6542,6.542,1293
6543,6.543,1297
6544,6.544,1169
6545,6.545,1294
6546,6.546,1298
6547,6.547,1288
6548,6.548,1296
6549,6.549,1291
6550,6.55,1296
6551,6.551,1325
6552,6.552,1291
6553,6.553,1296
6554,6.554,1303
6555,6.555,1293
6556,6.556,1303
6557,6.557,1294
6558,6.558,1295
6559,6.559,1272
6560,6.56,1306
6561,6.561,1300
6562,6.562,1307
6563,6.563,1308
6564,6.564,1303
6565,6.565,1309
6566,6.566,1344
6567,6.567,1307
6568,6.568,1328
6569,6.569,1293
6570,6.57,1295
6571,6.571,1299
6572,6.572,1294
6573,6.573,1301
6574,6.574,1331
6575,6.575,1296
6576,6.576,1296
6577,6.577,1296
6578,6.578,1290
6579,6.579,1296
6580,6.58,1296
6581,6.581,1296
6582,6.582,1307
6583,6.583,1295
6584,6.584,1306
6585,6.585,1296
6586,6.586,1301
6587,6.587,1281
6588,6.588,1293
6589,6.589,1302
6590,6.59,1302
6591,6.591,1294
6592,6.592,1287
6593,6.593,1306
6594,6.594,1296
6595,6.595,1291
6596,6.596,1299
6597,6.597,1306
6598,6.598,1296
6599,6.599,1309
6600,6.6,1290
6601,6.601,1291
6602,6.602,1291
6603,6.603,1290
6604,6.604,1303
6605,6.605,1318
6606,6.606,1297
6607,6.607,1304
6608,6.608,1301
6609,6.609,1314
6610,6.61,1294
6611,6.611,1298
6612,6.612,1296
6613,6.613,1313
6614,6.614,1296
6615,6.615,1308
6616,6.616,1301
6617,6.617,1297
6618,6.618,1250
6619,6.619,1291
6620,6.62,1294
6621,6.621,1294
6622,6.622,1292
6623,6.623,1280
6624,6.624,1294
6625,6.625,1298
6626,6.626,1312
6627,6.627,1302
6628,6.628,1291
6629,6.629,1287
6630,6.63,1300
6631,6.631,1307
6632,6.632,1307
6633,6.633,1296
6634,6.634,1301
6635,6.635,1295
6636,6.636,1287
6637,6.637,1296
6638,6.638,1310
6639,6.639,1295
6640,6.64,1297
6641,6.641,1296
6642,6.642,1285
6643,6.643,1285
6644,6.644,1296
6645,6.645,1312
6646,6.646,1302
6647,6.647,1291
6648,6.648,1296
6649,6.649,1293
6650,6.65,1297
6651,6.651,1295
6652,6.652,1302
6653,6.653,1295
6654,6.654,1302
6655,6.655,1290
6656,6.656,1253
6657,6.657,1296
6658,6.658,1293
6659,6.659,1293
6660,6.66,1291
6661,6.661,1299
6662,6.662,1299
6663,6.663,1287
6664,6.664,1296
6665,6.665,1295
6666,6.666,1297
6667,6.667,1296
6668,6.668,1301
6669,6.669,1295
6670,6.67,1296
6671,6.671,1301
6672,6.672,1301
6673,6.673,1302
6674,6.674,1299
6675,6.675,1293
6676,6.676,1296
6677,6.677,1296
6678,6.678,1293
6679,6.679,1294
6680,6.68,1292
6681,6.681,1292
6682,6.682,1298
6683,6.683,1275
6684,6.684,1301
6685,6.685,1306
6686,6.686,1301
6687,6.687,1299
6688,6.688,1295
6689,6.689,1302
6690,6.69,1298
6691,6.691,1296
6692,6.692,1302
6693,6.693,1303
6694,6.694,1309
6695,6.695,1296
6696,6.696,1299
6697,6.697,1302
6698,6.698,1311
6699,6.699,1297
6700,6.7,1293
6701,6.701,1295
6702,6.702,1287
6703,6.703,1299
6704,6.704,1293
6705,6.705,1296
6706,6.706,1296
6707,6.707,1239
6708,6.708,1232
6709,6.709,1295
6710,6.71,1297
6711,6.711,1296
6712,6.712,1295
6713,6.713,1303
6714,6.714,1295
6715,6.715,1294
6716,6.716,1303
6717,6.717,1307
6718,6.718,1303
6719,6.719,1297
6720,6.72,1311
6721,6.721,1296
6722,6.722,1291
6723,6.723,1296
6724,6.724,1296
6725,6.725,1296
6726,6.726,1296
6727,6.727,1299
6728,6.728,1298
6729,6.729,1295
6730,6.73,1300
6731,6.731,1309
6732,6.732,1270
6733,6.733,1302
6734,6.734,1298
6735,6.735,1298
6736,6.736,1298
6737,6.737,1296
6738,6.738,1296
6739,6.739,1286
6740,6.74,1295
6741,6.741,1289
6742,6.742,1296
6743,6.743,1286
6744,6.744,1297
6745,6.745,1291
6746,6.746,1289
6747,6.747,1264
6748,6.748,1291
6749,6.749,1318
6750,6.75,1302
6751,6.751,1302
6752,6.752,1318
6753,6.753,1296
6754,6.754,1296
6755,6.755,1296
6756,6.756,1296
6757,6.757,1301
6758,6.758,1290
6759,6.759,1293
6760,6.76,1295
6761,6.761,1299
6762,6.762,1296
6763,6.763,1261
6764,6.764,1291
6765,6.765,1297
6766,6.766,1264
6767,6.767,1292
6768,6.768,1299
6769,6.769,1296
6770,6.77,1315
6771,6.771,1279
6772,6.772,1316
6773,6.773,1295
6774,6.774,1285
6775,6.775,1280
6776,6.776,1291
6777,6.777,1311
6778,6.778,1295
6779,6.779,1310
6780,6.78,1298
6781,6.781,1298
6782,6.782,1301
6783,6.783,1310
6784,6.784,1301
6785,6.785,1296
6786,6.786,1297
6787,6.787,1291
6788,6.788,1296
6789,6.789,1298
6790,6.79,1299
6791,6.791,1311
6792,6.792,1295
6793,6.793,1297
6794,6.794,1296
6795,6.795,1296
6796,6.796,1305
6797,6.797,1283
6798,6.798,1294
6799,6.799,1286
6800,6.8,1343
6801,6.801,1298
6802,6.802,1296
6803,6.803,1296
6804,6.804,1299
6805,6.805,1290
6806,6.806,1300
6807,6.807,1296
6808,6.808,1291
6809,6.809,1296
6810,6.81,1294
6811,6.811,1296
6812,6.812,1296
6813,6.813,1301
6814,6.814,1303
6815,6.815,1217
6816,6.816,1297
6817,6.817,1302
6818,6.818,1299
6819,6.819,1297
6820,6.82,1296
6821,6.821,1291
6822,6.822,1298
6823,6.823,1296
6824,6.824,1293
6825,6.825,1305
6826,6.826,1296
6827,6.827,1299
6828,6.828,1296
6829,6.829,1296
6830,6.83,1298
6831,6.831,1290
6832,6.832,1303
6833,6.833,1302
6834,6.834,1280
6835,6.835,1307
6836,6.836,1296
6837,6.837,1297
6838,6.838,1296
6839,6.839,1296
6840,6.84,1295
6841,6.841,1286
6842,6.842,1292
6843,6.843,1291
6844,6.844,1295
6845,6.845,1296
6846,6.846,1296
6847,6.847,1287
6848,6.848,1254
6849,6.849,1280
6850,6.85,1298
6851,6.851,1300
6852,6.852,1293
6853,6.853,1290
6854,6.854,1297
6855,6.855,1299
6856,6.856,1295
6857,6.857,1291
6858,6.858,1301
6859,6.859,1303
6860,6.86,1301
6861,6.861,1279
6862,6.862,1303
6863,6.863,1411
6864,6.864,1295
6865,6.865,1326
6866,6.866,1298
6867,6.867,1298
6868,6.868,1296
6869,6.869,1299
6870,6.87,1296
6871,6.871,1297
6872,6.872,1300
6873,6.873,1295
6874,6.874,1296
6875,6.875,1287
6876,6.876,1292
6877,6.877,1298
6878,6.878,1297
6879,6.879,1331
6880,6.88,1285
6881,6.881,1298
6882,6.882,1300
6883,6.883,1291
6884,6.884,1292
6885,6.885,1290
6886,6.886,1293
6887,6.887,1295
6888,6.888,1295
6889,6.889,1295
6890,6.89,1296
6891,6.891,1310
6892,6.892,1296
6893,6.893,1301
6894,6.894,1299
6895,6.895,1301
6896,6.896,1301
6897,6.897,1296
6898,6.898,1296
6899,6.899,1323
6900,6.9,1296
6901,6.901,1306
6902,6.902,1291
6903,6.903,1296
6904,6.904,1283
6905,6.905,1296
6906,6.906,1293
6907,6.907,1299
6908,6.908,1293
6909,6.909,1303
6910,6.91,1299
6911,6.911,1297
6912,6.912,1292
6913,6.913,1295
6914,6.914,1296
6915,6.915,1297
6916,6.916,1306
6917,6.917,1307
6918,6.918,1297
6919,6.919,1299
6920,6.92,1296
6921,6.921,1296
6922,6.922,1296
6923,6.923,1294
6924,6.924,1283
6925,6.925,1293
6926,6.926,1297
6927,6.927,1311
6928,6.928,1296
6929,6.929,1295
6930,6.93,1296
6931,6.931,1310
6932,6.932,1300
6933,6.933,1298
6934,6.934,1303
6935,6.935,1296
6936,6.936,1306
6937,6.937,1305
6938,6.938,1296
6939,6.939,1296
6940,6.94,1301
6941,6.941,1296
6942,6.942,1291
6943,6.943,1305
6944,6.944,1296
6945,6.945,1291
6946,6.946,1303
6947,6.947,1296
6948,6.948,1297
6949,6.949,1303
6950,6.95,1355
6951,6.951,1294
6952,6.952,1294
6953,6.953,1306
6954,6.954,1299
6955,6.955,1349
6956,6.956,1296
6957,6.957,1296
6958,6.958,1243
6959,6.959,1299
6960,6.96,1299
6961,6.961,1297
6962,6.962,1296
6963,6.963,1296
6964,6.964,1311
6965,6.965,1295
6966,6.966,1297
6967,6.967,1291
6968,6.968,1296
6969,6.969,1295
6970,6.97,1296
6971,6.971,1296
6972,6.972,1297
6973,6.973,1299
6974,6.974,1292
6975,6.975,1302
6976,6.976,1296
6977,6.977,1296
6978,6.978,1295
6979,6.979,1296
6980,6.98,1297
6981,6.981,1297
6982,6.982,1307
6983,6.983,1296
6984,6.984,1289
6985,6.985,1298
6986,6.986,1296
6987,6.987,1297
6988,6.988,1293
6989,6.989,1293
6990,6.99,1236
6991,6.991,1298
6992,6.992,1299
6993,6.993,1296
6994,6.994,1220
6995,6.995,1297
6996,6.996,1299
6997,6.997,1231
6998,6.998,1307
6999,6.999,1296
7000,7.0,1295
7001,7.001,1259
7002,7.002,1312
7003,7.003,1302
7004,7.004,1296
7005,7.005,1296
7006,7.006,1296
7007,7.007,1311
7008,7.008,1293
7009,7.009,1296
7010,7.01,1296
7011,7.011,1287
7012,7.012,1294
7013,7.013,1296
7014,7.014,1296
7015,7.015,1289
7016,7.016,1298
7017,7.017,1295
7018,7.018,1297
7019,7.019,1299
7020,7.02,1296
7021,7.021,1298
7022,7.022,1303
7023,7.023,1289
7024,7.024,1295
7025,7.025,1291
7026,7.026,1294
7027,7.027,1273
7028,7.028,1298
7029,7.029,1300
7030,7.03,1303
7031,7.031,1305
7032,7.032,1296
7033,7.033,1296
7034,7.034,1301
7035,7.035,1301
7036,7.036,1299
7037,7.037,1313
7038,7.038,1298
7039,7.039,1279
7040,7.04,1298
7041,7.041,1296
7042,7.042,1291
7043,7.043,1317
7044,7.044,1296
7045,7.045,1296
7046,7.046,1296
7047,7.047,1297
7048,7.048,1302
7049,7.049,1297
7050,7.05,1296
7051,7.051,1291
7052,7.052,1300
7053,7.053,1303
7054,7.054,1296
7055,7.055,1297
7056,7.056,1299
7057,7.057,1311
7058,7.058,1298
7059,7.059,1295
7060,7.06,1294
7061,7.061,1296
7062,7.062,1298
7063,7.063,1296
7064,7.064,1245
7065,7.065,1295
7066,7.066,1303
7067,7.067,1289
7068,7.068,1301
7069,7.069,1293
7070,7.07,1297
7071,7.071,1292
7072,7.072,1295
7073,7.073,1299
7074,7.074,1295
7075,7.075,1301
7076,7.076,1303
7077,7.077,1298
7078,7.078,1296
7079,7.079,1301
7080,7.08,1296
7081,7.081,1295
7082,7.082,1232
7083,7.083,1290
7084,7.084,1296
7085,7.085,1309
7086,7.086,1308
7087,7.087,1280
7088,7.088,1294
7089,7.089,1293
7090,7.09,1294
7091,7.091,1299
7092,7.092,1297
7093,7.093,1296
7094,7.094,1334
7095,7.095,1296
7096,7.096,1290
7097,7.097,1299
7098,7.098,1305
7099,7.099,1310
7100,7.1,1306
7101,7.101,1297
7102,7.102,1296
7103,7.103,1293
7104,7.104,1299
7105,7.105,1312
7106,7.106,1299
7107,7.107,1303
7108,7.108,1295
7109,7.109,1302
7110,7.11,1293
7111,7.111,1301
7112,7.112,1301
7113,7.113,1296
7114,7.114,1299
7115,7.115,1298
7116,7.116,1312
7117,7.117,1310
7118,7.118,1309
7119,7.119,1297
7120,7.12,1296
7121,7.121,1301
7122,7.122,1279
7123,7.123,1293
7124,7.124,1289
7125,7.125,1290
7126,7.126,1295
7127,7.127,1296
7128,7.128,1292
7129,7.129,1303
7130,7.13,1306
7131,7.131,1292
7132,7.132,1296
7133,7.133,1297
7134,7.134,1299
7135,7.135,1302
7136,7.136,1153
7137,7.137,1291
7138,7.138,1323
7139,7.139,1295
7140,7.14,1289
7141,7.141,1285
7142,7.142,1298
7143,7.143,1293
7144,7.144,1306
7145,7.145,1293
7146,7.146,1296
7147,7.147,1200
7148,7.148,1296
7149,7.149,1297
7150,7.15,1296
7151,7.151,1307
7152,7.152,1302
7153,7.153,1297
7154,7.154,1299
7155,7.155,1307
7156,7.156,1299
7157,7.157,1296
7158,7.158,1296
7159,7.159,1290
7160,7.16,1296
7161,7.161,1307
7162,7.162,1311
7163,7.163,1295
7164,7.164,1274
7165,7.165,1312
7166,7.166,1259
7167,7.167,1295
7168,7.168,1294
7169,7.169,1296
7170,7.17,1297
7171,7.171,1296
7172,7.172,1296
7173,7.173,1201
7174,7.174,1304
7175,7.175,1303
7176,7.176,1297
7177,7.177,1296
7178,7.178,1296
7179,7.179,1300
7180,7.18,1291
7181,7.181,1298
7182,7.182,1312
7183,7.183,1286
7184,7.184,1303
7185,7.185,1296
7186,7.186,1301
7187,7.187,1296
7188,7.188,1294
7189,7.189,1297
7190,7.19,1296
7191,7.191,1305
7192,7.192,1294
7193,7.193,1285
7194,7.194,1303
7195,7.195,1307
7196,7.196,1292
7197,7.197,1301
7198,7.198,1305
7199,7.199,1302
7200,7.2,1296
7201,7.201,1298
7202,7.202,1419
7203,7.203,1347
7204,7.204,1296
7205,7.205,1414
7206,7.206,1296
7207,7.207,1296
7208,7.208,1294
7209,7.209,1298
7210,7.21,1296
7211,7.211,1297
7212,7.212,1296
7213,7.213,1291
7214,7.214,1321
7215,7.215,1309
7216,7.216,1253
7217,7.217,1301
7218,7.218,1298
7219,7.219,1296
7220,7.22,1296
7221,7.221,1296
7222,7.222,1297
7223,7.223,1283
7224,7.224,1294
7225,7.225,1299
7226,7.226,1296
7227,7.227,1297
7228,7.228,1290
7229,7.229,1351
7230,7.23,1301
7231,7.231,1303
7232,7.232,1299
7233,7.233,1311
7234,7.234,1303
7235,7.235,1299
7236,7.236,1301
7237,7.237,1296
7238,7.238,1287
7239,7.239,1296
7240,7.24,1296
7241,7.241,1296
7242,7.242,1291
7243,7.243,1312
7244,7.244,1297
7245,7.245,1305
7246,7.246,1298
7247,7.247,1296
7248,7.248,1297
7249,7.249,1289
7250,7.25,1302
7251,7.251,1302
7252,7.252,1297
7253,7.253,1301
7254,7.254,1388
7255,7.255,1302
7256,7.256,1297
7257,7.257,1299
7258,7.258,1280
7259,7.259,1324
7260,7.26,1297
7261,7.261,1298
7262,7.262,1298
7263,7.263,1296
7264,7.264,1294
7265,7.265,1293
7266,7.266,1295
7267,7.267,1301
7268,7.268,1303
7269,7.269,1210
7270,7.27,1303
7271,7.271,1295
7272,7.272,1308
7273,7.273,1275
7274,7.274,1300
7275,7.275,1297
7276,7.276,1326
7277,7.277,1298
7278,7.278,1309
7279,7.279,1291
7280,7.28,1318
7281,7.281,1296
7282,7.282,1295
7283,7.283,1296
7284,7.284,1297
7285,7.285,1297
7286,7.286,1299
7287,7.287,1297
7288,7.288,1303
7289,7.289,1333
7290,7.29,1296
7291,7.291,1296
7292,7.292,1312
7293,7.293,1296
7294,7.294,1306
7295,7.295,1276
7296,7.296,1301
7297,7.297,1287
7298,7.298,1299
7299,7.299,1307
7300,7.3,1295
7301,7.301,1296
7302,7.302,1263
7303,7.303,1215
7304,7.304,1291
7305,7.305,1291
7306,7.306,1300
7307,7.307,1298
7308,7.308,1296
7309,7.309,1300
7310,7.31,1294
7311,7.311,1301
7312,7.312,1301
7313,7.313,1303
7314,7.314,1307
7315,7.315,1301
7316,7.316,1309
7317,7.317,1298
7318,7.318,1273
7319,7.319,1285
7320,7.32,1295
7321,7.321,1300
7322,7.322,1313
7323,7.323,1299
7324,7.324,1287
7325,7.325,1281
7326,7.326,1296
7327,7.327,1303
7328,7.328,1307
7329,7.329,1287
7330,7.33,1301
7331,7.331,1295
7332,7.332,1319
7333,7.333,1309
7334,7.334,1298
7335,7.335,1310
7336,7.336,1298
7337,7.337,1296
7338,7.338,1298
7339,7.339,1300
7340,7.34,1301
7341,7.341,1305
7342,7.342,1296
7343,7.343,1291
7344,7.344,1290
7345,7.345,1398
7346,7.346,1299
7347,7.347,1294
7348,7.348,1296
7349,7.349,1293
7350,7.35,1296
7351,7.351,1326
7352,7.352,1299
7353,7.353,1297
7354,7.354,1296
7355,7.355,1296
7356,7.356,1305
7357,7.357,1298
7358,7.358,1296
7359,7.359,1299
7360,7.36,1297
7361,7.361,1296
7362,7.362,1282
7363,7.363,1291
7364,7.364,1289
7365,7.365,1296
7366,7.366,1296
7367,7.367,1296
7368,7.368,1297
7369,7.369,1293
7370,7.37,1294
7371,7.371,1300
7372,7.372,1285
7373,7.373,1295
7374,7.374,1295
7375,7.375,1309
7376,7.376,1276
7377,7.377,1297
7378,7.378,1305
7379,7.379,1296
7380,7.38,1297
7381,7.381,1296
7382,7.382,1302
7383,7.383,1296
7384,7.384,1295
7385,7.385,1297
7386,7.386,1301
7387,7.387,1296
7388,7.388,1299
7389,7.389,1259
7390,7.39,1306
7391,7.391,1303
7392,7.392,1297
7393,7.393,1311
7394,7.394,1297
7395,7.395,1315
7396,7.396,1281
7397,7.397,1296
7398,7.398,1299
7399,7.399,1291
7400,7.4,1298
7401,7.401,1249
7402,7.402,1296
7403,7.403,1296
7404,7.404,1301
7405,7.405,1296
7406,7.406,1299
7407,7.407,1296
7408,7.408,1297
7409,7.409,1298
7410,7.41,1297
7411,7.411,1304
7412,7.412,1296
7413,7.413,1284
7414,7.414,1302
7415,7.415,1314
7416,7.416,1296
7417,7.417,1298
7418,7.418,1299
7419,7.419,1301
7420,7.42,1303
7421,7.421,1296
7422,7.422,1299
7423,7.423,1307
7424,7.424,1257
7425,7.425,1319
7426,7.426,1300
7427,7.427,1296
7428,7.428,1295
7429,7.429,1303
7430,7.43,1306
7431,7.431,1304
7432,7.432,1302
7433,7.433,1302
7434,7.434,1295
7435,7.435,1299
7436,7.436,1299
7437,7.437,1294
7438,7.438,1302
7439,7.439,1297
7440,7.44,1291
7441,7.441,1298
7442,7.442,1301
7443,7.443,1295
7444,7.444,1293
7445,7.445,1294
7446,7.446,1322
7447,7.447,1296
7448,7.448,1295
7449,7.449,1298
7450,7.45,1295
7451,7.451,1298
7452,7.452,1298
7453,7.453,1300
7454,7.454,1299
7455,7.455,1302
7456,7.456,1306
7457,7.457,1299
7458,7.458,1300
7459,7.459,1297
7460,7.46,1302
7461,7.461,1301
7462,7.462,1296
7463,7.463,1296
7464,7.464,1296
7465,7.465,1296
7466,7.466,1287
7467,7.467,1297
7468,7.468,1292
7469,7.469,1296
7470,7.47,1296
7471,7.471,1306
7472,7.472,1306
7473,7.473,1299
7474,7.474,1299
7475,7.475,1308
7476,7.476,1297
7477,7.477,1292
7478,7.478,1293
7479,7.479,1301
7480,7.48,1297
7481,7.481,1295
7482,7.482,1303
7483,7.483,1292
7484,7.484,1296
7485,7.485,1287
7486,7.486,1296
7487,7.487,1297
7488,7.488,1296
7489,7.489,1282
7490,7.49,1283
7491,7.491,1310
7492,7.492,1271
7493,7.493,1291
7494,7.494,1291
7495,7.495,1307
7496,7.496,1308
7497,7.497,1306
7498,7.498,1303
7499,7.499,1294
7500,7.5,1307
7501,7.501,1301
7502,7.502,1291
7503,7.503,1296
7504,7.504,1283
7505,7.505,1294
7506,7.506,1296
7507,7.507,1293
7508,7.508,1296
7509,7.509,1295
7510,7.51,1301
7511,7.511,1298
7512,7.512,1298
7513,7.513,1293
7514,7.514,1301
7515,7.515,1296
7516,7.516,1287
7517,7.517,1302
7518,7.518,1296
7519,7.519,1299
7520,7.52,1296
7521,7.521,1294
7522,7.522,1298
7523,7.523,1296
7524,7.524,1301
7525,7.525,1300
7526,7.526,1303
7527,7.527,1287
7528,7.528,1296
7529,7.529,1293
7530,7.53,1297
7531,7.531,1297
7532,7.532,1293
7533,7.533,1297
7534,7.534,1303
7535,7.535,1342
7536,7.536,1295
7537,7.537,1299
7538,7.538,1296
7539,7.539,1296
7540,7.54,1274
7541,7.541,1297
7542,7.542,1298
7543,7.543,1294
7544,7.544,1290
7545,7.545,1291
7546,7.546,1292
7547,7.547,1285
7548,7.548,1293
7549,7.549,1293
7550,7.55,1292
7551,7.551,1291
7552,7.552,1296
7553,7.553,1295
7554,7.554,1303
7555,7.555,1301
7556,7.556,1287
7557,7.557,1299
7558,7.558,1302
7559,7.559,1296
7560,7.56,1295
7561,7.561,1291
7562,7.562,1294
7563,7.563,1296
7564,7.564,1344
7565,7.565,1302
7566,7.566,1295
7567,7.567,1291
7568,7.568,1292
7569,7.569,1296
7570,7.57,1296
7571,7.571,1298
7572,7.572,1295
7573,7.573,1295
7574,7.574,1290
7575,7.575,1296
7576,7.576,1294
7577,7.577,1296
7578,7.578,1301
7579,7.579,1296
7580,7.58,1314
7581,7.581,1300
7582,7.582,1297
7583,7.583,1305
7584,7.584,1294
7585,7.585,1289
7586,7.586,1296
7587,7.587,1295
7588,7.588,1290
7589,7.589,1301
7590,7.59,1306
7591,7.591,1294
7592,7.592,1302
7593,7.593,1304
7594,7.594,1286
7595,7.595,1391
7596,7.596,1301
7597,7.597,1296
7598,7.598,1297
7599,7.599,1296
7600,7.6,1297
7601,7.601,1300
7602,7.602,1305
7603,7.603,1296
7604,7.604,1296
7605,7.605,1296
7606,7.606,1299
7607,7.607,1299
7608,7.608,1295
7609,7.609,1236
7610,7.61,1301
7611,7.611,1285
7612,7.612,1294
7613,7.613,1291
7614,7.614,1296
7615,7.615,1296
7616,7.616,1293
7617,7.617,1300
7618,7.618,1301
7619,7.619,1296
7620,7.62,1296
7621,7.621,1296
7622,7.622,1293
7623,7.623,1295
7624,7.624,1274
7625,7.625,1295
7626,7.626,1284
7627,7.627,1291
7628,7.628,1355
7629,7.629,1281
7630,7.63,1301
7631,7.631,1287
7632,7.632,1296
7633,7.633,1295
7634,7.634,1297
7635,7.635,1299
7636,7.636,1294
7637,7.637,1309
7638,7.638,1296
7639,7.639,1350
7640,7.64,1299
7641,7.641,1299
7642,7.642,1298
7643,7.643,1296
7644,7.644,1291
7645,7.645,1291
7646,7.646,1298
7647,7.647,1293
7648,7.648,1289
7649,7.649,1295
7650,7.65,1296
7651,7.651,1296
7652,7.652,1291
7653,7.653,1300
7654,7.654,1300
7655,7.655,1298
7656,7.656,1301
7657,7.657,1306
7658,7.658,1377
7659,7.659,1297
7660,7.66,1301
7661,7.661,1299
7662,7.662,1296
7663,7.663,1301
7664,7.664,1297
7665,7.665,1295
7666,7.666,1295
7667,7.667,1296
7668,7.668,1290
7669,7.669,1301
7670,7.67,1306
7671,7.671,1299
7672,7.672,1296
7673,7.673,1301
7674,7.674,1306
7675,7.675,1295
7676,7.676,1311
7677,7.677,1270
7678,7.678,1305
7679,7.679,1296
7680,7.68,1311
7681,7.681,1295
7682,7.682,1279
7683,7.683,1295
7684,7.684,1298
7685,7.685,1296
7686,7.686,1286
7687,7.687,1292
7688,7.688,1287
7689,7.689,1324
7690,7.69,1296
7691,7.691,1296
7692,7.692,1296
7693,7.693,1293
7694,7.694,1309
7695,7.695,1264
7696,7.696,1360
7697,7.697,1296
7698,7.698,1298
7699,7.699,1326
7700,7.7,1296
7701,7.701,1298
7702,7.702,1291
7703,7.703,1302
7704,7.704,1294
7705,7.705,1290
7706,7.706,1293
7707,7.707,1193
7708,7.708,1295
7709,7.709,1296
7710,7.71,1290
7711,7.711,1295
7712,7.712,1301
7713,7.713,1287
7714,7.714,1296
7715,7.715,1309
7716,7.716,1293
7717,7.717,1295
7718,7.718,1298
7719,7.719,1295
7720,7.72,1299
7721,7.721,1298
7722,7.722,1303
7723,7.723,1297
7724,7.724,1283
7725,7.725,1291
7726,7.726,1289
7727,7.727,1278
7728,7.728,1305
7729,7.729,1291
7730,7.73,1295
7731,7.731,1297
7732,7.732,1296
7733,7.733,1307
7734,7.734,1299
7735,7.735,1303
7736,7.736,1297
7737,7.737,1313
7738,7.738,1296
7739,7.739,1298
7740,7.74,1294
7741,7.741,1347
7742,7.742,1301
7743,7.743,1296
7744,7.744,1295
7745,7.745,1291
7746,7.746,1301
7747,7.747,1293
7748,7.748,1307
7749,7.749,1300
7750,7.75,1299
7751,7.751,1299
7752,7.752,1287
7753,7.753,1298
7754,7.754,1298
7755,7.755,1305
7756,7.756,1300
7757,7.757,1314
7758,7.758,1360
7759,7.759,1303
7760,7.76,1298
7761,7.761,1301
7762,7.762,1213
7763,7.763,1297
7764,7.764,1302
7765,7.765,1297
7766,7.766,1296
7767,7.767,1302
7768,7.768,1283
7769,7.769,1296
7770,7.77,1295
7771,7.771,1285
7772,7.772,1311
7773,7.773,1297
7774,7.774,1296
7775,7.775,1295
7776,7.776,1296
7777,7.777,1316
7778,7.778,1321
7779,7.779,1168
7780,7.78,1299
7781,7.781,1363
7782,7.782,1274
7783,7.783,1290
7784,7.784,1296
7785,7.785,1283
7786,7.786,1311
7787,7.787,1292
7788,7.788,1287
7789,7.789,1291
7790,7.79,1300
7791,7.791,1302
7792,7.792,1291
7793,7.793,1303
7794,7.794,1294
7795,7.795,1298
7796,7.796,1306
7797,7.797,1309
7798,7.798,1307
7799,7.799,1309
7800,7.8,1306
7801,7.801,1303
7802,7.802,1308
7803,7.803,1296
7804,7.804,1296
7805,7.805,1296
7806,7.806,1306
7807,7.807,1287
7808,7.808,1221
7809,7.809,1280
7810,7.81,1286
7811,7.811,1296
7812,7.812,1296
7813,7.813,1296
7814,7.814,1296
7815,7.815,1300
7816,7.816,1296
7817,7.817,1304
7818,7.818,1305
7819,7.819,1298
7820,7.82,1300
7821,7.821,1286
7822,7.822,1299
7823,7.823,1294
7824,7.824,1271
7825,7.825,1291
7826,7.826,1294
7827,7.827,1290
7828,7.828,1282
7829,7.829,1297
7830,7.83,1295
7831,7.831,1296
7832,7.832,1304
7833,7.833,1297
7834,7.834,1302
7835,7.835,1300
7836,7.836,1317
7837,7.837,1299
7838,7.838,1309
7839,7.839,1347
7840,7.84,1294
7841,7.841,1310
7842,7.842,1300
7843,7.843,1297
7844,7.844,1294
7845,7.845,1296
7846,7.846,1299
7847,7.847,1293
7848,7.848,1292
7849,7.849,1291
7850,7.85,1296
7851,7.851,1296
7852,7.852,1297
7853,7.853,1301
7854,7.854,1297
7855,7.855,1301
7856,7.856,1299
7857,7.857,1296
7858,7.858,1303
7859,7.859,1355
7860,7.86,1296
7861,7.861,1292
7862,7.862,1303
7863,7.863,1296
7864,7.864,1296
7865,7.865,1294
7866,7.866,1294
7867,7.867,1286
7868,7.868,1305
7869,7.869,1305
7870,7.87,1307
7871,7.871,1291
7872,7.872,1296
7873,7.873,1369
7874,7.874,1297
7875,7.875,1312
7876,7.876,1298
7877,7.877,1296
7878,7.878,1299
7879,7.879,1300
7880,7.88,1300
7881,7.881,1290
7882,7.882,1296
7883,7.883,1296
7884,7.884,1296
7885,7.885,1295
7886,7.886,1287
7887,7.887,1307
7888,7.888,1284
7889,7.889,1294
7890,7.89,1296
7891,7.891,1292
7892,7.892,1296
7893,7.893,1273
7894,7.894,1296
7895,7.895,1297
7896,7.896,1296
7897,7.897,1295
7898,7.898,1297
7899,7.899,1306
7900,7.9,1302
7901,7.901,1307
7902,7.902,1297
7903,7.903,1303
7904,7.904,1306
7905,7.905,1281
7906,7.906,1283
7907,7.907,1258
7908,7.908,1287
7909,7.909,1285
7910,7.91,1293
7911,7.911,1285
7912,7.912,1295
7913,7.913,1294
7914,7.914,1322
7915,7.915,1296
7916,7.916,1346
7917,7.917,1305
7918,7.918,1303
7919,7.919,1321
7920,7.92,1297
7921,7.921,1296
7922,7.922,1328
7923,7.923,1301
7924,7.924,1302
7925,7.925,1303
7926,7.926,1287
7927,7.927,1328
7928,7.928,1292
7929,7.929,1280
7930,7.93,1294
7931,7.931,1291
7932,7.932,1302
7933,7.933,1296
7934,7.934,1299
7935,7.935,1296
7936,7.936,1298
7937,7.937,1298
7938,7.938,1300
7939,7.939,1296
7940,7.94,1296
7941,7.941,1239
7942,7.942,1297
7943,7.943,1296
7944,7.944,1294
7945,7.945,1294
7946,7.946,1290
7947,7.947,1319
7948,7.948,1291
7949,7.949,1291
7950,7.95,1293
7951,7.951,1289
7952,7.952,1297
7953,7.953,1296
7954,7.954,1296
7955,7.955,1296
7956,7.956,1301
7957,7.957,1294
7958,7.958,1303
7959,7.959,1296
7960,7.96,1294
7961,7.961,1290
7962,7.962,1296
7963,7.963,1296
7964,7.964,1286
7965,7.965,1291
7966,7.966,1295
7967,7.967,1311
7968,7.968,1303
7969,7.969,1300
7970,7.97,1297
7971,7.971,1296
7972,7.972,1294
7973,7.973,1296
7974,7.974,1296
7975,7.975,1287
7976,7.976,1296
7977,7.977,1307
7978,7.978,1297
7979,7.979,1311
7980,7.98,1290
7981,7.981,1300
7982,7.982,1297
7983,7.983,1295
7984,7.984,1295
7985,7.985,1295
7986,7.986,1283
7987,7.987,1289
7988,7.988,1264
7989,7.989,1283
7990,7.99,1283
7991,7.991,1296
7992,7.992,1307
7993,7.993,1298
7994,7.994,1274
7995,7.995,1299
7996,7.996,1315
7997,7.997,1312
7998,7.998,1309
7999,7.999,1303
8000,8.0,1306
8001,8.001,1333
8002,8.002,1291
8003,8.003,1299
8004,8.004,1298
8005,8.005,1296
8006,8.006,1275
8007,8.007,1295
8008,8.008,1283
8009,8.009,1294
8010,8.01,1317
8011,8.011,1276
8012,8.012,1307
8013,8.013,1302
8014,8.014,1297
8015,8.015,1308
8016,8.016,1306
8017,8.017,1298
8018,8.018,1303
8019,8.019,1301
8020,8.02,1295
8021,8.021,1296
8022,8.022,1299
8023,8.023,1306
8024,8.024,1295
8025,8.025,1295
8026,8.026,1296
8027,8.027,1296
8028,8.028,1285
8029,8.029,1290
8030,8.03,1297
8031,8.031,1293
8032,8.032,1295
8033,8.033,1295
8034,8.034,1297
8035,8.035,1297
8036,8.036,1296
8037,8.037,1295
8038,8.038,1297
8039,8.039,1360
8040,8.04,1296
8041,8.041,1301
8042,8.042,1296
8043,8.043,1296
8044,8.044,1295
8045,8.045,1291
8046,8.046,1296
8047,8.047,1290
8048,8.048,1286
8049,8.049,1285
8050,8.05,1296
8051,8.051,1287
8052,8.052,1289
8053,8.053,1296
8054,8.054,1306
8055,8.055,1308
8056,8.056,1296
8057,8.057,1294
8058,8.058,1296
8059,8.059,1307
8060,8.06,1307
8061,8.061,1283
8062,8.062,1289
8063,8.063,1300
8064,8.064,1293
8065,8.065,1293
8066,8.066,1308
8067,8.067,1301
8068,8.068,1293
8069,8.069,1293
8070,8.07,1296
8071,8.071,1291
8072,8.072,1290
8073,8.073,1295
8074,8.074,1313
8075,8.075,1306
8076,8.076,1307
8077,8.077,1302
8078,8.078,1275
8079,8.079,1299
8080,8.08,1303
8081,8.081,1296
8082,8.082,1297
8083,8.083,1296
8084,8.084,1270
8085,8.085,1291
8086,8.086,1296
8087,8.087,1296
8088,8.088,1293
8089,8.089,1308
8090,8.09,1295
8091,8.091,1293
8092,8.092,1296
8093,8.093,1296
8094,8.094,1296
8095,8.095,1303
8096,8.096,1307
8097,8.097,1301
8098,8.098,1296
8099,8.099,1306
8100,8.1,1296
8101,8.101,1302
8102,8.102,1296
8103,8.103,1296
8104,8.104,1296
8105,8.105,1297
8106,8.106,1255
8107,8.107,1293
8108,8.108,1295
8109,8.109,1291
8110,8.11,1293
8111,8.111,1271
8112,8.112,1291
8113,8.113,1298
8114,8.114,1296
8115,8.115,1303
8116,8.116,1302
8117,8.117,1298
8118,8.118,1309
8119,8.119,1296
8120,8.12,1303
8121,8.121,1291
8122,8.122,1296
8123,8.123,1296
8124,8.124,1287
8125,8.125,1296
8126,8.126,1295
8127,8.127,1289
8128,8.128,1285
8129,8.129,1280
8130,8.13,1290
8131,8.131,1296
8132,8.132,1289
8133,8.133,1287
8134,8.134,1296
8135,8.135,1296
8136,8.136,1296
8137,8.137,1304
8138,8.138,1358
8139,8.139,1308
8140,8.14,1305
8141,8.141,1322
8142,8.142,1301
8143,8.143,1305
8144,8.144,1295
8145,8.145,1286
8146,8.146,1296
8147,8.147,1296
8148,8.148,1287
8149,8.149,1296
8150,8.15,1295
8151,8.151,1287
8152,8.152,1295
8153,8.153,1298
8154,8.154,1296
8155,8.155,1302
8156,8.156,1296
8157,8.157,1298
8158,8.158,1309
8159,8.159,1307
8160,8.16,1302
8161,8.161,1247
8162,8.162,1297
8163,8.163,1293
8164,8.164,1293
8165,8.165,1293
8166,8.166,1290
8167,8.167,1296
8168,8.168,1289
8169,8.169,1294
8170,8.17,1297
8171,8.171,1301
8172,8.172,1296
8173,8.173,1296
8174,8.174,1301
8175,8.175,1303
8176,8.176,1298
8177,8.177,1286
8178,8.178,1303
8179,8.179,1306
8180,8.18,1303
8181,8.181,1329
8182,8.182,1298
8183,8.183,1299
8184,8.184,1294
8185,8.185,1296
8186,8.186,1294
8187,8.187,1296
8188,8.188,1296
8189,8.189,1289
8190,8.19,1299
8191,8.191,1296
8192,8.192,1335
8193,8.193,1307
8194,8.194,1294
8195,8.195,1302
8196,8.196,1305
8197,8.197,1297
8198,8.198,1273
8199,8.199,1323
8200,8.2,1302
8201,8.201,1299
8202,8.202,1296
8203,8.203,1300
8204,8.204,1296
8205,8.205,1332
8206,8.206,1298
8207,8.207,1285
8208,8.208,1295
8209,8.209,1285
8210,8.21,1296
8211,8.211,1312
8212,8.212,1294
8213,8.213,1287
8214,8.214,1296
8215,8.215,1296
8216,8.216,1299
8217,8.217,1315
8218,8.218,1306
8219,8.219,1296
8220,8.22,1302
8221,8.221,1296
8222,8.222,1291
8223,8.223,1296
8224,8.224,1291
8225,8.225,1313
8226,8.226,1296
8227,8.227,1296
8228,8.228,1296
8229,8.229,1303
8230,8.23,1289
8231,8.231,1296
8232,8.232,1227
8233,8.233,1295
8234,8.234,1299
8235,8.235,1296
8236,8.236,1306
8237,8.237,1301
8238,8.238,1309
8239,8.239,1301
8240,8.24,1281
8241,8.241,1296
8242,8.242,1302
8243,8.243,1296
8244,8.244,1283
8245,8.245,1295
8246,8.246,1286
8247,8.247,1296
8248,8.248,1283
8249,8.249,1279
8250,8.25,1297
8251,8.251,1293
8252,8.252,1299
8253,8.253,1287
8254,8.254,1296
8255,8.255,1306
8256,8.256,1296
8257,8.257,1297
8258,8.258,1312
8259,8.259,1307
8260,8.26,1298
8261,8.261,1296
8262,8.262,1295
8263,8.263,1293
8264,8.264,1285
8265,8.265,1285
8266,8.266,1291
8267,8.267,1261
8268,8.268,1291
8269,8.269,1296
8270,8.27,1301
8271,8.271,1289
8272,8.272,1303
8273,8.273,1299
8274,8.274,1296
8275,8.275,1296
8276,8.276,1293
8277,8.277,1303
8278,8.278,1298
8279,8.279,1297
8280,8.28,1302
8281,8.281,1307
8282,8.282,1293
8283,8.283,1301
8284,8.284,1296
8285,8.285,1295
8286,8.286,1294
8287,8.287,1296
8288,8.288,1291
8289,8.289,1293
8290,8.29,1293
8291,8.291,1292
8292,8.292,1294
8293,8.293,1292
8294,8.294,1310
8295,8.295,1311
8296,8.296,1299
8297,8.297,1299
8298,8.298,1305
8299,8.299,1303
8300,8.3,1296
8301,8.301,1301
8302,8.302,1291
8303,8.303,1299
8304,8.304,1286
8305,8.305,1290
8306,8.306,1314
8307,8.307,1286
8308,8.308,1290
8309,8.309,1275
8310,8.31,1301
8311,8.311,1299
8312,8.312,1296
8313,8.313,1312
8314,8.314,1302
8315,8.315,1307
8316,8.316,1305
8317,8.317,1297
8318,8.318,1299
8319,8.319,1299
8320,8.32,1295
8321,8.321,1293
8322,8.322,1296
8323,8.323,1300
8324,8.324,1290
8325,8.325,1292
8326,8.326,1293
8327,8.327,1290
8328,8.328,1282
8329,8.329,1295
8330,8.33,1296
8331,8.331,1291
8332,8.332,1294
8333,8.333,1296
8334,8.334,1299
8335,8.335,1303
8336,8.336,1296
8337,8.337,1300
8338,8.338,1303
8339,8.339,1307
8340,8.34,1299
8341,8.341,1299
8342,8.342,1251
8343,8.343,1299
8344,8.344,1295
8345,8.345,1287
8346,8.346,1296
8347,8.347,1331
8348,8.348,1294
8349,8.349,1299
8350,8.35,1333
8351,8.351,1293
8352,8.352,1289
8353,8.353,1294
8354,8.354,1292
8355,8.355,1314
8356,8.356,1292
8357,8.357,1297
8358,8.358,1306
8359,8.359,1327
8360,8.36,1299
8361,8.361,1293
8362,8.362,1301
8363,8.363,1299
8364,8.364,1296
8365,8.365,1297
8366,8.366,1296
8367,8.367,1296
8368,8.368,1281
8369,8.369,1283
8370,8.37,1296
8371,8.371,1295
8372,8.372,1296
8373,8.373,1292
8374,8.374,1296
8375,8.375,1297
8376,8.376,1307
8377,8.377,1301
8378,8.378,1301
8379,8.379,1291
8380,8.38,1302
8381,8.381,1240
8382,8.382,1259
8383,8.383,1296
8384,8.384,1322
8385,8.385,1286
8386,8.386,1296
8387,8.387,1290
8388,8.388,1291
8389,8.389,1299
8390,8.39,1289
8391,8.391,1304
8392,8.392,1335
8393,8.393,1299
8394,8.394,1308
8395,8.395,1205
8396,8.396,1307
8397,8.397,1297
8398,8.398,1302
8399,8.399,1290
8400,8.4,1300
8401,8.401,1296
8402,8.402,1298
8403,8.403,1298
8404,8.404,1291
8405,8.405,1295
8406,8.406,1293
8407,8.407,1311
8408,8.408,1293
8409,8.409,1292
8410,8.41,1296
8411,8.411,1290
8412,8.412,1391
8413,8.413,1307
8414,8.414,1299
8415,8.415,1300
8416,8.416,1302
8417,8.417,1296
8418,8.418,1295
8419,8.419,1325
8420,8.42,1284
8421,8.421,1298
8422,8.422,1301
8423,8.423,1301
8424,8.424,1287
8425,8.425,1253
8426,8.426,1285
8427,8.427,1293
8428,8.428,1285
8429,8.429,1296
8430,8.43,1296
8431,8.431,1297
8432,8.432,1290
8433,8.433,1295
8434,8.434,1296
8435,8.435,1296
8436,8.436,1303
8437,8.437,1291
8438,8.438,1298
8439,8.439,1303
8440,8.44,1299
8441,8.441,1302
8442,8.442,1303
8443,8.443,1291
8444,8.444,1290
8445,8.445,1295
8446,8.446,1285
8447,8.447,1289
8448,8.448,1287
8449,8.449,1296
8450,8.45,1280
8451,8.451,1296
8452,8.452,1286
8453,8.453,1291
8454,8.454,1296
8455,8.455,1308
8456,8.456,1296
8457,8.457,1298
8458,8.458,1297
8459,8.459,1298
8460,8.46,1293
8461,8.461,1280
8462,8.462,1295
8463,8.463,1293
8464,8.464,1295
8465,8.465,1295
8466,8.466,1282
8467,8.467,1283
8468,8.468,1295
8469,8.469,1285
8470,8.47,1296
8471,8.471,1301
8472,8.472,1293
8473,8.473,1302
8474,8.474,1297
8475,8.475,1307
8476,8.476,1296
8477,8.477,1311
8478,8.478,1296
8479,8.479,1291
8480,8.48,1308
8481,8.481,1296
8482,8.482,1298
8483,8.483,1302
8484,8.484,1280
8485,8.485,1291
8486,8.486,1294
8487,8.487,1290
8488,8.488,1293
8489,8.489,1294
8490,8.49,1295
8491,8.491,1296
8492,8.492,1296
8493,8.493,1291
8494,8.494,1303
8495,8.495,1305
8496,8.496,1296
8497,8.497,1307
8498,8.498,1311
8499,8.499,1299
8500,8.5,1301
8501,8.501,1300
8502,8.502,1297
8503,8.503,1297
8504,8.504,1297
8505,8.505,1293
8506,8.506,1294
8507,8.507,1295
8508,8.508,1291
8509,8.509,1292
8510,8.51,1307
8511,8.511,1292
8512,8.512,1309
8513,8.513,1289
8514,8.514,1310
8515,8.515,1297
8516,8.516,1309
8517,8.517,1311
8518,8.518,1295
8519,8.519,1303
8520,8.52,1313
8521,8.521,1271
8522,8.522,1296
8523,8.523,1292
8524,8.524,1310
8525,8.525,1264
8526,8.526,1296
8527,8.527,1285
8528,8.528,1293
8529,8.529,1295
8530,8.53,1293
8531,8.531,1300
8532,8.532,1297
8533,8.533,1294
8534,8.534,1225
8535,8.535,1360
8536,8.536,1306
8537,8.537,1307
8538,8.538,1307
8539,8.539,1309
8540,8.54,1297
8541,8.541,1299
8542,8.542,1315
8543,8.543,1299
8544,8.544,1295
8545,8.545,1283
8546,8.546,1303
8547,8.547,1294
8548,8.548,1291
8549,8.549,1297
8550,8.55,1295
8551,8.551,1291
8552,8.552,1292
8553,8.553,1297
8554,8.554,1300
8555,8.555,1301
8556,8.556,1332
8557,8.557,1301
8558,8.558,1307
8559,8.559,1307
8560,8.56,1301
8561,8.561,1300
8562,8.562,1296
8563,8.563,1326
8564,8.564,1391
8565,8.565,1325
8566,8.566,1296
8567,8.567,1296
8568,8.568,1267
8569,8.569,1287
8570,8.57,1295
8571,8.571,1291
8572,8.572,1296
8573,8.573,1278
8574,8.574,1297
8575,8.575,1302
8576,8.576,1311
8577,8.577,1307
8578,8.578,1303
8579,8.579,1310
8580,8.58,1301
8581,8.581,1297
8582,8.582,1284
8583,8.583,1296
8584,8.584,1296
8585,8.585,1296
8586,8.586,1297
8587,8.587,1294
8588,8.588,1289
8589,8.589,1283
8590,8.59,1294
8591,8.591,1298
8592,8.592,1294
8593,8.593,1293
8594,8.594,1296
8595,8.595,1302
8596,8.596,1262
8597,8.597,1264
8598,8.598,1303
8599,8.599,1286
8600,8.6,1304
8601,8.601,1295
8602,8.602,1300
8603,8.603,1299
8604,8.604,1302
8605,8.605,1291
8606,8.606,1291
8607,8.607,1278
8608,8.608,1312
8609,8.609,1285
8610,8.61,1307
8611,8.611,1322
8612,8.612,1287
8613,8.613,1269
8614,8.614,1311
8615,8.615,1297
8616,8.616,1298
8617,8.617,1303
8618,8.618,1294
8619,8.619,1325
8620,8.62,1249
8621,8.621,1335
8622,8.622,1296
8623,8.623,1298
8624,8.624,1296
8625,8.625,1296
8626,8.626,1279
8627,8.627,1285
8628,8.628,1290
8629,8.629,1292
8630,8.63,1298
8631,8.631,1287
8632,8.632,1299
8633,8.633,1277
8634,8.634,1297
8635,8.635,1296
8636,8.636,1303
8637,8.637,1295
8638,8.638,1329
8639,8.639,1296
8640,8.64,1299
8641,8.641,1305
8642,8.642,1291
8643,8.643,1296
8644,8.644,1287
8645,8.645,1296
8646,8.646,1297
8647,8.647,1295
8648,8.648,1298
8649,8.649,1327
8650,8.65,1287
8651,8.651,1297
8652,8.652,1323
8653,8.653,1295
8654,8.654,1294
8655,8.655,1280
8656,8.656,1291
8657,8.657,1299
8658,8.658,1316
8659,8.659,1302
8660,8.66,1523
8661,8.661,1301
8662,8.662,1293
8663,8.663,1296
8664,8.664,1296
8665,8.665,1299
8666,8.666,1278
8667,8.667,1295
8668,8.668,1290
8669,8.669,1295
8670,8.67,1293
8671,8.671,1301
8672,8.672,1294
8673,8.673,1296
8674,8.674,1304
8675,8.675,1305
8676,8.676,1295
8677,8.677,1297
8678,8.678,1307
8679,8.679,1296
8680,8.68,1299
8681,8.681,1319
8682,8.682,1300
8683,8.683,1323
8684,8.684,1290
8685,8.685,1294
8686,8.686,1295
8687,8.687,1287
8688,8.688,1285
8689,8.689,1392
8690,8.69,1326
8691,8.691,1291
8692,8.692,1289
8693,8.693,1292
8694,8.694,1306
8695,8.695,1296
8696,8.696,1309
8697,8.697,1302
8698,8.698,1314
8699,8.699,1307
8700,8.7,1300
8701,8.701,1303
8702,8.702,1302
8703,8.703,1297
8704,8.704,1294
8705,8.705,1294
8706,8.706,1297
8707,8.707,1292
8708,8.708,1291
8709,8.709,1291
8710,8.71,1297
8711,8.711,1264
8712,8.712,1293
8713,8.713,1293
8714,8.714,1297
8715,8.715,1301
8716,8.716,1309
8717,8.717,1293
8718,8.718,1307
8719,8.719,1295
8720,8.72,1232
8721,8.721,1290
8722,8.722,1360
8723,8.723,1296
8724,8.724,1317
8725,8.725,1287
8726,8.726,1328
8727,8.727,1295
8728,8.728,1293
8729,8.729,1280
8730,8.73,1294
8731,8.731,1296
8732,8.732,1282
8733,8.733,1299
8734,8.734,1296
8735,8.735,1298
8736,8.736,1305
8737,8.737,1305
8738,8.738,1302
8739,8.739,1301
8740,8.74,1301
8741,8.741,1297
8742,8.742,1294
8743,8.743,1326
8744,8.744,1290
8745,8.745,1285
8746,8.746,1295
8747,8.747,1294
8748,8.748,1286
8749,8.749,1295
8750,8.75,1307
8751,8.751,1293
8752,8.752,1291
8753,8.753,1293
8754,8.754,1301
8755,8.755,1290
8756,8.756,1296
8757,8.757,1303
8758,8.758,1322
8759,8.759,1312
8760,8.76,1296
8761,8.761,1301
8762,8.762,1296
8763,8.763,1296
8764,8.764,1297
8765,8.765,1293
8766,8.766,1298
8767,8.767,1291
8768,8.768,1293
8769,8.769,1295
8770,8.77,1296
8771,8.771,1318
8772,8.772,1297
8773,8.773,1295
8774,8.774,1294
8775,8.775,1338
8776,8.776,1296
8777,8.777,1297
8778,8.778,1264
8779,8.779,1301
8780,8.78,1296
8781,8.781,1333
8782,8.782,1291
8783,8.783,1296
8784,8.784,1303
8785,8.785,1281
8786,8.786,1291
8787,8.787,1291
8788,8.788,1289
8789,8.789,1295
8790,8.79,1290
8791,8.791,1293
8792,8.792,1298
8793,8.793,1293
8794,8.794,1299
8795,8.795,1298
8796,8.796,1307
8797,8.797,1296
8798,8.798,1301
8799,8.799,1307
8800,8.8,1303
8801,8.801,1299
8802,8.802,1296
8803,8.803,1297
8804,8.804,1296
8805,8.805,1296
8806,8.806,1296
8807,8.807,1295
8808,8.808,1293
8809,8.809,1297
8810,8.81,1297
8811,8.811,1299
8812,8.812,1296
8813,8.813,1293
8814,8.814,1309
8815,8.815,1317
8816,8.816,1299
8817,8.817,1302
8818,8.818,1300
8819,8.819,1302
8820,8.82,1301
8821,8.821,1296
8822,8.822,1305
8823,8.823,1305
8824,8.824,1299
8825,8.825,1295
8826,8.826,1283
8827,8.827,1296
8828,8.828,1293
8829,8.829,1293
8830,8.83,1286
8831,8.831,1299
8832,8.832,1285
8833,8.833,1294
8834,8.834,1324
8835,8.835,1296
8836,8.836,1293
8837,8.837,1296
8838,8.838,1299
8839,8.839,1296
8840,8.84,1305
8841,8.841,1303
8842,8.842,1294
8843,8.843,1295
8844,8.844,1295
8845,8.845,1289
8846,8.846,1287
8847,8.847,1246
8848,8.848,1303
8849,8.849,1286
8850,8.85,1296
8851,8.851,1291
8852,8.852,1316
8853,8.853,1306
8854,8.854,1304
8855,8.855,1297
8856,8.856,1302
8857,8.857,1279
8858,8.858,1297
8859,8.859,1298
8860,8.86,1301
8861,8.861,1296
8862,8.862,1298
8863,8.863,1294
8864,8.864,1303
8865,8.865,1293
8866,8.866,1296
8867,8.867,1282
8868,8.868,1296
8869,8.869,1280
8870,8.87,1296
8871,8.871,1372
8872,8.872,1293
8873,8.873,1290
8874,8.874,1312
8875,8.875,1296
8876,8.876,1298
8877,8.877,1301
8878,8.878,1298
8879,8.879,1300
8880,8.88,1302
8881,8.881,1299
8882,8.882,1296
8883,8.883,1302
8884,8.884,1304
8885,8.885,1291
8886,8.886,1286
8887,8.887,1297
8888,8.888,1291
8889,8.889,1288
8890,8.89,1290
8891,8.891,1296
8892,8.892,1297
8893,8.893,1293
8894,8.894,1296
8895,8.895,1303
8896,8.896,1301
8897,8.897,1307
8898,8.898,1296
8899,8.899,1307
8900,8.9,1310
8901,8.901,1294
8902,8.902,1312
8903,8.903,1310
8904,8.904,1293
8905,8.905,1294
8906,8.906,1311
8907,8.907,1283
8908,8.908,1296
8909,8.909,1283
8910,8.91,1298
8911,8.911,1290
8912,8.912,1309
8913,8.913,1293
8914,8.914,1299
8915,8.915,1303
8916,8.916,1316
8917,8.917,1296
8918,8.918,1303
8919,8.919,1299
8920,8.92,1303
8921,8.921,1298
8922,8.922,1187
8923,8.923,1296
8924,8.924,1296
8925,8.925,1290
8926,8.926,1287
8927,8.927,1296
8928,8.928,1291
8929,8.929,1283
8930,8.93,1301
8931,8.931,1298
8932,8.932,1296
8933,8.933,1296
8934,8.934,1296
8935,8.935,1296
8936,8.936,1296
8937,8.937,1299
8938,8.938,1301
8939,8.939,1300
8940,8.94,1302
8941,8.941,1299
8942,8.942,1296
8943,8.943,1288
8944,8.944,1293
8945,8.945,1295
8946,8.946,1297
8947,8.947,1291
8948,8.948,1269
8949,8.949,1287
8950,8.95,1296
8951,8.951,1279
8952,8.952,1299
8953,8.953,1292
8954,8.954,1270
8955,8.955,1289
8956,8.956,1275
8957,8.957,1291
8958,8.958,1298
8959,8.959,1303
8960,8.96,1307
8961,8.961,1329
8962,8.962,1302
8963,8.963,1296
8964,8.964,1273
8965,8.965,1289
8966,8.966,1296
8967,8.967,1290
8968,8.968,1291
8969,8.969,1295
8970,8.97,1295
8971,8.971,1285
8972,8.972,1299
8973,8.973,1293
8974,8.974,1305
8975,8.975,1296
8976,8.976,1284
8977,8.977,1299
8978,8.978,1310
8979,8.979,1293
8980,8.98,1305
8981,8.981,1296
8982,8.982,1306
8983,8.983,1299
8984,8.984,1296
8985,8.985,1296
8986,8.986,1295
8987,8.987,1295
8988,8.988,1292
8989,8.989,1293
8990,8.99,1296
8991,8.991,1296
8992,8.992,1280
8993,8.993,1295
8994,8.994,1296
8995,8.995,1303
8996,8.996,1326
8997,8.997,1301
8998,8.998,1303
8999,8.999,1308
9000,9.0,1296
9001,9.001,1297
9002,9.002,1295
9003,9.003,1297
9004,9.004,1295
9005,9.005,1297
9006,9.006,1298
9007,9.007,1293
9008,9.008,1292
9009,9.009,1295
9010,9.01,1294
9011,9.011,1296
9012,9.012,1294
9013,9.013,1294
9014,9.014,1290
9015,9.015,1298
9016,9.016,1301
9017,9.017,1299
9018,9.018,1271
9019,9.019,1298
9020,9.02,1307
9021,9.021,1297
9022,9.022,1298
9023,9.023,1307
9024,9.024,1291
9025,9.025,1296
9026,9.026,1281
9027,9.027,1291
9028,9.028,1295
9029,9.029,1283
9030,9.03,1296
9031,9.031,1287
9032,9.032,1296
9033,9.033,1290
9034,9.034,1299
9035,9.035,1296
9036,9.036,1299
9037,9.037,1296
9038,9.038,1296
9039,9.039,1301
9040,9.04,1298
9041,9.041,1297
9042,9.042,1296
9043,9.043,1296
9044,9.044,1278
9045,9.045,1300
9046,9.046,1298
9047,9.047,1291
9048,9.048,1295
9049,9.049,1283
9050,9.05,1294
9051,9.051,1296
9052,9.052,1298
9053,9.053,1300
9054,9.054,1295
9055,9.055,1298
9056,9.056,1301
9057,9.057,1307
9058,9.058,1298
9059,9.059,1299
9060,9.06,1301
9061,9.061,1309
9062,9.062,1287
9063,9.063,1293
9064,9.064,1306
9065,9.065,1289
9066,9.066,1287
9067,9.067,1296
9068,9.068,1287
9069,9.069,1294
9070,9.07,1295
9071,9.071,1289
9072,9.072,1293
9073,9.073,1294
9074,9.074,1297
9075,9.075,1296
9076,9.076,1280
9077,9.077,1305
9078,9.078,1296
9079,9.079,1302
9080,9.08,1292
9081,9.081,1293
9082,9.082,1301
9083,9.083,1286
9084,9.084,1310
9085,9.085,1264
9086,9.086,1293
9087,9.087,1286
9088,9.088,1191
9089,9.089,1285
9090,9.09,1296
9091,9.091,1296
9092,9.092,1293
9093,9.093,1296
9094,9.094,1296
9095,9.095,1346
9096,9.096,1301
9097,9.097,1305
9098,9.098,1295
9099,9.099,1306
9100,9.1,1295
9101,9.101,1297
9102,9.102,1292
9103,9.103,1309
9104,9.104,1296
9105,9.105,1286
9106,9.106,1291
9107,9.107,1349
9108,9.108,1294
9109,9.109,1286
9110,9.11,1284
9111,9.111,1295
9112,9.112,1291
9113,9.113,1296
9114,9.114,1287
9115,9.115,1307
9116,9.116,1296
9117,9.117,1299
9118,9.118,1289
9119,9.119,1301
9120,9.12,1314
9121,9.121,1299
9122,9.122,1303
9123,9.123,1299
9124,9.124,1264
9125,9.125,1296
9126,9.126,1287
9127,9.127,1279
9128,9.128,1284
9129,9.129,1279
9130,9.13,1294
9131,9.131,1310
9132,9.132,1302
9133,9.133,1306
9134,9.134,1306
9135,9.135,1306
9136,9.136,1312
9137,9.137,1298
9138,9.138,1315
9139,9.139,1296
9140,9.14,1312
9141,9.141,1302
9142,9.142,1294
9143,9.143,1294
9144,9.144,1292
9145,9.145,1292
9146,9.146,1294
9147,9.147,1294
9148,9.148,1296
9149,9.149,1290
9150,9.15,1295
9151,9.151,1300
9152,9.152,1294
9153,9.153,1331
9154,9.154,1293
9155,9.155,1311
9156,9.156,1302
9157,9.157,1299
9158,9.158,1296
9159,9.159,1298
9160,9.16,1305
9161,9.161,1303
9162,9.162,1302
9163,9.163,1306
9164,9.164,1296
9165,9.165,1311
9166,9.166,1291
9167,9.167,1293
9168,9.168,1285
9169,9.169,1294
9170,9.17,1299
9171,9.171,1283
9172,9.172,1296
9173,9.173,1289
9174,9.174,1297
9175,9.175,1301
9176,9.176,1273
9177,9.177,1299
9178,9.178,1278
9179,9.179,1289
9180,9.18,1300
9181,9.181,1277
9182,9.182,1274
9183,9.183,1295
9184,9.184,1289
9185,9.185,1299
9186,9.186,1285
9187,9.187,1293
9188,9.188,1284
9189,9.189,1280
9190,9.19,1295
9191,9.191,1296
9192,9.192,1293
9193,9.193,1264
9194,9.194,1296
9195,9.195,1293
9196,9.196,1299
9197,9.197,1311
9198,9.198,1296
9199,9.199,1317
9200,9.2,1301
9201,9.201,1303
9202,9.202,1303
9203,9.203,1302
9204,9.204,1315
9205,9.205,1290
9206,9.206,1293
9207,9.207,1294
9208,9.208,1290
9209,9.209,1284
9210,9.21,1292
9211,9.211,1305
9212,9.212,1296
9213,9.213,1298
9214,9.214,1285
9215,9.215,1306
9216,9.216,1300
9217,9.217,1300
9218,9.218,1310
9219,9.219,1331
9220,9.22,1302
9221,9.221,1309
9222,9.222,1302
9223,9.223,1291
9224,9.224,1296
9225,9.225,1301
9226,9.226,1287
9227,9.227,1289
9228,9.228,1291
9229,9.229,1295
9230,9.23,1296
9231,9.231,1290
9232,9.232,1290
9233,9.233,1293
9234,9.234,1286
9235,9.235,1296
9236,9.236,1301
9237,9.237,1310
9238,9.238,1302
9239,9.239,1297
9240,9.24,1298
9241,9.241,1298
9242,9.242,1297
9243,9.243,1301
9244,9.244,1302
9245,9.245,1290
9246,9.246,1294
9247,9.247,1298
9248,9.248,1286
9249,9.249,1293
9250,9.25,1294
9251,9.251,1290
9252,9.252,1291
9253,9.253,1277
9254,9.254,1291
9255,9.255,1297
9256,9.256,1296
9257,9.257,1299
9258,9.258,1295
9259,9.259,1299
9260,9.26,1309
9261,9.261,1298
9262,9.262,1296
9263,9.263,1293
9264,9.264,1296
9265,9.265,1279
9266,9.266,1293
9267,9.267,1294
9268,9.268,1172
9269,9.269,1293
9270,9.27,1296
9271,9.271,1283
9272,9.272,1282
9273,9.273,1295
9274,9.274,1299
9275,9.275,1296
9276,9.276,1303
9277,9.277,1296
9278,9.278,1313
9279,9.279,1295
9280,9.28,1303
9281,9.281,1277
9282,9.282,1279
9283,9.283,1302
9284,9.284,1296
9285,9.285,1285
9286,9.286,1283
9287,9.287,1287
9288,9.288,1298
9289,9.289,1285
9290,9.29,1293
9291,9.291,1290
9292,9.292,1294
9293,9.293,1284
9294,9.294,1296
9295,9.295,1255
9296,9.296,1299
9297,9.297,1305
9298,9.298,1301
9299,9.299,1305
9300,9.3,1300
9301,9.301,1296
9302,9.302,1302
9303,9.303,1301
9304,9.304,1296
9305,9.305,1296
9306,9.306,1292
9307,9.307,1236
9308,9.308,1293
9309,9.309,1294
9310,9.31,1286
9311,9.311,1296
9312,9.312,1300
9313,9.313,1298
9314,9.314,1296
9315,9.315,1302
9316,9.316,1298
9317,9.317,1302
9318,9.318,1301
9319,9.319,1310
9320,9.32,1301
9321,9.321,1296
9322,9.322,1300
9323,9.323,1293
9324,9.324,1287
9325,9.325,1294
9326,9.326,1284
9327,9.327,1296
9328,9.328,1298
9329,9.329,1289
9330,9.33,1289
9331,9.331,1262
9332,9.332,1286
9333,9.333,1289
9334,9.334,1295
9335,9.335,1297
9336,9.336,1301
9337,9.337,1304
9338,9.338,1297
9339,9.339,1303
9340,9.34,1307
9341,9.341,1303
9342,9.342,1297
9343,9.343,1296
9344,9.344,1296
9345,9.345,1293
9346,9.346,1295
9347,9.347,1286
9348,9.348,1281
9349,9.349,1283
9350,9.35,1291
9351,9.351,1282
9352,9.352,1294
9353,9.353,1391
9354,9.354,1305
9355,9.355,1304
9356,9.356,1306
9357,9.357,1306
9358,9.358,1301
9359,9.359,1296
9360,9.36,1308
9361,9.361,1299
9362,9.362,1281
9363,9.363,1299
9364,9.364,1271
9365,9.365,1287
9366,9.366,1295
9367,9.367,1293
9368,9.368,1283
9369,9.369,1292
9370,9.37,1300
9371,9.371,1283
9372,9.372,1300
9373,9.373,1286
9374,9.374,1283
9375,9.375,1291
9376,9.376,1296
9377,9.377,1296
9378,9.378,1296
9379,9.379,1302
9380,9.38,1296
9381,9.381,1295
9382,9.382,1296
9383,9.383,1291
9384,9.384,1297
9385,9.385,1299
9386,9.386,1295
9387,9.387,1296
9388,9.388,1289
9389,9.389,1296
9390,9.39,1278
9391,9.391,1264
9392,9.392,1287
9393,9.393,1284
9394,9.394,1294
9395,9.395,1296
9396,9.396,1298
9397,9.397,1306
9398,9.398,1291
9399,9.399,1308
9400,9.4,1299
9401,9.401,1301
9402,9.402,1299
9403,9.403,1305
9404,9.404,1301
9405,9.405,1295
9406,9.406,1296
9407,9.407,1293
9408,9.408,1293
9409,9.409,1287
9410,9.41,1291
9411,9.411,1296
9412,9.412,1295
9413,9.413,1297
9414,9.414,1296
9415,9.415,1299
9416,9.416,1298
9417,9.417,1297
9418,9.418,1301
9419,9.419,1311
9420,9.42,1299
9421,9.421,1294
9422,9.422,1296
9423,9.423,1332
9424,9.424,1287
9425,9.425,1286
9426,9.426,1287
9427,9.427,1291
9428,9.428,1295
9429,9.429,1291
9430,9.43,1295
9431,9.431,1296
9432,9.432,1294
9433,9.433,1293
9434,9.434,1291
9435,9.435,1301
9436,9.436,1297
9437,9.437,1297
9438,9.438,1296
9439,9.439,1296
9440,9.44,1296
9441,9.441,1296
9442,9.442,1296
9443,9.443,1302
9444,9.444,1296
9445,9.445,1302
9446,9.446,1292
9447,9.447,1302
9448,9.448,1283
9449,9.449,1296
9450,9.45,1295
9451,9.451,1296
9452,9.452,1295
9453,9.453,1306
9454,9.454,1328
9455,9.455,1296
9456,9.456,1303
9457,9.457,1297
9458,9.458,1298
9459,9.459,1310
9460,9.46,1310
9461,9.461,1308
9462,9.462,1311
9463,9.463,1296
9464,9.464,1306
9465,9.465,1298
9466,9.466,1295
9467,9.467,1293
9468,9.468,1296
9469,9.469,1292
9470,9.47,1278
9471,9.471,1294
9472,9.472,1296
9473,9.473,1296
9474,9.474,1299
9475,9.475,1303
9476,9.476,1296
9477,9.477,1296
9478,9.478,1298
9479,9.479,1311
9480,9.48,1306
9481,9.481,1296
9482,9.482,1302
9483,9.483,1306
9484,9.484,1296
9485,9.485,1301
9486,9.486,1293
9487,9.487,1296
9488,9.488,1267
9489,9.489,1285
9490,9.49,1291
9491,9.491,1285
9492,9.492,1296
9493,9.493,1291
9494,9.494,1295
9495,9.495,1296
9496,9.496,1296
9497,9.497,1296
9498,9.498,1294
9499,9.499,1302
9500,9.5,1307
9501,9.501,1298
9502,9.502,1296
9503,9.503,1296
9504,9.504,1296
9505,9.505,1294
9506,9.506,1296
9507,9.507,1295
9508,9.508,1286
9509,9.509,1293
9510,9.51,1291
9511,9.511,1290
9512,9.512,1290
9513,9.513,1290
9514,9.514,1296
9515,9.515,1294
9516,9.516,1303
9517,9.517,1297
9518,9.518,1296
9519,9.519,1235
9520,9.52,1309
9521,9.521,1298
9522,9.522,1299
9523,9.523,1297
9524,9.524,1285
9525,9.525,1309
9526,9.526,1297
9527,9.527,1299
9528,9.528,1264
9529,9.529,1287
9530,9.53,1293
9531,9.531,1294
9532,9.532,1294
9533,9.533,1294
9534,9.534,1293
9535,9.535,1296
9536,9.536,1293
9537,9.537,1299
9538,9.538,1295
9539,9.539,1301
9540,9.54,1309
9541,9.541,1297
9542,9.542,1302
9543,9.543,1307
9544,9.544,1296
9545,9.545,1283
9546,9.546,1288
9547,9.547,1291
9548,9.548,1286
9549,9.549,1289
9550,9.55,1254
9551,9.551,1297
9552,9.552,1287
9553,9.553,1293
9554,9.554,1296
9555,9.555,1287
9556,9.556,1323
9557,9.557,1291
9558,9.558,1269
9559,9.559,1307
9560,9.56,1295
9561,9.561,1298
9562,9.562,1299
9563,9.563,1291
9564,9.564,1290
9565,9.565,1285
9566,9.566,1296
9567,9.567,1254
9568,9.568,1293
9569,9.569,1296
9570,9.57,1295
9571,9.571,1296
9572,9.572,1296
9573,9.573,1293
9574,9.574,1310
9575,9.575,1290
9576,9.576,1298
9577,9.577,1263
9578,9.578,1307
9579,9.579,1301
9580,9.58,1289
9581,9.581,1303
9582,9.582,1298
9583,9.583,1303
9584,9.584,1301
9585,9.585,1287
9586,9.586,1286
9587,9.587,1289
9588,9.588,1289
9589,9.589,1281
9590,9.59,1274
9591,9.591,1297
9592,9.592,1295
9593,9.593,1296
9594,9.594,1310
9595,9.595,1297
9596,9.596,1309
9597,9.597,1296
9598,9.598,1300
9599,9.599,1303
9600,9.6,1299
9601,9.601,1298
9602,9.602,1301
9603,9.603,1292
9604,9.604,1303
9605,9.605,1287
9606,9.606,1291
9607,9.607,1295
9608,9.608,1296
9609,9.609,1298
9610,9.61,1289
9611,9.611,1296
9612,9.612,1296
9613,9.613,1295
9614,9.614,1323
9615,9.615,1309
9616,9.616,1296
9617,9.617,1296
9618,9.618,1313
9619,9.619,1301
9620,9.62,1298
9621,9.621,1315
9622,9.622,1287
9623,9.623,1299
9624,9.624,1302
9625,9.625,1281
9626,9.626,1280
9627,9.627,1295
9628,9.628,1292
9629,9.629,1287
9630,9.63,1296
9631,9.631,1291
9632,9.632,1295
9633,9.633,1295
9634,9.634,1298
9635,9.635,1299
9636,9.636,1296
9637,9.637,1306
9638,9.638,1296
9639,9.639,1325
9640,9.64,1301
9641,9.641,1277
9642,9.642,1293
9643,9.643,1296
9644,9.644,1289
9645,9.645,1291
9646,9.646,1287
9647,9.647,1301
9648,9.648,1296
9649,9.649,1293
9650,9.65,1277
9651,9.651,1302
9652,9.652,1291
9653,9.653,1298
9654,9.654,1293
9655,9.655,1305
9656,9.656,1302
9657,9.657,1309
9658,9.658,1296
9659,9.659,1307
9660,9.66,1277
9661,9.661,1296
9662,9.662,1303
9663,9.663,1293
9664,9.664,1291
9665,9.665,1296
9666,9.666,1291
9667,9.667,1296
9668,9.668,1280
9669,9.669,1296
9670,9.67,1289
9671,9.671,1296
9672,9.672,1307
9673,9.673,1296
9674,9.674,1297
9675,9.675,1297
9676,9.676,1298
9677,9.677,1294
9678,9.678,1299
9679,9.679,1296
9680,9.68,1296
9681,9.681,1303
9682,9.682,1295
9683,9.683,1309
9684,9.684,1277
9685,9.685,1287
9686,9.686,1296
9687,9.687,1296
9688,9.688,1298
9689,9.689,1296
9690,9.69,1287
9691,9.691,1291
9692,9.692,1294
9693,9.693,1296
9694,9.694,1296
9695,9.695,1270
9696,9.696,1306
9697,9.697,1296
9698,9.698,1283
9699,9.699,1303
9700,9.7,1298
9701,9.701,1295
9702,9.702,1292
9703,9.703,1298
9704,9.704,1300
9705,9.705,1280
9706,9.706,1283
9707,9.707,1283
9708,9.708,1287
9709,9.709,1284
9710,9.71,1286
9711,9.711,1293
9712,9.712,1296
9713,9.713,1294
9714,9.714,1302
9715,9.715,1285
9716,9.716,1299
9717,9.717,1299
9718,9.718,1301
9719,9.719,1309
9720,9.72,1293
9721,9.721,1317
9722,9.722,1298
9723,9.723,1285
9724,9.724,1295
9725,9.725,1287
9726,9.726,1293
9727,9.727,1285
9728,9.728,1308
9729,9.729,1273
9730,9.73,1294
9731,9.731,1297
9732,9.732,1283
9733,9.733,1287
9734,9.734,1293
9735,9.735,1297
9736,9.736,1299
9737,9.737,1306
9738,9.738,1305
9739,9.739,1303
9740,9.74,1296
9741,9.741,1296
9742,9.742,1290
9743,9.743,1291
9744,9.744,1298
9745,9.745,1283
9746,9.746,1290
9747,9.747,1294
9748,9.748,1287
9749,9.749,1293
9750,9.75,1289
9751,9.751,1342
9752,9.752,1296
9753,9.753,1290
9754,9.754,1285
9755,9.755,1296
9756,9.756,1294
9757,9.757,1293
9758,9.758,1399
9759,9.759,1302
9760,9.76,1296
9761,9.761,1307
9762,9.762,1302
9763,9.763,1296
9764,9.764,1294
9765,9.765,1294
9766,9.766,1296
9767,9.767,1290
9768,9.768,1292
9769,9.769,1289
9770,9.77,1292
9771,9.771,1291
9772,9.772,1293
9773,9.773,1322
9774,9.774,1262
9775,9.775,1295
9776,9.776,1305
9777,9.777,1342
9778,9.778,1269
9779,9.779,1300
9780,9.78,1296
9781,9.781,1297
9782,9.782,1294
9783,9.783,1295
9784,9.784,1314
9785,9.785,1266
9786,9.786,1307
9787,9.787,1216
9788,9.788,1295
9789,9.789,1281
9790,9.79,1296
9791,9.791,1285
9792,9.792,1296
9793,9.793,1305
9794,9.794,1296
9795,9.795,1301
9796,9.796,1296
9797,9.797,1303
9798,9.798,1301
9799,9.799,1261
9800,9.8,1311
9801,9.801,1293
9802,9.802,1296
9803,9.803,1293
9804,9.804,1298
9805,9.805,1289
9806,9.806,1299
9807,9.807,1303
9808,9.808,1291
9809,9.809,1285
9810,9.81,1297
9811,9.811,1293
9812,9.812,1403
9813,9.813,1297
9814,9.814,1296
9815,9.815,1343
9816,9.816,1309
9817,9.817,1301
9818,9.818,1305
9819,9.819,1296
9820,9.82,1296
9821,9.821,1329
9822,9.822,1331
9823,9.823,1295
9824,9.824,1293
9825,9.825,1298
9826,9.826,1287
9827,9.827,1282
9828,9.828,1296
9829,9.829,1293
9830,9.83,1295
9831,9.831,1294
9832,9.832,1296
9833,9.833,1291
9834,9.834,1296
9835,9.835,1299
9836,9.836,1298
9837,9.837,1294
9838,9.838,1296
9839,9.839,1303
9840,9.84,1297
9841,9.841,1301
9842,9.842,1318
9843,9.843,1275
9844,9.844,1289
9845,9.845,1293
9846,9.846,1295
9847,9.847,1287
9848,9.848,1293
9849,9.849,1227
9850,9.85,1289
9851,9.851,1301
9852,9.852,1283
9853,9.853,1296
9854,9.854,1299
9855,9.855,1251
9856,9.856,1296
9857,9.857,1309
9858,9.858,1301
9859,9.859,1300
9860,9.86,1295
9861,9.861,1290
9862,9.862,1296
9863,9.863,1291
9864,9.864,1291
9865,9.865,1283
9866,9.866,1295
9867,9.867,1290
9868,9.868,1290
9869,9.869,1290
9870,9.87,1345
9871,9.871,1294
9872,9.872,1290
9873,9.873,1296
9874,9.874,1233
9875,9.875,1305
9876,9.876,1302
9877,9.877,1296
9878,9.878,1309
9879,9.879,1307
9880,9.88,1298
9881,9.881,1298
9882,9.882,1296
9883,9.883,1301
9884,9.884,1299
9885,9.885,1296
9886,9.886,1290
9887,9.887,1313
9888,9.888,1285
9889,9.889,1296
9890,9.89,1295
9891,9.891,1296
9892,9.892,1292
9893,9.893,1283
9894,9.894,1296
9895,9.895,1303
9896,9.896,1299
9897,9.897,1308
9898,9.898,1305
9899,9.899,1298
9900,9.9,1298
9901,9.901,1300
9902,9.902,1291
9903,9.903,1297
9904,9.904,1301
9905,9.905,1296
9906,9.906,1281
9907,9.907,1296
9908,9.908,1281
9909,9.909,1287
9910,9.91,1328
9911,9.911,1294
9912,9.912,1294
9913,9.913,1294
9914,9.914,1295
9915,9.915,1299
9916,9.916,1280
9917,9.917,1301
9918,9.918,1296
9919,9.919,1297
9920,9.92,1295
9921,9.921,1298
9922,9.922,1294
9923,9.923,1293
9924,9.924,1296
9925,9.925,1287
9926,9.926,1287
9927,9.927,1292
9928,9.928,1295
9929,9.929,1295
9930,9.93,1294
9931,9.931,1290
9932,9.932,1293
9933,9.933,1282
9934,9.934,1308
9935,9.935,1300
9936,9.936,1316
9937,9.937,1271
9938,9.938,1314
9939,9.939,1303
9940,9.94,1280
9941,9.941,1302
9942,9.942,1297
9943,9.943,1303
9944,9.944,1331
9945,9.945,1294
9946,9.946,1285
9947,9.947,1296
9948,9.948,1281
9949,9.949,1283
9950,9.95,1289
9951,9.951,1293
9952,9.952,1296
9953,9.953,1294
9954,9.954,1291
9955,9.955,1296
9956,9.956,1297
9957,9.957,1296
9958,9.958,1307
9959,9.959,1324
9960,9.96,1307
9961,9.961,1296
9962,9.962,1307
9963,9.963,1296
9964,9.964,1291
9965,9.965,1305
9966,9.966,1291
9967,9.967,1297
9968,9.968,1296
9969,9.969,1275
9970,9.97,1296
9971,9.971,1178
9972,9.972,1291
9973,9.973,1296
9974,9.974,1299
9975,9.975,1298
9976,9.976,1297
9977,9.977,1294
9978,9.978,1312
9979,9.979,1296
9980,9.98,1306
9981,9.981,1303
9982,9.982,1299
9983,9.983,1303
9984,9.984,1293
9985,9.985,1303
9986,9.986,1296
9987,9.987,1293
9988,9.988,1308
9989,9.989,1290
9990,9.99,1280
9991,9.991,1291
9992,9.992,1295
9993,9.993,1296
9994,9.994,1295
9995,9.995,1297
9996,9.996,1293
9997,9.997,1303
9998,9.998,1303
9999,9.999,1311
10000,10.0,1301
10001,10.001,1294
10002,10.002,1295
10003,10.003,1310
10004,10.004,1280
10005,10.005,1286
10006,10.006,1265
10007,10.007,1281
10008,10.008,1299
10009,10.009,1285
10010,10.01,1296
10011,10.011,1349
10012,10.012,1297
10013,10.013,1293
10014,10.014,1297
10015,10.015,1280
10016,10.016,1297
10017,10.017,1299
10018,10.018,1300
10019,10.019,1298
10020,10.02,1296
10021,10.021,1298
10022,10.022,1297
10023,10.023,1283
10024,10.024,1287
10025,10.025,1321
10026,10.026,1290
10027,10.027,1292
10028,10.028,1287
10029,10.029,1298
10030,10.03,1288
10031,10.031,1303
10032,10.032,1296
10033,10.033,1284
10034,10.034,1296
10035,10.035,1296
10036,10.036,1296
10037,10.037,1300
10038,10.038,1298
10039,10.039,1328
10040,10.04,1313
10041,10.041,1296
10042,10.042,1291
10043,10.043,1302
10044,10.044,1309
10045,10.045,1333
10046,10.046,1281
10047,10.047,1283
10048,10.048,1290
10049,10.049,1272
10050,10.05,1298
10051,10.051,1292
10052,10.052,1289
10053,10.053,1295
10054,10.054,1296
10055,10.055,1296
10056,10.056,1303
10057,10.057,1305
10058,10.058,1296
10059,10.059,1345
10060,10.06,1331
10061,10.061,1309
10062,10.062,1296
10063,10.063,1292
10064,10.064,1296
10065,10.065,1294
10066,10.066,1284
10067,10.067,1292
10068,10.068,1289
10069,10.069,1283
10070,10.07,1281
10071,10.071,1289
10072,10.072,1281
10073,10.073,1295
10074,10.074,1300
10075,10.075,1296
10076,10.076,1314
10077,10.077,1279
10078,10.078,1313
10079,10.079,1273
10080,10.08,1297
10081,10.081,1309
10082,10.082,1302
10083,10.083,1306
10084,10.084,1293
10085,10.085,1287
10086,10.086,1291
10087,10.087,1309
10088,10.088,1291
10089,10.089,1286
10090,10.09,1285
10091,10.091,1294
10092,10.092,1299
10093,10.093,1302
10094,10.094,1286
10095,10.095,1287
10096,10.096,1295
10097,10.097,1307
10098,10.098,1282
10099,10.099,1298
10100,10.1,1298
10101,10.101,1303
10102,10.102,1308
10103,10.103,1315
10104,10.104,1297
10105,10.105,1286
10106,10.106,1303
10107,10.107,1264
10108,10.108,1296
10109,10.109,1297
10110,10.11,1296
10111,10.111,1296
10112,10.112,1301
10113,10.113,1301
10114,10.114,1282
10115,10.115,1306
10116,10.116,1286
10117,10.117,1303
10118,10.118,1296
10119,10.119,1302
10120,10.12,1305
10121,10.121,1299
10122,10.122,1295
10123,10.123,1302
10124,10.124,1262
10125,10.125,1296
10126,10.126,1284
10127,10.127,1284
10128,10.128,1282
10129,10.129,1374
10130,10.13,1295
10131,10.131,1308
10132,10.132,1297
10133,10.133,1301
10134,10.134,1294
10135,10.135,1287
10136,10.136,1283
10137,10.137,1246
10138,10.138,1290
10139,10.139,1303
10140,10.14,1316
10141,10.141,1308
10142,10.142,1299
10143,10.143,1296
10144,10.144,1250
10145,10.145,1266
10146,10.146,1287
10147,10.147,1389
10148,10.148,1301
10149,10.149,1293
10150,10.15,1291
10151,10.151,1253
10152,10.152,1285
10153,10.153,1297
10154,10.154,1283
10155,10.155,1296
10156,10.156,1296
10157,10.157,1231
10158,10.158,1306
10159,10.159,1297
10160,10.16,1301
10161,10.161,1305
10162,10.162,1332
10163,10.163,1306
10164,10.164,1298
10165,10.165,1295
10166,10.166,1287
10167,10.167,1285
10168,10.168,1297
10169,10.169,1323
10170,10.17,1296
10171,10.171,1296
10172,10.172,1296
10173,10.173,1296
10174,10.174,1291
10175,10.175,1296
10176,10.176,1314
10177,10.177,1308
10178,10.178,1311
10179,10.179,1309
10180,10.18,1303
10181,10.181,1295
10182,10.182,1307
10183,10.183,1298
10184,10.184,1299
10185,10.185,1300
10186,10.186,1294
10187,10.187,1290
10188,10.188,1297
10189,10.189,1290
10190,10.19,1295
10191,10.191,1293
10192,10.192,1213
10193,10.193,1291
10194,10.194,1296
10195,10.195,1299
10196,10.196,1302
10197,10.197,1295
10198,10.198,1296
10199,10.199,1300
10200,10.2,1297
10201,10.201,1297
10202,10.202,1296
10203,10.203,1288
10204,10.204,1293
10205,10.205,1285
10206,10.206,1283
10207,10.207,1283
10208,10.208,1293
10209,10.209,1289
10210,10.21,1291
10211,10.211,1293
10212,10.212,1296
10213,10.213,1296
10214,10.214,1301
10215,10.215,1295
10216,10.216,1302
10217,10.217,1296
10218,10.218,1232
10219,10.219,1302
10220,10.22,1287
10221,10.221,1296
10222,10.222,1291
10223,10.223,1286
10224,10.224,1313
10225,10.225,1291
10226,10.226,1284
10227,10.227,1293
10228,10.228,1296
10229,10.229,1310
10230,10.23,1294
10231,10.231,1284
10232,10.232,1293
10233,10.233,1293
10234,10.234,1307
10235,10.235,1312
10236,10.236,1300
10237,10.237,1296
10238,10.238,1290
10239,10.239,1297
10240,10.24,1267
10241,10.241,1289
10242,10.242,1296
10243,10.243,1296
10244,10.244,1330
10245,10.245,1296
10246,10.246,1262
10247,10.247,1253
10248,10.248,1250
10249,10.249,1266
10250,10.25,1296
10251,10.251,1312
10252,10.252,1297
10253,10.253,1312
10254,10.254,1307
10255,10.255,1271
10256,10.256,1278
10257,10.257,1281
10258,10.258,1318
10259,10.259,1324
10260,10.26,1281
10261,10.261,1319
10262,10.262,1299
10263,10.263,1267
10264,10.264,1297
10265,10.265,1282
10266,10.266,1267
10267,10.267,1263
10268,10.268,1214
10269,10.269,1234
10270,10.27,1257
10271,10.271,1271
10272,10.272,1279
10273,10.273,1321
10274,10.274,1334
10275,10.275,1346
10276,10.276,1328
10277,10.277,1293
10278,10.278,1245
10279,10.279,1244
10280,10.28,1263
10281,10.281,1335
10282,10.282,1283
10283,10.283,1155
10284,10.284,1171
10285,10.285,1280
10286,10.286,1349
10287,10.287,1360
10288,10.288,1306
10289,10.289,1279
10290,10.29,1258
10291,10.291,1254
10292,10.292,1285
10293,10.293,1306
10294,10.294,1338
10295,10.295,1408
10296,10.296,1450
10297,10.297,1426
10298,10.298,1354
10299,10.299,1314
10300,10.3,1320
10301,10.301,1426
10302,10.302,1443
10303,10.303,1437
10304,10.304,1393
10305,10.305,1341
10306,10.306,1256
10307,10.307,1133
10308,10.308,1135
10309,10.309,1183
10310,10.31,1231
10311,10.311,1283
10312,10.312,1263
10313,10.313,1279
10314,10.314,1264
10315,10.315,1309
10316,10.316,1328
10317,10.317,1285
10318,10.318,1277
10319,10.319,1296
10320,10.32,1334
10321,10.321,1363
10322,10.322,1376
10323,10.323,1392
10324,10.324,1410
10325,10.325,1439
10326,10.326,1369
10327,10.327,1201
10328,10.328,1175
10329,10.329,1278
10330,10.33,1269
10331,10.331,1273
10332,10.332,1394
10333,10.333,1443
10334,10.334,1423
10335,10.335,1424
10336,10.336,1424
10337,10.337,1375
10338,10.338,1360
10339,10.339,1309
10340,10.34,1115
10341,10.341,1053
10342,10.342,1228
10343,10.343,1296
10344,10.344,1163
10345,10.345,1121
10346,10.346,1256
10347,10.347,1346
10348,10.348,1299
10349,10.349,1330
10350,10.35,1433
10351,10.351,1398
10352,10.352,1413
10353,10.353,1379
10354,10.354,1232
10355,10.355,1131
10356,10.356,1178
10357,10.357,1262
10358,10.358,1447
10359,10.359,1517
10360,10.36,1469
10361,10.361,1392
10362,10.362,1241
10363,10.363,1141
10364,10.364,1281
10365,10.365,1649
10366,10.366,1757
10367,10.367,1605
10368,10.368,1328
10369,10.369,941
10370,10.37,878
10371,10.371,1264
10372,10.372,1435
10373,10.373,1407
10374,10.374,1280
10375,10.375,1099
10376,10.376,1072
10377,10.377,1051
10378,10.378,1105
10379,10.379,1342
10380,10.38,1444
10381,10.381,1446
10382,10.382,1363
10383,10.383,1301
10384,10.384,1278
10385,10.385,1423
10386,10.386,1455
10387,10.387,1413
10388,10.388,1349
10389,10.389,1230
10390,10.39,1261
10391,10.391,1258
10392,10.392,1237
10393,10.393,1372
10394,10.394,1501
10395,10.395,1527
10396,10.396,1349
10397,10.397,1201
10398,10.398,1255
10399,10.399,1393
10400,10.4,1471
10401,10.401,1535
10402,10.402,1502
10403,10.403,1426
10404,10.404,1332
10405,10.405,1072
10406,10.406,975
10407,10.407,1181
10408,10.408,1328
10409,10.409,1407
10410,10.41,1387
10411,10.411,1266
10412,10.412,1216
10413,10.413,1169
10414,10.414,1218
10415,10.415,1291
10416,10.416,1311
10417,10.417,1231
10418,10.418,1223
10419,10.419,1249
10420,10.42,1376
10421,10.421,1492
10422,10.422,1582
10423,10.423,1564
10424,10.424,1339
10425,10.425,1174
10426,10.426,1158
10427,10.427,1297
10428,10.428,1466
10429,10.429,1591
10430,10.43,1471
10431,10.431,1354
10432,10.432,1256
10433,10.433,1171
10434,10.434,1093
10435,10.435,1174
10436,10.436,1447
10437,10.437,1415
10438,10.438,1264
10439,10.439,995
10440,10.44,1023
10441,10.441,1139
10442,10.442,1282
10443,10.443,1413
10444,10.444,1660
10445,10.445,1662
10446,10.446,1461
10447,10.447,1319
10448,10.448,1265
10449,10.449,1194
10450,10.45,1102
10451,10.451,1169
10452,10.452,1321
10453,10.453,1507
10454,10.454,1599
10455,10.455,1415
10456,10.456,1226
10457,10.457,1194
10458,10.458,1011
10459,10.459,1042
10460,10.46,1149
10461,10.461,1369
10462,10.462,1583
10463,10.463,1568
10464,10.464,1478
10465,10.465,1354
10466,10.466,1330
10467,10.467,1333
10468,10.468,1372
10469,10.469,1295
10470,10.47,1258
10471,10.471,1212
10472,10.472,1210
10473,10.473,1228
10474,10.474,1288
10475,10.475,1308
10476,10.476,1365
10477,10.477,1426
10478,10.478,1367
10479,10.479,1377
10480,10.48,1350
10481,10.481,1296
10482,10.482,1268
10483,10.483,1232
10484,10.484,1205
10485,10.485,1238
10486,10.486,1251
10487,10.487,1339
10488,10.488,1278
10489,10.489,1257
10490,10.49,1383
10491,10.491,1392
10492,10.492,1283
10493,10.493,1201
10494,10.494,1296
10495,10.495,1375
10496,10.496,1366
10497,10.497,1327
10498,10.498,1227
10499,10.499,1319
10500,10.5,1357
10501,10.501,1349
10502,10.502,1277
10503,10.503,1197
10504,10.504,1258
10505,10.505,1291
10506,10.506,1299
10507,10.507,1302
10508,10.508,1261
10509,10.509,1232
10510,10.51,1298
10511,10.511,1450
10512,10.512,1484
10513,10.513,1358
10514,10.514,1309
10515,10.515,1129
10516,10.516,1094
10517,10.517,1200
10518,10.518,1313
10519,10.519,1319
10520,10.52,1273
10521,10.521,1296
10522,10.522,1322
10523,10.523,1258
10524,10.524,1221
10525,10.525,1229
10526,10.526,1229
10527,10.527,1254
10528,10.528,1346
10529,10.529,1297
10530,10.53,1114
10531,10.531,1296
10532,10.532,1676
10533,10.533,1838
10534,10.534,1643
10535,10.535,1510
10536,10.536,1301
10537,10.537,1083
10538,10.538,1011
10539,10.539,1195
10540,10.54,1360
10541,10.541,1221
10542,10.542,1228
10543,10.543,1222
10544,10.544,1200
10545,10.545,1279
10546,10.546,1393
10547,10.547,1394
10548,10.548,1360
10549,10.549,1296
10550,10.55,1485
10551,10.551,1499
10552,10.552,1375
10553,10.553,1232
10554,10.554,1017
10555,10.555,1040
10556,10.556,1163
10557,10.557,1415
10558,10.558,1471
10559,10.559,1411
10560,10.56,1334
10561,10.561,1478
10562,10.562,1684
10563,10.563,1687
10564,10.564,1478
10565,10.565,1237
10566,10.566,1035
10567,10.567,791
10568,10.568,817
10569,10.569,1175
10570,10.57,1347
10571,10.571,1373
10572,10.572,1291
10573,10.573,1307
10574,10.574,1314
10575,10.575,1359
10576,10.576,1345
10577,10.577,1314
10578,10.578,1269
10579,10.579,1279
10580,10.58,1274
10581,10.581,1281
10582,10.582,1296
10583,10.583,1398
10584,10.584,1424
10585,10.585,1363
10586,10.586,1417
10587,10.587,1578
10588,10.588,1759
10589,10.589,1690
10590,10.59,1303
10591,10.591,1337
10592,10.592,1332
10593,10.593,954
10594,10.594,702
10595,10.595,906
10596,10.596,1230
10597,10.597,1342
10598,10.598,1386
10599,10.599,1314
10600,10.6,1225
10601,10.601,1340
10602,10.602,1351
10603,10.603,1262
10604,10.604,1232
10605,10.605,1379
10606,10.606,1417
10607,10.607,1363
10608,10.608,1438
10609,10.609,1408
10610,10.61,1302
10611,10.611,1259
10612,10.612,1605
10613,10.613,1792
10614,10.614,1590
10615,10.615,1185
10616,10.616,935
10617,10.617,912
10618,10.618,1046
10619,10.619,1133
10620,10.62,1289
10621,10.621,1588
10622,10.622,1675
10623,10.623,1400
10624,10.624,1168
10625,10.625,1138
10626,10.626,1095
10627,10.627,1126
10628,10.628,1217
10629,10.629,1289
10630,10.63,1357
10631,10.631,1388
10632,10.632,1446
10633,10.633,1345
10634,10.634,1281
10635,10.635,1399
10636,10.636,1387
10637,10.637,1392
10638,10.638,1333
10639,10.639,1344
10640,10.64,1321
10641,10.641,1296
10642,10.642,1261
10643,10.643,1114
10644,10.644,1154
10645,10.645,1232
10646,10.646,1360
10647,10.647,1347
10648,10.648,1355
10649,10.649,1392
10650,10.65,1519
10651,10.651,1312
10652,10.652,1203
10653,10.653,1317
10654,10.654,1221
10655,10.655,1125
10656,10.656,1055
10657,10.657,1120
10658,10.658,1367
10659,10.659,1486
10660,10.66,1445
10661,10.661,1379
10662,10.662,1277
10663,10.663,1338
10664,10.664,1274
10665,10.665,1218
10666,10.666,1249
10667,10.667,1363
10668,10.668,1456
10669,10.669,1398
10670,10.67,1297
10671,10.671,1265
10672,10.672,1297
10673,10.673,1299
10674,10.674,1265
10675,10.675,1334
10676,10.676,1418
10677,10.677,1334
10678,10.678,1264
10679,10.679,1264
10680,10.68,1270
10681,10.681,1232
10682,10.682,1315
10683,10.683,1426
10684,10.684,1411
10685,10.685,1239
10686,10.686,1216
10687,10.687,1173
10688,10.688,1207
10689,10.689,1280
10690,10.69,1261
10691,10.691,1344
10692,10.692,1371
10693,10.693,1341
10694,10.694,1437
10695,10.695,1302
10696,10.696,1294
10697,10.697,1319
10698,10.698,1314
10699,10.699,1270
10700,10.7,1187
10701,10.701,1129
10702,10.702,1127
10703,10.703,1249
10704,10.704,1269
10705,10.705,1363
10706,10.706,1415
10707,10.707,1391
10708,10.708,1328
10709,10.709,1232
10710,10.71,1296
10711,10.711,1341
10712,10.712,1361
10713,10.713,1168
10714,10.714,1238
10715,10.715,1334
10716,10.716,1200
10717,10.717,1322
10718,10.718,1387
10719,10.719,1391
10720,10.72,1267
10721,10.721,1205
10722,10.722,1200
10723,10.723,1243
10724,10.724,1355
10725,10.725,1327
10726,10.726,1287
10727,10.727,1311
10728,10.728,1339
10729,10.729,1395
10730,10.73,1249
10731,10.731,1232
10732,10.732,1200
10733,10.733,1285
10734,10.734,1234
10735,10.735,1235
10736,10.736,1334
10737,10.737,1467
10738,10.738,1584
10739,10.739,1312
10740,10.74,1150
10741,10.741,1168
10742,10.742,1311
10743,10.743,1350
10744,10.744,1218
10745,10.745,1126
10746,10.746,1199
10747,10.747,1207
10748,10.748,1222
10749,10.749,1278
10750,10.75,1411
10751,10.751,1535
10752,10.752,1379
10753,10.753,1299
10754,10.754,1263
10755,10.755,1253
10756,10.756,1254
10757,10.757,1235
10758,10.758,1136
10759,10.759,1040
10760,10.76,1200
10761,10.761,1467
10762,10.762,1495
10763,10.763,1360
10764,10.764,1347
10765,10.765,1357
10766,10.766,1435
10767,10.767,1404
10768,10.768,1312
10769,10.769,1269
10770,10.77,1280
10771,10.771,1297
10772,10.772,1291
10773,10.773,1221
10774,10.774,1328
10775,10.775,1337
10776,10.776,1241
10777,10.777,1309
10778,10.778,1264
10779,10.779,1280
10780,10.78,1229
10781,10.781,1222
10782,10.782,1287
10783,10.783,1311
10784,10.784,1339
10785,10.785,1297
10786,10.786,1337
10787,10.787,1455
10788,10.788,1430
10789,10.789,1211
10790,10.79,1147
10791,10.791,1179
10792,10.792,1168
10793,10.793,1232
10794,10.794,1296
10795,10.795,1370
10796,10.796,1364
10797,10.797,1289
10798,10.798,1188
10799,10.799,1257
10800,10.8,1414
10801,10.801,1387
10802,10.802,1397
10803,10.803,1469
10804,10.804,1393
10805,10.805,1279
10806,10.806,1251
10807,10.807,1099
10808,10.808,1225
10809,10.809,1232
10810,10.81,1215
10811,10.811,1183
10812,10.812,1223
10813,10.813,1353
10814,10.814,1277
10815,10.815,1360
10816,10.816,1415
10817,10.817,1433
10818,10.818,1375
10819,10.819,1250
10820,10.82,1238
10821,10.821,1220
10822,10.822,1289
10823,10.823,1423
10824,10.824,1230
10825,10.825,1249
10826,10.826,1411
10827,10.827,1333
10828,10.828,1152
10829,10.829,1245
10830,10.83,1250
10831,10.831,1229
10832,10.832,1246
10833,10.833,1263
10834,10.834,1324
10835,10.835,1301
10836,10.836,1314
10837,10.837,1344
10838,10.838,1423
10839,10.839,1415
10840,10.84,1344
10841,10.841,1242
10842,10.842,1277
10843,10.843,1243
10844,10.844,1257
10845,10.845,1211
10846,10.846,1189
10847,10.847,1249
10848,10.848,1333
10849,10.849,1327
10850,10.85,1347
10851,10.851,1427
10852,10.852,1403
10853,10.853,1340
10854,10.854,1296
10855,10.855,1331
10856,10.856,1281
10857,10.857,1113
10858,10.858,1217
10859,10.859,1235
10860,10.86,1177
10861,10.861,1318
10862,10.862,1372
10863,10.863,1354
10864,10.864,1296
10865,10.865,1275
10866,10.866,1327
10867,10.867,1314
10868,10.868,1312
10869,10.869,1311
10870,10.87,1422
10871,10.871,1380
10872,10.872,1189
10873,10.873,1137
10874,10.874,1196
10875,10.875,1237
10876,10.876,1325
10877,10.877,1365
10878,10.878,1396
10879,10.879,1390
10880,10.88,1329
10881,10.881,1206
10882,10.882,1232
10883,10.883,1293
10884,10.884,1293
10885,10.885,1274
10886,10.886,1211
10887,10.887,1143
10888,10.888,1246
10889,10.889,1338
10890,10.89,1321
10891,10.891,1239
10892,10.892,1307
10893,10.893,1315
10894,10.894,1337
10895,10.895,1325
10896,10.896,1319
10897,10.897,1388
10898,10.898,1381
10899,10.899,1334
10900,10.9,1329
10901,10.901,1247
10902,10.902,1119
10903,10.903,1153
10904,10.904,1250
10905,10.905,1337
10906,10.906,1264
10907,10.907,1200
10908,10.908,1328
10909,10.909,1347
10910,10.91,1297
10911,10.911,1325
10912,10.912,1365
10913,10.913,1392
10914,10.914,1267
10915,10.915,1235
10916,10.916,1317
10917,10.917,1328
10918,10.918,1269
10919,10.919,1143
10920,10.92,1277
10921,10.921,1391
10922,10.922,1433
10923,10.923,1456
10924,10.924,1344
10925,10.925,1296
10926,10.926,1146
10927,10.927,1158
10928,10.928,1239
10929,10.929,1278
10930,10.93,1264
10931,10.931,1302
10932,10.932,1344
10933,10.933,1357
10934,10.934,1264
10935,10.935,1247
10936,10.936,1296
10937,10.937,1373
10938,10.938,1343
10939,10.939,1243
10940,10.94,1159
10941,10.941,1222
10942,10.942,1265
10943,10.943,1330
10944,10.944,1347
10945,10.945,1323
10946,10.946,1251
10947,10.947,1260
10948,10.948,1277
10949,10.949,1299
10950,10.95,1280
10951,10.951,1327
10952,10.952,1324
10953,10.953,1318
10954,10.954,1279
10955,10.955,1289
10956,10.956,1294
10957,10.957,1303
10958,10.958,1283
10959,10.959,1239
10960,10.96,1243
10961,10.961,1295
10962,10.962,1340
10963,10.963,1323
10964,10.964,1280
10965,10.965,1296
10966,10.966,1291
10967,10.967,1216
10968,10.968,1119
10969,10.969,1147
10970,10.97,1291
10971,10.971,1535
10972,10.972,1429
10973,10.973,1247
10974,10.974,1216
10975,10.975,1315
10976,10.976,1358
10977,10.977,1392
10978,10.978,1394
10979,10.979,1370
10980,10.98,1270
10981,10.981,1215
10982,10.982,1215
10983,10.983,1243
10984,10.984,1309
10985,10.985,1346
10986,10.986,1273
10987,10.987,1151
10988,10.988,1117
10989,10.989,1405
10990,10.99,1525
10991,10.991,1386
10992,10.992,1232
10993,10.993,1243
10994,10.994,1233
10995,10.995,1269
10996,10.996,1321
10997,10.997,1279
10998,10.998,1295
10999,10.999,1345
11000,11.0,1395
11001,11.001,1367
11002,11.002,1382
11003,11.003,1311
11004,11.004,1236
11005,11.005,1203
11006,11.006,1280
11007,11.007,1334
11008,11.008,1263
11009,11.009,1262
11010,11.01,1298
11011,11.011,1252
11012,11.012,1344
11013,11.013,1261
11014,11.014,1296
11015,11.015,1259
11016,11.016,1287
11017,11.017,1427
11018,11.018,1501
11019,11.019,1273
11020,11.02,1253
11021,11.021,1238
11022,11.022,1126
11023,11.023,1230
11024,11.024,1296
11025,11.025,1406
11026,11.026,1401
11027,11.027,1325
11028,11.028,1283
11029,11.029,1360
11030,11.03,1339
11031,11.031,1215
11032,11.032,1205
11033,11.033,1225
11034,11.034,1280
11035,11.035,1312
11036,11.036,1301
11037,11.037,1164
11038,11.038,1335
11039,11.039,1457
11040,11.04,1407
11041,11.041,1344
11042,11.042,1353
11043,11.043,1323
11044,11.044,1302
11045,11.045,1342
11046,11.046,1279
11047,11.047,1115
11048,11.048,1399
11049,11.049,1297
11050,11.05,1349
11051,11.051,1414
11052,11.052,1310
11053,11.053,1216
11054,11.054,1159
11055,11.055,1216
11056,11.056,1219
11057,11.057,1243
11058,11.058,1347
11059,11.059,1323
11060,11.06,1251
11061,11.061,1187
11062,11.062,1247
11063,11.063,1535
11064,11.064,1519
11065,11.065,1354
11066,11.066,1296
11067,11.067,1203
11068,11.068,1258
11069,11.069,1172
11070,11.07,1210
11071,11.071,1249
11072,11.072,1318
11073,11.073,1326
11074,11.074,1339
11075,11.075,1286
11076,11.076,1230
11077,11.077,1265
11078,11.078,1360
11079,11.079,1328
11080,11.08,1263
11081,11.081,1290
11082,11.082,1296
11083,11.083,1297
11084,11.084,1375
11085,11.085,1331
11086,11.086,1266
11087,11.087,1219
11088,11.088,1122
11089,11.089,1328
11090,11.09,1337
11091,11.091,1261
11092,11.092,1234
11093,11.093,1312
11094,11.094,1315
11095,11.095,1228
11096,11.096,1089
11097,11.097,1261
11098,11.098,1343
11099,11.099,1347
11100,11.1,1264
11101,11.101,1221
11102,11.102,1171
11103,11.103,1325
11104,11.104,1351
11105,11.105,1414
11106,11.106,1504
11107,11.107,1485
11108,11.108,1392
11109,11.109,1226
11110,11.11,1123
11111,11.111,1108
11112,11.112,1235
11113,11.113,1265
11114,11.114,1325
11115,11.115,1337
11116,11.116,1333
11117,11.117,1297
11118,11.118,1251
11119,11.119,1200
11120,11.12,1264
11121,11.121,1311
11122,11.122,1264
11123,11.123,1370
11124,11.124,1397
11125,11.125,1419
11126,11.126,1379
11127,11.127,1299
11128,11.128,1287
11129,11.129,1236
11130,11.13,1207
11131,11.131,1237
11132,11.132,1331
11133,11.133,1388
11134,11.134,1344
11135,11.135,1325
11136,11.136,1277
11137,11.137,1296
11138,11.138,1232
11139,11.139,1250
11140,11.14,1315
11141,11.141,1347
11142,11.142,1278
11143,11.143,1262
11144,11.144,1249
11145,11.145,1265
11146,11.146,1280
11147,11.147,1267
11148,11.148,1301
11149,11.149,1270
11150,11.15,1184
11151,11.151,1213
11152,11.152,1371
11153,11.153,1447
11154,11.154,1430
11155,11.155,1339
11156,11.156,1238
11157,11.157,1123
11158,11.158,1122
11159,11.159,1219
11160,11.16,1410
11161,11.161,1447
11162,11.162,1378
11163,11.163,1328
11164,11.164,1216
11165,11.165,1140
11166,11.166,1201
11167,11.167,1301
11168,11.168,1330
11169,11.169,1311
11170,11.17,1341
11171,11.171,1331
11172,11.172,1305
11173,11.173,1240
11174,11.174,1441
11175,11.175,1430
11176,11.176,1362
11177,11.177,1264
11178,11.178,1171
11179,11.179,1250
11180,11.18,1328
11181,11.181,1339
11182,11.182,1302
11183,11.183,1296
11184,11.184,1387
11185,11.185,1403
11186,11.186,1334
11187,11.187,1296
11188,11.188,1230
11189,11.189,1149
11190,11.19,1159
11191,11.191,1135
11192,11.192,1064
11193,11.193,1135
11194,11.194,1342
11195,11.195,1623
11196,11.196,1668
11197,11.197,1357
11198,11.198,1299
11199,11.199,1254
11200,11.2,1199
11201,11.201,1263
11202,11.202,1255
11203,11.203,1315
11204,11.204,1383
11205,11.205,1404
11206,11.206,1353
11207,11.207,1226
11208,11.208,1106
11209,11.209,1156
11210,11.21,1191
11211,11.211,1266
11212,11.212,1323
11213,11.213,1424
11214,11.214,1471
11215,11.215,1450
11216,11.216,1423
11217,11.217,1373
11218,11.218,1310
11219,11.219,1298
11220,11.22,1295
11221,11.221,1335
11222,11.222,1280
11223,11.223,1169
11224,11.224,1238
11225,11.225,1337
11226,11.226,1262
11227,11.227,1249
11228,11.228,1282
11229,11.229,1337
11230,11.23,1361
11231,11.231,1298
11232,11.232,1232
11233,11.233,1375
11234,11.234,1323
11235,11.235,1232
11236,11.236,1249
11237,11.237,1222
11238,11.238,1203
11239,11.239,1312
11240,11.24,1369
11241,11.241,1343
11242,11.242,1244
11243,11.243,1250
11244,11.244,1275
11245,11.245,1290
11246,11.246,1296
11247,11.247,1293
11248,11.248,1301
11249,11.249,1311
11250,11.25,1317
11251,11.251,1305
11252,11.252,1225
11253,11.253,1161
11254,11.254,1131
11255,11.255,1283
11256,11.256,1351
11257,11.257,1429
11258,11.258,1443
11259,11.259,1382
11260,11.26,1382
11261,11.261,1406
11262,11.262,1354
11263,11.263,1151
11264,11.264,1202
11265,11.265,1287
11266,11.266,1298
11267,11.267,1295
11268,11.268,1253
11269,11.269,1247
11270,11.27,1232
11271,11.271,1252
11272,11.272,1214
11273,11.273,1377
11274,11.274,1289
11275,11.275,1279
11276,11.276,1342
11277,11.277,1328
11278,11.278,1269
11279,11.279,1235
11280,11.28,1314
11281,11.281,1382
11282,11.282,1267
11283,11.283,1306
11284,11.284,1343
11285,11.285,1339
11286,11.286,1293
11287,11.287,1237
11288,11.288,1257
11289,11.289,1232
11290,11.29,1314
11291,11.291,1347
11292,11.292,1359
11293,11.293,1348
11294,11.294,1234
11295,11.295,1226
11296,11.296,1329
11297,11.297,1318
11298,11.298,1245
11299,11.299,1227
11300,11.3,1182
11301,11.301,1278
11302,11.302,1287
11303,11.303,1299
11304,11.304,1296
11305,11.305,1306
11306,11.306,1289
11307,11.307,1246
11308,11.308,1242
11309,11.309,1262
11310,11.31,1273
11311,11.311,1360
11312,11.312,1350
11313,11.313,1374
11314,11.314,1381
11315,11.315,1346
11316,11.316,1339
11317,11.317,1365
11318,11.318,1282
11319,11.319,1232
11320,11.32,1239
11321,11.321,1241
11322,11.322,1264
11323,11.323,1275
11324,11.324,1266
11325,11.325,1275
11326,11.326,1250
11327,11.327,1259
11328,11.328,1264
11329,11.329,1290
11330,11.33,1328
11331,11.331,1335
11332,11.332,1344
11333,11.333,1322
11334,11.334,1269
11335,11.335,1299
11336,11.336,1276
11337,11.337,1244
11338,11.338,1248
11339,11.339,1259
11340,11.34,1326
11341,11.341,1344
11342,11.342,1313
11343,11.343,1296
11344,11.344,1290
11345,11.345,1264
11346,11.346,1310
11347,11.347,1376
11348,11.348,1377
11349,11.349,1328
11350,11.35,1218
11351,11.351,1152
11352,11.352,1196
11353,11.353,1211
11354,11.354,1159
11355,11.355,1221
11356,11.356,1303
11357,11.357,1444
11358,11.358,1462
11359,11.359,1338
11360,11.36,1264
11361,11.361,1171
11362,11.362,1232
11363,11.363,1347
11364,11.364,1414
11365,11.365,1399
11366,11.366,1390
11367,11.367,1472
11368,11.368,1394
11369,11.369,1239
11370,11.37,1158
11371,11.371,1235
11372,11.372,1270
11373,11.373,1243
11374,11.374,1203
11375,11.375,1250
11376,11.376,1276
11377,11.377,1322
11378,11.378,1321
11379,11.379,1229
11380,11.38,1281
11381,11.381,1328
11382,11.382,1280
11383,11.383,1317
11384,11.384,1431
11385,11.385,1514
11386,11.386,1232
11387,11.387,1039
11388,11.388,1163
11389,11.389,1328
11390,11.39,1436
11391,11.391,1382
11392,11.392,1264
11393,11.393,1247
11394,11.394,1309
11395,11.395,1355
11396,11.396,1352
11397,11.397,1280
11398,11.398,1186
11399,11.399,1266
11400,11.4,1387
11401,11.401,1458
11402,11.402,1446
11403,11.403,1327
11404,11.404,1264
11405,11.405,1232
11406,11.406,1232
11407,11.407,1279
11408,11.408,1323
11409,11.409,1264
11410,11.41,1175
11411,11.411,1200
11412,11.412,1330
11413,11.413,1319
11414,11.414,1302
11415,11.415,1313
11416,11.416,1314
11417,11.417,1299
11418,11.418,1302
11419,11.419,1337
11420,11.42,1315
11421,11.421,1328
11422,11.422,1355
11423,11.423,1342
11424,11.424,1299
11425,11.425,1253
11426,11.426,1259
11427,11.427,1299
11428,11.428,1235
11429,11.429,1253
11430,11.43,1328
11431,11.431,1296
11432,11.432,1252
11433,11.433,1238
11434,11.434,1298
11435,11.435,1363
11436,11.436,1388
11437,11.437,1404
11438,11.438,1229
11439,11.439,1207
11440,11.44,1219
11441,11.441,1264
11442,11.442,1279
11443,11.443,1291
11444,11.444,1319
11445,11.445,1333
11446,11.446,1360
11447,11.447,1251
11448,11.448,1250
11449,11.449,1313
11450,11.45,1274
11451,11.451,1232
11452,11.452,1267
11453,11.453,1307
11454,11.454,1287
11455,11.455,1259
11456,11.456,1301
11457,11.457,1328
11458,11.458,1325
11459,11.459,1297
11460,11.46,1378
11461,11.461,1431
11462,11.462,1322
11463,11.463,1189
11464,11.464,1152
11465,11.465,1136
11466,11.466,1148
11467,11.467,1263
11468,11.468,1392
11469,11.469,1429
11470,11.47,1386
11471,11.471,1359
11472,11.472,1267
11473,11.473,1294
11474,11.474,1285
11475,11.475,1230
11476,11.476,1249
11477,11.477,1340
11478,11.478,1361
11479,11.479,1315
11480,11.48,1294
11481,11.481,1202
11482,11.482,1237
11483,11.483,1381
11484,11.484,1363
11485,11.485,1278
11486,11.486,1321
11487,11.487,1333
11488,11.488,1439
11489,11.489,1395
11490,11.49,1258
11491,11.491,1254
11492,11.492,1264
11493,11.493,1299
11494,11.494,1217
11495,11.495,1216
11496,11.496,1319
11497,11.497,1289
11498,11.498,1313
11499,11.499,1341
11500,11.5,1355
11501,11.501,1329
11502,11.502,1290
11503,11.503,1295
11504,11.504,1221
11505,11.505,1206
11506,11.506,1250
11507,11.507,1296
11508,11.508,1351
11509,11.509,1319
11510,11.51,1292
11511,11.511,1328
11512,11.512,1283
11513,11.513,1249
11514,11.514,1229
11515,11.515,1283
11516,11.516,1169
11517,11.517,1319
11518,11.518,1268
11519,11.519,1307
11520,11.52,1377
11521,11.521,1424
11522,11.522,1296
11523,11.523,1158
11524,11.524,1200
11525,11.525,1335
11526,11.526,1371
11527,11.527,1294
11528,11.528,1219
11529,11.529,1233
11530,11.53,1275
11531,11.531,1345
11532,11.532,1351
11533,11.533,1279
11534,11.534,1247
11535,11.535,1271
11536,11.536,1241
11537,11.537,1201
11538,11.538,1167
11539,11.539,1297
11540,11.54,1382
11541,11.541,1387
11542,11.542,1401
11543,11.543,1329
11544,11.544,1356
11545,11.545,1293
11546,11.546,1148
11547,11.547,1245
11548,11.548,1314
11549,11.549,1266
11550,11.55,1324
11551,11.551,1362
11552,11.552,1361
11553,11.553,1332
11554,11.554,1135
11555,11.555,1264
11556,11.556,1267
11557,11.557,1210
11558,11.558,1213
11559,11.559,1244
11560,11.56,1338
11561,11.561,1327
11562,11.562,1355
11563,11.563,1361
11564,11.564,1362
11565,11.565,1270
11566,11.566,1218
11567,11.567,1247
11568,11.568,1270
11569,11.569,1297
11570,11.57,1306
11571,11.571,1354
11572,11.572,1344
11573,11.573,1337
11574,11.574,1318
11575,11.575,1216
11576,11.576,1242
11577,11.577,1322
11578,11.578,1264
11579,11.579,1200
11580,11.58,1238
11581,11.581,1352
11582,11.582,1489
11583,11.583,1440
11584,11.584,1328
11585,11.585,1284
11586,11.586,1309
11587,11.587,1315
11588,11.588,1300
11589,11.589,1287
11590,11.59,1271
11591,11.591,1237
11592,11.592,1237
11593,11.593,1241
11594,11.594,1257
11595,11.595,1273
11596,11.596,1211
11597,11.597,1331
11598,11.598,1408
11599,11.599,1385
11600,11.6,1339
11601,11.601,1290
11602,11.602,1216
11603,11.603,1169
11604,11.604,1167
11605,11.605,1207
11606,11.606,1273
11607,11.607,1360
11608,11.608,1372
11609,11.609,1281
11610,11.61,1215
11611,11.611,1238
11612,11.612,1328
11613,11.613,1454
11614,11.614,1453
11615,11.615,1342
11616,11.616,1296
11617,11.617,1297
11618,11.618,1294
11619,11.619,1298
11620,11.62,1273
11621,11.621,1247
11622,11.622,1249
11623,11.623,1262
11624,11.624,1353
11625,11.625,1387
11626,11.626,1415
11627,11.627,1355
11628,11.628,1307
11629,11.629,1261
11630,11.63,1235
11631,11.631,1265
11632,11.632,1309
11633,11.633,1345
11634,11.634,1339
11635,11.635,1248
11636,11.636,1257
11637,11.637,1285
11638,11.638,1360
11639,11.639,1355
11640,11.64,1381
11641,11.641,1379
11642,11.642,1307
11643,11.643,1219
11644,11.644,1232
11645,11.645,1249
11646,11.646,1341
11647,11.647,1258
11648,11.648,1234
11649,11.649,1251
11650,11.65,1338
11651,11.651,1495
11652,11.652,1424
11653,11.653,1329
11654,11.654,1249
11655,11.655,1270
11656,11.656,1258
11657,11.657,1214
11658,11.658,1171
11659,11.659,1157
11660,11.66,1309
11661,11.661,1339
11662,11.662,1309
11663,11.663,1269
11664,11.664,1295
11665,11.665,1367
11666,11.666,1409
11667,11.667,1361
11668,11.668,1291
11669,11.669,1257
11670,11.67,1255
11671,11.671,1154
11672,11.672,1127
11673,11.673,1191
11674,11.674,1242
11675,11.675,1337
11676,11.676,1479
11677,11.677,1479
11678,11.678,1392
11679,11.679,1305
11680,11.68,1290
11681,11.681,1329
11682,11.682,1351
11683,11.683,1303
11684,11.684,1318
11685,11.685,1355
11686,11.686,1360
11687,11.687,1338
11688,11.688,1322
11689,11.689,1347
11690,11.69,1267
11691,11.691,1160
11692,11.692,1108
11693,11.693,1103
11694,11.694,1200
11695,11.695,1262
11696,11.696,1285
11697,11.697,1365
11698,11.698,1405
11699,11.699,1377
11700,11.7,1362
11701,11.701,1323
11702,11.702,1357
11703,11.703,1347
11704,11.704,1358
11705,11.705,1331
11706,11.706,1283
11707,11.707,1277
11708,11.708,1275
11709,11.709,1296
11710,11.71,1310
11711,11.711,1295
11712,11.712,1232
11713,11.713,1136
11714,11.714,1136
11715,11.715,1250
11716,11.716,1355
11717,11.717,1421
11718,11.718,1363
11719,11.719,1305
11720,11.72,1275
11721,11.721,1277
11722,11.722,1264
11723,11.723,1296
11724,11.724,1276
11725,11.725,1269
11726,11.726,1355
11727,11.727,1379
11728,11.728,1349
11729,11.729,1293
11730,11.73,1281
11731,11.731,1319
11732,11.732,1362
11733,11.733,1286
11734,11.734,1310
11735,11.735,1327
11736,11.736,1314
11737,11.737,1179
11738,11.738,1093
11739,11.739,1115
11740,11.74,1299
11741,11.741,1459
11742,11.742,1346
11743,11.743,1269
11744,11.744,1294
11745,11.745,1407
11746,11.746,1404
11747,11.747,1334
11748,11.748,1291
11749,11.749,1251
11750,11.75,1210
11751,11.751,1214
11752,11.752,1227
11753,11.753,1240
11754,11.754,1296
11755,11.755,1323
11756,11.756,1366
11757,11.757,1403
11758,11.758,1391
11759,11.759,1308
11760,11.76,1280
11761,11.761,1282
11762,11.762,1251
11763,11.763,1216
11764,11.764,1230
11765,11.765,1254
11766,11.766,1296
11767,11.767,1371
11768,11.768,1374
11769,11.769,1273
11770,11.77,1143
11771,11.771,1136
11772,11.772,1264
11773,11.773,1407
11774,11.774,1460
11775,11.775,1358
11776,11.776,1187
11777,11.777,1201
11778,11.778,1337
11779,11.779,1421
11780,11.78,1351
11781,11.781,1259
11782,11.782,1239
11783,11.783,1297
11784,11.784,1331
11785,11.785,1351
11786,11.786,1338
11787,11.787,1274
11788,11.788,1285
11789,11.789,1339
11790,11.79,1360
11791,11.791,1362
11792,11.792,1345
11793,11.793,1293
11794,11.794,1177
11795,11.795,1146
11796,11.796,1200
11797,11.797,1182
11798,11.798,1218
11799,11.799,1327
11800,11.8,1417
11801,11.801,1431
11802,11.802,1410
11803,11.803,1341
11804,11.804,1344
11805,11.805,1343
11806,11.806,1258
11807,11.807,1264
11808,11.808,1291
11809,11.809,1251
11810,11.81,1200
11811,11.811,1232
11812,11.812,1313
11813,11.813,1319
11814,11.814,1265
11815,11.815,1190
11816,11.816,1193
11817,11.817,1275
11818,11.818,1402
11819,11.819,1437
11820,11.82,1399
11821,11.821,1301
11822,11.822,1255
11823,11.823,1269
11824,11.824,1321
11825,11.825,1299
11826,11.826,1232
11827,11.827,1211
11828,11.828,1305
11829,11.829,1441
11830,11.83,1423
11831,11.831,1329
11832,11.832,1237
11833,11.833,1189
11834,11.834,1231
11835,11.835,1267
11836,11.836,1265
11837,11.837,1242
11838,11.838,1249
11839,11.839,1271
11840,11.84,1294
11841,11.841,1365
11842,11.842,1401
11843,11.843,1426
11844,11.844,1380
11845,11.845,1309
11846,11.846,1254
11847,11.847,1221
11848,11.848,1232
11849,11.849,1271
11850,11.85,1267
11851,11.851,1319
11852,11.852,1302
11853,11.853,1267
11854,11.854,1237
11855,11.855,1265
11856,11.856,1303
11857,11.857,1333
11858,11.858,1334
11859,11.859,1310
11860,11.86,1301
11861,11.861,1296
11862,11.862,1275
11863,11.863,1231
11864,11.864,1232
11865,11.865,1312
11866,11.866,1349
11867,11.867,1426
11868,11.868,1386
11869,11.869,1271
11870,11.87,1214
11871,11.871,1234
11872,11.872,1202
11873,11.873,1211
11874,11.874,1253
11875,11.875,1327
11876,11.876,1307
11877,11.877,1257
11878,11.878,1341
11879,11.879,1346
11880,11.88,1314
11881,11.881,1265
11882,11.882,1275
11883,11.883,1339
11884,11.884,1328
11885,11.885,1328
11886,11.886,1285
11887,11.887,1299
11888,11.888,1354
11889,11.889,1319
11890,11.89,1318
11891,11.891,1264
11892,11.892,1201
11893,11.893,1223
11894,11.894,1264
11895,11.895,1292
11896,11.896,1315
11897,11.897,1314
11898,11.898,1296
11899,11.899,1354
11900,11.9,1339
11901,11.901,1309
11902,11.902,1407
11903,11.903,1351
11904,11.904,1342
11905,11.905,1312
11906,11.906,1258
11907,11.907,1236
11908,11.908,1337
11909,11.909,1222
11910,11.91,1201
11911,11.911,1229
11912,11.912,1251
11913,11.913,1273
11914,11.914,1319
11915,11.915,1311
11916,11.916,1285
11917,11.917,1305
11918,11.918,1337
11919,11.919,1394
11920,11.92,1328
11921,11.921,1265
11922,11.922,1289
11923,11.923,1309
11924,11.924,1328
11925,11.925,1331
11926,11.926,1306
11927,11.927,1221
11928,11.928,1204
11929,11.929,1230
11930,11.93,1279
11931,11.931,1399
11932,11.932,1429
11933,11.933,1363
11934,11.934,1270
11935,11.935,1232
11936,11.936,1269
11937,11.937,1346
11938,11.938,1364
11939,11.939,1313
11940,11.94,1200
11941,11.941,1154
11942,11.942,1175
11943,11.943,1322
11944,11.944,1406
11945,11.945,1421
11946,11.946,1343
11947,11.947,1319
11948,11.948,1272
11949,11.949,1302
11950,11.95,1305
11951,11.951,1307
11952,11.952,1264
11953,11.953,1255
11954,11.954,1259
11955,11.955,1324
11956,11.956,1344
11957,11.957,1282
11958,11.958,1254
11959,11.959,1293
11960,11.96,1280
11961,11.961,1296
11962,11.962,1277
11963,11.963,1282
11964,11.964,1321
11965,11.965,1349
11966,11.966,1311
11967,11.967,1275
11968,11.968,1273
11969,11.969,1280
11970,11.97,1265
11971,11.971,1257
11972,11.972,1279
11973,11.973,1393
11974,11.974,1332
11975,11.975,1333
11976,11.976,1252
11977,11.977,1201
11978,11.978,1200
11979,11.979,1243
11980,11.98,1323
11981,11.981,1381
11982,11.982,1374
11983,11.983,1347
11984,11.984,1334
11985,11.985,1274
11986,11.986,1297
11987,11.987,1417
11988,11.988,1264
11989,11.989,1189
11990,11.99,1207
11991,11.991,1296
11992,11.992,1329
11993,11.993,1297
11994,11.994,1295
11995,11.995,1283
11996,11.996,1328
11997,11.997,1346
11998,11.998,1329
11999,11.999,1235
12000,12.0,1287
12001,12.001,1297
12002,12.002,1322
12003,12.003,1323
12004,12.004,1346
12005,12.005,1353
12006,12.006,1449
12007,12.007,1295
12008,12.008,1245
12009,12.009,1279
12010,12.01,1253
12011,12.011,1242
12012,12.012,1298
12013,12.013,1242
12014,12.014,1256
12015,12.015,1281
12016,12.016,1331
12017,12.017,1318
12018,12.018,1331
12019,12.019,1294
12020,12.02,1270
12021,12.021,1268
12022,12.022,1313
12023,12.023,1296
12024,12.024,1360
12025,12.025,1296
12026,12.026,1223
12027,12.027,1273
12028,12.028,1281
12029,12.029,1311
12030,12.03,1235
12031,12.031,1234
12032,12.032,1207
12033,12.033,1207
12034,12.034,1275
12035,12.035,1375
12036,12.036,1437
12037,12.037,1392
12038,12.038,1328
12039,12.039,1262
12040,12.04,1291
12041,12.041,1303
12042,12.042,1328
12043,12.043,1318
12044,12.044,1266
12045,12.045,1261
12046,12.046,1277
12047,12.047,1259
12048,12.048,1238
12049,12.049,1255
12050,12.05,1302
12051,12.051,1309
12052,12.052,1338
12053,12.053,1464
12054,12.054,1420
12055,12.055,1310
12056,12.056,1165
12057,12.057,1177
12058,12.058,1261
12059,12.059,1296
12060,12.06,1296
12061,12.061,1350
12062,12.062,1334
12063,12.063,1311
12064,12.064,1328
12065,12.065,1295
12066,12.066,1252
12067,12.067,1264
12068,12.068,1344
12069,12.069,1308
12070,12.07,1250
12071,12.071,1233
12072,12.072,1296
12073,12.073,1346
12074,12.074,1360
12075,12.075,1328
12076,12.076,1296
12077,12.077,1243
12078,12.078,1232
12079,12.079,1242
12080,12.08,1247
12081,12.081,1310
12082,12.082,1339
12083,12.083,1344
12084,12.084,1342
12085,12.085,1249
12086,12.086,1271
12087,12.087,1220
12088,12.088,1270
12089,12.089,1309
12090,12.09,1291
12091,12.091,1314
12092,12.092,1303
12093,12.093,1219
12094,12.094,1260
12095,12.095,1232
12096,12.096,1334
12097,12.097,1395
12098,12.098,1387
12099,12.099,1378
12100,12.1,1326
12101,12.101,1296
12102,12.102,1264
12103,12.103,1258
12104,12.104,1279
12105,12.105,1279
12106,12.106,1264
12107,12.107,1329
12108,12.108,1328
12109,12.109,1296
12110,12.11,1281
12111,12.111,1258
12112,12.112,1255
12113,12.113,1246
12114,12.114,1296
12115,12.115,1348
12116,12.116,1333
12117,12.117,1329
12118,12.118,1268
12119,12.119,1213
12120,12.12,1232
12121,12.121,1323
12122,12.122,1330
12123,12.123,1314
12124,12.124,1285
12125,12.125,1296
12126,12.126,1272
12127,12.127,1272
12128,12.128,1279
12129,12.129,1288
12130,12.13,1266
12131,12.131,1277
12132,12.132,1313
12133,12.133,1398
12134,12.134,1456
12135,12.135,1461
12136,12.136,1306
12137,12.137,1145
12138,12.138,1166
12139,12.139,1136
12140,12.14,1193
12141,12.141,1311
12142,12.142,1359
12143,12.143,1354
12144,12.144,1301
12145,12.145,1307
12146,12.146,1314
12147,12.147,1312
12148,12.148,1318
12149,12.149,1250
12150,12.15,1213
12151,12.151,1177
12152,12.152,1271
12153,12.153,1357
12154,12.154,1350
12155,12.155,1342
12156,12.156,1367
12157,12.157,1299
12158,12.158,1245
12159,12.159,1243
12160,12.16,1310
12161,12.161,1325
12162,12.162,1275
12163,12.163,1288
12164,12.164,1296
12165,12.165,1280
12166,12.166,1270
12167,12.167,1341
12168,12.168,1344
12169,12.169,1312
12170,12.17,1310
12171,12.171,1284
12172,12.172,1303
12173,12.173,1312
12174,12.174,1303
12175,12.175,1345
12176,12.176,1357
12177,12.177,1345
12178,12.178,1245
12179,12.179,1243
12180,12.18,1313
12181,12.181,1338
12182,12.182,1422
12183,12.183,1319
12184,12.184,1271
12185,12.185,1265
12186,12.186,1285
12187,12.187,1270
12188,12.188,1251
12189,12.189,1283
12190,12.19,1207
12191,12.191,1265
12192,12.192,1270
12193,12.193,1266
12194,12.194,1295
12195,12.195,1296
12196,12.196,1325
12197,12.197,1335
12198,12.198,1262
12199,12.199,1305
12200,12.2,1332
12201,12.201,1331
12202,12.202,1330
12203,12.203,1322
12204,12.204,1295
12205,12.205,1287
12206,12.206,1264
12207,12.207,1267
12208,12.208,1307
12209,12.209,1344
12210,12.21,1353
12211,12.211,1297
12212,12.212,1247
12213,12.213,1232
12214,12.214,1257
12215,12.215,1379
12216,12.216,1362
12217,12.217,1279
12218,12.218,1218
12219,12.219,1383
12220,12.22,1306
12221,12.221,1321
12222,12.222,1347
12223,12.223,1375
12224,12.224,1385
12225,12.225,1285
12226,12.226,1267
12227,12.227,1264
12228,12.228,1230
12229,12.229,1218
12230,12.23,1250
12231,12.231,1231
12232,12.232,1281
12233,12.233,1239
12234,12.234,1263
12235,12.235,1296
12236,12.236,1360
12237,12.237,1346
12238,12.238,1324
12239,12.239,1302
12240,12.24,1309
12241,12.241,1326
12242,12.242,1303
12243,12.243,1264
12244,12.244,1251
12245,12.245,1251
12246,12.246,1282
12247,12.247,1289
12248,12.248,1275
12249,12.249,1262
12250,12.25,1322
12251,12.251,1333
12252,12.252,1285
12253,12.253,1262
12254,12.254,1249
12255,12.255,1287
12256,12.256,1357
12257,12.257,1338
12258,12.258,1271
12259,12.259,1221
12260,12.26,1232
12261,12.261,1280
12262,12.262,1337
12263,12.263,1391
12264,12.264,1393
12265,12.265,1244
12266,12.266,1328
12267,12.267,1383
12268,12.268,1403
12269,12.269,1390
12270,12.27,1334
12271,12.271,1258
12272,12.272,1232
12273,12.273,1253
12274,12.274,1249
12275,12.275,1257
12276,12.276,1243
12277,12.277,1253
12278,12.278,1261
12279,12.279,1295
12280,12.28,1367
12281,12.281,1337
12282,12.282,1328
12283,12.283,1255
12284,12.284,1238
12285,12.285,1316
12286,12.286,1363
12287,12.287,1303
12288,12.288,1363
12289,12.289,1296
12290,12.29,1345
12291,12.291,1327
12292,12.292,1297
12293,12.293,1301
12294,12.294,1289
12295,12.295,1296
12296,12.296,1306
12297,12.297,1366
12298,12.298,1327
12299,12.299,1291
12300,12.3,1273
12301,12.301,1248
12302,12.302,1287
12303,12.303,1225
12304,12.304,1237
12305,12.305,1226
12306,12.306,1276
12307,12.307,1360
12308,12.308,1370
12309,12.309,1344
12310,12.31,1363
12311,12.311,1327
12312,12.312,1272
12313,12.313,1223
12314,12.314,1271
12315,12.315,1344
12316,12.316,1341
12317,12.317,1298
12318,12.318,1237
12319,12.319,1235
12320,12.32,1297
12321,12.321,1339
12322,12.322,1314
12323,12.323,1264
12324,12.324,1274
12325,12.325,1319
12326,12.326,1327
12327,12.327,1344
12328,12.328,1329
12329,12.329,1296
12330,12.33,1209
12331,12.331,1219
12332,12.332,1213
12333,12.333,1200
12334,12.334,1264
12335,12.335,1328
12336,12.336,1402
12337,12.337,1326
12338,12.338,1323
12339,12.339,1365
12340,12.34,1342
12341,12.341,1310
12342,12.342,1562
12343,12.343,1270
12344,12.344,1288
12345,12.345,1275
12346,12.346,1295
12347,12.347,1335
12348,12.348,1342
12349,12.349,1334
12350,12.35,1309
12351,12.351,1275
12352,12.352,1287
12353,12.353,1302
12354,12.354,1251
12355,12.355,1238
12356,12.356,1274
12357,12.357,1510
12358,12.358,1325
12359,12.359,1265
12360,12.36,1239
12361,12.361,1264
12362,12.362,1317
12363,12.363,1307
12364,12.364,1284
12365,12.365,1285
12366,12.366,1278
12367,12.367,1325
12368,12.368,1332
12369,12.369,1373
12370,12.37,1376
12371,12.371,1265
12372,12.372,1290
12373,12.373,1278
12374,12.374,1195
12375,12.375,1168
12376,12.376,1244
12377,12.377,1310
12378,12.378,1310
12379,12.379,1265
12380,12.38,1328
12381,12.381,1357
12382,12.382,1282
12383,12.383,1185
12384,12.384,1230
12385,12.385,1309
12386,12.386,1366
12387,12.387,1335
12388,12.388,1328
12389,12.389,1344
12390,12.39,1393
12391,12.391,1318
12392,12.392,1328
12393,12.393,1276
12394,12.394,1231
12395,12.395,1218
12396,12.396,1181
12397,12.397,1194
12398,12.398,1325
12399,12.399,1351
12400,12.4,1442
12401,12.401,1424
12402,12.402,1294
12403,12.403,1310
12404,12.404,1290
12405,12.405,1311
12406,12.406,1333
12407,12.407,1319
12408,12.408,1264
12409,12.409,1215
12410,12.41,1157
12411,12.411,1280
12412,12.412,1437
12413,12.413,1424
12414,12.414,1375
12415,12.415,1171
12416,12.416,1200
12417,12.417,1217
12418,12.418,1307
12419,12.419,1358
12420,12.42,1296
12421,12.421,1291
12422,12.422,1314
12423,12.423,1233
12424,12.424,1248
12425,12.425,1274
12426,12.426,1369
12427,12.427,1360
12428,12.428,1317
12429,12.429,1279
12430,12.43,1349
12431,12.431,1373
12432,12.432,1276
12433,12.433,1216
12434,12.434,1232
12435,12.435,1221
12436,12.436,1303
12437,12.437,1285
12438,12.438,1305
12439,12.439,1234
12440,12.44,1137
12441,12.441,1229
12442,12.442,1388
12443,12.443,1434
12444,12.444,1455
12445,12.445,1408
12446,12.446,1328
12447,12.447,1242
12448,12.448,1249
12449,12.449,1252
12450,12.45,1247
12451,12.451,1264
12452,12.452,1267
12453,12.453,1264
12454,12.454,1300
12455,12.455,1367
12456,12.456,1318
12457,12.457,1273
12458,12.458,1299
12459,12.459,1275
12460,12.46,1259
12461,12.461,1264
12462,12.462,1245
12463,12.463,1346
12464,12.464,1473
12465,12.465,1417
12466,12.466,1311
12467,12.467,1349
12468,12.468,1360
12469,12.469,1276
12470,12.47,1218
12471,12.471,1185
12472,12.472,1249
12473,12.473,1243
12474,12.474,1277
12475,12.475,1328
12476,12.476,1325
12477,12.477,1335
12478,12.478,1296
12479,12.479,1344
12480,12.48,1263
12481,12.481,1275
12482,12.482,1296
12483,12.483,1298
12484,12.484,1326
12485,12.485,1296
12486,12.486,1373
12487,12.487,1286
12488,12.488,1233
12489,12.489,1154
12490,12.49,1233
12491,12.491,1250
12492,12.492,1294
12493,12.493,1367
12494,12.494,1398
12495,12.495,1392
12496,12.496,1300
12497,12.497,1280
12498,12.498,1282
12499,12.499,1281
12500,12.5,1286
12501,12.501,1300
12502,12.502,1328
12503,12.503,1214
12504,12.504,1264
12505,12.505,1310
12506,12.506,1296
12507,12.507,1326
12508,12.508,1399
12509,12.509,1443
12510,12.51,1338
12511,12.511,1157
12512,12.512,1182
12513,12.513,1191
12514,12.514,1290
12515,12.515,1393
12516,12.516,1344
12517,12.517,1323
12518,12.518,1309
12519,12.519,1239
12520,12.52,1267
12521,12.521,1264
12522,12.522,1309
12523,12.523,1321
12524,12.524,1353
12525,12.525,1324
12526,12.526,1303
12527,12.527,1232
12528,12.528,1220
12529,12.529,1265
12530,12.53,1305
12531,12.531,1426
12532,12.532,1390
12533,12.533,1345
12534,12.534,1345
12535,12.535,1286
12536,12.536,1247
12537,12.537,1264
12538,12.538,1218
12539,12.539,1255
12540,12.54,1282
12541,12.541,1241
12542,12.542,1239
12543,12.543,1360
12544,12.544,1336
12545,12.545,1299
12546,12.546,1328
12547,12.547,1312
12548,12.548,1344
12549,12.549,1325
12550,12.55,1278
12551,12.551,1265
12552,12.552,1264
12553,12.553,1201
12554,12.554,1198
12555,12.555,1241
12556,12.556,1323
12557,12.557,1392
12558,12.558,1395
12559,12.559,1318
12560,12.56,1310
12561,12.561,1297
12562,12.562,1284
12563,12.563,1311
12564,12.564,1338
12565,12.565,1389
12566,12.566,1471
12567,12.567,1203
12568,12.568,1202
12569,12.569,1331
12570,12.57,1393
12571,12.571,1345
12572,12.572,1247
12573,12.573,1250
12574,12.574,1296
12575,12.575,1315
12576,12.576,1284
12577,12.577,1265
12578,12.578,1206
12579,12.579,1181
12580,12.58,1206
12581,12.581,1297
12582,12.582,1392
12583,12.583,1354
12584,12.584,1360
12585,12.585,1332
12586,12.586,1270
12587,12.587,1137
12588,12.588,1213
12589,12.589,1235
12590,12.59,1278
12591,12.591,1253
12592,12.592,1219
12593,12.593,1223
12594,12.594,1310
12595,12.595,1403
12596,12.596,1413
12597,12.597,1364
12598,12.598,1344
12599,12.599,1346
12600,12.6,1367
12601,12.601,1382
12602,12.602,1375
12603,12.603,1327
12604,12.604,1311
12605,12.605,1200
12606,12.606,1050
12607,12.607,1082
12608,12.608,1290
12609,12.609,1333
12610,12.61,1321
12611,12.611,1309
12612,12.612,1344
12613,12.613,1387
12614,12.614,1371
12615,12.615,1332
12616,12.616,1308
12617,12.617,1282
12618,12.618,1295
12619,12.619,1257
12620,12.62,1290
12621,12.621,1297
12622,12.622,1292
12623,12.623,1331
12624,12.624,1286
12625,12.625,1284
12626,12.626,1254
12627,12.627,1259
12628,12.628,1319
12629,12.629,1339
12630,12.63,1297
12631,12.631,1250
12632,12.632,1235
12633,12.633,1251
12634,12.634,1280
12635,12.635,1347
12636,12.636,1331
12637,12.637,1293
12638,12.638,1349
12639,12.639,1386
12640,12.64,1324
12641,12.641,1296
12642,12.642,1332
12643,12.643,1297
12644,12.644,1369
12645,12.645,1280
12646,12.646,1151
12647,12.647,1141
12648,12.648,1258
12649,12.649,1302
12650,12.65,1328
12651,12.651,1359
12652,12.652,1299
12653,12.653,1243
12654,12.654,1247
12655,12.655,1259
12656,12.656,1264
12657,12.657,1519
12658,12.658,1295
12659,12.659,1329
12660,12.66,1308
12661,12.661,1280
12662,12.662,1327
12663,12.663,1309
12664,12.664,1296
12665,12.665,1306
12666,12.666,1268
12667,12.667,1213
12668,12.668,1211
12669,12.669,1342
12670,12.67,1414
12671,12.671,1331
12672,12.672,1264
12673,12.673,1303
12674,12.674,1328
12675,12.675,1339
12676,12.676,1273
12677,12.677,1198
12678,12.678,1170
12679,12.679,1181
12680,12.68,1250
12681,12.681,1393
12682,12.682,1449
12683,12.683,1346
12684,12.684,1255
12685,12.685,1303
12686,12.686,1269
12687,12.687,1226
12688,12.688,1271
12689,12.689,1282
12690,12.69,1295
12691,12.691,1387
12692,12.692,1408
12693,12.693,1374
12694,12.694,1335
12695,12.695,1301
12696,12.696,1295
12697,12.697,1273
12698,12.698,1262
12699,12.699,1263
12700,12.7,1232
12701,12.701,1229
12702,12.702,1285
12703,12.703,1299
12704,12.704,1281
12705,12.705,1281
12706,12.706,1323
12707,12.707,1311
12708,12.708,1287
12709,12.709,1319
12710,12.71,1377
12711,12.711,1366
12712,12.712,1223
12713,12.713,1165
12714,12.714,1260
12715,12.715,1264
12716,12.716,1170
12717,12.717,1306
12718,12.718,1329
12719,12.719,1296
12720,12.72,1275
12721,12.721,1318
12722,12.722,1363
12723,12.723,1446
12724,12.724,1397
12725,12.725,1281
12726,12.726,1242
12727,12.727,1250
12728,12.728,1299
12729,12.729,1296
12730,12.73,1253
12731,12.731,1282
12732,12.732,1343
12733,12.733,1433
12734,12.734,1415
12735,12.735,1264
12736,12.736,1203
12737,12.737,1215
12738,12.738,1187
12739,12.739,1230
12740,12.74,1296
12741,12.741,1248
12742,12.742,1266
12743,12.743,1298
12744,12.744,1338
12745,12.745,1391
12746,12.746,1363
12747,12.747,1344
12748,12.748,1267
12749,12.749,1249
12750,12.75,1239
12751,12.751,1255
12752,12.752,1275
12753,12.753,1291
12754,12.754,1294
12755,12.755,1280
12756,12.756,1261
12757,12.757,1259
12758,12.758,1309
12759,12.759,1287
12760,12.76,1239
12761,12.761,1328
12762,12.762,1374
12763,12.763,1369
12764,12.764,1369
12765,12.765,1329
12766,12.766,1280
12767,12.767,1186
12768,12.768,1247
12769,12.769,1264
12770,12.77,1265
12771,12.771,1298
12772,12.772,1364
12773,12.773,1328
12774,12.774,1239
12775,12.775,1233
12776,12.776,1297
12777,12.777,1376
12778,12.778,1359
12779,12.779,1325
12780,12.78,1296
12781,12.781,1326
12782,12.782,1319
12783,12.783,1243
12784,12.784,1190
12785,12.785,1238
12786,12.786,1327
12787,12.787,1376
12788,12.788,1306
12789,12.789,1251
12790,12.79,1293
12791,12.791,1355
12792,12.792,1346
12793,12.793,1309
12794,12.794,1283
12795,12.795,1327
12796,12.796,1296
12797,12.797,1225
12798,12.798,1264
12799,12.799,1234
12800,12.8,1275
12801,12.801,1609
12802,12.802,1443
12803,12.803,1384
12804,12.804,1203
12805,12.805,1155
12806,12.806,1211
12807,12.807,1257
12808,12.808,1274
12809,12.809,1284
12810,12.81,1255
12811,12.811,1275
12812,12.812,1278
12813,12.813,1311
12814,12.814,1226
12815,12.815,1264
12816,12.816,1219
12817,12.817,1283
12818,12.818,1392
12819,12.819,1399
12820,12.82,1257
12821,12.821,1321
12822,12.822,1280
12823,12.823,1360
12824,12.824,1399
12825,12.825,1363
12826,12.826,1257
12827,12.827,1247
12828,12.828,1229
12829,12.829,1230
12830,12.83,1219
12831,12.831,1238
12832,12.832,1341
12833,12.833,1341
12834,12.834,1303
12835,12.835,1293
12836,12.836,1318
12837,12.837,1296
12838,12.838,1323
12839,12.839,1345
12840,12.84,1421
12841,12.841,1409
12842,12.842,1325
12843,12.843,1230
12844,12.844,1193
12845,12.845,1158
12846,12.846,1233
12847,12.847,1277
12848,12.848,1328
12849,12.849,1392
12850,12.85,1392
12851,12.851,1286
12852,12.852,1222
12853,12.853,1157
12854,12.854,1200
12855,12.855,1225
12856,12.856,1216
12857,12.857,1306
12858,12.858,1415
12859,12.859,1360
12860,12.86,1325
12861,12.861,1308
12862,12.862,1291
12863,12.863,1280
12864,12.864,1386
12865,12.865,1362
12866,12.866,1307
12867,12.867,1229
12868,12.868,1281
12869,12.869,1309
12870,12.87,1291
12871,12.871,1313
12872,12.872,1227
12873,12.873,1266
12874,12.874,1294
12875,12.875,1359
12876,12.876,1303
12877,12.877,1296
12878,12.878,1247
12879,12.879,1330
12880,12.88,1294
12881,12.881,1287
12882,12.882,1277
12883,12.883,1282
12884,12.884,1275
12885,12.885,1289
12886,12.886,1295
12887,12.887,1245
12888,12.888,1263
12889,12.889,1263
12890,12.89,1241
12891,12.891,1266
12892,12.892,1319
12893,12.893,1293
12894,12.894,1280
12895,12.895,1306
12896,12.896,1344
12897,12.897,1338
12898,12.898,1279
12899,12.899,1281
12900,12.9,1285
12901,12.901,1329
12902,12.902,1266
12903,12.903,1318
12904,12.904,1335
12905,12.905,1270
12906,12.906,1200
12907,12.907,1203
12908,12.908,1214
12909,12.909,1197
12910,12.91,1351
12911,12.911,1389
12912,12.912,1472
12913,12.913,1415
12914,12.914,1328
12915,12.915,1259
12916,12.916,1171
12917,12.917,1198
12918,12.918,1281
12919,12.919,1279
12920,12.92,1260
12921,12.921,1214
12922,12.922,1290
12923,12.923,1282
12924,12.924,1287
12925,12.925,1297
12926,12.926,1285
12927,12.927,1301
12928,12.928,1285
12929,12.929,1338
12930,12.93,1362
12931,12.931,1346
12932,12.932,1287
12933,12.933,1266
12934,12.934,1269
12935,12.935,1221
12936,12.936,1137
12937,12.937,1169
12938,12.938,1297
12939,12.939,1356
12940,12.94,1344
12941,12.941,1343
12942,12.942,1315
12943,12.943,1326
12944,12.944,1344
12945,12.945,1382
12946,12.946,1313
12947,12.947,1203
12948,12.948,1218
12949,12.949,1277
12950,12.95,1244
12951,12.951,1226
12952,12.952,1253
12953,12.953,1313
12954,12.954,1316
12955,12.955,1291
12956,12.956,1327
12957,12.957,1232
12958,12.958,1311
12959,12.959,1291
12960,12.96,1264
12961,12.961,1251
12962,12.962,1291
12963,12.963,1355
12964,12.964,1363
12965,12.965,1333
12966,12.966,1318
12967,12.967,1295
12968,12.968,1280
12969,12.969,1259
12970,12.97,1230
12971,12.971,1291
12972,12.972,1324
12973,12.973,1168
12974,12.974,1295
12975,12.975,1265
12976,12.976,1248
12977,12.977,1255
12978,12.978,1295
12979,12.979,1302
12980,12.98,1280
12981,12.981,1335
12982,12.982,1328
12983,12.983,1294
12984,12.984,1267
12985,12.985,1255
12986,12.986,1257
12987,12.987,1248
12988,12.988,1277
12989,12.989,1296
12990,12.99,1313
12991,12.991,1325
12992,12.992,1315
12993,12.993,1270
12994,12.994,1269
12995,12.995,1234
12996,12.996,1230
12997,12.997,1261
12998,12.998,1291
12999,12.999,1343
13000,13.0,1359
13001,13.001,1378
13002,13.002,1346
13003,13.003,1312
13004,13.004,1312
13005,13.005,1348
13006,13.006,1296
13007,13.007,1194
13008,13.008,1260
13009,13.009,1253
13010,13.01,1325
13011,13.011,1338
13012,13.012,1321
13013,13.013,1286
13014,13.014,1259
13015,13.015,1292
13016,13.016,1328
13017,13.017,1349
13018,13.018,1314
13019,13.019,1311
13020,13.02,1308
13021,13.021,1230
13022,13.022,1227
13023,13.023,1279
13024,13.024,1274
13025,13.025,1296
13026,13.026,1275
13027,13.027,1306
13028,13.028,1373
13029,13.029,1328
13030,13.03,1262
13031,13.031,1207
13032,13.032,1232
13033,13.033,1247
13034,13.034,1328
13035,13.035,1328
13036,13.036,1283
13037,13.037,1302
13038,13.038,1296
13039,13.039,1191
13040,13.04,1157
13041,13.041,1261
13042,13.042,1381
13043,13.043,1438
13044,13.044,1417
13045,13.045,1343
13046,13.046,1294
13047,13.047,1374
13048,13.048,1418
13049,13.049,1297
13050,13.05,1271
13051,13.051,1253
13052,13.052,1248
13053,13.053,1374
13054,13.054,1296
13055,13.055,1291
13056,13.056,1261
13057,13.057,1327
13058,13.058,1358
13059,13.059,1275
13060,13.06,1184
13061,13.061,1159
13062,13.062,1213
13063,13.063,1248
13064,13.064,1285
13065,13.065,1344
13066,13.066,1383
13067,13.067,1328
13068,13.068,1255
13069,13.069,1279
13070,13.07,1255
13071,13.071,1215
13072,13.072,1275
13073,13.073,1447
13074,13.074,1470
13075,13.075,1360
13076,13.076,1280
13077,13.077,1232
13078,13.078,1235
13079,13.079,1283
13080,13.08,1291
13081,13.081,1213
13082,13.082,1235
13083,13.083,1369
13084,13.084,1311
13085,13.085,1329
13086,13.086,1264
13087,13.087,1323
13088,13.088,1227
13089,13.089,1099
13090,13.09,1175
13091,13.091,1289
13092,13.092,1457
13093,13.093,1456
13094,13.094,1414
13095,13.095,1487
13096,13.096,1385
13097,13.097,1289
13098,13.098,1285
13099,13.099,1183
13100,13.1,1171
13101,13.101,1219
13102,13.102,1300
13103,13.103,1458
13104,13.104,1431
13105,13.105,1311
13106,13.106,1283
13107,13.107,1319
13108,13.108,1242
13109,13.109,1155
13110,13.11,1178
13111,13.111,1259
13112,13.112,1445
13113,13.113,1515
13114,13.114,1482
13115,13.115,1387
13116,13.116,1223
13117,13.117,1216
13118,13.118,1291
13119,13.119,1306
13120,13.12,1296
13121,13.121,1392
13122,13.122,1422
13123,13.123,1335
13124,13.124,1104
13125,13.125,1087
13126,13.126,1164
13127,13.127,1236
13128,13.128,1328
13129,13.129,1401
13130,13.13,1426
13131,13.131,1419
13132,13.132,1341
13133,13.133,1317
13134,13.134,1258
13135,13.135,1201
13136,13.136,1194
13137,13.137,1261
13138,13.138,1463
13139,13.139,1357
13140,13.14,1170
13141,13.141,1246
13142,13.142,1335
13143,13.143,1295
13144,13.144,1328
13145,13.145,1415
13146,13.146,1386
13147,13.147,1321
13148,13.148,1335
13149,13.149,1308
13150,13.15,1246
13151,13.151,1207
13152,13.152,1232
13153,13.153,1282
13154,13.154,1219
13155,13.155,1254
13156,13.156,1317
13157,13.157,1318
13158,13.158,1301
13159,13.159,1367
13160,13.16,1424
13161,13.161,1265
13162,13.162,1201
13163,13.163,1326
13164,13.164,1454
13165,13.165,1398
13166,13.166,1247
13167,13.167,1264
13168,13.168,1330
13169,13.169,1319
13170,13.17,1358
13171,13.171,1296
13172,13.172,1149
13173,13.173,1152
13174,13.174,1112
13175,13.175,1185
13176,13.176,1264
13177,13.177,1362
13178,13.178,1429
13179,13.179,1392
13180,13.18,1339
13181,13.181,1264
13182,13.182,1205
13183,13.183,1158
13184,13.184,1190
13185,13.185,1252
13186,13.186,1330
13187,13.187,1462
13188,13.188,1456
13189,13.189,1414
13190,13.19,1360
13191,13.191,1414
13192,13.192,1333
13193,13.193,1262
13194,13.194,1252
13195,13.195,1258
13196,13.196,1273
13197,13.197,1255
13198,13.198,1319
13199,13.199,1283
13200,13.2,1210
13201,13.201,1255
13202,13.202,1278
13203,13.203,1276
13204,13.204,1306
13205,13.205,1355
13206,13.206,1349
13207,13.207,1315
13208,13.208,1335
13209,13.209,1305
13210,13.21,1309
13211,13.211,1229
13212,13.212,1149
13213,13.213,1205
13214,13.214,1245
13215,13.215,1337
13216,13.216,1452
13217,13.217,1418
13218,13.218,1314
13219,13.219,1200
13220,13.22,1241
13221,13.221,1328
13222,13.222,1293
13223,13.223,1282
13224,13.224,1279
13225,13.225,1237
13226,13.226,1260
13227,13.227,1331
13228,13.228,1362
13229,13.229,1299
13230,13.23,1252
13231,13.231,1315
13232,13.232,1311
13233,13.233,1279
13234,13.234,1261
13235,13.235,1270
13236,13.236,1233
13237,13.237,1246
13238,13.238,1283
13239,13.239,1334
13240,13.24,1307
13241,13.241,1310
13242,13.242,1339
13243,13.243,1338
13244,13.244,1327
13245,13.245,1299
13246,13.246,1307
13247,13.247,1362
13248,13.248,1310
13249,13.249,1251
13250,13.25,1247
13251,13.251,1242
13252,13.252,1227
13253,13.253,1218
13254,13.254,1214
13255,13.255,1361
13256,13.256,1505
13257,13.257,1415
13258,13.258,1317
13259,13.259,1235
13260,13.26,1175
13261,13.261,1199
13262,13.262,1310
13263,13.263,1344
13264,13.264,1405
13265,13.265,1347
13266,13.266,1328
13267,13.267,1323
13268,13.268,1291
13269,13.269,1239
13270,13.27,1212
13271,13.271,1233
13272,13.272,1296
13273,13.273,1348
13274,13.274,1381
13275,13.275,1279
13276,13.276,1133
13277,13.277,1159
13278,13.278,1267
13279,13.279,1392
13280,13.28,1366
13281,13.281,1334
13282,13.282,1342
13283,13.283,1374
13284,13.284,1401
13285,13.285,1307
13286,13.286,1232
13287,13.287,1273
13288,13.288,1279
13289,13.289,1230
13290,13.29,1200
13291,13.291,1282
13292,13.292,1233
13293,13.293,1303
13294,13.294,1373
13295,13.295,1390
13296,13.296,1440
13297,13.297,1488
13298,13.298,1439
13299,13.299,1270
13300,13.3,1131
13301,13.301,1233
13302,13.302,1212
13303,13.303,1131
13304,13.304,1083
13305,13.305,1191
13306,13.306,1238
13307,13.307,1356
13308,13.308,1482
13309,13.309,1490
13310,13.31,1424
13311,13.311,1319
13312,13.312,1259
13313,13.313,1213
13314,13.314,1243
13315,13.315,1382
13316,13.316,1474
13317,13.317,1459
13318,13.318,1393
13319,13.319,1232
13320,13.32,1168
13321,13.321,1174
13322,13.322,1148
13323,13.323,1266
13324,13.324,1253
13325,13.325,1283
13326,13.326,1294
13327,13.327,1361
13328,13.328,1351
13329,13.329,1296
13330,13.33,1185
13331,13.331,1123
13332,13.332,1216
13333,13.333,1375
13334,13.334,1426
13335,13.335,1394
13336,13.336,1355
13337,13.337,1347
13338,13.338,1387
13339,13.339,1378
13340,13.34,1276
13341,13.341,1218
13342,13.342,1303
13343,13.343,1338
13344,13.344,1344
13345,13.345,1269
13346,13.346,1286
13347,13.347,1316
13348,13.348,1309
13349,13.349,1350
13350,13.35,1349
13351,13.351,1276
13352,13.352,1222
13353,13.353,1225
13354,13.354,1135
13355,13.355,1200
13356,13.356,1323
13357,13.357,1329
13358,13.358,1440
13359,13.359,1341
13360,13.36,1234
13361,13.361,1233
13362,13.362,1271
13363,13.363,1261
13364,13.364,1264
13365,13.365,1316
13366,13.366,1268
13367,13.367,1253
13368,13.368,1326
13369,13.369,1411
13370,13.37,1365
13371,13.371,1377
13372,13.372,1360
13373,13.373,1296
13374,13.374,1150
13375,13.375,1055
13376,13.376,1045
13377,13.377,1188
13378,13.378,1392
13379,13.379,1440
13380,13.38,1443
13381,13.381,1522
13382,13.382,1431
13383,13.383,1363
13384,13.384,1294
13385,13.385,1255
13386,13.386,1256
13387,13.387,1232
13388,13.388,1232
13389,13.389,1310
13390,13.39,1371
13391,13.391,1234
13392,13.392,1152
13393,13.393,1248
13394,13.394,1270
13395,13.395,1280
13396,13.396,1326
13397,13.397,1467
13398,13.398,1456
13399,13.399,1365
13400,13.4,1360
13401,13.401,1323
13402,13.402,1258
13403,13.403,1226
13404,13.404,1247
13405,13.405,1200
13406,13.406,1191
13407,13.407,1319
13408,13.408,1386
13409,13.409,1295
13410,13.41,1194
13411,13.411,1261
13412,13.412,1399
13413,13.413,1407
13414,13.414,1303
13415,13.415,1262
13416,13.416,1298
13417,13.417,1350
13418,13.418,1302
13419,13.419,1296
13420,13.42,1353
13421,13.421,1421
13422,13.422,1221
13423,13.423,1230
13424,13.424,1252
13425,13.425,1202
13426,13.426,1104
13427,13.427,1168
13428,13.428,1326
13429,13.429,1473
13430,13.43,1454
13431,13.431,1350
13432,13.432,1354
13433,13.433,1408
13434,13.434,1379
13435,13.435,1268
13436,13.436,1204
13437,13.437,1233
13438,13.438,1258
13439,13.439,1223
13440,13.44,1210
13441,13.441,1184
13442,13.442,1280
13443,13.443,1317
13444,13.444,1392
13445,13.445,1402
13446,13.446,1330
13447,13.447,1299
13448,13.448,1286
13449,13.449,1259
13450,13.45,1266
13451,13.451,1273
13452,13.452,1293
13453,13.453,1232
13454,13.454,1105
13455,13.455,1083
13456,13.456,1310
13457,13.457,1518
13458,13.458,1445
13459,13.459,1376
13460,13.46,1403
13461,13.461,1365
13462,13.462,1277
13463,13.463,1294
13464,13.464,1280
13465,13.465,1282
13466,13.466,1327
13467,13.467,1323
13468,13.468,1327
13469,13.469,1278
13470,13.47,1210
13471,13.471,1264
13472,13.472,1247
13473,13.473,1216
13474,13.474,1345
13475,13.475,1468
13476,13.476,1369
13477,13.477,1224
13478,13.478,1114
13479,13.479,1199
13480,13.48,1263
13481,13.481,1328
13482,13.482,1427
13483,13.483,1424
13484,13.484,1356
13485,13.485,1317
13486,13.486,1316
13487,13.487,1274
13488,13.488,1258
13489,13.489,1309
13490,13.49,1613
13491,13.491,1345
13492,13.492,1275
13493,13.493,1207
13494,13.494,1218
13495,13.495,1233
13496,13.496,1297
13497,13.497,1365
13498,13.498,1371
13499,13.499,1313
13500,13.5,1302
13501,13.501,1304
13502,13.502,1233
13503,13.503,1258
13504,13.504,1264
13505,13.505,1343
13506,13.506,1401
13507,13.507,1344
13508,13.508,1306
13509,13.509,1283
13510,13.51,1242
13511,13.511,1231
13512,13.512,1190
13513,13.513,1181
13514,13.514,1237
13515,13.515,1328
13516,13.516,1366
13517,13.517,1331
13518,13.518,1354
13519,13.519,1332
13520,13.52,1299
13521,13.521,1294
13522,13.522,1535
13523,13.523,1326
13524,13.524,1332
13525,13.525,1325
13526,13.526,1329
13527,13.527,1296
13528,13.528,1250
13529,13.529,1226
13530,13.53,1232
13531,13.531,1275
13532,13.532,1399
13533,13.533,1324
13534,13.534,1251
13535,13.535,1246
13536,13.536,1285
13537,13.537,1260
13538,13.538,1264
13539,13.539,1314
13540,13.54,1337
13541,13.541,1339
13542,13.542,1266
13543,13.543,1268
13544,13.544,1321
13545,13.545,1370
13546,13.546,1375
13547,13.547,1325
13548,13.548,1291
13549,13.549,1246
13550,13.55,1281
13551,13.551,1267
13552,13.552,1245
13553,13.553,1234
13554,13.554,1191
13555,13.555,1217
13556,13.556,1285
13557,13.557,1358
13558,13.558,1328
13559,13.559,1318
13560,13.56,1285
13561,13.561,1265
13562,13.562,1235
13563,13.563,1273
13564,13.564,1307
13565,13.565,1313
13566,13.566,1271
13567,13.567,1308
13568,13.568,1326
13569,13.569,1408
13570,13.57,1360
13571,13.571,1281
13572,13.572,1271
13573,13.573,1329
13574,13.574,1296
13575,13.575,1247
13576,13.576,1280
13577,13.577,1264
13578,13.578,1255
13579,13.579,1277
13580,13.58,1271
13581,13.581,1218
13582,13.582,1201
13583,13.583,1245
13584,13.584,1329
13585,13.585,1248
13586,13.586,1344
13587,13.587,1393
13588,13.588,1295
13589,13.589,1282
13590,13.59,1311
13591,13.591,1362
13592,13.592,1307
13593,13.593,1262
13594,13.594,1280
13595,13.595,1295
13596,13.596,1297
13597,13.597,1315
13598,13.598,1313
13599,13.599,1265
13600,13.6,1187
13601,13.601,1226
13602,13.602,1281
13603,13.603,1365
13604,13.604,1328
13605,13.605,1283
13606,13.606,1313
13607,13.607,1339
13608,13.608,1267
13609,13.609,1248
13610,13.61,1395
13611,13.611,1296
13612,13.612,1264
13613,13.613,1286
13614,13.614,1310
13615,13.615,1302
13616,13.616,1297
13617,13.617,1267
13618,13.618,1250
13619,13.619,1269
13620,13.62,1291
13621,13.621,1342
13622,13.622,1346
13623,13.623,1291
13624,13.624,1262
13625,13.625,1232
13626,13.626,1280
13627,13.627,1266
13628,13.628,1139
13629,13.629,1186
13630,13.63,1231
13631,13.631,1305
13632,13.632,1344
13633,13.633,1351
13634,13.634,1365
13635,13.635,1359
13636,13.636,1315
13637,13.637,1313
13638,13.638,1317
13639,13.639,1442
13640,13.64,1457
13641,13.641,1279
13642,13.642,1117
13643,13.643,1211
13644,13.644,1278
13645,13.645,1344
13646,13.646,1407
13647,13.647,1300
13648,13.648,1268
13649,13.649,1282
13650,13.65,1353
13651,13.651,1361
13652,13.652,1239
13653,13.653,1101
13654,13.654,1047
13655,13.655,1169
13656,13.656,1383
13657,13.657,1486
13658,13.658,1391
13659,13.659,1296
13660,13.66,1321
13661,13.661,1342
13662,13.662,1315
13663,13.663,1283
13664,13.664,1280
13665,13.665,1286
13666,13.666,1311
13667,13.667,1335
13668,13.668,1329
13669,13.669,1281
13670,13.67,1279
13671,13.671,1294
13672,13.672,1295
13673,13.673,1302
13674,13.674,1286
13675,13.675,1197
13676,13.676,1285
13677,13.677,1296
13678,13.678,1295
13679,13.679,1296
13680,13.68,1318
13681,13.681,1326
13682,13.682,1279
13683,13.683,1274
13684,13.684,1287
13685,13.685,1289
13686,13.686,1279
13687,13.687,1283
13688,13.688,1278
13689,13.689,1302
13690,13.69,1284
13691,13.691,1361
13692,13.692,1297
13693,13.693,1265
13694,13.694,1269
13695,13.695,1275
13696,13.696,1277
13697,13.697,1282
13698,13.698,1277
13699,13.699,1300
13700,13.7,1344
13701,13.701,1340
13702,13.702,1333
13703,13.703,1334
13704,13.704,1296
13705,13.705,1389
13706,13.706,1414
13707,13.707,1355
13708,13.708,1200
13709,13.709,970
13710,13.71,1130
13711,13.711,1462
13712,13.712,1519
13713,13.713,1315
13714,13.714,1186
13715,13.715,1223
13716,13.716,1280
13717,13.717,1283
13718,13.718,1277
13719,13.719,1307
13720,13.72,1347
13721,13.721,1361
13722,13.722,1340
13723,13.723,1301
13724,13.724,1246
13725,13.725,1267
13726,13.726,1311
13727,13.727,1296
13728,13.728,1290
13729,13.729,1303
13730,13.73,1312
13731,13.731,1309
13732,13.732,1269
13733,13.733,1255
13734,13.734,1251
13735,13.735,1269
13736,13.736,1330
13737,13.737,1359
13738,13.738,1360
13739,13.739,1413
13740,13.74,1360
13741,13.741,1295
13742,13.742,1226
13743,13.743,1270
13744,13.744,1291
13745,13.745,1283
13746,13.746,1216
13747,13.747,1189
13748,13.748,1197
13749,13.749,1213
13750,13.75,1221
13751,13.751,1280
13752,13.752,1350
13753,13.753,1397
13754,13.754,1379
13755,13.755,1364
13756,13.756,1371
13757,13.757,1323
13758,13.758,1296
13759,13.759,1285
13760,13.76,1298
13761,13.761,1303
13762,13.762,1274
13763,13.763,1243
13764,13.764,1282
13765,13.765,1314
13766,13.766,1296
13767,13.767,1239
13768,13.768,1242
13769,13.769,1312
13770,13.77,1322
13771,13.771,1309
13772,13.772,1330
13773,13.773,1322
13774,13.774,1309
13775,13.775,1306
13776,13.776,1285
13777,13.777,1281
13778,13.778,1280
13779,13.779,1281
13780,13.78,1335
13781,13.781,1279
13782,13.782,1298
13783,13.783,1312
13784,13.784,1343
13785,13.785,1344
13786,13.786,1337
13787,13.787,1296
13788,13.788,1253
13789,13.789,1271
13790,13.79,1238
13791,13.791,1196
13792,13.792,1037
13793,13.793,1233
13794,13.794,1499
13795,13.795,1439
13796,13.796,1187
13797,13.797,1311
13798,13.798,1408
13799,13.799,1329
13800,13.8,1299
13801,13.801,1341
13802,13.802,1374
13803,13.803,1311
13804,13.804,1249
13805,13.805,1236
13806,13.806,1270
13807,13.807,1312
13808,13.808,1289
13809,13.809,1300
13810,13.81,1310
13811,13.811,1309
13812,13.812,1237
13813,13.813,1184
13814,13.814,1282
13815,13.815,1279
13816,13.816,1299
13817,13.817,1290
13818,13.818,1293
13819,13.819,1329
13820,13.82,1368
13821,13.821,1381
13822,13.822,1360
13823,13.823,1303
13824,13.824,1243
13825,13.825,1222
13826,13.826,1251
13827,13.827,1237
13828,13.828,1261
13829,13.829,1293
13830,13.83,1300
13831,13.831,1298
13832,13.832,1296
13833,13.833,1273
13834,13.834,1285
13835,13.835,1261
13836,13.836,1268
13837,13.837,1282
13838,13.838,1302
13839,13.839,1306
13840,13.84,1296
13841,13.841,1296
13842,13.842,1305
13843,13.843,1296
13844,13.844,1303
13845,13.845,1307
13846,13.846,1310
13847,13.847,1298
13848,13.848,1293
13849,13.849,1283
13850,13.85,1292
13851,13.851,1311
13852,13.852,1313
13853,13.853,1307
13854,13.854,1295
13855,13.855,1269
13856,13.856,1264
13857,13.857,1279
13858,13.858,1291
13859,13.859,1287
13860,13.86,1296
13861,13.861,1287
13862,13.862,1278
13863,13.863,1232
13864,13.864,1189
13865,13.865,1232
13866,13.866,1354
13867,13.867,1503
13868,13.868,1474
13869,13.869,1294
13870,13.87,1202
13871,13.871,1221
13872,13.872,1335
13873,13.873,1334
13874,13.874,1287
13875,13.875,1289
13876,13.876,1287
13877,13.877,1275
13878,13.878,1231
13879,13.879,1282
13880,13.88,1349
13881,13.881,1367
13882,13.882,1366
13883,13.883,1421
13884,13.884,1375
13885,13.885,1215
13886,13.886,1111
13887,13.887,1225
13888,13.888,1328
13889,13.889,1278
13890,13.89,1273
13891,13.891,1292
13892,13.892,1309
13893,13.893,1294
13894,13.894,1255
13895,13.895,1291
13896,13.896,1402
13897,13.897,1483
13898,13.898,1348
13899,13.899,1255
13900,13.9,1232
13901,13.901,1245
13902,13.902,1268
13903,13.903,1259
13904,13.904,1247
13905,13.905,1250
13906,13.906,1279
13907,13.907,1307
13908,13.908,1293
13909,13.909,1253
13910,13.91,1314
13911,13.911,1312
13912,13.912,1318
13913,13.913,1305
13914,13.914,1301
13915,13.915,1294
13916,13.916,1278
13917,13.917,1289
13918,13.918,1299
13919,13.919,1307
13920,13.92,1295
13921,13.921,1308
13922,13.922,1311
13923,13.923,1314
13924,13.924,1323
13925,13.925,1282
13926,13.926,1269
13927,13.927,1283
13928,13.928,1292
13929,13.929,1301
13930,13.93,1271
13931,13.931,1273
13932,13.932,1284
13933,13.933,1295
13934,13.934,1291
13935,13.935,1293
13936,13.936,1293
13937,13.937,1290
13938,13.938,1297
13939,13.939,1297
13940,13.94,1291
13941,13.941,1296
13942,13.942,1299
13943,13.943,1297
13944,13.944,1287
13945,13.945,1299
13946,13.946,1291
13947,13.947,1283
13948,13.948,1290
13949,13.949,1285
13950,13.95,1287
13951,13.951,1280
13952,13.952,1289
13953,13.953,1279
13954,13.954,1285
13955,13.955,1291
13956,13.956,1283
13957,13.957,1287
13958,13.958,1289
13959,13.959,1296
13960,13.96,1296
13961,13.961,1296
13962,13.962,1294
13963,13.963,1297
13964,13.964,1293
13965,13.965,1297
13966,13.966,1295
13967,13.967,1287
13968,13.968,1279
13969,13.969,1282
13970,13.97,1284
13971,13.971,1281
13972,13.972,1289
13973,13.973,1289
13974,13.974,1296
13975,13.975,1286
13976,13.976,1293
13977,13.977,1297
13978,13.978,1299
13979,13.979,1295
13980,13.98,1286
13981,13.981,1296
13982,13.982,1297
13983,13.983,1292
13984,13.984,1295
13985,13.985,1295
13986,13.986,1296
13987,13.987,1297
13988,13.988,1283
13989,13.989,1298
13990,13.99,1252
13991,13.991,1283
13992,13.992,1269
13993,13.993,1232
13994,13.994,1303
13995,13.995,1311
13996,13.996,1298
13997,13.997,1278
13998,13.998,1265
13999,13.999,1278
14000,14.0,1456
14001,14.001,1309
14002,14.002,1266
14003,14.003,1271
14004,14.004,1303
14005,14.005,1316
14006,14.006,1265
14007,14.007,1264
14008,14.008,1296
14009,14.009,1296
14010,14.01,1289
14011,14.011,1319
14012,14.012,1280
14013,14.013,1281
14014,14.014,1294
14015,14.015,1293
14016,14.016,1295
14017,14.017,1311
14018,14.018,1281
14019,14.019,1278
14020,14.02,1296
14021,14.021,1296
14022,14.022,1302
14023,14.023,1302
14024,14.024,1313
14025,14.025,1287
14026,14.026,1293
14027,14.027,1286
14028,14.028,1283
14029,14.029,1287
14030,14.03,1289
14031,14.031,1287
14032,14.032,1285
14033,14.033,1293
14034,14.034,1292
14035,14.035,1296
14036,14.036,1292
14037,14.037,1291
14038,14.038,1295
14039,14.039,1295
14040,14.04,1293
14041,14.041,1306
14042,14.042,1317
14043,14.043,1306
14044,14.044,1297
14045,14.045,1296
14046,14.046,1290
14047,14.047,1286
14048,14.048,1298
14049,14.049,1313
14050,14.05,1287
14051,14.051,1296
14052,14.052,1299
14053,14.053,1296
14054,14.054,1294
14055,14.055,1287
14056,14.056,1306
14057,14.057,1294
14058,14.058,1296
14059,14.059,1296
14060,14.06,1293
14061,14.061,1296
14062,14.062,1296
14063,14.063,1286
14064,14.064,1286
14065,14.065,1294
14066,14.066,1286
14067,14.067,1294
14068,14.068,1293
14069,14.069,1319
14070,14.07,1287
14071,14.071,1280
14072,14.072,1276
14073,14.073,1286
14074,14.074,1285
14075,14.075,1286
14076,14.076,1287
14077,14.077,1296
14078,14.078,1300
14079,14.079,1299
14080,14.08,1293
14081,14.081,1289
14082,14.082,1291
14083,14.083,1294
14084,14.084,1296
14085,14.085,1281
14086,14.086,1350
14087,14.087,1290
14088,14.088,1283
14089,14.089,1285
14090,14.09,1291
14091,14.091,1283
14092,14.092,1280
14093,14.093,1286
14094,14.094,1296
14095,14.095,1293
14096,14.096,1274
14097,14.097,1293
14098,14.098,1296
14099,14.099,1296
14100,14.1,1290
14101,14.101,1293
14102,14.102,1291
14103,14.103,1301
14104,14.104,1296
14105,14.105,1296
14106,14.106,1291
14107,14.107,1281
14108,14.108,1289
14109,14.109,1279
14110,14.11,1284
14111,14.111,1274
14112,14.112,1281
14113,14.113,1291
14114,14.114,1281
14115,14.115,1294
14116,14.116,1299
14117,14.117,1311
14118,14.118,1313
14119,14.119,1283
14120,14.12,1253
14121,14.121,1281
14122,14.122,1301
14123,14.123,1239
14124,14.124,1297
14125,14.125,1286
14126,14.126,1296
14127,14.127,1291
14128,14.128,1287
14129,14.129,1286
14130,14.13,1285
14131,14.131,1278
14132,14.132,1328
14133,14.133,1280
14134,14.134,1296
14135,14.135,1287
14136,14.136,1296
14137,14.137,1295
14138,14.138,1296
14139,14.139,1296
14140,14.14,1296
14141,14.141,1297
14142,14.142,1296
14143,14.143,1297
14144,14.144,1287
14145,14.145,1296
14146,14.146,1296
14147,14.147,1297
14148,14.148,1287
14149,14.149,1283
14150,14.15,1296
14151,14.151,1281
14152,14.152,1281
14153,14.153,1285
14154,14.154,1290
14155,14.155,1290
14156,14.156,1292
14157,14.157,1295
14158,14.158,1304
14159,14.159,1294
14160,14.16,1296
14161,14.161,1299
14162,14.162,1322
14163,14.163,1305
14164,14.164,1307
14165,14.165,1290
14166,14.166,1296
14167,14.167,1293
14168,14.168,1281
14169,14.169,1283
14170,14.17,1288
14171,14.171,1286
14172,14.172,1281
14173,14.173,1290
14174,14.174,1293
14175,14.175,1296
14176,14.176,1279
14177,14.177,1286
14178,14.178,1296
14179,14.179,1314
14180,14.18,1297
14181,14.181,1302
14182,14.182,1296
14183,14.183,1295
14184,14.184,1296
14185,14.185,1296
14186,14.186,1357
14187,14.187,1283
14188,14.188,1290
14189,14.189,1297
14190,14.19,1307
14191,14.191,1329
14192,14.192,1339
14193,14.193,1335
14194,14.194,1314
14195,14.195,1313
14196,14.196,1283
14197,14.197,1258
14198,14.198,1274
14199,14.199,1282
14200,14.2,1266
14201,14.201,1246
14202,14.202,1248
14203,14.203,1281
14204,14.204,1280
14205,14.205,1221
14206,14.206,1285
14207,14.207,1285
14208,14.208,1301
14209,14.209,1296
14210,14.21,1296
14211,14.211,1303
14212,14.212,1307
14213,14.213,1311
14214,14.214,1307
14215,14.215,1308
14216,14.216,1309
14217,14.217,1298
14218,14.218,1297
14219,14.219,1307
14220,14.22,1292
14221,14.221,1310
14222,14.222,1305
14223,14.223,1301
14224,14.224,1302
14225,14.225,1302
14226,14.226,1303
14227,14.227,1291
14228,14.228,1297
14229,14.229,1303
14230,14.23,1296
14231,14.231,1293
14232,14.232,1328
14233,14.233,1301
14234,14.234,1311
14235,14.235,1251
14236,14.236,1298
14237,14.237,1316
14238,14.238,1296
14239,14.239,1294
14240,14.24,1296
14241,14.241,1296
14242,14.242,1302
14243,14.243,1298
14244,14.244,1295
14245,14.245,1304
14246,14.246,1297
14247,14.247,1247
14248,14.248,1288
14249,14.249,1292
14250,14.25,1293
14251,14.251,1296
14252,14.252,1319
14253,14.253,1299
14254,14.254,1298
14255,14.255,1295
14256,14.256,1297
14257,14.257,1295
14258,14.258,1286
14259,14.259,1295
14260,14.26,1290
14261,14.261,1296
14262,14.262,1265
14263,14.263,1296
14264,14.264,1293
14265,14.265,1297
14266,14.266,1328
14267,14.267,1286
14268,14.268,1290
14269,14.269,1285
14270,14.27,1289
14271,14.271,1294
14272,14.272,1279
14273,14.273,1285
14274,14.274,1283
14275,14.275,1285
14276,14.276,1287
14277,14.277,1302
14278,14.278,1295
14279,14.279,1315
14280,14.28,1296
14281,14.281,1291
14282,14.282,1302
14283,14.283,1298
14284,14.284,1296
14285,14.285,1296
14286,14.286,1296
14287,14.287,1294
14288,14.288,1286
14289,14.289,1269
14290,14.29,1289
14291,14.291,1284
14292,14.292,1289
14293,14.293,1296
14294,14.294,1293
14295,14.295,1298
14296,14.296,1295
14297,14.297,1296
14298,14.298,1306
14299,14.299,1290
14300,14.3,1302
14301,14.301,1311
14302,14.302,1303
14303,14.303,1302
14304,14.304,1299
14305,14.305,1297
14306,14.306,1298
14307,14.307,1299
14308,14.308,1290
14309,14.309,1293
14310,14.31,1301
14311,14.311,1295
14312,14.312,1295
14313,14.313,1295
14314,14.314,1296
14315,14.315,1295
14316,14.316,1293
14317,14.317,1253
14318,14.318,1297
14319,14.319,1300
14320,14.32,1287
14321,14.321,1300
14322,14.322,1299
14323,14.323,1296
14324,14.324,1298
14325,14.325,1295
14326,14.326,1285
14327,14.327,1301
14328,14.328,1287
14329,14.329,1296
14330,14.33,1259
14331,14.331,1291
14332,14.332,1292
14333,14.333,1296
14334,14.334,1278
14335,14.335,1287
14336,14.336,1293
14337,14.337,1290
14338,14.338,1296
14339,14.339,1303
14340,14.34,1323
14341,14.341,1299
14342,14.342,1309
14343,14.343,1315
14344,14.344,1293
14345,14.345,1292
14346,14.346,1290
14347,14.347,1297
14348,14.348,1296
14349,14.349,1278
14350,14.35,1291
14351,14.351,1295
14352,14.352,1298
14353,14.353,1280
14354,14.354,1315
14355,14.355,1291
14356,14.356,1296
14357,14.357,1296
14358,14.358,1293
14359,14.359,1265
14360,14.36,1296
14361,14.361,1290
14362,14.362,1317
14363,14.363,1296
14364,14.364,1287
14365,14.365,1290
14366,14.366,1290
14367,14.367,1291
14368,14.368,1286
14369,14.369,1296
14370,14.37,1296
14371,14.371,1296
14372,14.372,1292
14373,14.373,1287
14374,14.374,1296
14375,14.375,1291
14376,14.376,1290
14377,14.377,1289
14378,14.378,1297
14379,14.379,1295
14380,14.38,1281
14381,14.381,1283
14382,14.382,1294
14383,14.383,1296
14384,14.384,1295
14385,14.385,1304
14386,14.386,1285
14387,14.387,1295
14388,14.388,1281
14389,14.389,1295
14390,14.39,1287
14391,14.391,1280
14392,14.392,1296
14393,14.393,1299
14394,14.394,1300
14395,14.395,1299
14396,14.396,1296
14397,14.397,1329
14398,14.398,1286
14399,14.399,1296
14400,14.4,1290
14401,14.401,1296
14402,14.402,1345
14403,14.403,1297
14404,14.404,1297
14405,14.405,1296
14406,14.406,1311
14407,14.407,1291
14408,14.408,1296
14409,14.409,1279
14410,14.41,1312
14411,14.411,1296
14412,14.412,1302
14413,14.413,1306
14414,14.414,1289
14415,14.415,1285
14416,14.416,1287
14417,14.417,1296
14418,14.418,1296
14419,14.419,1289
14420,14.42,1290
14421,14.421,1303
14422,14.422,1285
14423,14.423,1297
14424,14.424,1308
14425,14.425,1306
14426,14.426,1288
14427,14.427,1285
14428,14.428,1316
14429,14.429,1293
14430,14.43,1295
14431,14.431,1296
14432,14.432,1294
14433,14.433,1310
14434,14.434,1298
14435,14.435,1314
14436,14.436,1296
14437,14.437,1296
14438,14.438,1309
14439,14.439,1294
14440,14.44,1302
14441,14.441,1296
14442,14.442,1291
14443,14.443,1294
14444,14.444,1293
14445,14.445,1296
14446,14.446,1296
14447,14.447,1296
14448,14.448,1291
14449,14.449,1294
14450,14.45,1298
14451,14.451,1277
14452,14.452,1289
14453,14.453,1302
14454,14.454,1296
14455,14.455,1295
14456,14.456,1296
14457,14.457,1286
14458,14.458,1301
14459,14.459,1295
14460,14.46,1294
14461,14.461,1301
14462,14.462,1296
14463,14.463,1296
14464,14.464,1293
14465,14.465,1285
14466,14.466,1286
14467,14.467,1269
14468,14.468,1360
14469,14.469,1296
14470,14.47,1296
14471,14.471,1296
14472,14.472,1296
14473,14.473,1296
14474,14.474,1295
14475,14.475,1290
14476,14.476,1296
14477,14.477,1296
14478,14.478,1290
14479,14.479,1296
14480,14.48,1296
14481,14.481,1297
14482,14.482,1227
14483,14.483,1292
14484,14.484,1307
14485,14.485,1287
14486,14.486,1267
14487,14.487,1273
14488,14.488,1288
14489,14.489,1251
14490,14.49,1293
14491,14.491,1296
14492,14.492,1298
14493,14.493,1290
14494,14.494,1295
14495,14.495,1296
14496,14.496,1293
14497,14.497,1299
14498,14.498,1291
14499,14.499,1294
14500,14.5,1287
14501,14.501,1271
14502,14.502,1296
14503,14.503,1315
14504,14.504,1296
14505,14.505,1349
14506,14.506,1307
14507,14.507,1295
14508,14.508,1293
14509,14.509,1291
14510,14.51,1300
14511,14.511,1281
14512,14.512,1301
14513,14.513,1295
14514,14.514,1296
14515,14.515,1287
14516,14.516,1290
14517,14.517,1297
14518,14.518,1290
14519,14.519,1285
14520,14.52,1294
14521,14.521,1306
14522,14.522,1303
14523,14.523,1296
14524,14.524,1295
14525,14.525,1286
14526,14.526,1279
14527,14.527,1291
14528,14.528,1290
14529,14.529,1296
14530,14.53,1297
14531,14.531,1296
14532,14.532,1293
14533,14.533,1291
14534,14.534,1296
14535,14.535,1295
14536,14.536,1285
14537,14.537,1304
14538,14.538,1292
14539,14.539,1286
14540,14.54,1293
14541,14.541,1283
14542,14.542,1287
14543,14.543,1296
14544,14.544,1291
14545,14.545,1296
14546,14.546,1285
14547,14.547,1296
14548,14.548,1296
14549,14.549,1274
14550,14.55,1293
14551,14.551,1303
14552,14.552,1298
14553,14.553,1306
14554,14.554,1297
14555,14.555,1318
14556,14.556,1288
14557,14.557,1294
14558,14.558,1296
14559,14.559,1296
14560,14.56,1297
14561,14.561,1247
14562,14.562,1291
14563,14.563,1290
14564,14.564,1280
14565,14.565,1298
14566,14.566,1296
14567,14.567,1290
14568,14.568,1297
14569,14.569,1287
14570,14.57,1296
14571,14.571,1296
14572,14.572,1226
14573,14.573,1317
14574,14.574,1228
14575,14.575,1270
14576,14.576,1278
14577,14.577,1300
14578,14.578,1286
14579,14.579,1292
14580,14.58,1301
14581,14.581,1291
14582,14.582,1285
14583,14.583,1295
14584,14.584,1290
14585,14.585,1285
14586,14.586,1296
14587,14.587,1295
14588,14.588,1254
14589,14.589,1291
14590,14.59,1288
14591,14.591,1296
14592,14.592,1303
14593,14.593,1296
14594,14.594,1287
14595,14.595,1308
14596,14.596,1294
14597,14.597,1292
14598,14.598,1295
14599,14.599,1310
14600,14.6,1297
14601,14.601,1312
14602,14.602,1293
14603,14.603,1293
14604,14.604,1312
14605,14.605,1329
14606,14.606,1297
14607,14.607,1299
14608,14.608,1302
14609,14.609,1290
14610,14.61,1299
14611,14.611,1299
14612,14.612,1299
14613,14.613,1297
14614,14.614,1292
14615,14.615,1296
14616,14.616,1296
14617,14.617,1295
14618,14.618,1294
14619,14.619,1259
14620,14.62,1295
14621,14.621,1296
14622,14.622,1295
14623,14.623,1303
14624,14.624,1295
14625,14.625,1291
14626,14.626,1297
14627,14.627,1319
14628,14.628,1291
14629,14.629,1295
14630,14.63,1289
14631,14.631,1294
14632,14.632,1296
14633,14.633,1296
14634,14.634,1294
14635,14.635,1302
14636,14.636,1293
14637,14.637,1397
14638,14.638,1293
14639,14.639,1294
14640,14.64,1296
14641,14.641,1296
14642,14.642,1302
14643,14.643,1293
14644,14.644,1294
14645,14.645,1297
14646,14.646,1296
14647,14.647,1296
14648,14.648,1296
14649,14.649,1291
14650,14.65,1291
14651,14.651,1290
14652,14.652,1293
14653,14.653,1289
14654,14.654,1294
14655,14.655,1303
14656,14.656,1292
14657,14.657,1299
14658,14.658,1297
14659,14.659,1279
14660,14.66,1288
14661,14.661,1298
14662,14.662,1294
14663,14.663,1304
14664,14.664,1338
14665,14.665,1291
14666,14.666,1296
14667,14.667,1280
14668,14.668,1290
14669,14.669,1301
14670,14.67,1287
14671,14.671,1307
14672,14.672,1299
14673,14.673,1296
14674,14.674,1290
14675,14.675,1297
14676,14.676,1290
14677,14.677,1296
14678,14.678,1293
14679,14.679,1281
14680,14.68,1300
14681,14.681,1283
14682,14.682,1308
14683,14.683,1301
14684,14.684,1294
14685,14.685,1299
14686,14.686,1306
14687,14.687,1293
14688,14.688,1296
14689,14.689,1296
14690,14.69,1296
14691,14.691,1291
14692,14.692,1295
14693,14.693,1296
14694,14.694,1295
14695,14.695,1292
14696,14.696,1295
14697,14.697,1296
14698,14.698,1365
14699,14.699,1296
14700,14.7,1338
14701,14.701,1294
14702,14.702,1295
14703,14.703,1299
14704,14.704,1286
14705,14.705,1278
14706,14.706,1303
14707,14.707,1274
14708,14.708,1293
14709,14.709,1296
14710,14.71,1299
14711,14.711,1287
14712,14.712,1294
14713,14.713,1333
14714,14.714,1296
14715,14.715,1301
14716,14.716,1294
14717,14.717,1291
14718,14.718,1302
14719,14.719,1291
14720,14.72,1291
14721,14.721,1295
14722,14.722,1293
14723,14.723,1293
14724,14.724,1295
14725,14.725,1293
14726,14.726,1296
14727,14.727,1289
14728,14.728,1296
14729,14.729,1283
14730,14.73,1289
14731,14.731,1295
14732,14.732,1291
14733,14.733,1305
14734,14.734,1298
14735,14.735,1296
14736,14.736,1294
14737,14.737,1296
14738,14.738,1299
14739,14.739,1297
14740,14.74,1291
14741,14.741,1298
14742,14.742,1291
14743,14.743,1319
14744,14.744,1295
14745,14.745,1296
14746,14.746,1292
14747,14.747,1291
14748,14.748,1296
14749,14.749,1296
14750,14.75,1293
14751,14.751,1296
14752,14.752,1294
14753,14.753,1294
14754,14.754,1297
14755,14.755,1284
14756,14.756,1285
14757,14.757,1296
14758,14.758,1294
14759,14.759,1296
14760,14.76,1292
14761,14.761,1292
14762,14.762,1285
14763,14.763,1296
14764,14.764,1302
14765,14.765,1289
14766,14.766,1290
14767,14.767,1286
14768,14.768,1297
14769,14.769,1294
14770,14.77,1297
14771,14.771,1295
14772,14.772,1296
14773,14.773,1296
14774,14.774,1286
14775,14.775,1290
14776,14.776,1294
14777,14.777,1292
14778,14.778,1296
14779,14.779,1298
14780,14.78,1293
14781,14.781,1295
14782,14.782,1296
14783,14.783,1215
14784,14.784,1295
14785,14.785,1297
14786,14.786,1289
14787,14.787,1289
14788,14.788,1295
14789,14.789,1299
14790,14.79,1293
14791,14.791,1293
14792,14.792,1294
14793,14.793,1296
14794,14.794,1295
14795,14.795,1293
14796,14.796,1285
14797,14.797,1292
14798,14.798,1291
14799,14.799,1293
14800,14.8,1296
14801,14.801,1289
14802,14.802,1290
14803,14.803,1292
14804,14.804,1295
14805,14.805,1295
14806,14.806,1293
14807,14.807,1293
14808,14.808,1286
14809,14.809,1294
14810,14.81,1284
14811,14.811,1303
14812,14.812,1298
14813,14.813,1312
14814,14.814,1285
14815,14.815,1293
14816,14.816,1309
14817,14.817,1299
14818,14.818,1298
14819,14.819,1288
14820,14.82,1305
14821,14.821,1296
14822,14.822,1294
14823,14.823,1303
14824,14.824,1296
14825,14.825,1290
14826,14.826,1294
14827,14.827,1298
14828,14.828,1316
14829,14.829,1290
14830,14.83,1296
14831,14.831,1296
14832,14.832,1294
14833,14.833,1297
14834,14.834,1291
14835,14.835,1297
14836,14.836,1297
14837,14.837,1295
14838,14.838,1296
14839,14.839,1284
14840,14.84,1294
14841,14.841,1301
14842,14.842,1296
14843,14.843,1281
14844,14.844,1294
14845,14.845,1291
14846,14.846,1296
14847,14.847,1291
14848,14.848,1295
14849,14.849,1302
14850,14.85,1297
14851,14.851,1296
14852,14.852,1300
14853,14.853,1286
14854,14.854,1298
14855,14.855,1283
14856,14.856,1293
14857,14.857,1294
14858,14.858,1298
14859,14.859,1303
14860,14.86,1296
14861,14.861,1296
14862,14.862,1287
14863,14.863,1248
14864,14.864,1284
14865,14.865,1305
14866,14.866,1286
14867,14.867,1293
14868,14.868,1251
14869,14.869,1302
14870,14.87,1317
14871,14.871,1302
14872,14.872,1308
14873,14.873,1293
14874,14.874,1285
14875,14.875,1295
14876,14.876,1307
14877,14.877,1286
14878,14.878,1297
14879,14.879,1282
14880,14.88,1299
14881,14.881,1291
14882,14.882,1296
14883,14.883,1294
14884,14.884,1297
14885,14.885,1296
14886,14.886,1295
14887,14.887,1306
14888,14.888,1283
14889,14.889,1295
14890,14.89,1296
14891,14.891,1303
14892,14.892,1293
14893,14.893,1292
14894,14.894,1298
14895,14.895,1293
14896,14.896,1292
14897,14.897,1296
14898,14.898,1295
14899,14.899,1296
14900,14.9,1286
14901,14.901,1293
14902,14.902,1287
14903,14.903,1293
14904,14.904,1296
14905,14.905,1285
14906,14.906,1329
14907,14.907,1235
14908,14.908,1296
14909,14.909,1296
14910,14.91,1302
14911,14.911,1290
14912,14.912,1306
14913,14.913,1306
14914,14.914,1291
14915,14.915,1287
14916,14.916,1366
14917,14.917,1290
14918,14.918,1296
14919,14.919,1296
14920,14.92,1296
14921,14.921,1296
14922,14.922,1296
14923,14.923,1298
14924,14.924,1290
14925,14.925,1296
14926,14.926,1287
14927,14.927,1296
14928,14.928,1285
14929,14.929,1407
14930,14.93,1296
14931,14.931,1297
14932,14.932,1297
14933,14.933,1299
14934,14.934,1295
14935,14.935,1301
14936,14.936,1303
14937,14.937,1297
14938,14.938,1295
14939,14.939,1287
14940,14.94,1288
14941,14.941,1296
14942,14.942,1290
14943,14.943,1283
14944,14.944,1295
14945,14.945,1296
14946,14.946,1296
14947,14.947,1298
14948,14.948,1295
14949,14.949,1332
14950,14.95,1277
14951,14.951,1291
14952,14.952,1298
14953,14.953,1299
14954,14.954,1290
14955,14.955,1295
14956,14.956,1283
14957,14.957,1295
14958,14.958,1295
14959,14.959,1293
14960,14.96,1281
14961,14.961,1318
14962,14.962,1289
14963,14.963,1280
14964,14.964,1290
14965,14.965,1289
14966,14.966,1293
14967,14.967,1296
14968,14.968,1293
14969,14.969,1295
14970,14.97,1233
14971,14.971,1293
14972,14.972,1292
14973,14.973,1289
14974,14.974,1299
14975,14.975,1297
14976,14.976,1293
14977,14.977,1292
14978,14.978,1292
14979,14.979,1301
14980,14.98,1296
14981,14.981,1297
14982,14.982,1296
14983,14.983,1296
14984,14.984,1296
14985,14.985,1318
14986,14.986,1296
14987,14.987,1290
14988,14.988,1295
14989,14.989,1297
14990,14.99,1286
14991,14.991,1290
14992,14.992,1295
14993,14.993,1293
14994,14.994,1294
14995,14.995,1286
14996,14.996,1302
14997,14.997,1291
14998,14.998,1306
14999,14.999,1312
15000,15.0,1311
15001,15.001,1293
15002,15.002,1296
15003,15.003,1294
15004,15.004,1293
15005,15.005,1291
15006,15.006,1300
15007,15.007,1289
15008,15.008,1312
15009,15.009,1294
15010,15.01,1382
15011,15.011,1271
15012,15.012,1296
15013,15.013,1302
15014,15.014,1294
15015,15.015,1301
15016,15.016,1296
15017,15.017,1306
15018,15.018,1296
15019,15.019,1298
15020,15.02,1295
15021,15.021,1285
15022,15.022,1296
15023,15.023,1274
15024,15.024,1297
15025,15.025,1295
15026,15.026,1297
15027,15.027,1295
15028,15.028,1293
15029,15.029,1288
15030,15.03,1294
15031,15.031,1286
15032,15.032,1295
15033,15.033,1296
15034,15.034,1312
15035,15.035,1301
15036,15.036,1290
15037,15.037,1287
15038,15.038,1201
15039,15.039,1295
15040,15.04,1296
15041,15.041,1287
15042,15.042,1283
15043,15.043,1296
15044,15.044,1294
15045,15.045,1296
15046,15.046,1291
15047,15.047,1293
15048,15.048,1337
15049,15.049,1286
15050,15.05,1296
15051,15.051,1299
15052,15.052,1286
15053,15.053,1297
15054,15.054,1297
15055,15.055,1300
15056,15.056,1285
15057,15.057,1306
15058,15.058,1292
15059,15.059,1305
15060,15.06,1293
15061,15.061,1317
15062,15.062,1312
15063,15.063,1292
15064,15.064,1287
15065,15.065,1390
15066,15.066,1299
15067,15.067,1297
15068,15.068,1292
15069,15.069,1291
15070,15.07,1299
15071,15.071,1296
15072,15.072,1295
15073,15.073,1290
15074,15.074,1292
15075,15.075,1296
15076,15.076,1295
15077,15.077,1296
15078,15.078,1229
15079,15.079,1289
15080,15.08,1280
15081,15.081,1294
15082,15.082,1296
15083,15.083,1294
15084,15.084,1295
15085,15.085,1297
15086,15.086,1290
15087,15.087,1294
15088,15.088,1286
15089,15.089,1292
15090,15.09,1296
15091,15.091,1297
15092,15.092,1296
15093,15.093,1295
15094,15.094,1301
15095,15.095,1274
15096,15.096,1290
15097,15.097,1289
15098,15.098,1291
15099,15.099,1289
15100,15.1,1287
15101,15.101,1296
15102,15.102,1290
15103,15.103,1293
15104,15.104,1281
15105,15.105,1276
15106,15.106,1298
15107,15.107,1283
15108,15.108,1328
15109,15.109,1291
15110,15.11,1294
15111,15.111,1296
15112,15.112,1289
15113,15.113,1293
15114,15.114,1296
15115,15.115,1363
15116,15.116,1293
15117,15.117,1297
15118,15.118,1287
15119,15.119,1296
15120,15.12,1295
15121,15.121,1297
15122,15.122,1293
15123,15.123,1295
15124,15.124,1301
15125,15.125,1289
15126,15.126,1295
15127,15.127,1295
15128,15.128,1294
15129,15.129,1296
15130,15.13,1291
15131,15.131,1294
15132,15.132,1301
15133,15.133,1292
15134,15.134,1301
15135,15.135,1299
15136,15.136,1293
15137,15.137,1266
15138,15.138,1295
15139,15.139,1285
15140,15.14,1299
15141,15.141,1279
15142,15.142,1296
15143,15.143,1298
15144,15.144,1283
15145,15.145,1264
15146,15.146,1283
15147,15.147,1296
15148,15.148,1287
15149,15.149,1296
15150,15.15,1294
15151,15.151,1290
15152,15.152,1296
15153,15.153,1264
15154,15.154,1279
15155,15.155,1295
15156,15.156,1299
15157,15.157,1292
15158,15.158,1302
15159,15.159,1298
15160,15.16,1307
15161,15.161,1291
15162,15.162,1295
15163,15.163,1290
15164,15.164,1294
15165,15.165,1359
15166,15.166,1284
15167,15.167,1284
15168,15.168,1296
15169,15.169,1305
15170,15.17,1265
15171,15.171,1301
15172,15.172,1295
15173,15.173,1313
15174,15.174,1299
15175,15.175,1301
15176,15.176,1301
15177,15.177,1283
15178,15.178,1296
15179,15.179,1301
15180,15.18,1366
15181,15.181,1290
15182,15.182,1303
15183,15.183,1296
15184,15.184,1302
15185,15.185,1311
15186,15.186,1298
15187,15.187,1313
15188,15.188,1327
15189,15.189,1293
15190,15.19,1300
15191,15.191,1296
15192,15.192,1296
15193,15.193,1296
15194,15.194,1330
15195,15.195,1319
15196,15.196,1291
15197,15.197,1301
15198,15.198,1297
15199,15.199,1307
15200,15.2,1294
15201,15.201,1295
15202,15.202,1289
15203,15.203,1303
15204,15.204,1298
15205,15.205,1296
15206,15.206,1299
15207,15.207,1298
15208,15.208,1296
15209,15.209,1294
15210,15.21,1301
15211,15.211,1289
15212,15.212,1303
15213,15.213,1291
15214,15.214,1296
15215,15.215,1294
15216,15.216,1282
15217,15.217,1290
15218,15.218,1328
15219,15.219,1294
15220,15.22,1296
15221,15.221,1296
15222,15.222,1291
15223,15.223,1287
15224,15.224,1296
15225,15.225,1291
15226,15.226,1284
15227,15.227,1281
15228,15.228,1291
15229,15.229,1299
15230,15.23,1296
15231,15.231,1290
15232,15.232,1307
15233,15.233,1296
15234,15.234,1298
15235,15.235,1293
15236,15.236,1319
15237,15.237,1299
15238,15.238,1309
15239,15.239,1313
15240,15.24,1291
15241,15.241,1313
15242,15.242,1283
15243,15.243,1295
15244,15.244,1296
15245,15.245,1296
15246,15.246,1262
15247,15.247,1296
15248,15.248,1306
15249,15.249,1296
15250,15.25,1299
15251,15.251,1295
15252,15.252,1294
15253,15.253,1301
15254,15.254,1296
15255,15.255,1297
15256,15.256,1296
15257,15.257,1296
15258,15.258,1299
15259,15.259,1296
15260,15.26,1296
15261,15.261,1291
15262,15.262,1291
15263,15.263,1285
15264,15.264,1296
15265,15.265,1301
15266,15.266,1296
15267,15.267,1307
15268,15.268,1296
15269,15.269,1297
15270,15.27,1297
15271,15.271,1296
15272,15.272,1298
15273,15.273,1257
15274,15.274,1294
15275,15.275,1265
15276,15.276,1290
15277,15.277,1294
15278,15.278,1295
15279,15.279,1276
15280,15.28,1296
15281,15.281,1296
15282,15.282,1296
15283,15.283,1291
15284,15.284,1295
15285,15.285,1297
15286,15.286,1294
15287,15.287,1291
15288,15.288,1296
15289,15.289,1296
15290,15.29,1300
15291,15.291,1296
15292,15.292,1311
15293,15.293,1295
15294,15.294,1303
15295,15.295,1290
15296,15.296,1308
15297,15.297,1301
15298,15.298,1306
15299,15.299,1294
15300,15.3,1297
15301,15.301,1293
15302,15.302,1306
15303,15.303,1303
15304,15.304,1289
15305,15.305,1283
15306,15.306,1308
15307,15.307,1270
15308,15.308,1291
15309,15.309,1296
15310,15.31,1299
15311,15.311,1305
15312,15.312,1295
15313,15.313,1299
15314,15.314,1281
15315,15.315,1290
15316,15.316,1303
15317,15.317,1290
15318,15.318,1282
15319,15.319,1280
15320,15.32,1290
15321,15.321,1302
15322,15.322,1296
15323,15.323,1290
15324,15.324,1289
15325,15.325,1301
15326,15.326,1293
15327,15.327,1294
15328,15.328,1291
15329,15.329,1293
15330,15.33,1283
15331,15.331,1293
15332,15.332,1295
15333,15.333,1302
15334,15.334,1293
15335,15.335,1296
15336,15.336,1292
15337,15.337,1282
15338,15.338,1206
15339,15.339,1289
15340,15.34,1292
15341,15.341,1290
15342,15.342,1293
15343,15.343,1313
15344,15.344,1296
15345,15.345,1295
15346,15.346,1289
15347,15.347,1290
15348,15.348,1294
15349,15.349,1296
15350,15.35,1291
15351,15.351,1291
15352,15.352,1293
15353,15.353,1298
15354,15.354,1328
15355,15.355,1290
15356,15.356,1293
15357,15.357,1296
15358,15.358,1296
15359,15.359,1307
15360,15.36,1303
15361,15.361,1297
15362,15.362,1296
15363,15.363,1296
15364,15.364,1309
15365,15.365,1295
15366,15.366,1294
15367,15.367,1292
15368,15.368,1296
15369,15.369,1266
15370,15.37,1269
15371,15.371,1297
15372,15.372,1296
15373,15.373,1273
15374,15.374,1397
15375,15.375,1302
15376,15.376,1292
15377,15.377,1306
15378,15.378,1291
15379,15.379,1297
15380,15.38,1288
15381,15.381,1292
15382,15.382,1294
15383,15.383,1296
15384,15.384,1313
15385,15.385,1281
15386,15.386,1285
15387,15.387,1296
15388,15.388,1284
15389,15.389,1274
15390,15.39,1291
15391,15.391,1280
15392,15.392,1295
15393,15.393,1284
15394,15.394,1289
15395,15.395,1280
15396,15.396,1296
15397,15.397,1303
15398,15.398,1296
15399,15.399,1292
15400,15.4,1293
15401,15.401,1287
15402,15.402,1295
15403,15.403,1270
15404,15.404,1293
15405,15.405,1293
15406,15.406,1298
15407,15.407,1254
15408,15.408,1294
15409,15.409,1293
15410,15.41,1294
15411,15.411,1291
15412,15.412,1296
15413,15.413,1291
15414,15.414,1295
15415,15.415,1288
15416,15.416,1293
15417,15.417,1296
15418,15.418,1296
15419,15.419,1296
15420,15.42,1294
15421,15.421,1266
15422,15.422,1298
15423,15.423,1283
15424,15.424,1289
15425,15.425,1287
15426,15.426,1334
15427,15.427,1289
15428,15.428,1287
15429,15.429,1306
15430,15.43,1285
15431,15.431,1298
15432,15.432,1290
15433,15.433,1296
15434,15.434,1293
15435,15.435,1293
15436,15.436,1293
15437,15.437,1296
15438,15.438,1307
15439,15.439,1295
15440,15.44,1314
15441,15.441,1285
15442,15.442,1286
15443,15.443,1328
15444,15.444,1296
15445,15.445,1300
15446,15.446,1296
15447,15.447,1292
15448,15.448,1287
15449,15.449,1296
15450,15.45,1299
15451,15.451,1297
15452,15.452,1289
15453,15.453,1291
15454,15.454,1286
15455,15.455,1298
15456,15.456,1291
15457,15.457,1294
15458,15.458,1290
15459,15.459,1293
15460,15.46,1291
15461,15.461,1291
15462,15.462,1286
15463,15.463,1296
15464,15.464,1235
15465,15.465,1295
15466,15.466,1296
15467,15.467,1321
15468,15.468,1291
15469,15.469,1292
15470,15.47,1319
15471,15.471,1291
15472,15.472,1295
15473,15.473,1294
15474,15.474,1288
15475,15.475,1291
15476,15.476,1294
15477,15.477,1291
15478,15.478,1299
15479,15.479,1286
15480,15.48,1294
15481,15.481,1286
15482,15.482,1295
15483,15.483,1286
15484,15.484,1291
15485,15.485,1289
15486,15.486,1296
15487,15.487,1291
15488,15.488,1290
15489,15.489,1290
15490,15.49,1290
15491,15.491,1295
15492,15.492,1296
15493,15.493,1292
15494,15.494,1297
15495,15.495,1292
15496,15.496,1296
15497,15.497,1301
15498,15.498,1289
15499,15.499,1296
15500,15.5,1296
15501,15.501,1291
15502,15.502,1294
15503,15.503,1289
15504,15.504,1286
15505,15.505,1294
15506,15.506,1285
15507,15.507,1281
15508,15.508,1300
15509,15.509,1283
15510,15.51,1298
15511,15.511,1293
15512,15.512,1290
15513,15.513,1285
15514,15.514,1296
15515,15.515,1298
15516,15.516,1298
15517,15.517,1293
15518,15.518,1299
15519,15.519,1296
15520,15.52,1291
15521,15.521,1329
15522,15.522,1289
15523,15.523,1289
15524,15.524,1296
15525,15.525,1293
15526,15.526,1307
15527,15.527,1287
15528,15.528,1232
15529,15.529,1286
15530,15.53,1295
15531,15.531,1326
15532,15.532,1274
15533,15.533,1402
15534,15.534,1299
15535,15.535,1297
15536,15.536,1293
15537,15.537,1297
15538,15.538,1296
15539,15.539,1290
15540,15.54,1237
15541,15.541,1296
15542,15.542,1296
15543,15.543,1300
15544,15.544,1293
15545,15.545,1291
15546,15.546,1295
15547,15.547,1295
15548,15.548,1303
15549,15.549,1290
15550,15.55,1296
15551,15.551,1286
15552,15.552,1286
15553,15.553,1293
15554,15.554,1296
15555,15.555,1306
15556,15.556,1303
15557,15.557,1296
15558,15.558,1290
15559,15.559,1303
15560,15.56,1284
15561,15.561,1296
15562,15.562,1296
15563,15.563,1296
15564,15.564,1285
15565,15.565,1291
15566,15.566,1277
15567,15.567,1312
15568,15.568,1287
15569,15.569,1286
15570,15.57,1293
15571,15.571,1292
15572,15.572,1294
15573,15.573,1296
15574,15.574,1297
15575,15.575,1296
15576,15.576,1303
15577,15.577,1279
15578,15.578,1296
15579,15.579,1301
15580,15.58,1298
15581,15.581,1261
15582,15.582,1293
15583,15.583,1296
15584,15.584,1303
15585,15.585,1298
15586,15.586,1275
15587,15.587,1292
15588,15.588,1290
15589,15.589,1295
15590,15.59,1292
15591,15.591,1299
15592,15.592,1297
15593,15.593,1296
15594,15.594,1296
15595,15.595,1294
15596,15.596,1302
15597,15.597,1287
15598,15.598,1296
15599,15.599,1290
15600,15.6,1296
15601,15.601,1294
15602,15.602,1295
15603,15.603,1289
15604,15.604,1287
15605,15.605,1297
15606,15.606,1293
15607,15.607,1293
15608,15.608,1281
15609,15.609,1295
15610,15.61,1290
15611,15.611,1295
15612,15.612,1296
15613,15.613,1297
15614,15.614,1299
15615,15.615,1290
15616,15.616,1296
15617,15.617,1296
15618,15.618,1296
15619,15.619,1296
15620,15.62,1297
15621,15.621,1296
15622,15.622,1334
15623,15.623,1290
15624,15.624,1296
15625,15.625,1310
15626,15.626,1297
15627,15.627,1296
15628,15.628,1291
15629,15.629,1287
15630,15.63,1295
15631,15.631,1294
15632,15.632,1285
15633,15.633,1313
15634,15.634,1296
15635,15.635,1296
15636,15.636,1297
15637,15.637,1296
15638,15.638,1296
15639,15.639,1295
15640,15.64,1295
15641,15.641,1294
15642,15.642,1281
15643,15.643,1296
15644,15.644,1298
15645,15.645,1291
15646,15.646,1301
15647,15.647,1292
15648,15.648,1289
15649,15.649,1293
15650,15.65,1291
15651,15.651,1299
15652,15.652,1290
15653,15.653,1296
15654,15.654,1294
15655,15.655,1291
15656,15.656,1293
15657,15.657,1285
15658,15.658,1292
15659,15.659,1289
15660,15.66,1296
15661,15.661,1285
15662,15.662,1292
15663,15.663,1285
15664,15.664,1297
15665,15.665,1296
15666,15.666,1297
15667,15.667,1294
15668,15.668,1286
15669,15.669,1302
15670,15.67,1285
15671,15.671,1295
15672,15.672,1293
15673,15.673,1291
15674,15.674,1296
15675,15.675,1290
15676,15.676,1296
15677,15.677,1291
15678,15.678,1279
15679,15.679,1296
15680,15.68,1296
15681,15.681,1298
15682,15.682,1295
15683,15.683,1287
15684,15.684,1279
15685,15.685,1296
15686,15.686,1291
15687,15.687,1298
15688,15.688,1293
15689,15.689,1296
15690,15.69,1295
15691,15.691,1293
15692,15.692,1216
15693,15.693,1287
15694,15.694,1291
15695,15.695,1296
15696,15.696,1301
15697,15.697,1269
15698,15.698,1296
15699,15.699,1306
15700,15.7,1295
15701,15.701,1290
15702,15.702,1305
15703,15.703,1296
15704,15.704,1299
15705,15.705,1298
15706,15.706,1295
15707,15.707,1295
15708,15.708,1286
15709,15.709,1307
15710,15.71,1297
15711,15.711,1295
15712,15.712,1295
15713,15.713,1302
15714,15.714,1293
15715,15.715,1289
15716,15.716,1296
15717,15.717,1287
15718,15.718,1297
15719,15.719,1296
15720,15.72,1294
15721,15.721,1289
15722,15.722,1285
15723,15.723,1288
15724,15.724,1274
15725,15.725,1284
15726,15.726,1296
15727,15.727,1296
15728,15.728,1295
15729,15.729,1296
15730,15.73,1292
15731,15.731,1315
15732,15.732,1284
15733,15.733,1293
15734,15.734,1327
15735,15.735,1295
15736,15.736,1296
15737,15.737,1301
15738,15.738,1317
15739,15.739,1346
15740,15.74,1296
15741,15.741,1286
15742,15.742,1299
15743,15.743,1295
15744,15.744,1287
15745,15.745,1296
15746,15.746,1293
15747,15.747,1298
15748,15.748,1290
15749,15.749,1296
15750,15.75,1296
15751,15.751,1296
15752,15.752,1291
15753,15.753,1297
15754,15.754,1296
15755,15.755,1287
15756,15.756,1296
15757,15.757,1296
15758,15.758,1292
15759,15.759,1295
15760,15.76,1293
15761,15.761,1294
15762,15.762,1095
15763,15.763,1293
15764,15.764,1296
15765,15.765,1294
15766,15.766,1323
15767,15.767,1291
15768,15.768,1285
15769,15.769,1293
15770,15.77,1286
15771,15.771,1296
15772,15.772,1299
15773,15.773,1301
15774,15.774,1296
15775,15.775,1302
15776,15.776,1295
15777,15.777,1294
15778,15.778,1235
15779,15.779,1280
15780,15.78,1233
15781,15.781,1301
15782,15.782,1284
15783,15.783,1303
15784,15.784,1290
15785,15.785,1306
15786,15.786,1294
15787,15.787,1296
15788,15.788,1301
15789,15.789,1281
15790,15.79,1284
15791,15.791,1296
15792,15.792,1294
15793,15.793,1275
15794,15.794,1285
15795,15.795,1291
15796,15.796,1284
15797,15.797,1283
15798,15.798,1308
15799,15.799,1293
15800,15.8,1296
15801,15.801,1293
15802,15.802,1296
15803,15.803,1296
15804,15.804,1293
15805,15.805,1285
15806,15.806,1285
15807,15.807,1291
15808,15.808,1295
15809,15.809,1294
15810,15.81,1319
15811,15.811,1299
15812,15.812,1283
15813,15.813,1298
15814,15.814,1296
15815,15.815,1239
15816,15.816,1292
15817,15.817,1292
15818,15.818,1293
15819,15.819,1296
15820,15.82,1298
15821,15.821,1307
15822,15.822,1283
15823,15.823,1296
15824,15.824,1283
15825,15.825,1286
15826,15.826,1296
15827,15.827,1296
15828,15.828,1296
15829,15.829,1309
15830,15.83,1294
15831,15.831,1311
15832,15.832,1296
15833,15.833,1301
15834,15.834,1307
15835,15.835,1222
15836,15.836,1285
15837,15.837,1294
15838,15.838,1296
15839,15.839,1285
15840,15.84,1206
15841,15.841,1294
15842,15.842,1289
15843,15.843,1292
15844,15.844,1358
15845,15.845,1294
15846,15.846,1296
15847,15.847,1183
15848,15.848,1294
15849,15.849,1293
15850,15.85,1296
15851,15.851,1296
15852,15.852,1111
15853,15.853,1295
15854,15.854,1297
15855,15.855,1305
15856,15.856,1303
15857,15.857,1292
15858,15.858,1299
15859,15.859,1295
15860,15.86,1342
15861,15.861,1302
15862,15.862,1295
15863,15.863,1286
15864,15.864,1293
15865,15.865,1280
15866,15.866,1295
15867,15.867,1294
15868,15.868,1282
15869,15.869,1300
15870,15.87,1296
15871,15.871,1301
15872,15.872,1285
15873,15.873,1296
15874,15.874,1290
15875,15.875,1296
15876,15.876,1297
15877,15.877,1291
15878,15.878,1296
15879,15.879,1265
15880,15.88,1249
15881,15.881,1294
15882,15.882,1290
15883,15.883,1289
15884,15.884,1297
15885,15.885,1287
15886,15.886,1313
15887,15.887,1283
15888,15.888,1232
15889,15.889,1375
15890,15.89,1293
15891,15.891,1270
15892,15.892,1297
15893,15.893,1288
15894,15.894,1302
15895,15.895,1299
15896,15.896,1287
15897,15.897,1264
15898,15.898,1296
15899,15.899,1213
15900,15.9,1296
15901,15.901,1298
15902,15.902,1299
15903,15.903,1296
15904,15.904,1294
15905,15.905,1296
15906,15.906,1302
15907,15.907,1296
15908,15.908,1281
15909,15.909,1296
15910,15.91,1292
15911,15.911,1275
15912,15.912,1296
15913,15.913,1356
15914,15.914,1285
15915,15.915,1298
15916,15.916,1295
15917,15.917,1218
15918,15.918,1294
15919,15.919,1296
15920,15.92,1323
15921,15.921,1296
15922,15.922,1296
15923,15.923,1294
15924,15.924,1294
15925,15.925,1293
15926,15.926,1296
15927,15.927,1282
15928,15.928,1212
15929,15.929,1232
15930,15.93,1286
15931,15.931,1232
15932,15.932,1286
15933,15.933,1294
15934,15.934,1293
15935,15.935,1317
15936,15.936,1305
15937,15.937,1295
15938,15.938,1237
15939,15.939,1294
15940,15.94,1296
15941,15.941,1344
15942,15.942,1297
15943,15.943,1312
15944,15.944,1302
15945,15.945,1297
15946,15.946,1285
15947,15.947,1290
15948,15.948,1291
15949,15.949,1294
15950,15.95,1292
15951,15.951,1278
15952,15.952,1349
15953,15.953,1273
15954,15.954,1294
15955,15.955,1298
15956,15.956,1296
15957,15.957,1290
15958,15.958,1298
15959,15.959,1287
15960,15.96,1296
15961,15.961,1301
15962,15.962,1310
15963,15.963,1287
15964,15.964,1297
15965,15.965,1293
15966,15.966,1296
15967,15.967,1281
15968,15.968,1291
15969,15.969,1296
15970,15.97,1296
15971,15.971,1291
15972,15.972,1290
15973,15.973,1287
15974,15.974,1296
15975,15.975,1296
15976,15.976,1295
15977,15.977,1289
15978,15.978,1296
15979,15.979,1294
15980,15.98,1297
15981,15.981,1296
15982,15.982,1302
15983,15.983,1290
15984,15.984,1295
15985,15.985,1339
15986,15.986,1297
15987,15.987,1290
15988,15.988,1355
15989,15.989,1319
15990,15.99,1300
15991,15.991,1311
15992,15.992,1291
15993,15.993,1289
15994,15.994,1287
15995,15.995,1269
15996,15.996,1311
15997,15.997,1301
15998,15.998,1298
15999,15.999,1294
16000,16.0,1299
16001,16.001,1294
16002,16.002,1296
16003,16.003,1294
16004,16.004,1292
16005,16.005,1290
16006,16.006,1296
16007,16.007,1296
16008,16.008,1298
16009,16.009,1295
16010,16.01,1296
16011,16.011,1296
16012,16.012,1296
16013,16.013,1199
16014,16.014,1303
16015,16.015,1298
16016,16.016,1295
16017,16.017,1283
16018,16.018,1328
16019,16.019,1290
16020,16.02,1290
16021,16.021,1297
16022,16.022,1291
16023,16.023,1287
16024,16.024,1296
16025,16.025,1243
16026,16.026,1287
16027,16.027,1296
16028,16.028,1297
16029,16.029,1291
16030,16.03,1283
16031,16.031,1296
16032,16.032,1280
16033,16.033,1296
16034,16.034,1293
16035,16.035,1302
16036,16.036,1301
16037,16.037,1294
16038,16.038,1405
16039,16.039,1302
16040,16.04,1293
16041,16.041,1292
16042,16.042,1296
16043,16.043,1296
16044,16.044,1296
16045,16.045,1296
16046,16.046,1296
16047,16.047,1259
16048,16.048,1294
16049,16.049,1297
16050,16.05,1291
16051,16.051,1295
16052,16.052,1296
16053,16.053,1298
16054,16.054,1294
16055,16.055,1296
16056,16.056,1295
16057,16.057,1296
16058,16.058,1297
16059,16.059,1300
16060,16.06,1293
16061,16.061,1295
16062,16.062,1297
16063,16.063,1296
16064,16.064,1289
16065,16.065,1292
16066,16.066,1296
16067,16.067,1283
16068,16.068,1292
16069,16.069,1296
16070,16.07,1284
16071,16.071,1293
16072,16.072,1258
16073,16.073,1297
16074,16.074,1286
16075,16.075,1293
16076,16.076,1301
16077,16.077,1294
16078,16.078,1296
16079,16.079,1296
16080,16.08,1296
16081,16.081,1291
16082,16.082,1301
16083,16.083,1292
16084,16.084,1296
16085,16.085,1293
16086,16.086,1297
16087,16.087,1295
16088,16.088,1292
16089,16.089,1292
16090,16.09,1291
16091,16.091,1296
16092,16.092,1298
16093,16.093,1297
16094,16.094,1293
16095,16.095,1286
16096,16.096,1292
16097,16.097,1303
16098,16.098,1296
16099,16.099,1294
16100,16.1,1290
16101,16.101,1287
16102,16.102,1301
16103,16.103,1294
16104,16.104,1293
16105,16.105,1294
16106,16.106,1289
16107,16.107,1296
16108,16.108,1289
16109,16.109,1293
16110,16.11,1292
16111,16.111,1289
16112,16.112,1293
16113,16.113,1291
16114,16.114,1295
16115,16.115,1289
16116,16.116,1303
16117,16.117,1291
16118,16.118,1293
16119,16.119,1295
16120,16.12,1290
16121,16.121,1291
16122,16.122,1310
16123,16.123,1296
16124,16.124,1296
16125,16.125,1294
16126,16.126,1242
16127,16.127,1309
16128,16.128,1298
16129,16.129,1296
16130,16.13,1298
16131,16.131,1296
16132,16.132,1318
16133,16.133,1302
16134,16.134,1295
16135,16.135,1283
16136,16.136,1296
16137,16.137,1296
16138,16.138,1297
16139,16.139,1296
16140,16.14,1295
16141,16.141,1296
16142,16.142,1296
16143,16.143,1296
16144,16.144,1295
16145,16.145,1303
16146,16.146,1296
16147,16.147,1296
16148,16.148,1310
16149,16.149,1287
16150,16.15,1299
16151,16.151,1297
16152,16.152,1314
16153,16.153,1291
16154,16.154,1295
16155,16.155,1298
16156,16.156,1296
16157,16.157,1296
16158,16.158,1292
16159,16.159,1296
16160,16.16,1296
16161,16.161,1297
16162,16.162,1299
16163,16.163,1303
16164,16.164,1296
16165,16.165,1297
16166,16.166,1297
16167,16.167,1290
16168,16.168,1294
16169,16.169,1293
16170,16.17,1291
16171,16.171,1312
16172,16.172,1295
16173,16.173,1296
16174,16.174,1323
16175,16.175,1297
16176,16.176,1307
16177,16.177,1296
16178,16.178,1289
16179,16.179,1334
16180,16.18,1290
16181,16.181,1296
16182,16.182,1290
16183,16.183,1299
16184,16.184,1297
16185,16.185,1300
16186,16.186,1325
16187,16.187,1301
16188,16.188,1290
16189,16.189,1289
16190,16.19,1294
16191,16.191,1307
16192,16.192,1296
16193,16.193,1277
16194,16.194,1286
16195,16.195,1300
16196,16.196,1297
16197,16.197,1308
16198,16.198,1315
16199,16.199,1305
16200,16.2,1294
16201,16.201,1306
16202,16.202,1293
16203,16.203,1296
16204,16.204,1287
16205,16.205,1127
16206,16.206,1280
16207,16.207,1296
16208,16.208,1297
16209,16.209,1287
16210,16.21,1301
16211,16.211,1289
16212,16.212,1297
16213,16.213,1283
16214,16.214,1295
16215,16.215,1292
16216,16.216,1284
16217,16.217,1285
16218,16.218,1296
16219,16.219,1294
16220,16.22,1299
16221,16.221,1293
16222,16.222,1290
16223,16.223,1295
16224,16.224,1293
16225,16.225,1289
16226,16.226,1295
16227,16.227,1314
16228,16.228,1292
16229,16.229,1299
16230,16.23,1293
16231,16.231,1296
16232,16.232,1295
16233,16.233,1298
16234,16.234,1297
16235,16.235,1294
16236,16.236,1295
16237,16.237,1299
16238,16.238,1303
16239,16.239,1293
16240,16.24,1291
16241,16.241,1295
16242,16.242,1296
16243,16.243,1293
16244,16.244,1291
16245,16.245,1293
16246,16.246,1296
16247,16.247,1279
16248,16.248,1282
16249,16.249,1294
16250,16.25,1298
16251,16.251,1289
16252,16.252,1301
16253,16.253,1293
16254,16.254,1299
16255,16.255,1297
16256,16.256,1295
16257,16.257,1295
16258,16.258,1265
16259,16.259,1291
16260,16.26,1296
16261,16.261,1293
16262,16.262,1296
16263,16.263,1295
16264,16.264,1293
16265,16.265,1302
16266,16.266,1296
16267,16.267,1294
16268,16.268,1294
16269,16.269,1254
16270,16.27,1294
16271,16.271,1280
16272,16.272,1301
16273,16.273,1298
16274,16.274,1293
16275,16.275,1294
16276,16.276,1292
16277,16.277,1295
16278,16.278,1267
16279,16.279,1303
16280,16.28,1296
16281,16.281,1310
16282,16.282,1296
16283,16.283,1298
16284,16.284,1297
16285,16.285,1291
16286,16.286,1294
16287,16.287,1296
16288,16.288,1285
16289,16.289,1296
16290,16.29,1290
16291,16.291,1296
16292,16.292,1293
16293,16.293,1293
16294,16.294,1289
16295,16.295,1296
16296,16.296,1296
16297,16.297,1281
16298,16.298,1310
16299,16.299,1295
16300,16.3,1289
16301,16.301,1297
16302,16.302,1294
16303,16.303,1298
16304,16.304,1315
16305,16.305,1328
16306,16.306,1296
16307,16.307,1285
16308,16.308,1294
16309,16.309,1283
16310,16.31,1287
16311,16.311,1287
16312,16.312,1301
16313,16.313,1296
16314,16.314,1265
16315,16.315,1296
16316,16.316,1290
16317,16.317,1290
16318,16.318,1309
16319,16.319,1297
16320,16.32,1299
16321,16.321,1294
16322,16.322,1298
16323,16.323,1303
16324,16.324,1296
16325,16.325,1296
16326,16.326,1298
16327,16.327,1283
16328,16.328,1290
16329,16.329,1291
16330,16.33,1290
16331,16.331,1358
16332,16.332,1291
16333,16.333,1296
16334,16.334,1295
16335,16.335,1296
16336,16.336,1270
16337,16.337,1293
16338,16.338,1292
16339,16.339,1290
16340,16.34,1309
16341,16.341,1296
16342,16.342,1296
16343,16.343,1293
16344,16.344,1290
16345,16.345,1287
16346,16.346,1287
16347,16.347,1296
16348,16.348,1294
16349,16.349,1294
16350,16.35,1301
16351,16.351,1520
16352,16.352,1246
16353,16.353,1258
16354,16.354,1298
16355,16.355,1300
16356,16.356,1278
16357,16.357,1222
16358,16.358,1264
16359,16.359,1290
16360,16.36,1296
16361,16.361,1294
16362,16.362,1291
16363,16.363,1285
16364,16.364,1295
16365,16.365,1295
16366,16.366,1329
16367,16.367,1291
16368,16.368,1284
16369,16.369,1290
16370,16.37,1279
16371,16.371,1295
16372,16.372,1305
16373,16.373,1296
16374,16.374,1307
16375,16.375,1296
16376,16.376,1287
16377,16.377,1296
16378,16.378,1206
16379,16.379,1298
16380,16.38,1293
16381,16.381,1296
16382,16.382,1296
16383,16.383,1291
16384,16.384,1333
16385,16.385,1290
16386,16.386,1298
16387,16.387,1298
16388,16.388,1290
16389,16.389,1189
16390,16.39,1296
16391,16.391,1281
16392,16.392,1307
16393,16.393,1294
16394,16.394,1256
16395,16.395,1296
16396,16.396,1302
16397,16.397,1296
16398,16.398,1291
16399,16.399,1296
16400,16.4,1307
16401,16.401,1292
16402,16.402,1282
16403,16.403,1293
16404,16.404,1292
16405,16.405,1296
16406,16.406,1296
16407,16.407,1284
16408,16.408,1299
16409,16.409,1296
16410,16.41,1296
16411,16.411,1296
16412,16.412,1296
16413,16.413,1294
16414,16.414,1302
16415,16.415,1294
16416,16.416,1296
16417,16.417,1283
16418,16.418,1293
16419,16.419,1291
16420,16.42,1291
16421,16.421,1299
16422,16.422,1296
16423,16.423,1298
16424,16.424,1296
16425,16.425,1296
16426,16.426,1294
16427,16.427,1299
16428,16.428,1290
16429,16.429,1296
16430,16.43,1325
16431,16.431,1296
16432,16.432,1286
16433,16.433,1294
16434,16.434,1298
16435,16.435,1290
16436,16.436,1263
16437,16.437,1309
16438,16.438,1287
16439,16.439,1285
16440,16.44,1269
16441,16.441,1291
16442,16.442,1293
16443,16.443,1290
16444,16.444,1295
16445,16.445,1293
16446,16.446,1287
16447,16.447,1307
16448,16.448,1290
16449,16.449,1296
16450,16.45,1295
16451,16.451,1293
16452,16.452,1283
16453,16.453,1283
16454,16.454,1296
16455,16.455,1293
16456,16.456,1295
16457,16.457,1294
16458,16.458,1296
16459,16.459,1294
16460,16.46,1235
16461,16.461,1287
16462,16.462,1296
16463,16.463,1293
16464,16.464,1294
16465,16.465,1285
16466,16.466,1287
16467,16.467,1154
16468,16.468,1295
16469,16.469,1336
16470,16.47,1296
16471,16.471,1293
16472,16.472,1293
16473,16.473,1295
16474,16.474,1283
16475,16.475,1296
16476,16.476,1301
16477,16.477,1286
16478,16.478,1287
16479,16.479,1296
16480,16.48,1298
16481,16.481,1232
16482,16.482,1294
16483,16.483,1298
16484,16.484,1303
16485,16.485,1295
16486,16.486,1292
16487,16.487,1314
16488,16.488,1294
16489,16.489,1296
16490,16.49,1299
16491,16.491,1291
16492,16.492,1296
16493,16.493,1302
16494,16.494,1319
16495,16.495,1293
16496,16.496,1266
16497,16.497,1296
16498,16.498,1250
16499,16.499,1291
16500,16.5,1301
16501,16.501,1294
16502,16.502,1283
16503,16.503,1292
16504,16.504,1296
16505,16.505,1294
16506,16.506,1291
16507,16.507,1294
16508,16.508,1296
16509,16.509,1219
16510,16.51,1255
16511,16.511,1296
16512,16.512,1287
16513,16.513,1296
16514,16.514,1299
16515,16.515,1265
16516,16.516,1295
16517,16.517,1269
16518,16.518,1296
16519,16.519,1284
16520,16.52,1295
16521,16.521,1296
16522,16.522,1302
16523,16.523,1297
16524,16.524,1291
16525,16.525,1303
16526,16.526,1297
16527,16.527,1301
16528,16.528,1296
16529,16.529,1289
16530,16.53,1293
16531,16.531,1301
16532,16.532,1330
16533,16.533,1296
16534,16.534,1292
16535,16.535,1307
16536,16.536,1292
16537,16.537,1299
16538,16.538,1253
16539,16.539,1300
16540,16.54,1295
16541,16.541,1296
16542,16.542,1297
16543,16.543,1298
16544,16.544,1302
16545,16.545,1290
16546,16.546,1293
16547,16.547,1311
16548,16.548,1291
16549,16.549,1296
16550,16.55,1296
16551,16.551,1296
16552,16.552,1295
16553,16.553,1295
16554,16.554,1296
16555,16.555,1321
16556,16.556,1293
16557,16.557,1299
16558,16.558,1298
16559,16.559,1325
16560,16.56,1295
16561,16.561,1293
16562,16.562,1289
16563,16.563,1315
16564,16.564,1289
16565,16.565,1296
16566,16.566,1312
16567,16.567,1299
16568,16.568,1306
16569,16.569,1299
16570,16.57,1296
16571,16.571,1292
16572,16.572,1295
16573,16.573,1298
16574,16.574,1298
16575,16.575,1298
16576,16.576,1300
16577,16.577,1298
16578,16.578,1296
16579,16.579,1287
16580,16.58,1296
16581,16.581,1295
16582,16.582,1302
16583,16.583,1296
16584,16.584,1295
16585,16.585,1298
16586,16.586,1295
16587,16.587,1294
16588,16.588,1287
16589,16.589,1288
16590,16.59,1314
16591,16.591,1296
16592,16.592,1293
16593,16.593,1308
16594,16.594,1297
16595,16.595,1296
16596,16.596,1291
16597,16.597,1344
16598,16.598,1289
16599,16.599,1294
16600,16.6,1296
16601,16.601,1296
16602,16.602,1292
16603,16.603,1303
16604,16.604,1299
16605,16.605,1293
16606,16.606,1296
16607,16.607,1293
16608,16.608,1294
16609,16.609,1301
16610,16.61,1195
16611,16.611,1284
16612,16.612,1290
16613,16.613,1287
16614,16.614,1297
16615,16.615,1289
16616,16.616,1295
16617,16.617,1297
16618,16.618,1297
16619,16.619,1184
16620,16.62,1294
16621,16.621,1294
16622,16.622,1296
16623,16.623,1296
16624,16.624,1305
16625,16.625,1288
16626,16.626,1297
16627,16.627,1295
16628,16.628,1297
16629,16.629,1286
16630,16.63,1296
16631,16.631,1283
16632,16.632,1300
16633,16.633,1298
16634,16.634,1282
16635,16.635,1299
16636,16.636,1296
16637,16.637,1296
16638,16.638,1309
16639,16.639,1291
16640,16.64,1299
16641,16.641,1270
16642,16.642,1278
16643,16.643,1299
16644,16.644,1299
16645,16.645,1286
16646,16.646,1297
16647,16.647,1287
16648,16.648,1291
16649,16.649,1287
16650,16.65,1283
16651,16.651,1284
16652,16.652,1285
16653,16.653,1282
16654,16.654,1285
16655,16.655,1292
16656,16.656,1296
16657,16.657,1313
16658,16.658,1296
16659,16.659,1296
16660,16.66,1307
16661,16.661,1297
16662,16.662,1282
16663,16.663,1294
16664,16.664,1283
16665,16.665,1231
16666,16.666,1296
16667,16.667,1296
16668,16.668,1290
16669,16.669,1290
16670,16.67,1296
16671,16.671,1296
16672,16.672,1294
16673,16.673,1299
16674,16.674,1327
16675,16.675,1296
16676,16.676,1290
16677,16.677,1290
16678,16.678,1297
16679,16.679,1291
16680,16.68,1290
16681,16.681,1360
16682,16.682,1297
16683,16.683,1302
16684,16.684,1291
16685,16.685,1287
16686,16.686,1303
16687,16.687,1291
16688,16.688,1293
16689,16.689,1290
16690,16.69,1290
16691,16.691,1296
16692,16.692,1241
16693,16.693,1296
16694,16.694,1297
16695,16.695,1293
16696,16.696,1301
16697,16.697,1308
16698,16.698,1297
16699,16.699,1295
16700,16.7,1297
16701,16.701,1291
16702,16.702,1296
16703,16.703,1293
16704,16.704,1291
16705,16.705,1292
16706,16.706,1303
16707,16.707,1296
16708,16.708,1300
16709,16.709,1289
16710,16.71,1299
16711,16.711,1296
16712,16.712,1280
16713,16.713,1300
16714,16.714,1295
16715,16.715,1301
16716,16.716,1292
16717,16.717,1301
16718,16.718,1329
16719,16.719,1303
16720,16.72,1298
16721,16.721,1296
16722,16.722,1291
16723,16.723,1290
16724,16.724,1290
16725,16.725,1287
16726,16.726,1291
16727,16.727,1297
16728,16.728,1290
16729,16.729,1289
16730,16.73,1274
16731,16.731,1287
16732,16.732,1295
16733,16.733,1296
16734,16.734,1293
16735,16.735,1297
16736,16.736,1295
16737,16.737,1301
16738,16.738,1296
16739,16.739,1296
16740,16.74,1299
16741,16.741,1294
16742,16.742,1296
16743,16.743,1265
16744,16.744,1295
16745,16.745,1294
16746,16.746,1312
16747,16.747,1207
16748,16.748,1293
16749,16.749,1293
16750,16.75,1294
16751,16.751,1296
16752,16.752,1295
16753,16.753,1271
16754,16.754,1296
16755,16.755,1293
16756,16.756,1301
16757,16.757,1301
16758,16.758,1296
16759,16.759,1299
16760,16.76,1296
16761,16.761,1299
16762,16.762,1296
16763,16.763,1313
16764,16.764,1289
16765,16.765,1293
16766,16.766,1302
16767,16.767,1301
16768,16.768,1295
16769,16.769,1286
16770,16.77,1287
16771,16.771,1291
16772,16.772,1290
16773,16.773,1291
16774,16.774,1296
16775,16.775,1295
16776,16.776,1296
16777,16.777,1291
16778,16.778,1303
16779,16.779,1298
16780,16.78,1292
16781,16.781,1296
16782,16.782,1285
16783,16.783,1296
16784,16.784,1296
16785,16.785,1278
16786,16.786,1291
16787,16.787,1281
16788,16.788,1293
16789,16.789,1283
16790,16.79,1278
16791,16.791,1275
16792,16.792,1296
16793,16.793,1298
16794,16.794,1283
16795,16.795,1297
16796,16.796,1290
16797,16.797,1284
16798,16.798,1291
16799,16.799,1288
16800,16.8,1300
16801,16.801,1296
16802,16.802,1301
16803,16.803,1297
16804,16.804,1291
16805,16.805,1296
16806,16.806,1284
16807,16.807,1309
16808,16.808,1293
16809,16.809,1296
16810,16.81,1296
16811,16.811,1296
16812,16.812,1286
16813,16.813,1296
16814,16.814,1297
16815,16.815,1296
16816,16.816,1297
16817,16.817,1300
16818,16.818,1299
16819,16.819,1294
16820,16.82,1296
16821,16.821,1296
16822,16.822,1293
16823,16.823,1301
16824,16.824,1297
16825,16.825,1293
16826,16.826,1295
16827,16.827,1297
16828,16.828,1289
16829,16.829,1295
16830,16.83,1296
16831,16.831,1300
16832,16.832,1290
16833,16.833,1327
16834,16.834,1296
16835,16.835,1297
16836,16.836,1291
16837,16.837,1294
16838,16.838,1299
16839,16.839,1297
16840,16.84,1287
16841,16.841,1296
16842,16.842,1292
16843,16.843,1313
16844,16.844,1295
16845,16.845,1289
16846,16.846,1296
16847,16.847,1296
16848,16.848,1296
16849,16.849,1297
16850,16.85,1291
16851,16.851,1285
16852,16.852,1294
16853,16.853,1292
16854,16.854,1296
16855,16.855,1301
16856,16.856,1292
16857,16.857,1296
16858,16.858,1286
16859,16.859,1294
16860,16.86,1218
16861,16.861,1291
16862,16.862,1293
16863,16.863,1299
16864,16.864,1291
16865,16.865,1301
16866,16.866,1279
16867,16.867,1294
16868,16.868,1291
16869,16.869,1265
16870,16.87,1282
16871,16.871,1299
16872,16.872,1299
16873,16.873,1283
16874,16.874,1293
16875,16.875,1295
16876,16.876,1301
16877,16.877,1287
16878,16.878,1291
16879,16.879,1281
16880,16.88,1296
16881,16.881,1291
16882,16.882,1291
16883,16.883,1298
16884,16.884,1296
16885,16.885,1296
16886,16.886,1284
16887,16.887,1296
16888,16.888,1267
16889,16.889,1290
16890,16.89,1298
16891,16.891,1297
16892,16.892,1293
16893,16.893,1287
16894,16.894,1291
16895,16.895,1301
16896,16.896,1289
16897,16.897,1287
16898,16.898,1287
16899,16.899,1296
16900,16.9,1299
16901,16.901,1296
16902,16.902,1290
16903,16.903,1291
16904,16.904,1293
16905,16.905,1292
16906,16.906,1290
16907,16.907,1296
16908,16.908,1290
16909,16.909,1289
16910,16.91,1292
16911,16.911,1282
16912,16.912,1297
16913,16.913,1313
16914,16.914,1294
16915,16.915,1300
16916,16.916,1317
16917,16.917,1286
16918,16.918,1291
16919,16.919,1301
16920,16.92,1301
16921,16.921,1298
16922,16.922,1292
16923,16.923,1309
16924,16.924,1294
16925,16.925,1289
16926,16.926,1288
16927,16.927,1359
16928,16.928,1296
16929,16.929,1290
16930,16.93,1283
16931,16.931,1295
16932,16.932,1301
16933,16.933,1286
16934,16.934,1290
16935,16.935,1232
16936,16.936,1328
16937,16.937,1290
16938,16.938,1295
16939,16.939,1303
16940,16.94,1295
16941,16.941,1271
16942,16.942,1297
16943,16.943,1308
16944,16.944,1295
16945,16.945,1296
16946,16.946,1299
16947,16.947,1296
16948,16.948,1283
16949,16.949,1291
16950,16.95,1291
16951,16.951,1285
16952,16.952,1293
16953,16.953,1289
16954,16.954,1302
16955,16.955,1285
16956,16.956,1295
16957,16.957,1264
16958,16.958,1282
16959,16.959,1296
16960,16.96,1295
16961,16.961,1296
16962,16.962,1287
16963,16.963,1242
16964,16.964,1296
16965,16.965,1309
16966,16.966,1291
16967,16.967,1294
16968,16.968,1275
16969,16.969,1283
16970,16.97,1293
16971,16.971,1299
16972,16.972,1274
16973,16.973,1294
16974,16.974,1298
16975,16.975,1290
16976,16.976,1296
16977,16.977,1241
16978,16.978,1282
16979,16.979,1297
16980,16.98,1303
16981,16.981,1296
16982,16.982,1290
16983,16.983,1293
16984,16.984,1282
16985,16.985,1296
16986,16.986,1294
16987,16.987,1296
16988,16.988,1296
16989,16.989,1286
16990,16.99,1296
16991,16.991,1292
16992,16.992,1290
16993,16.993,1295
16994,16.994,1296
16995,16.995,1292
16996,16.996,1342
16997,16.997,1294
16998,16.998,1291
16999,16.999,1296
17000,17.0,1306
17001,17.001,1297
17002,17.002,1331
17003,17.003,1299
17004,17.004,1297
17005,17.005,1298
17006,17.006,1291
17007,17.007,1299
17008,17.008,1290
17009,17.009,1293
17010,17.01,1291
17011,17.011,1294
17012,17.012,1293
17013,17.013,1293
17014,17.014,1295
17015,17.015,1292
17016,17.016,1293
17017,17.017,1285
17018,17.018,1292
17019,17.019,1296
17020,17.02,1302
17021,17.021,1296
17022,17.022,1293
17023,17.023,1279
17024,17.024,1296
17025,17.025,1298
17026,17.026,1294
17027,17.027,1296
17028,17.028,1292
17029,17.029,1292
17030,17.03,1298
17031,17.031,1297
17032,17.032,1299
17033,17.033,1296
17034,17.034,1297
17035,17.035,1296
17036,17.036,1295
17037,17.037,1296
17038,17.038,1311
17039,17.039,1296
17040,17.04,1297
17041,17.041,1297
17042,17.042,1328
17043,17.043,1296
17044,17.044,1280
17045,17.045,1292
17046,17.046,1296
17047,17.047,1296
17048,17.048,1290
17049,17.049,1291
17050,17.05,1291
17051,17.051,1293
17052,17.052,1296
17053,17.053,1264
17054,17.054,1187
17055,17.055,1371
17056,17.056,1295
17057,17.057,1301
17058,17.058,1291
17059,17.059,1274
17060,17.06,1296
17061,17.061,1294
17062,17.062,1296
17063,17.063,1291
17064,17.064,1293
17065,17.065,1287
17066,17.066,1291
17067,17.067,1287
17068,17.068,1294
17069,17.069,1293
17070,17.07,1296
17071,17.071,1289
17072,17.072,1296
17073,17.073,1292
17074,17.074,1293
17075,17.075,1296
17076,17.076,1301
17077,17.077,1296
17078,17.078,1295
17079,17.079,1291
17080,17.08,1297
17081,17.081,1296
17082,17.082,1295
17083,17.083,1297
17084,17.084,1296
17085,17.085,1270
17086,17.086,1301
17087,17.087,1298
17088,17.088,1298
17089,17.089,1310
17090,17.09,1306
17091,17.091,1295
17092,17.092,1339
17093,17.093,1299
17094,17.094,1300
17095,17.095,1291
17096,17.096,1297
17097,17.097,1299
17098,17.098,1293
17099,17.099,1297
17100,17.1,1294
17101,17.101,1280
17102,17.102,1295
17103,17.103,1296
17104,17.104,1293
17105,17.105,1289
17106,17.106,1296
17107,17.107,1296
17108,17.108,1290
17109,17.109,1278
17110,17.11,1294
17111,17.111,1289
17112,17.112,1291
17113,17.113,1296
17114,17.114,1293
17115,17.115,1297
17116,17.116,1295
17117,17.117,1290
17118,17.118,1295
17119,17.119,1295
17120,17.12,1303
17121,17.121,1299
17122,17.122,1296
17123,17.123,1298
17124,17.124,1301
17125,17.125,1294
17126,17.126,1285
17127,17.127,1293
17128,17.128,1294
17129,17.129,1296
17130,17.13,1293
17131,17.131,1267
17132,17.132,1301
17133,17.133,1299
17134,17.134,1296
17135,17.135,1297
17136,17.136,1273
17137,17.137,1294
17138,17.138,1293
17139,17.139,1302
17140,17.14,1295
17141,17.141,1296
17142,17.142,1290
17143,17.143,1293
17144,17.144,1292
17145,17.145,1321
17146,17.146,1269
17147,17.147,1298
17148,17.148,1285
17149,17.149,1293
17150,17.15,1298
17151,17.151,1291
17152,17.152,1293
17153,17.153,1290
17154,17.154,1291
17155,17.155,1296
17156,17.156,1301
17157,17.157,1286
17158,17.158,1296
17159,17.159,1296
17160,17.16,1301
17161,17.161,1292
17162,17.162,1294
17163,17.163,1294
17164,17.164,1293
17165,17.165,1302
17166,17.166,1293
17167,17.167,1299
17168,17.168,1302
17169,17.169,1296
17170,17.17,1291
17171,17.171,1296
17172,17.172,1295
17173,17.173,1307
17174,17.174,1283
17175,17.175,1290
17176,17.176,1293
17177,17.177,1286
17178,17.178,1286
17179,17.179,1296
17180,17.18,1302
17181,17.181,1293
17182,17.182,1290
17183,17.183,1264
17184,17.184,1299
17185,17.185,1288
17186,17.186,1296
17187,17.187,1282
17188,17.188,1300
17189,17.189,1296
17190,17.19,1294
17191,17.191,1278
17192,17.192,1322
17193,17.193,1300
17194,17.194,1277
17195,17.195,1261
17196,17.196,1262
17197,17.197,1294
17198,17.198,1294
17199,17.199,1296
17200,17.2,1296
17201,17.201,1295
17202,17.202,1296
17203,17.203,1303
17204,17.204,1218
17205,17.205,1296
17206,17.206,1295
17207,17.207,1292
17208,17.208,1255
17209,17.209,1296
17210,17.21,1275
17211,17.211,1297
17212,17.212,1296
17213,17.213,1296
17214,17.214,1283
17215,17.215,1291
17216,17.216,1296
17217,17.217,1282
17218,17.218,1301
17219,17.219,1296
17220,17.22,1297
17221,17.221,1296
17222,17.222,1285
17223,17.223,1291
17224,17.224,1297
17225,17.225,1301
17226,17.226,1271
17227,17.227,1307
17228,17.228,1296
17229,17.229,1295
17230,17.23,1296
17231,17.231,1299
17232,17.232,1250
17233,17.233,1295
17234,17.234,1350
17235,17.235,1296
17236,17.236,1296
17237,17.237,1290
17238,17.238,1297
17239,17.239,1295
17240,17.24,1302
17241,17.241,1291
17242,17.242,1293
17243,17.243,1526
17244,17.244,1295
17245,17.245,1294
17246,17.246,1296
17247,17.247,1299
17248,17.248,1290
17249,17.249,1295
17250,17.25,1343
17251,17.251,1323
17252,17.252,1342
17253,17.253,1297
17254,17.254,1283
17255,17.255,1295
17256,17.256,1295
17257,17.257,1296
17258,17.258,1307
17259,17.259,1286
17260,17.26,1294
17261,17.261,1305
17262,17.262,1316
17263,17.263,1294
17264,17.264,1168
17265,17.265,1284
17266,17.266,1293
17267,17.267,1298
17268,17.268,1294
17269,17.269,1291
17270,17.27,1287
17271,17.271,1293
17272,17.272,1280
17273,17.273,1296
17274,17.274,1298
17275,17.275,1302
17276,17.276,1295
17277,17.277,1345
17278,17.278,1297
17279,17.279,1291
17280,17.28,1296
17281,17.281,1298
17282,17.282,1303
17283,17.283,1292
17284,17.284,1280
17285,17.285,1296
17286,17.286,1296
17287,17.287,1289
17288,17.288,1311
17289,17.289,1306
17290,17.29,1229
17291,17.291,1295
17292,17.292,1294
17293,17.293,1303
17294,17.294,1275
17295,17.295,1294
17296,17.296,1296
17297,17.297,1296
17298,17.298,1296
17299,17.299,1286
17300,17.3,1300
17301,17.301,1296
17302,17.302,1296
17303,17.303,1294
17304,17.304,1296
17305,17.305,1297
17306,17.306,1292
17307,17.307,1287
17308,17.308,1279
17309,17.309,1236
17310,17.31,1300
17311,17.311,1293
17312,17.312,1296
17313,17.313,1296
17314,17.314,1285
17315,17.315,1299
17316,17.316,1295
17317,17.317,1296
17318,17.318,1293
17319,17.319,1294
17320,17.32,1297
17321,17.321,1296
17322,17.322,1289
17323,17.323,1291
17324,17.324,1291
17325,17.325,1205
17326,17.326,1294
17327,17.327,1296
17328,17.328,1296
17329,17.329,1398
17330,17.33,1291
17331,17.331,1291
17332,17.332,1291
17333,17.333,1277
17334,17.334,1311
17335,17.335,1302
17336,17.336,1297
17337,17.337,1296
17338,17.338,1299
17339,17.339,1303
17340,17.34,1296
17341,17.341,1290
17342,17.342,1296
17343,17.343,1299
17344,17.344,1295
17345,17.345,1296
17346,17.346,1307
17347,17.347,1278
17348,17.348,1313
17349,17.349,1297
17350,17.35,1307
17351,17.351,1296
17352,17.352,1296
17353,17.353,1298
17354,17.354,1279
17355,17.355,1283
17356,17.356,1294
17357,17.357,1308
17358,17.358,1298
17359,17.359,1301
17360,17.36,1323
17361,17.361,1295
17362,17.362,1275
17363,17.363,1294
17364,17.364,1294
17365,17.365,1302
17366,17.366,1296
17367,17.367,1296
17368,17.368,1296
17369,17.369,1293
17370,17.37,1305
17371,17.371,1287
17372,17.372,1296
17373,17.373,1294
17374,17.374,1287
17375,17.375,1295
17376,17.376,1298
17377,17.377,1305
17378,17.378,1297
17379,17.379,1297
17380,17.38,1295
17381,17.381,1296
17382,17.382,1297
17383,17.383,1312
17384,17.384,1296
17385,17.385,1289
17386,17.386,1291
17387,17.387,1301
17388,17.388,1293
17389,17.389,1293
17390,17.39,1299
17391,17.391,1296
17392,17.392,1291
17393,17.393,1296
17394,17.394,1296
17395,17.395,1295
17396,17.396,1301
17397,17.397,1302
17398,17.398,1295
17399,17.399,1291
17400,17.4,1295
17401,17.401,1303
17402,17.402,1299
17403,17.403,1296
17404,17.404,1299
17405,17.405,1291
17406,17.406,1296
17407,17.407,1285
17408,17.408,1387
17409,17.409,1298
17410,17.41,1285
17411,17.411,1297
17412,17.412,1286
17413,17.413,1301
17414,17.414,1364
17415,17.415,1294
17416,17.416,1294
17417,17.417,1294
17418,17.418,1299
17419,17.419,1294
17420,17.42,1294
17421,17.421,1283
17422,17.422,1287
17423,17.423,1291
17424,17.424,1292
17425,17.425,1287
17426,17.426,1280
17427,17.427,1294
17428,17.428,1285
17429,17.429,1287
17430,17.43,1293
17431,17.431,1282
17432,17.432,1279
17433,17.433,1289
17434,17.434,1294
17435,17.435,1296
17436,17.436,1295
17437,17.437,1295
17438,17.438,1293
17439,17.439,1287
17440,17.44,1301
17441,17.441,1288
17442,17.442,1285
17443,17.443,1299
17444,17.444,1270
17445,17.445,1278
17446,17.446,1295
17447,17.447,1293
17448,17.448,1315
17449,17.449,1345
17450,17.45,1296
17451,17.451,1289
17452,17.452,1293
17453,17.453,1293
17454,17.454,1299
17455,17.455,1295
17456,17.456,1294
17457,17.457,1296
17458,17.458,1298
17459,17.459,1293
17460,17.46,1278
17461,17.461,1298
17462,17.462,1289
17463,17.463,1296
17464,17.464,1296
17465,17.465,1296
17466,17.466,1287
17467,17.467,1248
17468,17.468,1293
17469,17.469,1297
17470,17.47,1328
17471,17.471,1322
17472,17.472,1293
17473,17.473,1291
17474,17.474,1287
17475,17.475,1285
17476,17.476,1289
17477,17.477,1294
17478,17.478,1291
17479,17.479,1292
17480,17.48,1327
17481,17.481,1286
17482,17.482,1299
17483,17.483,1296
17484,17.484,1290
17485,17.485,1294
17486,17.486,1293
17487,17.487,1290
17488,17.488,1296
17489,17.489,1295
17490,17.49,1288
17491,17.491,1284
17492,17.492,1292
17493,17.493,1283
17494,17.494,1298
17495,17.495,1287
17496,17.496,1296
17497,17.497,1287
17498,17.498,1309
17499,17.499,1296
17500,17.5,1302
17501,17.501,1302
17502,17.502,1287
17503,17.503,1296
17504,17.504,1296
17505,17.505,1296
17506,17.506,1296
17507,17.507,1293
17508,17.508,1293
17509,17.509,1293
17510,17.51,1285
17511,17.511,1294
17512,17.512,1294
17513,17.513,1293
17514,17.514,1296
17515,17.515,1296
17516,17.516,1301
17517,17.517,1298
17518,17.518,1300
17519,17.519,1299
17520,17.52,1298
17521,17.521,1285
17522,17.522,1296
17523,17.523,1295
17524,17.524,1290
17525,17.525,1299
17526,17.526,1278
17527,17.527,1283
17528,17.528,1279
17529,17.529,1278
17530,17.53,1296
17531,17.531,1283
17532,17.532,1297
17533,17.533,1290
17534,17.534,1295
17535,17.535,1299
17536,17.536,1290
17537,17.537,1287
17538,17.538,1295
17539,17.539,1295
17540,17.54,1294
17541,17.541,1295
17542,17.542,1301
17543,17.543,1286
17544,17.544,1294
17545,17.545,1296
17546,17.546,1291
17547,17.547,1289
17548,17.548,1279
17549,17.549,1298
17550,17.55,1297
17551,17.551,1291
17552,17.552,1306
17553,17.553,1295
17554,17.554,1309
17555,17.555,1295
17556,17.556,1296
17557,17.557,1298
17558,17.558,1296
17559,17.559,1295
17560,17.56,1296
17561,17.561,1301
17562,17.562,1295
17563,17.563,1308
17564,17.564,1287
17565,17.565,1290
17566,17.566,1295
17567,17.567,1290
17568,17.568,1283
17569,17.569,1296
17570,17.57,1295
17571,17.571,1292
17572,17.572,1296
17573,17.573,1290
17574,17.574,1295
17575,17.575,1296
17576,17.576,1314
17577,17.577,1294
17578,17.578,1293
17579,17.579,1281
17580,17.58,1294
17581,17.581,1293
17582,17.582,1294
17583,17.583,1299
17584,17.584,1296
17585,17.585,1293
17586,17.586,1292
17587,17.587,1294
17588,17.588,1287
17589,17.589,1287
17590,17.59,1330
17591,17.591,1296
17592,17.592,1294
17593,17.593,1295
17594,17.594,1294
17595,17.595,1295
17596,17.596,1295
17597,17.597,1296
17598,17.598,1297
17599,17.599,1297
17600,17.6,1293
17601,17.601,1301
17602,17.602,1239
17603,17.603,1292
17604,17.604,1304
17605,17.605,1296
17606,17.606,1283
17607,17.607,1309
17608,17.608,1299
17609,17.609,1287
17610,17.61,1313
17611,17.611,1291
17612,17.612,1287
17613,17.613,1296
17614,17.614,1290
17615,17.615,1300
17616,17.616,1298
17617,17.617,1286
17618,17.618,1299
17619,17.619,1285
17620,17.62,1295
17621,17.621,1296
17622,17.622,1289
17623,17.623,1290
17624,17.624,1287
17625,17.625,1287
17626,17.626,1291
17627,17.627,1289
17628,17.628,1295
17629,17.629,1293
17630,17.63,1287
17631,17.631,1296
17632,17.632,1294
17633,17.633,1295
17634,17.634,1293
17635,17.635,1301
17636,17.636,1296
17637,17.637,1271
17638,17.638,1294
17639,17.639,1282
17640,17.64,1286
17641,17.641,1291
17642,17.642,1294
17643,17.643,1293
17644,17.644,1324
17645,17.645,1301
17646,17.646,1293
17647,17.647,1289
17648,17.648,1281
17649,17.649,1300
17650,17.65,1289
17651,17.651,1290
17652,17.652,1296
17653,17.653,1293
17654,17.654,1288
17655,17.655,1269
17656,17.656,1296
17657,17.657,1294
17658,17.658,1294
17659,17.659,1296
17660,17.66,1296
17661,17.661,1298
17662,17.662,1296
17663,17.663,1297
17664,17.664,1296
17665,17.665,1290
17666,17.666,1296
17667,17.667,1290
17668,17.668,1293
17669,17.669,1296
17670,17.67,1291
17671,17.671,1292
17672,17.672,1267
17673,17.673,1296
17674,17.674,1296
17675,17.675,1296
17676,17.676,1293
17677,17.677,1291
17678,17.678,1296
17679,17.679,1289
17680,17.68,1292
17681,17.681,1296
17682,17.682,1297
17683,17.683,1295
17684,17.684,1295
17685,17.685,1296
17686,17.686,1291
17687,17.687,1296
17688,17.688,1295
17689,17.689,1250
17690,17.69,1285
17691,17.691,1294
17692,17.692,1289
17693,17.693,1296
17694,17.694,1293
17695,17.695,1309
17696,17.696,1291
17697,17.697,1296
17698,17.698,1239
17699,17.699,1296
17700,17.7,1299
17701,17.701,1278
17702,17.702,1252
17703,17.703,1295
17704,17.704,1295
17705,17.705,1292
17706,17.706,1270
17707,17.707,1290
17708,17.708,1286
17709,17.709,1296
17710,17.71,1279
17711,17.711,1291
17712,17.712,1297
17713,17.713,1290
17714,17.714,1287
17715,17.715,1291
17716,17.716,1314
17717,17.717,1292
17718,17.718,1296
17719,17.719,1294
17720,17.72,1294
17721,17.721,1293
17722,17.722,1297
17723,17.723,1299
17724,17.724,1291
17725,17.725,1296
17726,17.726,1296
17727,17.727,1289
17728,17.728,1294
17729,17.729,1292
17730,17.73,1286
17731,17.731,1293
17732,17.732,1294
17733,17.733,1296
17734,17.734,1283
17735,17.735,1286
17736,17.736,1295
17737,17.737,1289
17738,17.738,1295
17739,17.739,1299
17740,17.74,1376
17741,17.741,1293
17742,17.742,1294
17743,17.743,1310
17744,17.744,1290
17745,17.745,1293
17746,17.746,1290
17747,17.747,1298
17748,17.748,1296
17749,17.749,1290
17750,17.75,1296
17751,17.751,1296
17752,17.752,1293
17753,17.753,1287
17754,17.754,1290
17755,17.755,1293
17756,17.756,1295
17757,17.757,1355
17758,17.758,1287
17759,17.759,1299
17760,17.76,1302
17761,17.761,1287
17762,17.762,1296
17763,17.763,1297
17764,17.764,1296
17765,17.765,1294
17766,17.766,1287
17767,17.767,1297
17768,17.768,1286
17769,17.769,1293
17770,17.77,1296
17771,17.771,1293
17772,17.772,1289
17773,17.773,1293
17774,17.774,1293
17775,17.775,1283
17776,17.776,1289
17777,17.777,1286
17778,17.778,1294
17779,17.779,1291
17780,17.78,1304
17781,17.781,1285
17782,17.782,1289
17783,17.783,1293
17784,17.784,1287
17785,17.785,1290
17786,17.786,1383
17787,17.787,1289
17788,17.788,1306
17789,17.789,1283
17790,17.79,1296
17791,17.791,1289
17792,17.792,1298
17793,17.793,1293
17794,17.794,1295
17795,17.795,1296
17796,17.796,1279
17797,17.797,1290
17798,17.798,1289
17799,17.799,1295
17800,17.8,1291
17801,17.801,1287
17802,17.802,1280
17803,17.803,1293
17804,17.804,1285
17805,17.805,1287
17806,17.806,1280
17807,17.807,1296
17808,17.808,1307
17809,17.809,1294
17810,17.81,1274
17811,17.811,1296
17812,17.812,1290
17813,17.813,1286
17814,17.814,1327
17815,17.815,1300
17816,17.816,1287
17817,17.817,1291
17818,17.818,1296
17819,17.819,1294
17820,17.82,1303
17821,17.821,1293
17822,17.822,1296
17823,17.823,1301
17824,17.824,1298
17825,17.825,1288
17826,17.826,1285
17827,17.827,1294
17828,17.828,1287
17829,17.829,1283
17830,17.83,1291
17831,17.831,1282
17832,17.832,1314
17833,17.833,1264
17834,17.834,1282
17835,17.835,1391
17836,17.836,1296
17837,17.837,1290
17838,17.838,1258
17839,17.839,1291
17840,17.84,1295
17841,17.841,1299
17842,17.842,1282
17843,17.843,1296
17844,17.844,1287
17845,17.845,1295
17846,17.846,1289
17847,17.847,1299
17848,17.848,1295
17849,17.849,1278
17850,17.85,1290
17851,17.851,1293
17852,17.852,1289
17853,17.853,1286
17854,17.854,1296
17855,17.855,1297
17856,17.856,1291
17857,17.857,1283
17858,17.858,1290
17859,17.859,1294
17860,17.86,1232
17861,17.861,1295
17862,17.862,1285
17863,17.863,1294
17864,17.864,1294
17865,17.865,1290
17866,17.866,1296
17867,17.867,1294
17868,17.868,1286
17869,17.869,1287
17870,17.87,1273
17871,17.871,1291
17872,17.872,1285
17873,17.873,1296
17874,17.874,1290
17875,17.875,1328
17876,17.876,1296
17877,17.877,1294
17878,17.878,1296
17879,17.879,1291
17880,17.88,1296
17881,17.881,1296
17882,17.882,1301
17883,17.883,1296
17884,17.884,1285
17885,17.885,1296
17886,17.886,1295
17887,17.887,1291
17888,17.888,1296
17889,17.889,1293
17890,17.89,1299
17891,17.891,1289
17892,17.892,1295
17893,17.893,1298
17894,17.894,1296
17895,17.895,1289
17896,17.896,1294
17897,17.897,1296
17898,17.898,1286
17899,17.899,1293
17900,17.9,1315
17901,17.901,1274
17902,17.902,1296
17903,17.903,1286
17904,17.904,1295
17905,17.905,1294
17906,17.906,1298
17907,17.907,1296
17908,17.908,1299
17909,17.909,1291
17910,17.91,1289
17911,17.911,1280
17912,17.912,1286
17913,17.913,1282
17914,17.914,1289
17915,17.915,1296
17916,17.916,1293
17917,17.917,1298
17918,17.918,1307
17919,17.919,1296
17920,17.92,1285
17921,17.921,1287
17922,17.922,1296
17923,17.923,1287
17924,17.924,1296
17925,17.925,1296
17926,17.926,1296
17927,17.927,1300
17928,17.928,1300
17929,17.929,1285
17930,17.93,1296
17931,17.931,1294
17932,17.932,1093
17933,17.933,1283
17934,17.934,1289
17935,17.935,1287
17936,17.936,1285
17937,17.937,1296
17938,17.938,1295
17939,17.939,1296
17940,17.94,1301
17941,17.941,1287
17942,17.942,1285
17943,17.943,1298
17944,17.944,1296
17945,17.945,1289
17946,17.946,1295
17947,17.947,1294
17948,17.948,1296
17949,17.949,1266
17950,17.95,1306
17951,17.951,1296
17952,17.952,1305
17953,17.953,1293
17954,17.954,1295
17955,17.955,1296
17956,17.956,1293
17957,17.957,1296
17958,17.958,1296
17959,17.959,1297
17960,17.96,1294
17961,17.961,1296
17962,17.962,1290
17963,17.963,1294
17964,17.964,1287
17965,17.965,1294
17966,17.966,1295
17967,17.967,1291
17968,17.968,1301
17969,17.969,1327
17970,17.97,1286
17971,17.971,1293
17972,17.972,1284
17973,17.973,1290
17974,17.974,1293
17975,17.975,1296
17976,17.976,1295
17977,17.977,1296
17978,17.978,1298
17979,17.979,1296
17980,17.98,1296
17981,17.981,1282
17982,17.982,1305
17983,17.983,1275
17984,17.984,1312
17985,17.985,1332
17986,17.986,1296
17987,17.987,1289
17988,17.988,1295
17989,17.989,1306
17990,17.99,1296
17991,17.991,1309
17992,17.992,1293
17993,17.993,1305
17994,17.994,1291
17995,17.995,1295
17996,17.996,1301
17997,17.997,1251
17998,17.998,1283
17999,17.999,1296
18000,18.0,1266
18001,18.001,1291
18002,18.002,1339
18003,18.003,1293
18004,18.004,1286
18005,18.005,1307
18006,18.006,1311
18007,18.007,1286
18008,18.008,1296
18009,18.009,1316
18010,18.01,1215
18011,18.011,1286
18012,18.012,1296
18013,18.013,1291
18014,18.014,1343
18015,18.015,1255
18016,18.016,1294
18017,18.017,1296
18018,18.018,1293
18019,18.019,1297
18020,18.02,1291
18021,18.021,1291
18022,18.022,1281
18023,18.023,1299
18024,18.024,1296
18025,18.025,1297
18026,18.026,1296
18027,18.027,1326
18028,18.028,1296
18029,18.029,1296
18030,18.03,1281
18031,18.031,1287
18032,18.032,1291
18033,18.033,1292
18034,18.034,1295
18035,18.035,1291
18036,18.036,1290
18037,18.037,1291
18038,18.038,1289
18039,18.039,1287
18040,18.04,1287
18041,18.041,1298
18042,18.042,1289
18043,18.043,1295
18044,18.044,1289
18045,18.045,1285
18046,18.046,1308
18047,18.047,1296
18048,18.048,1299
18049,18.049,1290
18050,18.05,1293
18051,18.051,1286
18052,18.052,1295
18053,18.053,1281
18054,18.054,1295
18055,18.055,1309
18056,18.056,1292
18057,18.057,1344
18058,18.058,1291
18059,18.059,1298
18060,18.06,1299
18061,18.061,1302
18062,18.062,1287
18063,18.063,1299
18064,18.064,1293
18065,18.065,1294
18066,18.066,1316
18067,18.067,1296
18068,18.068,1298
18069,18.069,1286
18070,18.07,1290
18071,18.071,1293
18072,18.072,1309
18073,18.073,1296
18074,18.074,1284
18075,18.075,1296
18076,18.076,1289
18077,18.077,1294
18078,18.078,1293
18079,18.079,1282
18080,18.08,1296
18081,18.081,1286
18082,18.082,1297
18083,18.083,1295
18084,18.084,1303
18085,18.085,1296
18086,18.086,1284
18087,18.087,1282
18088,18.088,1278
18089,18.089,1294
18090,18.09,1296
18091,18.091,1293
18092,18.092,1297
18093,18.093,1294
18094,18.094,1296
18095,18.095,1296
18096,18.096,1298
18097,18.097,1312
18098,18.098,1280
18099,18.099,1295
18100,18.1,1301
18101,18.101,1293
18102,18.102,1296
18103,18.103,1268
18104,18.104,1291
18105,18.105,1296
18106,18.106,1279
18107,18.107,1297
18108,18.108,1291
18109,18.109,1296
18110,18.11,1287
18111,18.111,1290
18112,18.112,1168
18113,18.113,1291
18114,18.114,1291
18115,18.115,1296
18116,18.116,1288
18117,18.117,1287
18118,18.118,1299
18119,18.119,1289
18120,18.12,1295
18121,18.121,1296
18122,18.122,1292
18123,18.123,1295
18124,18.124,1291
18125,18.125,1285
18126,18.126,1284
18127,18.127,1293
18128,18.128,1303
18129,18.129,1285
18130,18.13,1280
18131,18.131,1287
18132,18.132,1265
18133,18.133,1278
18134,18.134,1287
18135,18.135,1294
18136,18.136,1290
18137,18.137,1290
18138,18.138,1295
18139,18.139,1291
18140,18.14,1296
18141,18.141,1296
18142,18.142,1296
18143,18.143,1328
18144,18.144,1299
18145,18.145,1283
18146,18.146,1296
18147,18.147,1296
18148,18.148,1288
18149,18.149,1295
18150,18.15,1287
18151,18.151,1291
18152,18.152,1298
18153,18.153,1291
18154,18.154,1285
18155,18.155,1295
18156,18.156,1293
18157,18.157,1264
18158,18.158,1296
18159,18.159,1291
18160,18.16,1291
18161,18.161,1319
18162,18.162,1296
18163,18.163,1295
18164,18.164,1296
18165,18.165,1296
18166,18.166,1296
18167,18.167,1296
18168,18.168,1295
18169,18.169,1294
18170,18.17,1284
18171,18.171,1286
18172,18.172,1293
18173,18.173,1086
18174,18.174,1296
18175,18.175,1296
18176,18.176,1296
18177,18.177,1287
18178,18.178,1295
18179,18.179,1297
18180,18.18,1295
18181,18.181,1298
18182,18.182,1287
18183,18.183,1287
18184,18.184,1296
18185,18.185,1339
18186,18.186,1290
18187,18.187,1299
18188,18.188,1296
18189,18.189,1294
18190,18.19,1292
18191,18.191,1291
18192,18.192,1296
18193,18.193,1297
18194,18.194,1296
18195,18.195,1295
18196,18.196,1291
18197,18.197,1287
18198,18.198,1290
18199,18.199,1295
18200,18.2,1290
18201,18.201,1297
18202,18.202,1299
18203,18.203,1299
18204,18.204,1294
18205,18.205,1289
18206,18.206,1296
18207,18.207,1286
18208,18.208,1294
18209,18.209,1278
18210,18.21,1296
18211,18.211,1299
18212,18.212,1296
18213,18.213,1290
18214,18.214,1285
18215,18.215,1296
18216,18.216,1292
18217,18.217,1291
18218,18.218,1293
18219,18.219,1296
18220,18.22,1289
18221,18.221,1241
18222,18.222,1281
18223,18.223,1284
18224,18.224,1293
18225,18.225,1286
18226,18.226,1293
18227,18.227,1292
18228,18.228,1286
18229,18.229,1290
18230,18.23,1307
18231,18.231,1283
18232,18.232,1296
18233,18.233,1275
18234,18.234,1253
18235,18.235,1291
18236,18.236,1296
18237,18.237,1249
18238,18.238,1282
18239,18.239,1269
18240,18.24,1298
18241,18.241,1302
18242,18.242,1284
18243,18.243,1280
18244,18.244,1298
18245,18.245,1291
18246,18.246,1285
18247,18.247,1296
18248,18.248,1296
18249,18.249,1286
18250,18.25,1294
18251,18.251,1295
18252,18.252,1293
18253,18.253,1290
18254,18.254,1286
18255,18.255,1287
18256,18.256,1299
18257,18.257,1298
18258,18.258,1296
18259,18.259,1306
18260,18.26,1293
18261,18.261,1310
18262,18.262,1298
18263,18.263,1298
18264,18.264,1296
18265,18.265,1292
18266,18.266,1281
18267,18.267,1294
18268,18.268,1299
18269,18.269,1293
18270,18.27,1296
18271,18.271,1297
18272,18.272,1286
18273,18.273,1263
18274,18.274,1286
18275,18.275,1301
18276,18.276,1289
18277,18.277,1296
18278,18.278,1293
18279,18.279,1298
18280,18.28,1293
18281,18.281,1297
18282,18.282,1296
18283,18.283,1302
18284,18.284,1301
18285,18.285,1327
18286,18.286,1287
18287,18.287,1287
18288,18.288,1286
18289,18.289,1281
18290,18.29,1293
18291,18.291,1296
18292,18.292,1297
18293,18.293,1293
18294,18.294,1315
18295,18.295,1293
18296,18.296,1309
18297,18.297,1289
18298,18.298,1295
18299,18.299,1293
18300,18.3,1289
18301,18.301,1290
18302,18.302,1282
18303,18.303,1296
18304,18.304,1289
18305,18.305,1297
18306,18.306,1287
18307,18.307,1293
18308,18.308,1298
18309,18.309,1296
18310,18.31,1287
18311,18.311,1286
18312,18.312,1295
18313,18.313,1301
18314,18.314,1292
18315,18.315,1293
18316,18.316,1295
18317,18.317,1287
18318,18.318,1287
18319,18.319,1296
18320,18.32,1280
18321,18.321,1296
18322,18.322,1293
18323,18.323,1291
18324,18.324,1296
18325,18.325,1294
18326,18.326,1296
18327,18.327,1296
18328,18.328,1291
18329,18.329,1296
18330,18.33,1294
18331,18.331,1292
18332,18.332,1295
18333,18.333,1293
18334,18.334,1290
18335,18.335,1287
18336,18.336,1287
18337,18.337,1277
18338,18.338,1287
18339,18.339,1295
18340,18.34,1299
18341,18.341,1287
18342,18.342,1296
18343,18.343,1306
18344,18.344,1296
18345,18.345,1296
18346,18.346,1296
18347,18.347,1305
18348,18.348,1291
18349,18.349,1328
18350,18.35,1287
18351,18.351,1294
18352,18.352,1296
18353,18.353,1293
18354,18.354,1291
18355,18.355,1287
18356,18.356,1318
18357,18.357,1297
18358,18.358,1287
18359,18.359,1299
18360,18.36,1295
18361,18.361,1249
18362,18.362,1296
18363,18.363,1287
18364,18.364,1296
18365,18.365,1296
18366,18.366,1292
18367,18.367,1296
18368,18.368,1293
18369,18.369,1292
18370,18.37,1289
18371,18.371,1293
18372,18.372,1286
18373,18.373,1295
18374,18.374,1290
18375,18.375,1287
18376,18.376,1294
18377,18.377,1296
18378,18.378,1383
18379,18.379,1294
18380,18.38,1295
18381,18.381,1294
18382,18.382,1296
18383,18.383,1295
18384,18.384,1301
18385,18.385,1295
18386,18.386,1290
18387,18.387,1295
18388,18.388,1206
18389,18.389,1295
18390,18.39,1298
18391,18.391,1296
18392,18.392,1286
18393,18.393,1279
18394,18.394,1296
18395,18.395,1301
18396,18.396,1296
18397,18.397,1296
18398,18.398,1285
18399,18.399,1296
18400,18.4,1292
18401,18.401,1291
18402,18.402,1296
18403,18.403,1296
18404,18.404,1296
18405,18.405,1380
18406,18.406,1295
18407,18.407,1289
18408,18.408,1301
18409,18.409,1294
18410,18.41,1290
18411,18.411,1294
18412,18.412,1288
18413,18.413,1280
18414,18.414,1293
18415,18.415,1271
18416,18.416,1295
18417,18.417,1280
18418,18.418,1298
18419,18.419,1296
18420,18.42,1305
18421,18.421,1294
18422,18.422,1297
18423,18.423,1302
18424,18.424,1299
18425,18.425,1298
18426,18.426,1300
18427,18.427,1294
18428,18.428,1291
18429,18.429,1293
18430,18.43,1291
18431,18.431,1293
18432,18.432,1289
18433,18.433,1296
18434,18.434,1292
18435,18.435,1294
18436,18.436,1295
18437,18.437,1302
18438,18.438,1297
18439,18.439,1295
18440,18.44,1286
18441,18.441,1295
18442,18.442,1299
18443,18.443,1286
18444,18.444,1303
18445,18.445,1297
18446,18.446,1348
18447,18.447,1296
18448,18.448,1296
18449,18.449,1291
18450,18.45,1292
18451,18.451,1296
18452,18.452,1292
18453,18.453,1298
18454,18.454,1281
18455,18.455,1286
18456,18.456,1287
18457,18.457,1301
18458,18.458,1289
18459,18.459,1293
18460,18.46,1289
18461,18.461,1295
18462,18.462,1296
18463,18.463,1299
18464,18.464,1299
18465,18.465,1312
18466,18.466,1290
18467,18.467,1293
18468,18.468,1296
18469,18.469,1296
18470,18.47,1296
18471,18.471,1295
18472,18.472,1290
18473,18.473,1297
18474,18.474,1292
18475,18.475,1304
18476,18.476,1252
18477,18.477,1296
18478,18.478,1297
18479,18.479,1295
18480,18.48,1297
18481,18.481,1293
18482,18.482,1219
18483,18.483,1295
18484,18.484,1277
18485,18.485,1292
18486,18.486,1290
18487,18.487,1296
18488,18.488,1285
18489,18.489,1285
18490,18.49,1296
18491,18.491,1271
18492,18.492,1271
18493,18.493,1295
18494,18.494,1290
18495,18.495,1287
18496,18.496,1296
18497,18.497,1262
18498,18.498,1292
18499,18.499,1300
18500,18.5,1298
18501,18.501,1292
18502,18.502,1293
18503,18.503,1300
18504,18.504,1293
18505,18.505,1288
18506,18.506,1296
18507,18.507,1285
18508,18.508,1328
18509,18.509,1293
18510,18.51,1294
18511,18.511,1294
18512,18.512,1283
18513,18.513,1291
18514,18.514,1289
18515,18.515,1291
18516,18.516,1293
18517,18.517,1287
18518,18.518,1296
18519,18.519,1294
18520,18.52,1296
18521,18.521,1296
18522,18.522,1300
18523,18.523,1289
18524,18.524,1296
18525,18.525,1294
18526,18.526,1296
18527,18.527,1293
18528,18.528,1296
18529,18.529,1295
18530,18.53,1296
18531,18.531,1291
18532,18.532,1295
18533,18.533,1296
18534,18.534,1313
18535,18.535,1301
18536,18.536,1291
18537,18.537,1296
18538,18.538,1288
18539,18.539,1296
18540,18.54,1296
18541,18.541,1294
18542,18.542,1296
18543,18.543,1289
18544,18.544,1292
18545,18.545,1296
18546,18.546,1296
18547,18.547,1290
18548,18.548,1283
18549,18.549,1299
18550,18.55,1290
18551,18.551,1291
18552,18.552,1280
18553,18.553,1296
18554,18.554,1283
18555,18.555,1296
18556,18.556,1296
18557,18.557,1217
18558,18.558,1303
18559,18.559,1306
18560,18.56,1346
18561,18.561,1294
18562,18.562,1293
18563,18.563,1299
18564,18.564,1297
18565,18.565,1324
18566,18.566,1296
18567,18.567,1294
18568,18.568,1296
18569,18.569,1295
18570,18.57,1311
18571,18.571,1287
18572,18.572,1242
18573,18.573,1295
18574,18.574,1285
18575,18.575,1294
18576,18.576,1281
18577,18.577,1289
18578,18.578,1291
18579,18.579,1303
18580,18.58,1296
18581,18.581,1296
18582,18.582,1297
18583,18.583,1294
18584,18.584,1296
18585,18.585,1310
18586,18.586,1296
18587,18.587,1299
18588,18.588,1287
18589,18.589,1300
18590,18.59,1294
18591,18.591,1288
18592,18.592,1296
18593,18.593,1279
18594,18.594,1283
18595,18.595,1286
18596,18.596,1296
18597,18.597,1291
18598,18.598,1296
18599,18.599,1291
18600,18.6,1267
18601,18.601,1298
18602,18.602,1356
18603,18.603,1288
18604,18.604,1293
18605,18.605,1297
18606,18.606,1293
18607,18.607,1294
18608,18.608,1291
18609,18.609,1299
18610,18.61,1297
18611,18.611,1295
18612,18.612,1293
18613,18.613,1290
18614,18.614,1296
18615,18.615,1286
18616,18.616,1285
18617,18.617,1266
18618,18.618,1303
18619,18.619,1294
18620,18.62,1294
18621,18.621,1299
18622,18.622,1298
18623,18.623,1296
18624,18.624,1291
18625,18.625,1296
18626,18.626,1296
18627,18.627,1298
18628,18.628,1301
18629,18.629,1296
18630,18.63,1302
18631,18.631,1296
18632,18.632,1296
18633,18.633,1293
18634,18.634,1298
18635,18.635,1298
18636,18.636,1297
18637,18.637,1251
18638,18.638,1281
18639,18.639,1297
18640,18.64,1293
18641,18.641,1290
18642,18.642,1296
18643,18.643,1291
18644,18.644,1296
18645,18.645,1290
18646,18.646,1296
18647,18.647,1298
18648,18.648,1306
18649,18.649,1293
18650,18.65,1296
18651,18.651,1296
18652,18.652,1293
18653,18.653,1293
18654,18.654,1294
18655,18.655,1296
18656,18.656,1299
18657,18.657,1295
18658,18.658,1297
18659,18.659,1296
18660,18.66,1301
18661,18.661,1298
18662,18.662,1306
18663,18.663,1295
18664,18.664,1294
18665,18.665,1290
18666,18.666,1265
18667,18.667,1293
18668,18.668,1283
18669,18.669,1290
18670,18.67,1296
18671,18.671,1287
18672,18.672,1234
18673,18.673,1298
18674,18.674,1288
18675,18.675,1225
18676,18.676,1299
18677,18.677,1299
18678,18.678,1299
18679,18.679,1287
18680,18.68,1305
18681,18.681,1246
18682,18.682,1299
18683,18.683,1300
18684,18.684,1273
18685,18.685,1298
18686,18.686,1297
18687,18.687,1291
18688,18.688,1291
18689,18.689,1296
18690,18.69,1296
18691,18.691,1313
18692,18.692,1298
18693,18.693,1214
18694,18.694,1289
18695,18.695,1290
18696,18.696,1296
18697,18.697,1290
18698,18.698,1290
18699,18.699,1301
18700,18.7,1296
18701,18.701,1277
18702,18.702,1292
18703,18.703,1282
18704,18.704,1297
18705,18.705,1295
18706,18.706,1291
18707,18.707,1294
18708,18.708,1291
18709,18.709,1296
18710,18.71,1295
18711,18.711,1282
18712,18.712,1273
18713,18.713,1296
18714,18.714,1289
18715,18.715,1291
18716,18.716,1305
18717,18.717,1296
18718,18.718,1298
18719,18.719,1302
18720,18.72,1296
18721,18.721,1296
18722,18.722,1291
18723,18.723,1291
18724,18.724,1409
18725,18.725,1296
18726,18.726,1287
18727,18.727,1295
18728,18.728,1282
18729,18.729,1294
18730,18.73,1287
18731,18.731,1264
18732,18.732,1289
18733,18.733,1287
18734,18.734,1290
18735,18.735,1285
18736,18.736,1286
18737,18.737,1286
18738,18.738,1285
18739,18.739,1197
18740,18.74,1284
18741,18.741,1290
18742,18.742,1375
18743,18.743,1287
18744,18.744,1294
18745,18.745,1294
18746,18.746,1295
18747,18.747,1293
18748,18.748,1286
18749,18.749,1298
18750,18.75,1295
18751,18.751,1296
18752,18.752,1296
18753,18.753,1257
18754,18.754,1298
18755,18.755,1293
18756,18.756,1299
18757,18.757,1300
18758,18.758,1296
18759,18.759,1262
18760,18.76,1286
18761,18.761,1291
18762,18.762,1305
18763,18.763,1285
18764,18.764,1276
18765,18.765,1293
18766,18.766,1297
18767,18.767,1291
18768,18.768,1296
18769,18.769,1287
18770,18.77,1283
18771,18.771,1294
18772,18.772,1285
18773,18.773,1285
18774,18.774,1280
18775,18.775,1295
18776,18.776,1291
18777,18.777,1298
18778,18.778,1298
18779,18.779,1289
18780,18.78,1296
18781,18.781,1293
18782,18.782,1296
18783,18.783,1298
18784,18.784,1287
18785,18.785,1302
18786,18.786,1296
18787,18.787,1294
18788,18.788,1321
18789,18.789,1295
18790,18.79,1295
18791,18.791,1289
18792,18.792,1292
18793,18.793,1287
18794,18.794,1277
18795,18.795,1286
18796,18.796,1297
18797,18.797,1294
18798,18.798,1296
18799,18.799,1289
18800,18.8,1288
18801,18.801,1294
18802,18.802,1308
18803,18.803,1302
18804,18.804,1296
18805,18.805,1273
18806,18.806,1295
18807,18.807,1290
18808,18.808,1295
18809,18.809,1303
18810,18.81,1292
18811,18.811,1294
18812,18.812,1260
18813,18.813,1287
18814,18.814,1291
18815,18.815,1296
18816,18.816,1328
18817,18.817,1296
18818,18.818,1298
18819,18.819,1296
18820,18.82,1296
18821,18.821,1295
18822,18.822,1296
18823,18.823,1296
18824,18.824,1290
18825,18.825,1296
18826,18.826,1264
18827,18.827,1264
18828,18.828,1296
18829,18.829,1299
18830,18.83,1287
18831,18.831,1290
18832,18.832,1303
18833,18.833,1290
18834,18.834,1296
18835,18.835,1286
18836,18.836,1294
18837,18.837,1291
18838,18.838,1277
18839,18.839,1294
18840,18.84,1297
18841,18.841,1265
18842,18.842,1298
18843,18.843,1291
18844,18.844,1295
18845,18.845,1321
18846,18.846,1307
18847,18.847,1335
18848,18.848,1283
18849,18.849,1295
18850,18.85,1297
18851,18.851,1280
18852,18.852,1282
18853,18.853,1297
18854,18.854,1293
18855,18.855,1297
18856,18.856,1346
18857,18.857,1290
18858,18.858,1297
18859,18.859,1371
18860,18.86,1296
18861,18.861,1296
18862,18.862,1296
18863,18.863,1295
18864,18.864,1315
18865,18.865,1274
18866,18.866,1302
18867,18.867,1291
18868,18.868,1295
18869,18.869,1269
18870,18.87,1286
18871,18.871,1286
18872,18.872,1287
18873,18.873,1296
18874,18.874,1280
18875,18.875,1281
18876,18.876,1293
18877,18.877,1293
18878,18.878,1290
18879,18.879,1296
18880,18.88,1296
18881,18.881,1296
18882,18.882,1297
18883,18.883,1296
18884,18.884,1296
18885,18.885,1301
18886,18.886,1295
18887,18.887,1286
18888,18.888,1294
18889,18.889,1299
18890,18.89,1296
18891,18.891,1285
18892,18.892,1289
18893,18.893,1291
18894,18.894,1299
18895,18.895,1290
18896,18.896,1248
18897,18.897,1293
18898,18.898,1311
18899,18.899,1296
18900,18.9,1298
18901,18.901,1296
18902,18.902,1331
18903,18.903,1290
18904,18.904,1291
18905,18.905,1289
18906,18.906,1296
18907,18.907,1285
18908,18.908,1287
18909,18.909,1294
18910,18.91,1235
18911,18.911,1296
18912,18.912,1291
18913,18.913,1278
18914,18.914,1295
18915,18.915,1284
18916,18.916,1264
18917,18.917,1296
18918,18.918,1296
18919,18.919,1293
18920,18.92,1292
18921,18.921,1299
18922,18.922,1294
18923,18.923,1296
18924,18.924,1296
18925,18.925,1290
18926,18.926,1289
18927,18.927,1294
18928,18.928,1287
18929,18.929,1298
18930,18.93,1291
18931,18.931,1290
18932,18.932,1285
18933,18.933,1296
18934,18.934,1285
18935,18.935,1280
18936,18.936,1307
18937,18.937,1267
18938,18.938,1307
18939,18.939,1296
18940,18.94,1296
18941,18.941,1285
18942,18.942,1299
18943,18.943,1299
18944,18.944,1296
18945,18.945,1293
18946,18.946,1292
18947,18.947,1296
18948,18.948,1293
18949,18.949,1283
18950,18.95,1292
18951,18.951,1292
18952,18.952,1296
18953,18.953,1296
18954,18.954,1286
18955,18.955,1291
18956,18.956,1283
18957,18.957,1294
18958,18.958,1305
18959,18.959,1303
18960,18.96,1299
18961,18.961,1294
18962,18.962,1301
18963,18.963,1295
18964,18.964,1296
18965,18.965,1297
18966,18.966,1299
18967,18.967,1291
18968,18.968,1267
18969,18.969,1307
18970,18.97,1282
18971,18.971,1296
18972,18.972,1289
18973,18.973,1296
18974,18.974,1296
18975,18.975,1290
18976,18.976,1296
18977,18.977,1293
18978,18.978,1301
18979,18.979,1290
18980,18.98,1317
18981,18.981,1297
18982,18.982,1296
18983,18.983,1305
18984,18.984,1295
18985,18.985,1296
18986,18.986,1290
18987,18.987,1286
18988,18.988,1295
18989,18.989,1303
18990,18.99,1283
18991,18.991,1294
18992,18.992,1291
18993,18.993,1296
18994,18.994,1291
18995,18.995,1287
18996,18.996,1287
18997,18.997,1242
18998,18.998,1290
18999,18.999,1309
19000,19.0,1286
19001,19.001,1297
19002,19.002,1298
19003,19.003,1296
19004,19.004,1296
19005,19.005,1295
19006,19.006,1290
19007,19.007,1289
19008,19.008,1291
19009,19.009,1295
19010,19.01,1284
19011,19.011,1293
19012,19.012,1296
19013,19.013,1296
19014,19.014,1296
19015,19.015,1296
19016,19.016,1294
19017,19.017,1295
19018,19.018,1294
19019,19.019,1293
19020,19.02,1290
19021,19.021,1287
19022,19.022,1271
19023,19.023,1283
19024,19.024,1302
19025,19.025,1301
19026,19.026,1290
19027,19.027,1299
19028,19.028,1294
19029,19.029,1296
19030,19.03,1287
19031,19.031,1290
19032,19.032,1286
19033,19.033,1296
19034,19.034,1294
19035,19.035,1301
19036,19.036,1298
19037,19.037,1295
19038,19.038,1323
19039,19.039,1283
19040,19.04,1299
19041,19.041,1296
19042,19.042,1297
19043,19.043,1296
19044,19.044,1295
19045,19.045,1289
19046,19.046,1293
19047,19.047,1291
19048,19.048,1294
19049,19.049,1293
19050,19.05,1303
19051,19.051,1295
19052,19.052,1296
19053,19.053,1293
19054,19.054,1290
19055,19.055,1287
19056,19.056,1296
19057,19.057,1290
19058,19.058,1299
19059,19.059,1292
19060,19.06,1301
19061,19.061,1307
19062,19.062,1299
19063,19.063,1294
19064,19.064,1315
19065,19.065,1292
19066,19.066,1293
19067,19.067,1290
19068,19.068,1287
19069,19.069,1294
19070,19.07,1296
19071,19.071,1281
19072,19.072,1286
19073,19.073,1291
19074,19.074,1287
19075,19.075,1295
19076,19.076,1291
19077,19.077,1297
19078,19.078,1294
19079,19.079,1296
19080,19.08,1290
19081,19.081,1294
19082,19.082,1291
19083,19.083,1296
19084,19.084,1290
19085,19.085,1295
19086,19.086,1292
19087,19.087,1289
19088,19.088,1293
19089,19.089,1286
19090,19.09,1298
19091,19.091,1295
19092,19.092,1291
19093,19.093,1294
19094,19.094,1292
19095,19.095,1289
19096,19.096,1291
19097,19.097,1284
19098,19.098,1293
19099,19.099,1296
19100,19.1,1303
19101,19.101,1298
19102,19.102,1297
19103,19.103,1269
19104,19.104,1296
19105,19.105,1296
19106,19.106,1328
19107,19.107,1294
19108,19.108,1279
19109,19.109,1296
19110,19.11,1295
19111,19.111,1292
19112,19.112,1298
19113,19.113,1301
19114,19.114,1291
19115,19.115,1294
19116,19.116,1290
19117,19.117,1266
19118,19.118,1296
19119,19.119,1289
19120,19.12,1296
19121,19.121,1290
19122,19.122,1296
19123,19.123,1296
19124,19.124,1296
19125,19.125,1294
19126,19.126,1290
19127,19.127,1296
19128,19.128,1291
19129,19.129,1303
19130,19.13,1301
19131,19.131,1285
19132,19.132,1306
19133,19.133,1293
19134,19.134,1295
19135,19.135,1297
19136,19.136,1296
19137,19.137,1295
19138,19.138,1293
19139,19.139,1296
19140,19.14,1297
19141,19.141,1296
19142,19.142,1295
19143,19.143,1286
19144,19.144,1290
19145,19.145,1293
19146,19.146,1294
19147,19.147,1295
19148,19.148,1296
19149,19.149,1297
19150,19.15,1282
19151,19.151,1311
19152,19.152,1299
19153,19.153,1287
19154,19.154,1283
19155,19.155,1295
19156,19.156,1297
19157,19.157,1296
19158,19.158,1279
19159,19.159,1294
19160,19.16,1290
19161,19.161,1296
19162,19.162,1297
19163,19.163,1296
19164,19.164,1302
19165,19.165,1296
19166,19.166,1292
19167,19.167,1296
19168,19.168,1279
19169,19.169,1274
19170,19.17,1270
19171,19.171,1283
19172,19.172,1302
19173,19.173,1311
19174,19.174,1293
19175,19.175,1286
19176,19.176,1287
19177,19.177,1286
19178,19.178,1285
19179,19.179,1277
19180,19.18,1282
19181,19.181,1278
19182,19.182,1264
19183,19.183,1271
19184,19.184,1296
19185,19.185,1310
19186,19.186,1312
19187,19.187,1326
19188,19.188,1291
19189,19.189,1303
19190,19.19,1264
19191,19.191,1264
19192,19.192,1253
19193,19.193,1257
19194,19.194,1261
19195,19.195,1285
19196,19.196,1304
19197,19.197,1312
19198,19.198,1317
19199,19.199,1331
19200,19.2,1339
19201,19.201,1339
19202,19.202,1326
19203,19.203,1328
19204,19.204,1313
19205,19.205,1291
19206,19.206,1277
19207,19.207,1269
19208,19.208,1254
19209,19.209,1298
19210,19.21,1277
19211,19.211,1264
19212,19.212,1275
19213,19.213,1265
19214,19.214,1267
19215,19.215,1307
19216,19.216,1337
19217,19.217,1326
19218,19.218,1283
19219,19.219,1271
19220,19.22,1296
19221,19.221,1327
19222,19.222,1317
19223,19.223,1282
19224,19.224,1276
19225,19.225,1281
19226,19.226,1266
19227,19.227,1271
19228,19.228,1279
19229,19.229,1283
19230,19.23,1308
19231,19.231,1325
19232,19.232,1350
19233,19.233,1391
19234,19.234,1354
19235,19.235,1293
19236,19.236,1259
19237,19.237,1199
19238,19.238,1152
19239,19.239,1175
19240,19.24,1237
19241,19.241,1312
19242,19.242,1353
19243,19.243,1349
19244,19.244,1373
19245,19.245,1383
19246,19.246,1331
19247,19.247,1228
19248,19.248,1264
19249,19.249,1310
19250,19.25,1339
19251,19.251,1317
19252,19.252,1329
19253,19.253,1274
19254,19.254,1168
19255,19.255,1167
19256,19.256,1215
19257,19.257,1296
19258,19.258,1390
19259,19.259,1441
19260,19.26,1439
19261,19.261,1365
19262,19.262,1294
19263,19.263,1262
19264,19.264,1250
19265,19.265,1249
19266,19.266,1243
19267,19.267,1243
19268,19.268,1339
19269,19.269,1414
19270,19.27,1457
19271,19.271,1419
19272,19.272,1419
19273,19.273,1392
19274,19.274,1329
19275,19.275,1203
19276,19.276,1169
19277,19.277,1197
19278,19.278,1175
19279,19.279,1183
19280,19.28,1280
19281,19.281,1451
19282,19.282,1437
19283,19.283,1328
19284,19.284,1295
19285,19.285,1198
19286,19.286,1185
19287,19.287,1211
19288,19.288,1258
19289,19.289,1250
19290,19.29,1274
19291,19.291,1365
19292,19.292,1518
19293,19.293,1563
19294,19.294,1535
19295,19.295,1455
19296,19.296,1258
19297,19.297,1185
19298,19.298,1226
19299,19.299,1309
19300,19.3,1313
19301,19.301,1193
19302,19.302,1259
19303,19.303,1361
19304,19.304,1313
19305,19.305,1206
19306,19.306,1306
19307,19.307,1154
19308,19.308,1111
19309,19.309,1437
19310,19.31,1514
19311,19.311,1389
19312,19.312,1364
19313,19.313,1418
19314,19.314,1296
19315,19.315,1251
19316,19.316,1152
19317,19.317,1047
19318,19.318,1138
19319,19.319,1269
19320,19.32,1315
19321,19.321,1435
19322,19.322,1266
19323,19.323,1238
19324,19.324,1323
19325,19.325,1453
19326,19.326,1392
19327,19.327,1251
19328,19.328,1243
19329,19.329,1392
19330,19.33,1649
19331,19.331,1744
19332,19.332,1712
19333,19.333,1390
19334,19.334,1150
19335,19.335,1091
19336,19.336,1197
19337,19.337,1173
19338,19.338,1281
19339,19.339,1397
19340,19.34,1612
19341,19.341,1639
19342,19.342,1281
19343,19.343,1079
19344,19.344,1174
19345,19.345,1154
19346,19.346,1149
19347,19.347,1087
19348,19.348,1234
19349,19.349,1389
19350,19.35,1419
19351,19.351,1223
19352,19.352,1088
19353,19.353,1118
19354,19.354,1328
19355,19.355,1457
19356,19.356,1399
19357,19.357,1345
19358,19.358,1328
19359,19.359,1313
19360,19.36,1294
19361,19.361,1337
19362,19.362,1422
19363,19.363,1490
19364,19.364,1511
19365,19.365,1379
19366,19.366,1318
19367,19.367,1274
19368,19.368,1136
19369,19.369,1200
19370,19.37,1222
19371,19.371,1181
19372,19.372,1219
19373,19.373,1242
19374,19.374,1220
19375,19.375,1322
19376,19.376,1450
19377,19.377,1434
19378,19.378,1358
19379,19.379,1282
19380,19.38,1259
19381,19.381,1285
19382,19.382,1218
19383,19.383,1246
19384,19.384,1390
19385,19.385,1482
19386,19.386,1414
19387,19.387,1353
19388,19.388,1327
19389,19.389,1253
19390,19.39,1297
19391,19.391,1219
19392,19.392,1221
19393,19.393,1251
19394,19.394,1306
19395,19.395,1341
19396,19.396,1311
19397,19.397,1226
19398,19.398,1232
19399,19.399,1200
19400,19.4,1191
19401,19.401,1340
19402,19.402,1385
19403,19.403,1331
19404,19.404,1406
19405,19.405,1342
19406,19.406,1248
19407,19.407,1328
19408,19.408,1336
19409,19.409,1210
19410,19.41,1166
19411,19.411,1178
19412,19.412,1356
19413,19.413,1408
19414,19.414,1415
19415,19.415,1314
19416,19.416,1199
19417,19.417,1199
19418,19.418,1360
19419,19.419,1491
19420,19.42,1420
19421,19.421,1200
19422,19.422,1122
19423,19.423,1238
19424,19.424,1185
19425,19.425,1303
19426,19.426,1355
19427,19.427,1326
19428,19.428,1449
19429,19.429,1431
19430,19.43,1416
19431,19.431,1313
19432,19.432,1255
19433,19.433,1263
19434,19.434,1188
19435,19.435,1167
19436,19.436,1202
19437,19.437,1343
19438,19.438,1555
19439,19.439,1583
19440,19.44,1418
19441,19.441,1229
19442,19.442,1282
19443,19.443,1350
19444,19.444,1322
19445,19.445,1227
19446,19.446,1168
19447,19.447,1127
19448,19.448,1136
19449,19.449,1163
19450,19.45,1185
19451,19.451,1169
19452,19.452,1216
19453,19.453,1417
19454,19.454,1395
19455,19.455,1310
19456,19.456,1320
19457,19.457,1366
19458,19.458,1378
19459,19.459,1363
19460,19.46,1362
19461,19.461,1390
19462,19.462,1365
19463,19.463,1297
19464,19.464,1296
19465,19.465,1363
19466,19.466,1380
19467,19.467,1219
19468,19.468,1186
19469,19.469,1180
19470,19.47,1285
19471,19.471,1434
19472,19.472,1475
19473,19.473,1275
19474,19.474,1101
19475,19.475,1168
19476,19.476,1353
19477,19.477,1520
19478,19.478,1429
19479,19.479,1343
19480,19.48,1275
19481,19.481,1271
19482,19.482,1186
19483,19.483,1241
19484,19.484,1277
19485,19.485,1344
19486,19.486,1342
19487,19.487,1191
19488,19.488,1216
19489,19.489,1218
19490,19.49,1199
19491,19.491,1251
19492,19.492,1298
19493,19.493,1258
19494,19.494,1264
19495,19.495,1297
19496,19.496,1291
19497,19.497,1294
19498,19.498,1242
19499,19.499,1113
19500,19.5,1040
19501,19.501,1215
19502,19.502,1517
19503,19.503,1630
19504,19.504,1507
19505,19.505,1456
19506,19.506,1385
19507,19.507,1315
19508,19.508,1383
19509,19.509,1365
19510,19.51,1188
19511,19.511,1184
19512,19.512,1108
19513,19.513,1153
19514,19.514,1257
19515,19.515,1452
19516,19.516,1445
19517,19.517,1367
19518,19.518,1258
19519,19.519,1333
19520,19.52,1334
19521,19.521,1317
19522,19.522,1382
19523,19.523,1357
19524,19.524,1216
19525,19.525,1136
19526,19.526,1245
19527,19.527,1247
19528,19.528,1227
19529,19.529,1200
19530,19.53,1196
19531,19.531,1263
19532,19.532,1280
19533,19.533,1331
19534,19.534,1297
19535,19.535,1301
19536,19.536,1328
19537,19.537,1356
19538,19.538,1330
19539,19.539,1310
19540,19.54,1274
19541,19.541,1310
19542,19.542,1348
19543,19.543,1232
19544,19.544,1224
19545,19.545,1286
19546,19.546,1279
19547,19.547,1279
19548,19.548,1386
19549,19.549,1349
19550,19.55,1295
19551,19.551,1218
19552,19.552,1217
19553,19.553,1215
19554,19.554,1245
19555,19.555,1313
19556,19.556,1461
19557,19.557,1449
19558,19.558,1344
19559,19.559,1263
19560,19.56,1362
19561,19.561,1458
19562,19.562,1386
19563,19.563,1113
19564,19.564,1017
19565,19.565,1200
19566,19.566,1271
19567,19.567,1280
19568,19.568,1280
19569,19.569,1264
19570,19.57,1291
19571,19.571,1301
19572,19.572,1366
19573,19.573,1391
19574,19.574,1363
19575,19.575,1259
19576,19.576,1315
19577,19.577,1329
19578,19.578,1187
19579,19.579,1023
19580,19.58,1147
19581,19.581,1413
19582,19.582,1473
19583,19.583,1360
19584,19.584,1297
19585,19.585,1340
19586,19.586,1360
19587,19.587,1295
19588,19.588,1328
19589,19.589,1246
19590,19.59,1229
19591,19.591,1173
19592,19.592,1264
19593,19.593,1290
19594,19.594,1367
19595,19.595,1404
19596,19.596,1296
19597,19.597,1231
19598,19.598,1231
19599,19.599,1166
19600,19.6,1221
19601,19.601,1240
19602,19.602,1237
19603,19.603,1345
19604,19.604,1341
19605,19.605,1306
19606,19.606,1329
19607,19.607,1405
19608,19.608,1326
19609,19.609,1231
19610,19.61,1201
19611,19.611,1312
19612,19.612,1437
19613,19.613,1393
19614,19.614,1264
19615,19.615,1222
19616,19.616,1267
19617,19.617,1219
19618,19.618,1146
19619,19.619,1101
19620,19.62,1379
19621,19.621,1523
19622,19.622,1571
19623,19.623,1504
19624,19.624,1326
19625,19.625,1117
19626,19.626,1218
19627,19.627,1237
19628,19.628,1233
19629,19.629,1270
19630,19.63,1305
19631,19.631,1270
19632,19.632,1254
19633,19.633,1313
19634,19.634,1345
19635,19.635,1309
19636,19.636,1344
19637,19.637,1344
19638,19.638,1329
19639,19.639,1250
19640,19.64,1121
19641,19.641,1201
19642,19.642,1232
19643,19.643,1296
19644,19.644,1385
19645,19.645,1243
19646,19.646,1294
19647,19.647,1423
19648,19.648,1450
19649,19.649,1318
19650,19.65,1202
19651,19.651,1213
19652,19.652,1314
19653,19.653,1321
19654,19.654,1304
19655,19.655,1175
19656,19.656,1145
19657,19.657,1226
19658,19.658,1221
19659,19.659,1295
19660,19.66,1351
19661,19.661,1318
19662,19.662,1347
19663,19.663,1485
19664,19.664,1490
19665,19.665,1391
19666,19.666,1254
19667,19.667,1230
19668,19.668,1147
19669,19.669,1193
19670,19.67,1309
19671,19.671,1355
19672,19.672,1410
19673,19.673,1271
19674,19.674,1120
19675,19.675,1165
19676,19.676,1133
19677,19.677,1252
19678,19.678,1327
19679,19.679,1283
19680,19.68,1404
19681,19.681,1535
19682,19.682,1354
19683,19.683,1252
19684,19.684,1317
19685,19.685,1319
19686,19.686,1233
19687,19.687,1197
19688,19.688,1271
19689,19.689,1297
19690,19.69,1296
19691,19.691,1349
19692,19.692,1322
19693,19.693,1321
19694,19.694,1355
19695,19.695,1280
19696,19.696,1152
19697,19.697,1233
19698,19.698,1305
19699,19.699,1323
19700,19.7,1323
19701,19.701,1326
19702,19.702,1269
19703,19.703,1152
19704,19.704,1167
19705,19.705,1316
19706,19.706,1355
19707,19.707,1351
19708,19.708,1264
19709,19.709,1264
19710,19.71,1341
19711,19.711,1271
19712,19.712,1222
19713,19.713,1347
19714,19.714,1357
19715,19.715,1317
19716,19.716,1290
19717,19.717,1360
19718,19.718,1325
19719,19.719,1329
19720,19.72,1238
19721,19.721,1275
19722,19.722,1334
19723,19.723,1318
19724,19.724,1255
19725,19.725,1221
19726,19.726,1381
19727,19.727,1474
19728,19.728,1379
19729,19.729,1187
19730,19.73,1113
19731,19.731,1067
19732,19.732,1091
19733,19.733,1217
19734,19.734,1373
19735,19.735,1403
19736,19.736,1395
19737,19.737,1361
19738,19.738,1279
19739,19.739,1255
19740,19.74,1216
19741,19.741,1167
19742,19.742,1205
19743,19.743,1379
19744,19.744,1357
19745,19.745,1376
19746,19.746,1299
19747,19.747,1242
19748,19.748,1269
19749,19.749,1327
19750,19.75,1325
19751,19.751,1366
19752,19.752,1366
19753,19.753,1303
19754,19.754,1295
19755,19.755,1212
19756,19.756,1211
19757,19.757,1237
19758,19.758,1267
19759,19.759,1290
19760,19.76,1301
19761,19.761,1439
19762,19.762,1426
19763,19.763,1341
19764,19.764,1371
19765,19.765,1382
19766,19.766,1336
19767,19.767,1232
19768,19.768,1168
19769,19.769,1169
19770,19.77,1182
19771,19.771,1168
19772,19.772,1235
19773,19.773,1381
19774,19.774,1395
19775,19.775,1309
19776,19.776,1245
19777,19.777,1261
19778,19.778,1285
19779,19.779,1306
19780,19.78,1310
19781,19.781,1318
19782,19.782,1334
19783,19.783,1344
19784,19.784,1411
19785,19.785,1398
19786,19.786,1296
19787,19.787,1138
19788,19.788,1235
19789,19.789,1269
19790,19.79,1233
19791,19.791,1152
19792,19.792,1219
19793,19.793,1306
19794,19.794,1267
19795,19.795,1309
19796,19.796,1311
19797,19.797,1200
19798,19.798,1297
19799,19.799,1390
19800,19.8,1381
19801,19.801,1340
19802,19.802,1327
19803,19.803,1275
19804,19.804,1319
19805,19.805,1358
19806,19.806,1313
19807,19.807,1297
19808,19.808,1266
19809,19.809,1251
19810,19.81,1268
19811,19.811,1227
19812,19.812,1222
19813,19.813,1241
19814,19.814,1328
19815,19.815,1325
19816,19.816,1311
19817,19.817,1344
19818,19.818,1360
19819,19.819,1207
19820,19.82,1295
19821,19.821,1323
19822,19.822,1211
19823,19.823,1227
19824,19.824,1215
19825,19.825,1248
19826,19.826,1355
19827,19.827,1376
19828,19.828,1340
19829,19.829,1239
19830,19.83,1230
19831,19.831,1271
19832,19.832,1259
19833,19.833,1259
19834,19.834,1321
19835,19.835,1360
19836,19.836,1385
19837,19.837,1302
19838,19.838,1270
19839,19.839,1179
19840,19.84,1216
19841,19.841,1245
19842,19.842,1314
19843,19.843,1452
19844,19.844,1423
19845,19.845,1424
19846,19.846,1239
19847,19.847,1187
19848,19.848,1207
19849,19.849,1219
19850,19.85,1246
19851,19.851,1274
19852,19.852,1300
19853,19.853,1233
19854,19.854,1205
19855,19.855,1347
19856,19.856,1389
19857,19.857,1362
19858,19.858,1343
19859,19.859,1289
19860,19.86,1280
19861,19.861,1264
19862,19.862,1312
19863,19.863,1231
19864,19.864,1184
19865,19.865,1227
19866,19.866,1248
19867,19.867,1347
19868,19.868,1355
19869,19.869,1257
19870,19.87,1258
19871,19.871,1294
19872,19.872,1328
19873,19.873,1367
19874,19.874,1360
19875,19.875,1251
19876,19.876,1291
19877,19.877,1424
19878,19.878,1330
19879,19.879,1262
19880,19.88,1242
19881,19.881,1296
19882,19.882,1280
19883,19.883,1287
19884,19.884,1295
19885,19.885,1233
19886,19.886,1297
19887,19.887,1343
19888,19.888,1306
19889,19.889,1281
19890,19.89,1298
19891,19.891,1318
19892,19.892,1307
19893,19.893,1307
19894,19.894,1291
19895,19.895,1239
19896,19.896,1234
19897,19.897,1223
19898,19.898,1223
19899,19.899,1297
19900,19.9,1328
19901,19.901,1361
19902,19.902,1359
19903,19.903,1293
19904,19.904,1267
19905,19.905,1296
19906,19.906,1268
19907,19.907,1305
19908,19.908,1333
19909,19.909,1313
19910,19.91,1292
19911,19.911,1298
19912,19.912,1313
19913,19.913,1340
19914,19.914,1215
19915,19.915,1143
19916,19.916,1247
19917,19.917,1222
19918,19.918,1206
19919,19.919,1251
19920,19.92,1379
19921,19.921,1413
19922,19.922,1363
19923,19.923,1297
19924,19.924,1296
19925,19.925,1301
19926,19.926,1331
19927,19.927,1323
19928,19.928,1261
19929,19.929,1225
19930,19.93,1269
19931,19.931,1262
19932,19.932,1267
19933,19.933,1267
19934,19.934,1282
19935,19.935,1275
19936,19.936,1296
19937,19.937,1287
19938,19.938,1329
19939,19.939,1328
19940,19.94,1360
19941,19.941,1383
19942,19.942,1357
19943,19.943,1313
19944,19.944,1254
19945,19.945,1271
19946,19.946,1255
19947,19.947,1200
19948,19.948,1232
19949,19.949,1317
19950,19.95,1293
19951,19.951,1259
19952,19.952,1267
19953,19.953,1306
19954,19.954,1429
19955,19.955,1441
19956,19.956,1355
19957,19.957,1286
19958,19.958,1179
19959,19.959,1213
19960,19.96,1239
19961,19.961,1239
19962,19.962,1261
19963,19.963,1317
19964,19.964,1283
19965,19.965,1242
19966,19.966,1293
19967,19.967,1328
19968,19.968,1303
19969,19.969,1309
19970,19.97,1303
19971,19.971,1270
19972,19.972,1275
19973,19.973,1307
19974,19.974,1283
19975,19.975,1264
19976,19.976,1242
19977,19.977,1266
19978,19.978,1303
19979,19.979,1317
19980,19.98,1325
19981,19.981,1342
19982,19.982,1338
19983,19.983,1328
19984,19.984,1338
19985,19.985,1306
19986,19.986,1298
19987,19.987,1311
19988,19.988,1233
19989,19.989,1310
19990,19.99,1296
19991,19.991,1321
19992,19.992,1296
19993,19.993,1309
19994,19.994,1262
19995,19.995,1250
19996,19.996,1199
19997,19.997,1187
19998,19.998,1246
19999,19.999,1239
20000,20.0,1273
20001,20.001,1293
